PlasticoLiquidoTransparente200mm
227-   [24.50;24.25;25.25;26.50;26.00;25.25;24.75;25.00;24.75;24.25;26.00;33.25;32.75;25.75;24.75;24.50;24.75;24.75;26.50;38.50;38.50;26.25;24.75;24.25;24.50;24.25;26.75;39.25;38.50;26.25;25.00;23.50;24.75;24.75;26.25;39.50;37.25;25.50;24.00;23.75;23.75;24.00;26.50;38.75;35.75;25.25;24.00;23.75;23.50;23.50;25.50;37.75;34.50;24.50;23.50;22.00;23.00;23.25;24.00;29.25;27.00;23.25;23.00;22.25]
712-   [25.00;23.75;25.00;26.75;26.25;25.25;25.00;24.00;24.75;25.00;25.75;33.00;32.75;25.75;24.75;24.50;24.50;25.00;26.50;38.75;38.00;26.25;24.75;24.00;24.50;24.50;26.50;39.50;38.00;26.00;24.25;23.75;24.50;25.00;26.25;39.25;37.00;25.50;24.50;23.75;24.25;24.50;26.25;38.75;35.50;25.25;23.50;23.50;23.25;23.75;24.75;38.00;34.25;24.75;23.25;22.25;22.75;23.25;24.50;28.75;27.00;23.50;22.75;22.50]
1197-  [25.00;24.50;24.75;26.00;26.25;25.00;24.75;24.25;24.75;25.00;25.50;33.25;32.75;25.75;24.50;24.50;24.75;25.25;26.50;38.50;38.00;26.50;24.75;24.00;24.50;24.75;27.00;39.50;38.50;26.00;24.25;24.25;24.50;25.00;27.00;39.50;37.25;25.75;24.00;23.50;24.25;24.00;26.50;38.50;36.00;24.75;23.75;23.50;23.75;23.25;25.25;38.00;34.25;24.75;23.25;22.75;23.00;24.00;24.25;29.25;27.25;23.25;23.50;22.25]
1682-  [25.00;24.50;24.75;26.25;26.25;25.00;25.25;24.50;25.25;24.75;25.75;33.00;32.75;25.75;25.00;24.75;24.75;25.25;26.50;38.50;38.00;26.25;24.75;24.25;24.00;24.75;26.75;39.00;38.50;26.25;24.75;23.75;24.50;24.75;26.75;39.25;37.50;25.50;23.75;23.00;23.75;24.75;26.25;38.75;35.75;25.00;24.00;23.50;23.50;23.75;25.25;37.75;34.50;24.50;23.00;23.00;23.50;24.00;24.25;29.25;27.25;23.75;23.25;22.50]
2167-  [24.75;24.25;25.00;26.50;26.25;25.00;25.25;24.50;25.00;24.50;26.00;33.00;32.75;25.75;24.75;24.50;25.25;24.75;26.25;38.50;38.50;26.75;24.50;24.25;24.25;24.50;26.50;39.25;38.50;25.50;24.25;23.75;24.25;24.75;26.75;39.25;37.25;25.75;24.50;23.50;24.25;24.00;26.50;38.75;35.75;24.50;23.50;23.25;23.25;24.00;25.25;38.00;34.00;24.25;23.50;22.50;23.75;24.00;24.25;29.25;26.75;23.50;22.75;22.50]
2652-  [24.75;24.50;25.25;26.50;26.25;25.00;24.75;24.25;24.75;24.50;25.50;32.75;32.50;25.50;24.75;24.75;24.50;25.25;26.75;38.50;38.25;26.25;25.00;24.50;24.25;24.75;26.00;39.25;38.25;26.00;24.25;24.00;24.50;24.50;26.50;39.25;37.00;25.50;24.00;23.00;24.00;24.25;26.00;38.50;36.00;24.75;23.50;23.50;23.75;23.50;25.25;37.75;34.00;24.75;23.00;22.00;23.75;23.75;24.25;29.00;27.25;23.25;23.25;22.75]
3137-  [24.75;23.75;24.75;26.75;26.50;24.75;25.00;24.25;24.50;24.50;25.75;33.25;32.75;26.00;25.00;24.25;24.25;25.25;26.25;38.50;38.25;26.25;24.50;24.25;24.25;24.50;26.50;39.00;38.00;25.75;24.50;23.50;24.50;24.75;26.50;39.00;37.50;25.75;24.25;23.50;23.75;24.00;26.25;38.50;35.75;24.75;23.25;23.25;23.25;23.50;24.75;38.00;33.75;24.00;24.00;22.50;22.75;23.75;24.50;29.00;27.00;23.25;23.25;22.25]
3622-  [24.75;24.00;25.00;26.25;26.00;25.00;25.00;24.25;24.50;24.50;25.25;33.50;32.75;25.75;24.25;24.50;25.00;24.25;26.75;38.50;38.00;26.25;25.25;24.25;24.50;24.75;26.75;39.50;38.25;26.25;24.50;23.50;24.75;24.25;27.00;39.25;37.00;25.25;24.25;23.00;24.00;24.50;26.00;38.75;35.75;25.00;24.00;23.50;23.50;23.75;25.50;38.00;34.00;24.50;23.00;22.50;22.75;23.75;24.00;29.25;27.00;23.50;23.50;22.25]
4107-  [25.00;24.25;25.00;26.50;26.50;25.00;24.75;24.25;24.50;24.50;25.25;33.00;32.75;25.50;24.75;24.00;25.00;24.75;26.75;38.50;38.00;26.00;24.50;23.75;24.25;24.25;26.50;39.00;38.25;26.00;24.50;23.75;24.25;24.50;26.75;39.25;37.00;25.00;24.25;23.00;23.50;24.25;26.00;38.50;35.50;25.00;24.00;23.25;23.25;23.75;25.25;37.50;33.75;24.00;23.25;22.75;23.00;23.50;24.00;29.25;27.00;23.25;23.25;23.25]
4592-  [24.75;24.00;25.00;26.50;26.25;25.00;25.00;24.25;24.75;24.75;25.75;32.75;32.75;25.25;24.50;24.50;24.25;24.75;26.50;38.50;38.25;26.25;24.75;24.00;24.25;24.50;26.25;39.25;38.00;26.00;23.75;23.75;24.25;24.25;26.50;39.25;37.00;25.25;24.50;23.00;24.25;23.75;25.75;39.00;35.50;24.75;23.75;23.75;23.50;23.50;24.75;37.75;33.75;24.00;23.25;22.25;23.00;24.00;24.00;29.50;27.25;23.00;23.00;22.50]
5077-  [25.00;24.25;25.00;26.25;26.25;25.00;24.75;24.25;24.50;24.50;25.50;33.00;32.50;25.50;24.50;24.50;25.00;24.50;26.25;38.25;37.75;26.25;25.00;23.75;24.75;24.25;26.50;39.25;38.00;26.25;24.25;23.75;24.50;24.25;26.50;39.25;37.25;26.00;24.50;23.25;24.00;24.00;26.00;38.25;35.50;24.75;23.75;23.50;23.50;23.25;25.00;38.00;34.25;24.50;23.50;22.75;23.25;24.00;24.50;29.50;27.00;23.25;23.00;23.00]
5562-  [24.50;24.75;25.00;26.50;26.00;25.00;25.25;23.75;24.75;24.75;25.75;33.00;32.50;25.50;24.25;24.75;25.25;25.00;26.75;38.50;38.50;26.25;25.00;24.00;24.50;24.50;26.50;38.75;38.25;25.75;24.50;24.00;24.50;24.75;27.25;39.50;37.25;25.50;24.50;23.50;24.25;24.25;26.25;38.75;35.50;24.75;23.25;24.00;23.50;23.75;25.25;37.75;34.25;24.75;23.50;23.00;23.25;23.50;24.75;29.25;27.50;22.75;23.25;23.00]
6047-  [24.75;24.50;25.25;26.25;26.75;25.00;25.00;24.50;24.75;25.00;26.25;33.25;33.25;26.00;24.75;24.75;25.00;24.75;26.75;38.50;37.75;26.75;25.00;24.50;24.50;24.75;26.75;39.25;38.50;26.00;24.50;23.50;24.50;24.50;26.75;39.50;37.50;25.50;24.50;23.25;24.00;24.75;26.00;39.00;35.75;25.00;23.75;23.50;23.75;23.75;25.25;38.25;34.25;24.75;23.25;23.00;23.25;23.75;24.75;29.50;27.25;23.25;23.75;23.25]
6532-  [25.00;24.00;25.25;26.25;26.25;25.50;25.50;24.75;25.25;24.75;25.75;33.50;32.75;26.00;24.50;24.75;24.75;25.00;26.50;38.75;38.50;26.50;25.00;24.75;24.50;24.75;26.50;39.25;38.25;26.00;24.50;24.00;24.75;24.50;26.75;39.75;37.25;26.00;24.75;23.75;23.75;24.50;26.50;39.00;35.75;24.75;23.75;24.00;23.75;23.25;25.25;38.00;34.25;24.50;23.25;23.00;23.75;23.50;24.50;29.75;27.50;23.75;23.50;22.75]
7017-  [24.75;24.50;25.00;26.75;26.50;25.50;25.00;24.00;25.25;25.00;25.75;33.00;32.75;26.00;25.00;24.75;24.50;25.25;26.25;39.25;38.25;26.50;25.25;24.25;24.75;24.75;26.75;39.25;38.25;25.75;24.50;24.00;24.50;24.75;26.75;39.50;37.25;25.75;24.25;23.25;24.25;24.75;26.25;38.75;35.75;25.00;23.75;23.50;23.75;24.00;25.50;38.00;34.25;24.50;23.50;22.50;23.00;23.75;24.50;29.75;27.75;23.00;22.75;22.75]
7502-  [25.00;24.50;25.25;26.75;26.50;25.25;25.00;24.50;25.00;25.00;26.00;33.25;33.00;26.00;24.50;24.75;25.00;24.75;26.50;39.00;38.50;26.75;24.75;24.50;24.75;24.75;26.75;39.25;38.25;26.00;24.75;23.50;24.75;24.75;27.00;39.25;37.75;26.00;24.25;23.25;24.00;24.50;26.25;39.25;35.75;25.00;24.00;24.00;23.75;24.00;25.50;38.00;34.00;24.75;23.50;22.75;23.75;23.50;24.75;29.50;27.75;23.50;23.50;23.25]
7987-  [24.75;24.75;25.25;26.25;26.50;25.00;25.00;24.75;25.25;24.75;25.75;33.25;32.75;26.00;24.75;24.00;24.75;25.25;26.25;38.75;38.00;26.25;25.00;24.25;24.25;24.75;26.75;39.50;38.00;26.25;24.25;24.00;24.75;25.00;27.25;39.25;37.25;26.00;24.50;23.75;24.00;24.50;26.75;39.00;35.75;25.50;24.00;23.50;24.00;23.75;25.25;38.25;34.00;24.50;23.50;22.75;23.50;23.75;24.25;29.75;27.75;24.25;23.25;22.75]
8472-  [25.00;24.25;25.25;26.25;26.50;24.75;25.25;24.75;24.75;25.00;26.00;33.50;33.00;25.50;24.75;24.75;24.75;25.00;26.75;38.50;38.50;26.25;24.75;24.25;24.25;24.50;26.75;39.25;38.25;26.00;24.50;24.00;24.50;24.75;26.25;39.25;37.50;26.00;24.50;23.50;23.75;24.00;26.25;38.75;36.00;25.25;23.75;24.00;24.00;23.75;25.00;38.00;34.25;24.75;23.75;22.50;23.50;24.50;24.25;29.75;27.00;23.75;23.50;23.50]
8957-  [25.00;24.75;25.50;26.75;26.50;24.75;26.00;24.75;25.00;24.75;25.75;33.50;33.00;26.00;25.00;25.00;24.75;25.25;26.50;38.50;38.25;26.00;25.00;24.00;24.75;24.50;27.00;39.25;38.25;26.00;24.50;24.00;24.75;25.00;27.00;39.50;37.50;25.75;24.75;23.50;24.00;24.50;26.00;39.00;36.00;25.25;23.75;24.00;23.75;23.75;25.25;38.00;34.00;25.00;23.75;22.75;23.50;23.75;24.50;29.50;27.50;23.75;23.75;23.50]
9442-  [25.25;24.25;25.25;26.25;26.75;25.50;25.25;24.25;25.25;24.50;25.50;33.00;32.75;26.00;25.00;24.75;24.75;25.00;26.50;38.75;38.25;26.50;25.00;24.50;24.25;24.75;26.50;39.50;38.25;26.25;24.75;23.75;25.00;25.25;27.00;39.50;37.75;26.00;24.50;24.00;24.00;24.50;26.25;39.00;36.25;25.25;23.75;24.00;24.25;24.00;26.00;38.00;34.25;24.50;23.75;22.75;24.00;24.25;24.50;29.75;27.75;24.00;23.75;23.50]
9927-  [25.00;24.75;24.75;26.75;26.25;25.25;25.00;25.25;24.75;24.50;26.00;33.25;33.00;26.25;24.75;25.00;25.00;25.25;26.75;38.75;38.25;27.00;25.25;24.00;24.75;24.50;27.00;39.50;38.25;26.50;24.50;23.75;25.00;25.25;26.75;39.50;38.00;26.00;24.50;24.25;24.00;25.00;26.50;38.75;36.00;25.50;24.25;23.75;24.00;23.75;25.25;38.00;34.25;24.50;24.00;23.75;23.75;23.50;24.25;29.75;27.75;23.50;23.75;22.75]
10412- [25.25;24.50;25.25;26.75;26.50;25.25;25.25;25.25;25.00;24.75;25.75;33.00;32.75;26.25;25.25;24.25;24.75;25.00;27.00;38.75;38.50;26.75;25.25;24.25;24.75;24.75;26.50;39.75;38.50;26.50;24.75;24.25;24.50;24.75;27.00;39.50;37.75;26.00;24.75;23.75;24.00;24.50;26.50;39.00;36.25;25.25;24.25;23.75;24.00;24.00;25.50;38.00;34.50;25.00;23.25;22.50;24.25;24.25;24.75;30.00;27.75;23.75;23.50;23.25]
10897- [25.25;24.75;25.00;26.75;26.75;25.75;25.25;24.50;25.00;25.25;26.25;33.25;33.00;25.75;25.00;24.75;24.75;25.00;26.50;38.75;38.25;27.00;25.25;25.00;24.75;25.00;27.00;39.50;38.75;26.25;25.25;24.00;24.50;25.25;27.25;39.75;38.00;26.00;24.25;24.00;24.50;24.75;26.75;39.00;36.00;25.00;24.50;24.00;24.25;24.75;25.50;38.50;34.50;25.00;24.00;23.00;23.75;23.50;25.00;29.75;27.50;23.50;23.50;23.50]
11382- [25.50;24.50;25.50;26.75;26.75;25.25;25.00;25.25;25.00;24.75;25.75;33.50;33.25;26.00;25.50;25.25;25.00;25.25;27.00;39.00;38.50;26.50;25.50;24.75;25.00;24.75;27.00;39.50;38.50;26.50;25.00;24.25;24.50;24.75;27.50;39.50;37.50;26.00;25.00;23.75;24.25;24.75;26.50;39.00;36.00;25.25;24.25;24.25;24.50;24.25;25.50;38.25;34.25;25.00;23.75;23.50;24.00;24.25;25.25;29.50;27.75;23.75;23.75;23.75]
11867- [25.75;24.75;25.25;27.00;26.75;25.50;25.50;25.00;24.75;24.75;26.25;33.50;32.75;25.75;25.00;24.50;24.75;25.00;26.75;39.00;38.25;26.50;24.75;24.50;24.50;24.50;26.75;39.50;38.50;26.25;25.00;24.25;24.75;24.75;27.25;39.50;37.50;26.00;24.75;23.50;24.00;24.75;26.25;39.00;36.00;25.75;24.00;24.00;24.25;24.00;25.25;37.50;33.75;25.00;23.75;23.50;24.00;24.50;24.50;29.50;27.25;23.75;24.00;23.00]
12352- [25.25;25.25;25.50;27.00;26.50;25.50;25.25;24.75;25.50;25.00;25.75;33.25;32.50;26.25;25.00;24.75;24.75;25.00;27.00;38.75;38.25;26.25;25.75;24.25;24.50;24.75;27.25;39.25;38.50;26.25;24.75;24.00;24.50;25.00;27.00;39.25;37.50;26.25;24.50;24.00;24.75;24.25;26.75;39.00;36.25;25.00;24.25;23.75;24.00;24.00;25.75;38.25;34.50;24.75;24.25;23.00;23.25;23.75;25.00;29.75;27.25;24.25;23.75;23.50]
12837- [25.50;24.50;25.50;26.25;26.75;25.25;25.25;24.75;25.25;25.00;26.00;33.25;32.75;26.25;25.00;24.75;25.25;25.00;26.50;38.50;38.75;26.50;25.00;24.25;24.75;25.00;26.75;39.00;38.50;26.25;25.00;24.00;25.00;24.75;27.00;39.50;37.50;26.00;24.25;23.25;24.50;24.50;26.25;39.00;36.25;25.50;24.25;24.00;24.00;24.25;25.25;38.00;34.75;24.75;23.75;23.50;23.75;23.75;24.50;29.75;27.25;23.75;23.50;23.25]
13322- [25.25;24.50;25.50;26.75;26.50;25.50;25.00;25.50;25.00;25.00;26.00;33.75;33.00;26.25;25.00;25.00;25.00;25.25;27.00;38.75;38.75;26.75;25.25;24.75;25.00;24.50;26.75;39.50;38.25;26.75;24.75;24.25;25.25;25.00;27.25;39.50;37.50;26.25;24.75;24.00;24.50;24.75;26.75;39.25;36.00;25.00;24.25;24.25;24.00;24.00;26.00;38.50;34.75;24.75;24.00;23.50;24.00;24.25;24.75;30.25;27.50;24.25;23.75;23.50]
13807- [25.00;24.75;26.00;27.00;26.75;25.25;25.75;25.00;25.00;25.25;26.25;33.25;33.00;26.00;25.00;25.25;25.00;25.25;26.75;39.00;38.50;26.75;25.25;24.50;25.25;25.25;26.75;39.75;38.25;26.25;24.75;24.25;25.00;25.25;27.00;40.00;37.75;26.25;25.00;24.00;24.00;25.25;26.50;39.25;36.25;25.25;24.50;23.75;24.50;24.25;25.50;38.25;34.50;24.50;23.50;22.75;24.00;24.25;24.50;29.75;27.75;23.75;23.50;23.50]
14292- [25.25;24.75;25.25;27.00;26.50;25.00;25.75;24.50;25.00;25.00;26.25;33.25;33.25;25.75;25.00;24.75;25.00;25.25;27.00;39.00;38.50;26.75;25.25;24.75;24.75;25.00;26.75;39.50;38.75;26.50;24.75;24.25;25.00;25.00;27.00;39.75;37.25;25.75;24.75;24.00;24.75;25.00;26.25;39.00;36.25;25.25;24.00;24.00;24.00;24.25;25.75;38.00;34.00;24.50;24.00;23.50;24.00;24.25;24.75;30.00;27.25;23.50;23.50;23.50]
14777- [25.25;24.75;25.50;26.75;26.75;25.50;25.00;24.50;25.25;25.00;25.75;33.50;33.50;26.25;25.50;25.00;25.25;25.25;27.25;38.50;38.50;26.75;25.25;24.50;24.75;25.00;26.50;39.25;38.50;26.50;25.00;24.75;24.25;25.00;26.75;39.50;37.75;25.75;24.75;23.75;24.25;24.50;27.00;39.25;36.00;25.00;24.25;24.25;24.00;24.00;25.50;38.50;34.25;25.25;24.00;23.25;23.50;24.50;24.25;30.00;27.75;23.75;23.75;22.75]
15262- [25.25;25.50;25.25;26.75;26.75;25.50;25.75;25.25;25.50;25.00;26.25;33.50;33.50;26.00;25.25;25.25;25.25;25.25;27.25;38.75;38.25;27.00;25.75;24.75;25.25;25.00;27.25;39.75;38.50;26.25;25.50;24.25;24.75;25.00;27.25;39.75;37.75;26.00;25.00;23.75;24.25;25.00;27.00;39.25;36.50;25.50;24.50;24.00;24.25;24.50;25.75;38.25;34.50;25.00;24.25;23.50;24.00;24.25;25.25;30.00;27.50;24.00;24.25;23.50]
15747- [25.00;24.75;25.75;26.75;26.75;25.50;25.50;25.25;25.00;24.75;26.25;33.50;33.00;26.25;24.75;25.00;25.25;25.25;27.00;38.75;38.50;26.75;25.50;24.50;24.75;24.50;27.00;39.50;38.75;26.00;25.25;24.50;24.50;25.25;27.25;39.75;37.75;26.25;24.50;24.25;24.50;25.00;27.00;39.25;36.25;25.25;24.00;24.00;24.50;24.00;25.25;38.25;34.50;24.75;23.50;23.75;24.25;24.25;25.25;30.25;27.50;23.75;23.25;23.50]
16232- [25.25;25.25;25.50;26.75;26.50;25.50;25.75;24.75;24.75;25.25;26.00;33.25;33.00;25.75;25.25;25.25;25.25;25.50;27.25;39.00;38.75;27.00;25.25;25.00;25.25;25.25;27.00;39.75;38.75;26.50;25.25;24.75;25.25;25.50;27.25;40.00;38.00;26.25;25.00;23.50;24.50;24.50;26.50;39.25;36.00;25.25;24.25;24.00;24.00;24.25;25.75;38.25;34.25;25.25;24.00;23.00;24.00;24.50;24.75;30.00;28.00;24.25;24.25;23.00]
16717- [25.25;25.00;25.50;27.00;26.50;25.25;25.50;25.25;25.25;25.25;26.50;33.25;33.25;26.00;25.00;25.00;25.25;25.50;27.00;39.00;38.50;27.00;25.50;25.00;25.00;24.75;27.00;39.50;38.75;26.25;25.25;24.50;24.75;25.00;27.25;39.50;37.75;26.25;24.75;24.00;24.50;24.75;26.50;39.25;36.00;25.25;24.00;23.75;24.50;24.25;25.75;38.25;34.25;25.25;24.00;23.75;24.00;24.50;24.75;29.75;27.75;23.75;23.75;23.75]
17202- [24.50;24.50;25.75;27.00;26.75;25.75;25.00;25.50;25.50;25.00;26.00;33.50;33.00;26.25;25.00;25.00;25.50;25.50;27.00;38.75;38.50;26.75;25.50;24.75;24.75;24.75;27.25;39.50;38.50;26.25;24.75;24.25;25.50;25.25;26.75;39.75;38.00;25.75;24.75;23.75;24.25;25.00;27.00;39.25;36.00;25.00;24.25;23.75;24.25;24.25;25.50;38.25;34.50;24.75;23.75;23.50;23.75;24.50;24.50;30.00;27.50;24.50;24.25;23.25]
17687- [25.50;24.25;25.25;26.75;26.75;25.50;25.50;25.25;25.25;25.25;26.00;33.75;32.50;26.00;25.25;24.75;25.00;25.00;27.00;38.50;38.50;26.75;25.50;24.50;25.00;24.75;26.50;39.50;38.25;26.25;25.00;24.00;25.00;25.25;27.25;39.50;37.50;26.00;24.75;24.00;24.25;24.50;26.75;39.25;36.25;25.25;24.25;24.00;24.50;24.25;25.25;37.75;34.50;25.00;24.00;23.50;24.00;24.50;24.75;30.00;27.75;24.00;24.00;23.50]
18172- [25.25;24.50;25.25;26.75;26.75;25.50;25.50;25.25;25.25;24.75;26.00;32.75;33.00;26.00;25.00;25.00;24.50;24.75;26.75;38.50;38.25;27.00;25.00;24.50;24.50;24.75;26.75;39.75;38.50;26.50;24.75;23.75;24.50;24.75;27.25;39.50;37.75;25.75;24.75;23.75;24.50;25.25;26.25;39.00;35.75;25.25;24.25;23.50;24.50;24.25;25.25;38.00;34.00;24.50;23.25;23.00;24.25;24.00;24.50;29.75;27.50;23.75;24.00;23.00]
18657- [25.25;25.00;25.25;26.75;26.50;25.25;25.25;24.75;25.00;24.75;26.00;33.50;33.00;26.50;25.00;24.75;25.00;25.25;26.75;38.75;38.00;26.25;24.75;24.75;24.75;24.75;27.25;39.50;38.50;26.25;24.75;24.00;24.75;25.25;27.25;39.50;37.00;25.75;24.25;23.75;24.25;24.50;26.50;39.00;36.00;25.00;24.25;24.50;24.25;24.25;25.25;38.25;34.25;25.00;23.75;22.75;24.00;24.25;24.75;29.25;27.50;24.00;24.25;23.75]
19142- [24.75;23.75;24.75;26.75;26.00;25.25;25.00;24.75;24.75;24.75;25.50;33.00;32.75;26.25;24.75;25.50;24.75;24.75;26.75;38.75;38.25;26.50;24.50;24.50;24.00;24.75;26.25;39.25;37.75;26.25;24.25;23.75;24.75;24.75;27.00;39.50;37.50;25.75;24.50;23.00;23.75;24.75;26.25;38.75;36.00;25.25;24.00;23.75;23.75;23.75;25.25;38.00;34.25;24.75;23.75;22.75;23.50;24.00;24.25;29.75;27.75;23.50;23.50;23.25]
19627- [25.00;24.25;24.75;26.50;26.50;25.25;25.00;24.50;25.25;24.50;25.75;33.25;32.75;25.75;25.00;25.00;24.50;24.75;26.75;38.25;38.00;26.50;25.00;24.25;24.50;24.75;26.75;39.25;38.25;26.00;25.00;24.00;25.00;24.75;27.00;39.50;37.25;25.75;24.75;23.50;24.00;24.50;26.50;39.00;36.00;25.25;24.25;23.50;23.75;23.50;25.25;37.50;34.00;24.50;23.25;22.75;23.75;23.75;24.75;29.75;26.75;23.50;23.75;22.75]
20112- [24.75;24.25;25.00;26.25;26.50;25.00;25.25;24.25;25.00;24.75;25.75;33.00;32.75;26.00;24.75;24.50;24.75;25.00;26.25;38.50;37.75;26.25;25.00;24.00;24.25;24.25;26.75;39.00;38.25;25.75;24.75;24.25;24.50;25.00;26.75;39.50;37.50;25.50;24.75;23.50;24.00;24.25;26.50;38.75;35.75;25.00;23.50;24.00;23.75;23.75;25.25;38.25;33.75;24.25;23.75;22.75;23.50;23.75;25.00;29.75;27.50;23.75;23.50;24.00]
20597- [24.75;24.75;25.25;27.00;26.50;25.50;25.00;24.75;25.25;24.75;26.00;33.00;32.75;26.00;24.50;24.50;25.00;24.50;26.75;38.25;38.00;26.50;25.25;24.25;24.25;24.50;26.75;39.50;38.00;26.00;24.25;24.25;24.50;25.25;26.75;39.50;37.25;26.25;24.25;24.25;24.25;24.50;26.00;38.75;35.75;25.25;24.50;23.50;24.00;24.00;25.50;38.00;34.00;25.00;23.25;23.25;23.50;24.25;25.00;29.75;27.00;24.00;24.00;23.50]
21082- [25.00;24.25;25.25;26.00;26.75;25.50;25.25;25.25;25.00;24.75;25.75;33.00;32.50;25.75;24.75;25.00;25.00;25.00;26.75;38.50;38.00;26.50;25.00;24.75;24.50;24.50;26.75;39.00;38.25;26.25;24.25;23.50;24.50;24.75;27.00;39.75;37.25;25.75;24.50;23.50;24.00;24.50;26.50;39.00;35.75;25.00;24.25;24.00;23.75;23.75;25.25;38.00;34.00;24.50;23.50;23.25;24.00;24.00;24.50;29.25;27.75;23.75;23.50;23.50]
21567- [24.75;24.50;25.25;26.75;26.50;25.00;25.25;24.75;25.00;24.50;26.00;33.25;32.25;25.75;25.00;24.75;25.00;25.25;26.75;38.25;38.00;26.50;25.50;24.25;24.50;25.00;26.75;39.50;38.25;26.25;24.75;24.25;24.25;24.75;26.75;39.25;37.25;25.75;24.50;23.75;24.25;24.75;26.75;39.00;35.75;24.75;24.00;24.00;23.75;24.00;25.50;38.00;34.50;24.50;23.75;22.75;24.00;24.00;24.00;29.75;27.25;23.75;23.50;22.75]
22052- [25.25;24.25;25.25;26.75;26.25;25.00;25.00;24.75;25.25;24.75;25.75;33.25;32.25;25.50;24.50;24.00;25.25;24.75;26.25;38.50;38.25;26.25;25.00;24.50;25.00;24.00;26.75;39.25;38.00;26.00;24.50;23.75;25.00;24.75;26.75;39.25;37.50;26.00;24.75;24.25;24.25;24.75;26.50;39.00;36.00;25.25;24.00;23.75;24.00;23.75;25.00;38.00;34.25;24.50;23.75;23.25;24.00;24.00;24.50;29.50;27.75;24.25;23.50;22.75]
22537- [25.25;24.25;25.50;26.25;26.50;25.00;25.00;24.75;25.25;24.75;26.00;33.00;32.75;25.50;24.75;24.75;24.75;24.75;26.75;38.50;38.00;26.50;25.25;24.50;24.75;24.50;26.50;39.50;38.50;26.00;24.50;24.25;25.00;24.75;26.75;39.25;37.25;25.75;24.50;23.25;24.00;24.50;25.75;39.00;35.75;25.00;24.00;24.00;23.75;24.25;25.50;38.25;34.00;24.75;23.50;23.00;24.00;24.25;24.75;29.50;27.25;24.00;23.50;23.50]
23022- [25.25;24.50;24.75;26.25;26.00;25.00;25.25;24.75;24.75;24.75;25.50;33.00;32.50;26.00;24.50;24.75;24.75;24.75;26.50;38.50;38.00;26.75;24.75;24.25;24.50;24.25;26.75;39.25;38.25;25.75;24.50;24.25;24.75;25.00;27.00;39.25;37.00;25.50;24.75;23.75;24.00;24.50;26.25;38.75;35.75;25.00;23.75;23.75;23.75;23.75;25.00;37.75;34.00;24.50;23.25;23.25;23.00;24.00;24.50;29.25;27.00;23.75;23.50;22.75]
23507- [25.00;24.50;25.50;26.75;26.25;25.50;25.00;24.75;24.50;24.50;26.00;33.00;32.50;26.00;24.75;25.00;24.50;25.00;26.50;38.50;38.00;26.50;25.25;24.50;25.25;25.00;26.25;39.00;38.00;26.50;24.25;24.00;24.75;24.50;27.00;39.00;37.50;25.75;24.50;23.75;24.25;24.25;26.50;38.50;35.50;25.00;23.75;23.75;24.25;24.00;25.50;37.75;34.00;24.50;23.50;22.75;24.00;24.00;25.00;29.50;27.25;23.75;24.00;23.00]
23992- [24.75;24.75;24.75;26.50;26.00;25.25;25.00;24.50;25.00;24.75;25.50;32.75;32.50;26.00;24.50;25.00;24.75;24.75;26.75;38.50;38.00;26.25;24.75;24.25;24.00;24.75;26.25;39.00;38.00;25.75;24.25;24.25;24.75;24.50;26.75;39.25;37.00;25.75;24.25;23.50;24.50;24.75;26.25;38.75;35.50;25.25;24.25;24.00;23.50;23.75;25.50;38.25;34.50;24.50;23.75;23.00;23.50;24.00;24.25;29.25;27.25;23.25;23.25;23.00]
24477- [25.00;24.25;25.25;26.50;26.50;25.00;24.75;24.25;25.25;24.50;25.25;33.00;32.50;25.50;25.00;25.25;24.75;25.00;26.75;38.50;38.25;26.25;25.00;24.00;24.50;24.50;26.25;38.75;38.50;26.00;24.00;24.00;24.50;25.00;27.00;39.25;37.25;25.75;24.50;23.50;24.25;24.75;26.25;38.75;35.75;25.25;24.00;24.00;23.75;24.00;25.25;38.00;34.00;25.00;23.75;23.25;23.25;23.75;24.50;29.75;27.50;24.25;23.00;22.75]
24962- [25.00;24.50;25.25;26.50;26.50;25.00;25.25;25.00;25.50;25.00;25.75;32.75;32.75;25.75;24.75;24.75;24.50;24.75;26.25;38.75;38.25;26.50;25.00;24.00;25.00;24.50;26.50;39.25;38.00;26.00;24.50;24.25;24.50;25.00;26.75;39.50;37.50;25.50;24.50;24.25;24.25;24.50;26.25;38.50;36.00;25.25;24.00;24.25;24.00;24.00;25.50;38.00;34.00;24.75;24.00;23.50;24.00;24.25;24.75;29.75;28.00;23.50;23.50;23.25]
25447- [24.50;24.75;25.50;26.50;26.50;25.50;25.00;24.75;25.25;25.00;25.75;33.00;32.75;25.75;25.25;25.00;25.00;25.25;26.50;38.25;38.00;26.50;25.00;24.25;24.75;24.50;26.25;39.00;38.00;26.00;24.75;24.25;24.75;25.00;27.00;39.25;37.50;25.75;24.75;23.50;24.50;24.50;26.25;39.00;35.75;25.50;23.50;24.00;24.00;24.00;25.75;38.00;34.25;24.75;23.75;22.75;23.75;24.00;24.50;29.75;27.50;23.50;23.25;23.50]
25932- [24.75;24.75;25.75;26.50;26.50;25.00;24.75;25.75;25.00;24.75;25.75;33.50;32.50;26.00;24.50;25.00;25.00;25.25;26.75;38.75;38.00;26.25;24.75;24.50;25.00;24.50;26.75;39.00;38.00;26.25;24.25;24.75;25.00;25.25;27.25;39.25;37.50;25.50;24.50;23.25;24.75;24.50;26.25;39.00;36.00;25.00;24.25;23.75;24.25;23.75;25.75;38.25;34.25;24.75;24.00;23.00;23.50;24.25;24.50;29.50;27.00;23.50;23.25;23.25]
26417- [25.00;24.75;25.50;26.50;26.25;25.00;25.00;25.00;25.00;25.00;25.75;33.25;33.00;25.50;25.00;25.00;24.75;25.00;27.00;38.50;38.25;26.50;24.75;24.50;24.50;24.00;27.00;39.25;38.25;26.25;25.00;24.00;24.50;25.00;27.25;39.00;37.25;25.75;24.75;24.00;23.75;24.25;26.50;38.50;35.50;25.25;24.25;23.75;23.75;23.75;25.25;38.00;34.00;24.75;24.00;22.75;23.25;24.00;24.50;29.75;27.50;23.75;23.75;23.50]
26902- [25.00;24.25;25.00;26.25;26.50;25.25;24.75;25.00;25.25;25.00;26.25;33.25;32.50;26.00;24.75;24.25;24.50;25.25;26.25;38.25;37.75;26.50;24.75;24.00;25.00;24.75;26.75;39.00;38.50;26.00;25.00;23.75;24.75;25.00;26.75;39.25;37.00;26.00;24.75;23.50;24.00;24.50;26.00;39.00;35.75;25.00;23.50;23.25;24.00;23.75;25.25;38.00;34.25;24.75;23.50;23.00;23.50;24.00;25.00;29.75;27.75;24.00;23.25;23.25]
27387- [25.00;24.50;24.75;26.50;26.50;25.00;25.00;24.50;24.50;24.75;25.50;33.00;32.75;25.50;24.50;25.00;25.00;24.75;26.50;38.50;38.25;26.50;25.25;24.25;24.75;24.50;26.50;39.25;38.25;26.25;24.50;24.25;24.75;24.75;26.75;39.75;37.25;25.75;25.00;23.50;24.25;24.25;26.25;38.75;36.00;25.25;24.00;23.75;23.75;23.75;25.50;38.00;34.50;24.50;23.25;22.50;23.75;23.50;24.25;29.75;27.25;23.50;23.25;23.00]
27872- [25.00;24.75;25.25;26.00;26.50;25.25;25.50;24.50;25.00;25.00;26.00;33.50;32.75;26.25;24.50;24.75;25.00;25.25;26.50;38.50;38.25;26.50;25.00;24.25;24.25;24.50;27.00;39.25;38.00;26.25;24.75;24.00;24.50;24.25;26.75;39.25;37.25;25.50;24.75;24.00;24.25;24.25;26.00;38.75;36.00;25.00;23.50;24.00;24.25;24.00;25.25;38.25;34.25;24.75;23.75;22.75;23.50;23.75;24.50;29.50;27.75;23.50;23.00;23.00]
28357- [25.00;25.00;25.50;26.50;26.50;25.25;25.50;25.00;25.00;25.00;26.00;33.00;32.75;25.75;25.00;24.50;25.00;25.25;26.25;38.50;38.00;26.50;24.75;24.50;25.00;24.25;26.25;39.25;38.50;26.25;24.75;24.00;24.50;24.75;27.00;39.25;37.50;25.75;24.50;23.75;24.50;24.75;26.50;39.00;36.25;25.50;24.00;23.75;23.50;24.00;25.75;38.00;34.25;25.00;24.25;23.00;24.00;23.75;24.50;29.50;27.50;23.50;23.75;23.75]
28842- [25.00;24.50;25.00;26.50;26.75;24.75;25.75;24.25;25.00;25.00;25.75;33.00;32.75;26.25;24.50;24.75;24.75;25.25;26.50;38.50;38.00;26.25;25.25;24.50;24.25;24.75;26.75;39.25;38.25;26.50;24.75;24.50;24.75;24.75;27.00;39.75;37.50;25.75;24.25;23.75;24.00;24.75;26.50;38.75;35.75;24.75;23.75;24.00;24.25;24.00;25.25;38.25;34.25;24.50;24.00;23.25;24.00;24.25;24.75;29.50;27.25;23.25;23.50;23.25]
29327- [25.00;24.50;25.50;26.25;26.00;25.25;24.75;25.25;25.25;25.00;26.00;33.00;32.75;26.00;24.50;25.50;24.75;25.00;26.50;38.50;38.00;26.50;25.00;24.25;24.75;24.50;26.50;39.25;38.25;26.25;24.25;24.25;24.50;24.75;26.75;39.25;37.25;25.25;24.50;23.75;24.00;24.50;26.00;39.00;35.75;25.00;24.25;24.00;24.00;23.50;25.75;38.00;34.00;24.50;23.75;23.50;24.00;24.25;24.25;30.00;26.75;23.75;23.75;23.50]
29812- [25.00;24.50;25.25;26.50;26.75;25.50;25.25;24.50;25.00;24.50;25.75;32.75;32.50;26.00;25.00;25.00;25.00;25.25;26.25;38.25;38.25;26.50;25.00;24.25;24.50;24.75;26.75;39.00;38.25;26.00;24.75;24.50;25.00;24.75;26.50;39.25;37.50;25.75;24.50;23.50;24.25;24.50;26.50;38.75;35.75;25.00;24.00;24.25;23.50;23.75;25.25;37.75;34.00;24.50;23.50;23.00;23.25;24.25;24.50;30.00;27.25;23.50;23.75;23.50]
30297- [25.25;24.25;25.25;26.25;26.50;25.00;25.00;24.50;25.00;25.00;25.75;33.00;32.50;26.00;25.00;25.00;25.00;24.75;26.25;38.25;38.00;26.50;25.00;24.25;25.00;24.75;26.50;39.50;38.00;26.00;24.25;23.75;24.50;24.75;26.75;39.25;37.50;25.75;24.00;23.25;23.75;23.75;25.75;38.75;35.50;25.25;23.50;23.50;23.75;23.50;25.25;37.75;34.25;24.75;24.00;22.25;23.25;24.00;24.75;29.50;27.25;23.25;23.50;23.75]
30782- [25.00;24.25;24.75;26.25;26.50;24.50;25.00;25.00;25.25;24.25;25.75;33.00;32.75;25.75;24.75;24.75;24.50;25.00;26.25;38.25;38.25;26.00;25.00;24.25;24.75;24.50;26.25;39.00;38.00;26.25;24.25;24.25;24.50;24.50;26.75;39.25;37.25;25.50;24.25;23.75;24.00;24.50;26.00;38.75;35.75;24.75;24.00;24.00;24.25;23.75;25.00;37.25;34.00;24.75;23.50;22.75;23.50;24.00;24.50;30.00;27.00;23.75;24.25;23.75]
31267- [24.75;24.00;25.25;26.25;26.25;25.00;25.00;24.50;25.00;24.75;25.50;32.75;32.75;25.75;25.00;24.50;25.00;24.75;26.25;38.00;38.00;26.50;24.75;24.75;25.00;24.50;26.50;39.00;38.25;26.00;24.25;24.00;24.00;24.75;26.75;39.25;37.25;25.75;24.50;23.50;23.75;24.25;26.25;38.50;35.50;24.75;24.00;23.75;23.75;24.25;25.50;37.75;33.75;24.50;23.75;22.75;23.50;23.75;24.50;29.50;27.00;23.50;23.75;23.25]
31752- [25.00;24.50;25.25;26.25;26.25;25.25;25.25;24.50;25.25;24.75;26.00;33.25;32.75;26.25;24.75;25.00;24.50;24.75;26.50;38.00;37.75;26.25;25.00;24.00;24.25;24.75;26.75;39.00;38.00;26.00;24.50;24.00;25.00;24.25;27.00;39.25;37.25;25.25;24.50;23.50;23.75;24.00;26.50;38.50;35.25;25.00;24.00;23.75;24.00;23.50;25.25;37.75;33.75;24.25;24.00;23.25;23.50;23.50;24.50;29.75;27.25;23.75;23.50;23.50]
32237- [25.00;24.25;25.75;26.75;26.00;25.00;25.00;24.75;24.50;24.75;25.50;32.75;32.50;25.75;24.75;25.00;24.75;25.25;26.25;38.50;38.25;26.50;24.50;24.25;25.00;24.75;26.75;39.00;38.25;26.00;24.75;23.75;24.75;24.75;26.75;39.00;37.50;25.50;24.50;23.75;24.25;24.50;26.00;38.50;35.50;24.75;24.25;24.00;24.00;24.25;25.25;38.00;34.25;24.50;23.75;23.25;23.50;23.50;25.25;29.50;27.25;24.00;22.75;23.50]
32722- [25.00;24.50;25.25;26.50;26.25;25.00;25.25;24.75;24.75;25.00;25.50;33.00;32.75;25.25;24.75;24.75;25.00;25.00;26.50;38.25;38.25;26.00;25.00;24.50;24.75;24.50;26.50;39.00;38.00;26.00;24.00;24.25;24.50;24.75;26.75;39.25;37.25;25.25;24.00;23.50;24.25;24.25;25.75;38.75;35.50;25.25;23.75;23.50;23.75;23.75;25.25;37.75;34.00;24.25;23.75;22.25;23.25;23.75;24.25;29.25;27.00;23.50;23.75;23.50]
33207- [24.75;24.50;25.25;26.50;26.25;25.25;25.00;24.75;24.75;24.50;25.75;33.25;32.75;25.50;24.50;24.50;25.00;25.00;26.50;38.75;38.00;26.00;24.75;24.25;24.50;24.50;26.50;39.00;38.00;26.00;24.25;23.75;24.50;24.50;26.75;39.50;37.25;25.25;24.50;23.75;24.00;24.50;26.25;38.75;35.50;24.50;24.00;23.75;23.75;23.75;25.50;37.50;34.00;24.25;23.50;23.00;23.75;24.25;24.50;29.50;27.25;23.50;23.75;23.75]
33692- [25.00;24.00;25.00;26.75;26.75;25.00;25.50;24.50;25.00;25.00;26.00;32.75;32.50;26.00;24.50;25.00;24.50;25.50;26.50;38.50;38.25;26.25;25.25;24.50;24.50;24.25;26.50;39.25;38.00;26.00;24.50;23.75;24.25;25.00;27.00;39.25;37.50;26.00;24.25;23.75;24.25;24.25;26.00;39.00;35.50;25.25;24.00;23.75;24.25;23.75;25.50;38.00;34.25;24.50;23.75;23.00;24.00;24.00;24.75;29.50;27.50;23.75;23.75;22.75]
34177- [24.75;24.75;25.00;26.75;26.50;25.25;25.25;24.50;25.00;24.25;26.00;33.00;32.75;25.75;25.00;24.75;24.75;24.75;26.25;38.50;37.75;26.50;25.00;24.25;24.50;24.25;26.50;38.75;38.00;26.25;24.50;24.00;24.00;24.50;26.50;39.25;36.75;26.00;24.25;23.75;23.75;24.25;26.25;38.50;36.00;24.75;23.75;23.25;23.50;23.50;25.25;37.75;34.25;24.50;23.25;23.00;23.50;23.50;24.50;29.50;27.50;24.00;23.75;23.00]
34662- [25.00;24.50;25.25;26.50;26.50;24.75;25.00;25.00;24.25;24.75;25.75;33.00;32.75;25.50;24.75;24.75;24.25;25.00;26.25;38.50;37.75;26.00;24.75;24.25;24.25;24.25;26.25;38.75;37.75;25.50;24.50;23.75;24.25;24.75;26.75;39.25;37.25;25.50;24.25;23.00;24.00;24.25;26.00;39.00;35.75;25.00;23.75;23.50;23.50;23.75;25.25;37.75;34.00;24.75;23.50;22.75;23.50;23.25;24.25;29.50;27.50;23.50;23.75;23.00]
35147- [25.00;24.75;25.25;26.25;26.75;25.00;25.25;25.00;24.75;24.75;25.50;33.25;32.75;25.75;25.00;24.75;24.50;24.75;26.50;38.50;37.75;26.25;25.25;24.50;24.00;24.50;26.50;38.75;38.00;26.25;24.25;24.00;24.25;24.75;26.50;39.50;37.00;26.00;24.00;23.25;23.75;24.50;26.75;38.50;35.50;25.25;24.25;23.25;23.00;23.75;25.50;37.75;34.00;24.50;23.50;22.75;23.25;24.00;24.50;29.75;26.75;23.25;23.50;22.50]
35632- [25.25;24.50;25.00;26.50;26.50;25.50;25.50;24.75;25.25;25.00;26.00;33.25;33.00;25.75;24.50;25.00;24.50;25.00;26.50;38.00;37.75;26.25;24.75;24.25;24.50;24.25;26.75;39.25;38.50;26.25;24.50;24.00;24.25;25.00;26.25;39.25;37.25;25.75;24.50;24.00;24.25;24.75;26.25;38.50;35.75;25.25;24.00;24.00;24.00;23.75;25.50;38.00;34.25;24.25;23.50;23.50;24.00;24.25;24.50;30.00;27.25;23.75;23.75;23.50]
36117- [25.25;24.75;25.00;26.75;26.25;25.25;25.25;24.75;25.50;24.50;26.25;33.25;32.75;26.00;25.00;24.75;25.00;25.00;26.75;38.00;38.00;26.25;25.00;24.50;24.75;24.50;26.50;39.00;38.25;26.00;25.00;24.00;24.25;25.25;26.50;39.25;37.25;26.00;24.50;23.50;24.50;24.25;26.00;38.75;35.75;25.25;23.75;24.00;24.50;24.00;25.25;38.00;34.25;24.75;24.00;23.25;23.50;24.00;24.25;29.25;27.25;23.50;23.75;23.25]
36602- [25.50;24.75;25.50;26.75;26.75;25.25;25.00;24.50;25.00;24.75;25.50;33.00;32.75;26.00;24.50;25.00;24.75;24.75;26.50;38.75;38.00;26.25;25.00;24.00;24.75;24.75;26.75;39.00;38.00;26.25;24.25;24.25;24.50;24.75;27.25;39.00;37.50;25.75;24.75;23.75;24.25;24.50;26.25;38.75;36.00;25.00;24.00;23.75;24.00;23.75;25.50;38.00;34.00;24.75;23.75;23.00;23.50;23.50;24.75;29.75;27.25;23.50;23.50;23.25]
37087- [25.25;24.75;25.50;26.50;26.25;25.25;25.25;25.25;25.25;25.00;26.00;33.50;33.00;25.75;25.75;25.00;24.75;25.25;26.50;38.50;38.00;26.75;25.00;24.50;24.75;25.25;26.75;39.25;38.25;26.25;24.75;24.00;24.75;24.75;26.50;39.50;37.50;26.00;24.50;23.75;24.50;24.75;26.50;38.75;36.25;25.00;24.25;24.25;23.75;24.00;25.50;38.00;34.00;24.75;23.75;23.00;23.50;23.50;24.50;30.00;27.25;23.75;23.50;23.25]
37572- [25.25;25.00;25.50;27.00;26.75;25.50;25.25;25.25;25.00;25.00;25.75;33.50;33.00;26.25;25.00;25.50;24.75;25.25;26.75;38.50;38.25;26.50;25.00;24.75;25.00;24.75;27.00;39.25;38.00;26.00;24.50;24.00;25.25;24.75;27.00;39.75;37.50;26.00;24.75;24.00;24.50;24.25;26.25;38.75;35.75;25.00;24.25;24.25;24.50;23.75;25.50;38.00;34.50;24.75;23.75;23.00;23.50;24.00;24.75;29.75;27.75;23.50;24.00;23.75]
38057- [25.50;24.25;25.50;27.00;27.00;25.75;25.50;25.00;25.50;24.75;26.00;33.25;33.25;26.25;25.00;25.00;25.25;25.25;27.00;38.50;38.00;26.50;24.75;24.25;24.50;24.50;26.75;39.25;38.25;26.25;24.75;24.25;24.50;24.75;27.00;39.25;37.00;25.50;24.50;23.75;24.00;24.25;26.25;38.50;35.50;25.00;24.25;24.00;23.75;24.00;25.75;38.00;34.00;25.00;23.75;23.00;24.00;23.75;24.50;29.75;27.50;23.50;23.50;23.25]
38542- [25.25;25.00;25.50;27.00;27.00;25.25;25.50;24.50;25.00;24.50;26.00;33.25;32.75;26.25;24.75;24.75;24.50;25.00;26.50;38.50;38.25;26.50;25.00;24.75;24.50;24.75;26.75;39.50;38.00;26.00;24.75;24.00;24.50;24.75;26.75;39.50;37.50;26.00;24.25;23.75;24.25;24.25;26.50;39.00;36.00;25.25;24.25;24.25;23.75;24.25;25.50;38.00;34.00;25.00;24.25;23.25;24.00;24.00;24.50;30.00;27.25;23.75;23.75;23.50]
39027- [25.25;24.50;25.50;26.50;26.50;25.25;25.50;24.75;25.25;25.00;26.00;33.50;32.75;26.25;25.00;25.00;24.75;25.50;26.75;38.75;38.25;27.00;25.50;25.00;25.00;24.75;26.50;39.25;38.50;26.25;24.75;24.25;25.25;24.50;27.00;39.50;37.25;26.25;24.75;24.00;24.00;24.50;26.25;38.75;36.00;25.50;24.25;24.00;24.25;24.00;25.50;38.50;34.50;24.75;23.50;23.00;23.75;24.75;24.75;30.00;27.50;24.00;23.50;23.25]
39512- [25.00;25.00;25.75;26.75;27.00;25.25;25.00;25.00;25.00;25.00;25.75;33.00;33.00;26.00;24.75;25.50;25.50;25.00;26.25;38.75;37.75;26.75;25.00;24.25;25.00;25.00;27.00;39.25;38.50;26.50;24.50;24.00;24.75;24.75;27.00;39.50;37.50;26.00;24.75;24.00;24.25;24.50;26.75;38.75;36.25;25.25;24.00;24.00;24.00;23.75;25.50;38.00;34.25;24.75;23.50;23.25;23.75;24.00;24.75;29.75;27.25;23.50;23.50;23.50]
39997- [24.75;25.00;25.25;27.25;26.50;25.50;25.25;25.25;25.50;24.75;25.75;33.25;32.50;26.25;25.25;25.00;25.25;25.00;26.75;38.50;38.25;26.75;25.50;24.75;24.50;25.00;26.75;39.25;38.25;26.00;24.50;23.75;24.75;25.25;27.25;39.50;37.75;26.00;24.75;24.25;24.00;24.75;26.50;38.75;36.00;25.25;24.25;24.00;23.75;23.75;25.75;38.50;34.00;25.25;23.75;23.25;24.25;24.00;25.00;29.75;27.50;23.50;23.50;23.50]
40482- [25.50;24.75;25.00;26.50;27.00;26.00;25.00;25.25;25.50;24.50;25.75;33.25;32.75;26.25;25.00;25.25;24.75;25.00;26.50;38.25;38.25;26.50;25.25;24.25;24.75;24.75;26.75;39.50;38.25;26.25;24.50;24.00;24.75;25.00;27.25;39.50;37.25;26.25;24.75;24.00;24.50;24.25;26.50;39.00;35.75;25.50;24.00;24.25;23.50;24.00;25.25;37.75;34.00;24.75;23.75;23.00;23.75;24.00;24.75;29.50;27.75;23.75;23.25;23.00]
40967- [25.75;24.50;25.25;26.75;27.00;25.00;25.75;25.00;25.25;25.00;26.25;33.25;33.00;26.00;25.00;25.00;25.00;25.50;27.25;38.50;38.00;27.00;24.75;25.00;25.00;24.75;27.25;39.75;38.50;26.50;24.50;24.50;24.50;25.00;27.00;39.25;37.50;26.00;24.75;24.25;24.50;25.00;26.50;39.00;36.00;25.50;24.50;24.00;24.00;24.25;26.00;37.75;34.00;25.00;23.75;23.75;23.75;23.75;24.75;30.00;27.50;24.00;24.00;23.50]
41452- [25.25;25.00;25.75;27.00;27.00;25.50;25.25;25.25;25.50;25.00;26.75;33.75;33.50;26.50;24.75;25.25;25.25;25.25;26.75;38.75;38.50;26.75;25.50;24.50;25.25;24.50;27.00;39.50;38.00;26.50;24.75;24.25;24.75;25.25;27.50;39.50;37.50;26.25;25.00;24.50;24.25;24.75;26.50;39.00;36.00;25.50;24.50;23.75;24.50;24.50;25.75;37.75;34.25;25.00;24.00;23.25;23.25;24.00;24.50;29.50;27.50;23.50;23.25;23.50]
41937- [25.75;24.75;25.25;26.75;26.50;25.25;25.75;24.75;25.25;25.00;26.00;33.25;33.00;26.00;24.75;25.00;25.25;25.00;27.00;38.50;38.50;26.50;25.00;24.75;24.75;25.00;26.75;39.25;38.25;26.25;24.75;24.00;24.50;24.75;27.00;39.75;37.50;26.25;24.75;23.75;24.50;24.50;26.50;38.75;36.00;25.25;24.00;23.50;23.75;24.00;25.50;38.00;34.25;24.25;24.25;23.25;23.75;23.75;24.75;29.25;27.50;23.75;23.50;22.50]
42422- [25.00;24.75;25.50;26.50;26.75;25.50;25.75;25.25;25.50;24.75;26.50;33.25;32.75;26.00;24.75;24.75;25.00;25.50;27.00;38.50;38.50;27.00;25.00;25.00;24.75;24.75;26.75;39.25;38.50;26.25;24.75;24.50;24.75;25.00;27.00;39.50;37.50;25.75;24.75;24.00;24.00;24.50;26.50;38.75;36.00;25.00;24.25;23.75;23.75;23.75;25.50;37.75;34.25;24.50;23.75;22.75;24.00;24.25;24.75;30.25;27.50;23.75;24.25;23.50]
42907- [24.75;24.75;25.75;27.00;27.25;25.75;25.75;25.25;25.25;24.75;26.00;33.75;33.00;26.25;25.00;25.00;24.75;25.25;27.25;38.50;38.25;26.50;25.25;25.00;25.00;25.00;27.25;39.50;38.25;26.50;24.75;23.75;24.50;24.75;27.00;39.25;37.75;26.00;25.00;23.50;24.50;24.75;26.25;38.75;36.00;25.00;24.25;23.50;24.00;24.00;25.25;38.25;34.50;24.75;24.00;23.00;24.00;24.00;24.75;30.00;28.00;23.75;23.50;23.75]
43392- [25.50;24.75;25.50;27.00;27.00;25.50;25.25;25.25;25.25;25.00;26.00;33.25;33.00;26.25;24.75;25.25;25.00;25.50;26.75;38.75;38.25;26.75;25.50;24.50;24.50;24.75;26.75;39.25;38.50;26.25;24.50;24.50;24.75;25.50;27.00;39.25;37.50;26.00;25.25;23.75;24.25;25.00;26.50;39.00;36.00;25.75;24.25;24.50;24.00;24.25;25.50;38.25;34.25;24.75;24.00;23.25;24.50;24.50;24.75;29.50;27.75;23.75;23.75;23.50]
43877- [25.00;24.75;25.50;27.00;26.75;25.50;25.50;25.00;25.50;25.25;26.25;33.75;32.50;26.50;25.25;25.00;25.50;25.75;27.00;38.75;37.75;26.75;25.25;25.25;25.00;24.75;27.00;39.25;38.25;26.25;25.00;24.50;24.50;25.25;26.50;39.50;37.75;26.00;24.75;24.00;24.50;25.00;27.00;39.00;35.75;25.75;24.00;24.25;24.00;24.00;25.75;38.25;34.25;25.00;23.50;23.00;24.00;24.50;25.00;29.75;27.00;24.00;24.00;23.75]
44362- [25.50;24.75;25.75;26.75;26.50;25.25;25.75;25.75;25.25;25.25;26.25;33.50;33.25;26.25;25.00;25.25;25.00;25.00;27.25;38.50;38.25;26.50;25.50;24.75;24.75;24.75;26.75;39.25;38.75;26.25;24.75;24.50;25.25;25.00;27.00;40.00;37.50;25.75;24.75;24.00;24.50;24.75;26.50;39.00;36.00;25.50;24.00;24.00;23.75;24.25;25.50;38.25;34.25;25.00;24.25;23.25;23.75;24.00;25.00;29.50;28.00;23.75;24.25;23.50]
44847- [25.00;25.00;24.75;26.75;26.50;25.00;25.50;25.50;25.00;25.00;26.25;33.25;32.75;26.25;25.00;24.75;25.25;25.25;27.00;38.75;38.25;27.00;25.25;24.50;24.75;24.50;27.00;39.25;38.50;26.50;25.00;24.25;24.75;24.75;27.00;39.50;37.50;26.25;24.75;24.00;24.25;24.50;26.50;39.25;35.75;25.00;24.00;23.75;23.75;24.00;25.50;38.00;33.75;24.75;23.50;23.00;23.50;24.00;24.50;29.50;27.50;23.75;23.25;23.25]
45332- [25.75;25.00;25.50;26.75;26.50;25.25;25.75;25.25;25.00;25.00;26.25;34.00;33.25;26.25;25.50;25.00;25.00;25.25;26.75;38.75;38.25;27.00;25.25;25.00;24.75;24.75;26.75;39.00;38.50;26.25;24.50;24.00;24.75;25.50;27.00;39.50;37.50;26.00;24.75;23.75;23.75;24.75;26.50;39.00;36.00;25.25;23.75;24.00;24.25;23.75;25.75;38.25;34.50;24.75;23.75;23.00;23.75;24.25;24.50;30.00;27.25;23.50;23.50;23.25]
45817- [25.25;25.00;25.25;26.50;27.25;25.75;25.25;24.75;25.00;25.25;26.25;33.25;33.00;26.00;25.00;25.25;25.00;25.25;27.00;38.50;38.00;26.50;25.00;24.75;25.25;25.25;26.75;39.25;38.50;26.50;25.00;24.50;24.75;25.00;27.25;39.50;37.50;26.25;25.00;23.50;24.25;24.50;26.75;39.25;36.00;25.50;24.00;24.25;24.25;24.00;25.75;38.00;34.25;25.00;23.50;23.00;23.00;24.25;24.75;30.00;27.50;23.75;23.75;23.75]
46302- [25.25;24.75;25.75;26.50;26.75;25.50;25.50;25.00;25.75;24.75;25.75;33.50;33.00;26.00;25.50;24.75;24.75;25.25;27.00;38.75;38.25;26.25;25.50;24.50;24.50;24.25;27.00;39.25;38.50;26.50;24.75;24.00;25.00;25.25;27.25;39.50;37.50;26.25;24.75;23.50;24.50;24.75;26.75;39.25;36.00;25.25;24.50;24.50;24.25;24.00;25.50;38.25;34.25;24.75;23.75;23.00;23.50;24.25;25.00;30.00;27.00;24.25;23.25;23.25]
46787- [25.25;24.75;25.25;26.75;26.75;25.25;25.50;25.25;25.00;24.75;26.25;33.50;33.25;26.00;25.00;25.00;25.25;25.25;27.00;38.75;38.50;27.00;25.00;24.25;24.50;24.50;27.00;39.50;38.00;26.75;25.00;24.25;24.50;25.00;27.00;39.75;37.25;26.00;24.25;23.75;24.50;24.50;26.25;38.75;35.75;25.00;24.50;24.00;24.25;24.25;26.25;37.75;34.50;25.00;24.25;23.25;23.25;24.25;25.00;30.00;27.00;23.50;23.75;23.75]
47272- [25.25;24.50;25.25;26.75;27.00;25.75;25.25;25.00;25.25;25.25;26.25;33.50;33.00;26.25;25.00;25.00;24.75;25.00;27.00;38.25;38.25;26.25;24.75;24.75;24.50;24.75;27.00;39.50;38.25;26.25;24.75;24.25;24.50;25.25;27.25;39.75;37.00;25.75;24.75;23.75;24.50;24.75;26.50;39.00;36.00;25.75;24.25;24.50;23.75;24.25;25.75;38.25;34.25;24.50;24.00;23.25;23.50;24.25;24.50;29.50;27.50;24.50;23.50;23.50]
47757- [25.00;24.75;25.50;27.00;26.75;25.00;25.25;25.00;25.25;25.00;26.25;33.50;33.00;26.25;24.75;25.00;25.00;25.00;26.75;38.75;38.25;27.00;24.75;24.50;24.75;24.25;26.75;39.00;38.50;26.25;24.50;24.75;24.75;24.75;26.75;39.75;37.50;26.50;24.75;23.75;24.75;24.50;26.75;39.00;36.00;25.25;24.50;24.25;24.00;24.25;25.50;38.00;34.50;25.00;24.00;23.25;23.75;24.50;25.00;29.75;27.50;24.00;23.50;23.75]
48242- [25.75;24.75;25.75;27.25;27.25;25.75;25.50;25.25;25.25;25.00;26.00;33.50;33.00;26.25;25.25;25.00;25.00;25.00;26.75;38.50;38.25;26.25;25.50;24.50;24.50;25.00;26.75;39.25;38.75;26.00;25.25;24.50;24.75;25.50;27.00;39.50;37.50;26.25;24.50;24.00;24.25;24.75;26.75;39.00;35.75;25.50;24.00;24.25;24.00;24.00;25.75;38.00;34.50;24.75;24.00;23.25;23.00;24.50;25.00;29.75;27.25;23.75;24.25;22.75]
48727- [25.75;25.25;25.75;27.25;27.00;26.00;25.50;25.00;25.25;24.75;26.00;33.50;33.00;26.00;25.50;25.25;25.25;25.25;27.00;38.50;38.50;26.75;25.25;24.75;25.00;24.75;27.50;39.25;38.75;26.25;25.00;24.25;24.75;25.25;27.25;39.25;37.50;26.25;24.50;24.00;24.00;24.75;26.75;39.00;36.25;25.25;23.75;24.25;24.00;24.00;25.25;38.25;34.50;24.25;23.75;23.00;24.00;24.50;24.00;29.75;27.50;23.75;23.75;23.75]
49212- [25.25;25.25;25.50;26.50;27.00;25.25;25.50;25.00;25.25;25.00;25.75;33.50;32.75;26.00;25.25;25.25;24.75;25.00;26.50;38.50;38.25;26.75;25.25;24.50;25.00;25.00;26.50;39.50;38.25;26.00;25.00;24.50;24.75;25.25;27.00;39.75;37.75;26.25;24.75;24.25;24.25;24.75;26.00;39.00;35.75;25.00;24.25;24.25;24.00;23.50;25.50;37.75;33.75;25.00;23.50;23.25;23.50;24.00;24.25;29.75;27.25;23.75;24.25;23.25]
49697- [25.50;24.50;25.25;27.00;27.00;25.50;25.00;25.00;25.25;25.00;26.00;33.75;33.50;26.00;25.25;25.75;25.00;25.50;26.50;38.50;38.25;27.00;25.25;24.75;25.25;25.25;27.25;39.50;38.75;26.50;25.00;24.25;25.00;25.00;26.75;39.50;37.50;25.75;24.75;24.00;24.25;25.00;26.75;39.25;35.75;25.25;23.75;24.50;24.50;24.25;25.25;37.75;34.25;24.75;24.25;23.25;23.50;23.75;24.75;29.50;28.00;24.00;23.75;23.50]
50182- [25.00;24.75;25.25;27.25;26.75;25.75;25.25;24.75;24.75;25.00;26.25;33.75;33.50;26.00;24.75;25.25;24.75;24.75;26.50;38.50;38.25;26.75;25.00;24.50;25.00;24.50;26.75;39.00;38.25;26.25;25.00;23.50;25.00;25.25;27.00;39.50;37.75;26.25;24.50;24.25;24.50;24.75;26.50;39.00;36.00;25.50;23.75;24.25;24.25;24.00;25.50;37.75;34.50;24.50;23.50;23.50;24.00;23.75;25.00;29.50;27.25;23.25;23.25;23.00]
50667- [25.25;25.00;25.75;26.75;27.25;25.50;25.25;24.75;25.50;24.75;26.00;33.75;33.50;25.75;25.25;25.25;25.25;25.50;27.00;38.75;38.50;27.25;25.25;24.25;24.50;24.75;27.00;39.25;38.25;27.00;24.75;24.25;25.00;25.00;26.75;39.25;37.75;26.00;24.75;24.00;24.50;25.00;26.50;38.75;36.25;25.25;23.75;24.00;24.25;23.75;26.00;37.75;34.00;25.25;23.75;23.00;24.00;24.25;24.75;29.50;27.25;24.25;23.75;23.25]
51152- [25.75;24.75;25.50;26.75;26.75;25.50;25.50;25.50;25.50;25.25;26.00;33.75;33.50;26.25;25.25;25.50;25.00;25.25;26.75;38.75;38.50;26.50;25.00;24.25;24.75;24.75;26.75;39.25;38.00;26.50;25.25;24.75;25.00;25.25;27.00;39.50;38.00;26.00;25.50;24.00;24.50;24.75;26.75;39.00;36.25;25.50;24.75;24.25;24.00;24.25;25.50;38.00;34.25;25.25;23.75;23.00;23.50;24.25;24.75;29.50;28.00;23.75;24.00;23.25]
51637- [25.50;24.75;25.50;27.00;27.25;25.25;25.50;25.25;25.00;25.00;26.25;33.75;33.50;26.25;24.75;25.25;25.00;25.25;27.25;38.50;38.25;26.75;25.00;24.75;25.00;24.75;26.75;39.50;38.25;26.25;25.00;24.50;25.00;25.25;27.00;39.75;37.75;26.25;24.25;24.00;24.25;25.00;26.50;39.00;35.75;25.50;24.25;24.25;24.25;24.00;25.50;37.75;34.75;24.75;24.00;23.00;24.00;24.50;24.25;29.00;27.75;23.75;23.75;23.75]
52122- [25.25;25.00;25.50;26.75;27.00;25.75;26.00;25.25;25.25;25.25;26.00;33.75;33.50;26.50;25.50;25.25;24.75;25.25;27.00;38.75;39.00;26.75;25.25;25.00;24.75;25.00;27.25;39.00;38.75;26.25;25.00;24.25;25.00;25.00;27.00;39.75;37.75;26.00;25.00;24.00;24.50;24.75;26.50;39.00;36.00;25.25;24.25;24.25;24.25;24.25;26.00;38.25;34.50;25.00;23.75;23.00;23.75;24.50;24.50;29.75;27.50;24.00;23.50;23.50]
52607- [25.25;24.75;25.50;26.75;26.50;25.75;25.25;24.75;25.25;25.25;26.00;33.75;33.00;26.25;25.25;25.25;24.75;25.25;27.00;38.75;38.25;26.75;24.75;25.25;24.75;24.75;26.75;39.00;38.50;26.25;24.50;24.50;24.75;25.00;27.00;39.50;37.50;26.00;25.00;24.25;24.50;24.75;26.75;39.00;35.50;25.75;24.00;24.50;23.50;24.50;25.50;38.00;34.25;24.75;24.00;22.50;24.00;24.00;25.00;29.75;27.75;23.50;23.50;23.00]
53092- [25.00;24.75;25.00;27.00;27.00;25.50;25.50;25.50;25.00;24.75;26.25;33.50;33.25;26.25;25.00;25.00;25.00;25.25;26.75;38.50;38.25;26.50;25.00;24.75;24.50;24.75;27.00;39.00;38.25;26.50;24.75;24.00;24.50;25.00;27.25;39.50;37.50;26.25;24.50;23.75;24.00;25.00;26.50;39.00;36.00;25.50;23.75;23.75;24.00;24.00;25.50;38.00;34.50;25.00;23.50;23.00;23.50;24.00;24.75;29.75;27.75;24.00;23.75;23.50]
53577- [25.25;25.00;25.75;26.50;27.00;25.50;25.50;25.00;25.50;25.00;26.00;33.50;32.75;26.00;25.25;25.75;25.00;25.00;27.00;38.75;38.50;26.50;25.00;25.00;24.25;24.75;27.00;39.00;38.25;26.75;24.75;23.75;24.75;25.25;27.50;39.75;37.50;25.75;24.75;24.25;24.00;24.75;26.75;38.75;36.25;25.25;24.00;24.00;24.25;24.00;25.25;37.75;34.00;25.00;23.75;23.25;24.50;23.75;24.50;29.75;27.00;23.75;23.50;23.00]
54062- [24.75;24.75;25.25;27.00;26.50;25.50;25.75;24.75;25.25;25.00;26.50;33.25;33.25;26.50;25.50;24.75;25.50;25.25;27.00;38.25;38.00;26.50;25.25;24.75;25.00;25.00;27.00;39.75;38.25;26.25;25.00;24.25;24.75;25.00;27.00;39.75;37.50;26.25;25.00;24.25;24.50;24.50;26.75;39.00;36.00;24.75;24.00;24.00;24.25;23.75;25.50;38.00;34.25;25.25;24.00;23.50;24.00;24.25;24.75;29.75;27.50;24.50;23.25;23.00]
54547- [25.25;25.00;25.25;27.00;26.75;25.50;25.75;25.00;25.50;25.00;26.25;33.25;33.00;26.25;25.25;25.50;24.75;25.25;27.25;38.50;38.50;26.75;25.25;25.00;25.25;24.75;27.00;39.50;38.50;26.00;24.75;24.25;25.25;25.00;27.25;39.25;37.75;26.00;24.75;23.75;24.25;24.75;26.75;39.00;36.00;25.25;24.00;23.75;24.50;24.00;25.50;38.25;34.50;25.25;24.25;23.25;24.25;24.25;25.00;29.75;27.50;24.00;24.00;23.25]
55032- [25.25;24.75;25.75;26.75;27.00;25.50;25.50;25.50;25.00;24.75;26.25;33.50;33.00;26.25;25.25;25.00;24.75;25.25;26.75;38.75;38.25;26.75;25.25;24.75;25.00;25.25;27.25;39.25;38.50;26.25;24.75;24.00;25.25;25.00;27.00;39.50;37.50;26.00;25.00;23.75;24.75;24.50;26.50;39.00;35.75;25.00;24.25;23.75;24.00;24.00;25.75;38.00;34.50;24.50;23.50;23.00;23.75;24.25;24.50;29.50;27.25;24.00;23.25;23.75]
55517- [25.00;24.75;25.75;27.00;26.50;25.50;25.75;24.75;25.00;25.00;26.00;33.25;33.00;26.00;25.00;24.75;25.25;25.50;26.75;39.00;38.25;26.50;25.25;24.75;24.75;24.75;27.25;39.50;38.50;26.50;24.75;24.50;24.75;25.00;27.00;39.50;37.75;26.25;24.50;24.00;24.00;24.50;26.25;39.00;35.75;25.00;24.25;24.00;24.00;24.25;25.25;37.75;34.25;24.50;23.50;23.25;24.00;24.50;24.50;29.25;27.75;23.75;23.50;23.25]
56002- [25.50;24.50;25.50;26.75;26.75;25.75;25.25;25.25;25.00;24.75;26.00;33.75;33.00;26.00;25.00;25.00;25.25;25.25;27.00;38.75;38.50;26.50;25.50;24.50;25.00;25.00;26.75;39.25;38.50;26.50;24.75;24.50;24.75;24.75;27.25;39.50;37.50;25.75;24.50;23.75;24.50;24.50;26.75;39.00;36.00;25.00;23.75;24.00;24.50;24.50;25.75;38.25;34.25;24.75;24.25;23.25;23.50;24.25;24.75;29.50;27.00;24.00;24.00;23.50]
56487- [25.75;24.50;25.75;26.50;26.75;25.75;25.50;25.25;25.00;25.00;26.50;33.50;33.50;26.25;25.00;25.50;25.25;25.25;26.75;38.75;38.25;26.75;25.00;24.50;24.50;24.75;26.50;39.00;38.25;26.25;24.75;24.75;24.75;25.25;27.50;39.50;37.75;26.00;24.50;24.00;24.00;24.50;26.75;38.75;36.00;25.50;24.50;23.75;24.25;24.25;25.75;38.25;34.50;25.25;23.50;23.25;24.00;24.25;25.00;29.75;27.25;24.00;23.50;23.50]
56972- [25.25;25.00;25.25;26.50;26.25;25.50;25.25;25.00;25.50;25.00;26.25;33.50;33.25;26.00;25.00;25.25;25.25;25.00;26.75;38.75;38.00;26.50;24.50;24.50;24.75;24.50;26.50;39.25;38.50;26.25;25.00;24.25;24.75;25.00;27.25;39.50;37.50;25.50;25.00;24.25;24.00;25.00;26.50;39.00;36.00;25.25;24.00;24.25;24.00;24.25;25.25;38.00;34.50;24.50;24.25;23.00;23.25;24.25;24.75;29.25;27.25;24.00;23.50;23.25]
57457- [25.25;24.75;25.75;26.75;26.75;25.25;25.00;24.75;24.75;24.75;26.00;33.00;32.75;26.25;25.25;24.50;24.75;25.00;27.00;38.25;38.00;26.50;25.00;24.50;25.25;24.75;26.75;39.50;38.50;26.25;25.00;24.00;24.50;25.25;27.25;39.50;37.50;26.25;24.25;23.75;24.25;24.75;26.25;39.00;35.75;25.25;24.25;24.25;23.75;24.00;25.25;37.75;34.25;24.25;23.50;22.75;24.00;24.25;24.25;29.75;27.50;23.75;23.75;23.25]
57942- [25.00;25.25;25.50;26.75;27.00;25.75;25.75;25.25;25.25;25.00;26.50;33.50;33.25;26.00;25.50;24.75;24.75;25.25;26.75;38.50;38.00;26.75;25.50;24.75;25.00;25.00;27.00;39.00;38.25;26.25;24.75;24.25;24.25;25.25;26.75;39.75;37.50;26.25;24.50;24.00;24.00;24.50;26.00;39.00;36.00;25.25;23.75;23.50;23.75;24.00;25.25;37.75;34.50;24.50;24.00;22.75;23.50;24.25;24.50;29.75;27.25;24.00;23.50;23.50]
58427- [25.25;24.75;25.25;26.75;27.25;25.75;25.75;25.00;25.00;24.75;26.00;33.50;32.75;26.00;25.50;25.00;25.00;25.00;26.50;38.50;38.00;26.75;25.00;24.25;24.75;25.00;27.25;39.25;38.50;26.50;24.75;24.00;24.75;25.00;27.25;39.50;38.00;26.00;25.00;23.75;24.25;24.75;26.75;38.75;35.50;24.75;23.75;24.25;24.25;24.00;25.75;38.25;34.25;24.50;23.75;23.25;23.25;24.50;24.50;29.25;27.50;23.75;23.75;23.50]
58912- [25.00;25.00;25.50;27.00;26.50;25.50;25.25;24.75;25.50;24.75;25.75;33.25;33.25;26.25;25.00;25.00;25.00;25.00;26.50;38.25;38.25;26.50;25.50;24.50;24.50;25.25;27.25;39.50;38.00;26.00;24.75;24.50;25.00;25.25;27.00;39.50;37.75;26.25;25.00;23.75;24.25;24.75;26.75;39.25;35.75;25.50;24.25;24.25;23.75;24.00;25.75;38.00;34.25;24.75;24.00;23.00;23.50;24.50;25.25;29.50;27.25;23.50;23.50;22.75]
59397- [24.75;25.00;25.75;27.00;26.50;25.25;25.50;25.25;25.25;25.00;26.00;33.75;33.25;26.25;25.00;25.50;24.75;25.25;26.75;38.75;38.25;27.00;25.25;25.00;24.50;24.75;27.00;39.25;38.00;26.25;25.00;24.00;24.50;24.75;27.25;39.50;37.50;26.00;24.50;24.25;24.00;24.75;26.50;38.75;35.75;25.25;24.25;23.75;24.25;24.00;25.75;38.00;34.25;24.50;23.75;23.00;23.50;24.50;24.50;29.75;27.50;24.00;23.00;23.50]
59882- [25.75;24.75;25.75;26.50;27.00;25.25;25.50;25.25;25.50;25.00;26.25;33.50;32.75;26.25;25.00;25.50;25.00;25.50;27.00;38.50;38.25;26.50;24.75;24.50;24.50;25.25;26.75;39.25;38.25;26.25;24.50;24.75;24.75;25.00;27.00;39.25;37.50;26.00;24.75;24.00;24.50;24.75;26.50;39.00;35.75;25.50;24.00;24.00;24.00;24.00;25.50;38.00;34.25;24.50;23.50;23.25;24.25;23.50;24.75;29.75;27.50;23.50;23.75;24.00]
60367- [25.50;25.00;25.50;27.25;27.25;25.75;25.00;24.75;25.50;25.25;25.75;33.75;32.50;26.00;25.00;24.75;24.75;25.25;26.75;38.75;38.00;26.50;25.25;24.25;24.75;24.50;27.00;39.25;38.00;26.25;24.75;24.25;24.25;25.00;27.25;39.25;37.25;25.75;24.50;24.00;24.50;24.75;26.50;39.00;35.75;25.25;24.25;24.25;24.00;24.25;25.75;37.75;34.25;25.00;23.75;22.75;24.00;23.75;24.75;29.50;27.25;24.00;23.25;23.25]
60852- [25.25;24.75;25.25;26.75;27.25;25.50;25.25;24.75;25.00;25.00;26.00;33.25;33.00;26.25;24.75;24.50;25.25;25.50;26.50;38.50;38.25;26.75;25.00;24.50;25.00;25.00;26.75;39.00;38.75;26.00;25.00;24.25;25.00;25.00;26.75;39.25;37.25;25.75;24.75;24.00;24.00;24.50;26.25;39.00;36.00;25.25;23.75;23.75;24.00;23.75;25.25;38.00;34.00;24.75;23.75;23.00;23.50;23.75;25.00;29.25;27.50;23.50;23.25;23.75]
61337- [25.00;25.00;25.25;27.00;27.00;25.50;25.75;25.25;25.00;25.25;26.25;33.25;33.25;26.25;25.00;25.00;25.00;24.75;27.25;38.50;38.25;26.50;25.00;24.25;24.50;24.75;26.50;39.25;38.00;26.25;25.00;24.00;24.50;24.75;26.75;39.00;37.00;26.00;24.75;24.25;24.00;24.25;26.25;38.75;35.50;25.25;24.00;23.75;24.00;24.00;25.75;38.00;34.50;24.75;23.75;23.25;23.50;24.75;24.75;30.00;27.75;23.50;24.00;23.50]
61822- [24.50;25.25;25.50;26.75;26.25;25.75;25.25;25.00;25.00;25.00;26.25;33.50;33.25;26.00;24.75;25.25;25.25;25.25;27.00;38.50;38.00;26.50;25.25;24.25;24.75;25.25;27.00;39.50;38.25;26.25;24.75;24.25;24.50;24.75;27.25;39.50;37.50;25.75;25.00;23.50;24.50;25.00;26.50;39.25;35.50;25.25;24.00;24.00;24.00;24.00;25.50;38.00;34.25;24.75;23.75;23.50;24.00;23.75;24.75;29.25;27.50;24.00;23.50;23.00]
62307- [25.25;24.75;25.00;26.75;27.00;25.50;25.50;24.50;25.75;24.75;26.00;33.25;32.75;25.50;25.00;24.75;24.75;25.00;26.75;38.50;38.25;26.75;25.25;24.50;24.75;25.00;26.75;39.25;38.25;26.25;24.50;24.50;24.50;24.75;27.00;39.25;37.50;25.50;24.50;24.00;24.25;24.50;26.50;38.75;36.00;24.75;24.00;24.00;24.00;23.75;25.50;37.75;34.00;24.75;23.50;23.00;24.00;23.50;25.00;29.50;27.25;24.00;23.50;22.75]
62792- [25.50;24.50;25.50;26.00;26.25;25.25;25.25;25.25;25.25;25.25;25.75;33.25;32.50;26.25;24.75;24.75;25.25;25.00;26.75;38.50;38.25;26.75;24.75;24.50;24.75;24.75;26.50;39.25;38.25;26.25;24.75;24.00;24.25;25.25;27.00;39.50;37.25;25.75;24.75;24.00;24.75;24.75;27.00;38.75;35.75;25.00;24.25;24.00;24.25;24.00;25.25;37.75;34.00;24.75;24.00;23.25;23.50;24.00;24.00;29.50;27.00;23.75;23.50;22.50]
63277- [25.25;24.50;25.25;27.00;26.75;25.50;25.25;24.50;25.25;25.00;26.00;33.50;32.75;26.00;25.00;25.25;24.75;25.25;26.75;38.75;38.25;26.50;25.50;24.00;25.00;24.50;26.50;39.25;38.25;26.50;24.75;23.50;24.50;25.00;27.25;39.50;37.25;26.00;24.50;23.75;24.50;24.50;26.50;39.00;35.50;25.50;24.25;23.75;23.50;24.00;25.50;38.00;33.75;24.50;23.75;22.75;23.75;24.00;24.50;29.75;28.00;23.75;23.50;23.25]
63762- [25.25;24.75;25.50;26.50;26.75;25.25;25.00;25.00;25.50;24.75;26.25;33.25;33.00;26.00;25.00;24.75;25.25;25.25;27.00;38.25;38.00;26.50;25.00;24.25;24.75;24.75;27.00;39.25;38.25;26.00;24.75;24.00;24.75;25.00;27.25;39.25;37.50;26.25;24.75;24.00;24.25;25.00;26.50;38.75;35.75;25.50;24.00;23.75;24.00;23.75;25.50;38.00;34.50;24.50;23.75;23.00;23.50;24.00;24.25;29.75;27.25;23.75;23.25;23.75]
64247- [25.75;24.75;25.25;26.75;26.75;25.25;25.75;24.50;25.50;25.25;26.25;33.00;33.00;25.50;25.00;24.75;25.00;24.75;26.75;38.25;38.00;26.50;25.00;24.25;24.50;25.00;26.75;39.25;38.25;26.50;24.75;24.25;24.75;25.00;27.25;39.25;37.75;25.75;24.75;24.00;24.50;24.75;26.50;39.00;35.75;25.25;24.50;23.50;23.75;23.75;25.50;38.25;34.00;24.75;23.75;23.00;23.75;23.75;24.50;29.50;27.50;22.75;23.75;23.00]
64732- [25.25;24.50;25.00;27.00;26.75;25.50;25.50;25.00;24.50;24.50;26.00;33.25;32.75;26.25;25.00;24.75;25.00;25.00;27.00;38.50;38.00;26.50;25.25;24.50;24.75;24.75;27.00;39.50;38.50;26.00;24.75;24.00;24.25;25.00;27.00;39.50;37.50;26.25;24.50;24.00;24.00;24.75;26.50;38.75;36.00;25.25;24.25;23.50;23.75;23.75;25.25;38.00;34.25;24.25;23.75;23.25;24.50;23.50;24.25;29.75;27.75;23.75;23.25;22.75]
65217- [25.00;24.75;25.50;27.00;26.25;25.25;25.25;24.25;25.00;25.25;26.25;33.50;32.50;26.25;25.25;25.00;25.00;25.25;26.75;38.25;38.00;26.75;25.00;24.75;24.75;25.00;26.75;39.00;38.50;26.50;24.75;24.00;24.50;25.00;26.50;39.00;37.50;26.00;24.75;24.00;24.25;24.25;26.50;39.00;35.75;25.25;24.50;24.00;24.00;23.50;24.75;37.75;34.00;24.75;23.50;22.75;24.00;24.25;25.00;29.75;27.25;23.50;23.75;23.25]
65702- [24.75;24.50;25.25;26.50;26.50;25.25;25.50;24.75;24.75;25.25;25.75;33.25;32.75;25.75;25.00;25.00;25.25;25.00;26.75;38.25;38.00;26.75;25.00;24.75;24.50;24.75;26.75;39.25;38.50;26.00;24.50;24.25;25.00;25.00;27.25;39.25;37.50;25.50;25.00;23.50;24.00;24.50;26.75;38.75;35.50;25.50;24.25;24.00;24.00;23.50;25.50;37.75;33.75;24.75;24.00;23.00;23.50;24.00;24.75;30.00;27.50;23.75;23.75;22.75]
66187- [24.75;25.00;25.75;26.50;26.50;25.25;25.50;25.25;25.75;25.00;26.00;33.25;33.00;26.00;24.75;25.00;24.50;25.00;26.75;38.25;38.00;26.75;25.25;24.75;24.50;25.00;27.00;39.25;38.25;26.25;24.50;24.25;24.50;25.25;27.25;39.50;37.50;25.50;24.75;23.75;24.25;24.75;26.50;39.00;36.00;26.00;24.50;24.00;23.75;23.75;26.00;38.25;34.50;25.00;24.25;23.25;23.75;24.00;24.75;30.00;27.50;24.25;23.50;22.75]
66672- [25.50;24.75;25.00;26.75;26.50;25.50;25.75;24.75;25.00;25.00;26.25;33.25;32.75;26.00;25.00;24.75;25.00;25.25;26.50;38.50;38.00;26.00;24.75;24.50;24.50;24.75;27.25;39.25;38.25;26.00;24.75;24.25;24.50;24.75;26.75;39.00;37.50;26.00;24.75;24.25;24.25;24.00;26.25;39.00;35.50;25.25;24.00;23.75;24.25;24.00;25.00;38.25;34.50;24.75;23.75;23.25;23.75;24.25;24.75;29.50;27.00;24.00;23.50;23.25]
67157- [25.50;24.75;25.25;26.75;26.50;25.25;26.00;25.00;25.00;25.25;26.25;33.25;33.00;26.00;25.00;25.00;25.00;25.50;26.75;38.75;38.25;26.50;25.00;24.50;24.75;24.75;27.00;39.50;38.50;26.50;24.75;24.25;24.50;24.75;26.50;39.50;37.50;25.75;24.75;24.25;24.50;24.25;26.50;38.75;35.75;25.25;23.75;24.00;24.00;24.00;25.00;38.25;34.00;25.00;23.50;23.00;23.50;24.25;24.75;29.75;27.75;24.00;23.75;23.50]
67642- [25.00;24.75;25.75;26.75;26.50;25.25;25.75;25.25;24.75;24.75;26.25;33.50;32.75;26.50;24.75;24.75;25.25;25.00;26.75;38.50;38.00;26.50;25.50;24.50;24.75;24.75;26.50;39.25;38.50;26.50;24.25;24.00;24.50;25.00;27.00;39.00;37.25;26.00;24.75;23.25;24.00;24.75;26.25;39.00;36.00;25.25;23.75;23.75;24.25;24.00;26.00;38.25;34.25;24.75;23.75;22.75;23.25;23.75;24.75;30.00;27.25;23.50;23.75;23.50]
68127- [25.50;25.25;25.50;26.75;26.25;25.75;25.75;25.00;25.25;25.00;26.50;33.00;32.75;25.75;25.00;24.75;25.50;25.50;26.75;38.75;38.25;26.50;25.00;24.25;24.50;24.50;26.75;39.25;38.25;26.00;24.25;24.00;24.50;25.00;27.00;39.00;37.25;25.75;25.25;23.50;24.25;24.50;26.50;39.00;36.00;25.00;24.25;24.00;24.00;23.75;25.25;37.75;34.00;24.50;23.75;23.00;23.25;24.25;24.25;29.75;27.25;23.75;23.75;23.75]
68612- [25.50;25.25;25.75;26.75;26.50;25.25;25.50;25.00;25.25;24.50;25.75;33.25;33.00;26.00;24.75;24.75;25.00;25.00;27.00;38.50;37.75;26.50;25.25;24.50;24.50;24.25;27.00;39.00;38.25;26.25;24.50;24.00;24.50;25.00;27.00;39.50;37.50;25.75;24.50;24.00;24.25;24.50;26.50;38.75;36.00;24.50;24.25;23.75;23.75;24.00;26.00;38.00;33.75;24.75;24.00;23.25;23.50;24.50;24.25;30.00;27.75;23.75;23.75;23.50]
69097- [25.00;25.00;25.25;26.75;26.75;25.50;25.25;25.00;25.25;24.75;25.75;33.25;32.75;26.25;25.25;25.00;25.25;25.00;26.50;38.50;38.50;26.25;24.75;25.00;24.50;25.00;26.50;39.00;38.25;26.50;24.25;24.25;25.00;24.75;27.00;39.50;37.25;26.00;24.75;24.00;24.50;24.25;26.50;38.50;35.75;24.75;23.50;24.00;24.00;24.00;25.75;38.25;34.25;24.50;23.25;23.25;23.75;23.75;25.00;29.75;27.25;23.50;23.25;23.25]
69582- [25.00;25.25;25.25;26.75;27.00;25.50;25.50;24.75;25.25;25.25;26.00;33.25;33.00;26.00;24.75;25.00;25.00;25.50;26.50;38.50;38.00;26.25;24.75;24.50;24.75;24.50;27.00;39.25;38.25;26.25;25.00;24.25;24.50;25.00;27.00;39.50;37.25;26.00;24.50;23.75;24.00;24.50;26.00;38.75;35.75;25.25;24.00;24.00;24.25;24.25;25.75;38.00;34.25;24.25;24.00;22.75;23.50;24.00;24.50;30.00;27.50;23.75;23.50;23.00]
70067- [24.50;25.00;25.00;26.75;27.00;25.25;25.50;24.75;24.75;24.75;26.25;33.50;33.00;26.00;24.75;24.75;24.25;25.00;26.50;38.00;38.00;26.75;25.25;24.75;24.75;24.75;26.50;39.00;38.25;26.00;24.50;23.75;24.75;25.00;26.75;39.25;37.00;26.00;24.50;23.75;24.25;24.75;26.50;39.00;35.75;25.00;24.25;24.00;23.75;23.75;25.25;38.00;34.00;24.75;24.00;23.50;23.00;23.75;24.75;29.75;27.00;23.50;23.25;23.50]
70552- [25.50;24.75;25.50;26.50;27.00;25.50;25.75;25.00;25.00;24.75;26.00;33.25;32.75;26.00;25.25;25.25;24.75;25.00;27.00;38.75;38.00;26.75;25.00;24.50;24.75;25.00;27.00;39.25;38.25;26.25;24.25;24.00;24.25;25.00;26.75;39.25;37.00;25.75;24.75;23.75;24.00;24.25;26.25;39.00;35.50;25.25;24.00;24.00;23.75;24.25;25.75;38.00;34.25;24.75;23.75;23.00;24.00;24.25;24.75;30.00;27.25;23.50;23.75;23.25]
71037- [25.25;24.75;25.00;26.50;27.00;26.00;25.50;24.75;25.00;24.50;26.00;33.50;32.75;26.00;25.00;25.25;24.75;25.25;26.75;38.50;38.00;26.50;25.25;24.25;24.75;24.75;27.00;39.25;38.75;26.50;24.50;24.00;24.75;24.75;26.75;39.25;37.50;26.00;24.25;24.00;24.25;24.50;26.75;39.25;36.00;25.25;24.00;23.75;24.25;24.50;25.50;37.75;34.00;24.75;23.75;23.00;23.50;24.25;24.75;29.75;27.50;23.50;24.00;23.50]
71522- [25.25;24.75;25.25;26.75;26.25;25.50;25.50;24.75;24.75;24.50;26.00;33.00;32.75;25.75;24.50;24.50;25.00;25.25;26.50;38.50;38.00;26.75;25.25;24.50;24.50;24.75;26.75;39.00;38.25;26.50;25.00;24.25;24.50;25.00;27.25;39.25;37.50;25.50;25.00;24.50;24.00;24.50;26.00;39.00;35.75;25.50;24.50;24.00;24.25;23.75;25.25;37.75;34.25;24.50;23.75;23.00;23.75;24.50;24.75;29.50;27.25;24.00;23.75;23.50]
72007- [25.25;24.75;25.00;27.00;26.50;25.75;25.25;25.25;25.25;25.00;26.00;33.50;32.50;25.75;25.25;24.75;24.75;25.25;26.50;38.50;38.00;26.50;25.00;24.25;25.00;24.75;26.75;39.00;38.00;26.25;24.25;23.50;23.75;24.75;27.25;39.25;37.50;25.75;24.25;24.00;23.75;24.25;26.25;38.75;35.50;25.00;24.00;24.00;24.00;23.75;25.50;38.25;34.00;24.75;23.25;23.00;23.50;23.25;24.50;30.00;27.25;23.50;23.25;23.75]
72492- [25.25;24.50;25.00;26.75;26.50;25.25;25.50;25.00;25.25;24.75;25.75;33.00;32.75;26.00;24.75;25.00;24.75;24.75;26.50;39.00;38.25;26.50;25.25;24.50;24.75;24.50;26.75;39.00;38.00;26.25;24.75;24.00;24.50;25.00;27.25;39.50;37.25;25.75;24.50;24.00;24.00;24.25;26.25;39.00;35.75;25.00;23.50;23.50;23.75;23.75;25.50;38.00;33.75;24.50;23.00;22.50;23.50;23.75;24.50;29.75;27.25;23.50;23.75;23.00]
72977- [25.00;24.75;25.25;27.25;26.75;25.00;25.00;24.50;25.25;25.00;26.00;33.25;32.75;25.75;24.75;25.00;24.75;25.00;26.75;38.00;38.00;26.25;25.00;24.25;24.50;24.75;26.75;39.25;38.00;26.00;24.50;24.00;24.00;24.75;26.50;39.25;37.25;26.00;24.50;23.75;23.75;24.50;26.00;38.75;35.75;25.00;23.75;24.00;24.00;23.50;25.50;38.00;34.00;24.50;23.50;23.25;23.25;24.00;24.75;29.75;27.25;23.25;22.75;23.00]
73462- [25.00;25.25;25.50;26.50;26.75;25.75;25.50;25.00;25.00;25.00;26.25;33.00;33.00;26.00;25.25;24.75;24.75;25.00;26.25;38.50;38.00;26.50;25.00;24.50;24.50;24.50;26.50;39.00;38.00;26.00;24.75;24.00;24.25;24.75;27.00;39.25;37.25;26.00;25.00;23.50;24.25;24.25;26.25;39.00;35.50;24.75;24.25;23.75;23.75;24.25;25.50;38.00;33.75;24.50;24.25;22.75;24.25;23.50;25.00;29.50;27.50;23.75;23.50;22.75]
73947- [25.25;24.50;25.25;26.25;26.75;25.75;25.75;24.75;25.50;25.00;26.00;33.25;33.25;26.00;25.00;24.75;25.00;25.50;27.00;38.25;38.00;26.25;24.75;24.25;24.50;24.75;26.75;39.50;38.25;26.00;24.75;24.25;24.75;24.75;26.75;39.50;37.25;26.00;24.75;24.00;24.00;24.25;26.25;38.75;36.00;25.50;24.50;23.75;23.75;24.25;25.50;38.00;34.50;24.25;24.00;22.75;23.50;24.00;24.75;29.75;27.25;24.00;23.75;23.25]
74432- [25.00;25.00;25.75;26.75;26.25;25.50;25.50;24.75;24.75;25.00;26.00;33.00;33.00;26.00;25.00;25.00;24.75;24.75;27.25;38.75;38.00;26.50;25.00;24.50;24.75;24.75;27.00;39.00;38.25;26.25;24.00;23.75;25.00;25.00;27.25;39.25;37.75;26.00;24.75;24.00;24.00;24.75;26.50;39.00;36.00;25.25;24.25;24.00;24.00;24.00;25.50;38.25;34.50;24.75;23.50;22.75;23.00;24.25;24.75;29.50;27.75;24.25;23.50;23.50]
74917- [25.75;24.50;25.75;26.75;26.75;25.25;25.25;25.50;25.25;25.00;26.25;33.25;33.00;26.00;25.00;24.75;24.75;25.00;26.75;38.50;38.50;26.75;25.50;24.25;24.50;24.25;27.00;39.00;38.50;26.50;25.00;24.00;24.75;25.25;27.00;39.25;37.50;25.75;24.50;24.00;24.00;24.75;26.50;38.75;36.00;25.25;24.25;24.00;24.25;24.00;25.75;37.75;34.25;24.50;23.25;23.00;24.00;24.00;25.00;30.00;27.75;23.50;23.25;23.50]
75402- [25.25;24.75;25.25;26.75;27.00;25.25;25.25;25.00;25.25;25.00;26.25;33.25;32.75;26.25;25.00;24.75;24.75;25.25;26.75;38.50;38.25;26.25;25.25;24.50;25.00;24.50;26.75;39.00;38.25;26.25;24.75;24.00;24.75;24.50;26.75;39.25;37.25;25.75;24.75;23.75;24.00;24.50;26.25;38.75;35.50;25.00;24.25;23.50;24.25;24.25;25.25;38.25;34.25;24.75;23.75;22.75;23.50;24.50;24.25;29.75;28.00;24.00;23.50;23.50]
75887- [25.50;25.00;25.75;26.75;26.75;25.50;25.25;24.75;25.50;25.00;26.00;33.75;32.75;26.50;25.50;25.50;24.75;25.00;26.75;38.00;38.25;26.50;25.25;24.75;24.75;25.00;26.50;39.50;38.25;26.25;24.75;24.00;24.75;25.00;27.00;39.25;37.75;25.75;24.75;23.75;24.25;24.50;26.50;39.25;36.00;25.25;24.25;23.50;24.25;24.25;25.25;38.00;34.75;25.00;24.00;22.50;24.25;24.25;24.75;29.75;27.25;23.75;23.75;23.50]
76372- [25.00;25.00;25.50;26.75;26.75;25.75;25.25;25.00;25.00;25.00;26.00;33.25;32.75;26.25;25.25;25.00;25.00;25.00;26.75;38.75;38.00;26.75;25.50;24.25;25.00;24.50;27.00;39.00;38.25;26.00;24.75;24.25;24.75;24.75;27.00;39.50;37.25;25.75;24.75;24.00;24.25;24.75;26.25;39.25;36.00;25.25;24.00;24.00;24.50;24.00;25.50;38.50;34.25;24.25;23.75;23.50;24.25;23.50;24.75;30.00;27.75;23.75;24.00;23.25]
76857- [25.00;24.25;25.75;26.75;27.00;26.00;25.75;25.00;25.50;24.75;26.75;33.25;33.25;26.00;25.25;25.25;24.50;25.25;26.75;38.25;38.00;26.75;25.25;24.50;24.75;25.00;26.75;39.25;38.25;26.25;24.75;24.00;25.00;25.00;27.00;39.75;37.25;26.25;25.00;23.75;24.50;24.75;26.00;39.00;36.00;25.25;24.25;24.25;23.75;23.75;25.50;38.25;34.00;25.00;23.75;23.25;23.75;24.25;24.75;30.25;27.25;24.00;23.75;23.25]
77342- [25.50;24.50;25.25;26.75;26.50;25.75;25.75;25.00;25.50;24.75;26.00;33.50;33.00;26.25;25.00;25.00;25.50;25.50;26.75;38.50;38.25;26.50;24.75;24.75;25.00;25.00;26.75;39.25;38.25;26.50;24.75;24.25;24.50;25.00;27.00;39.50;37.25;25.75;25.25;23.75;24.00;24.50;26.50;39.00;36.00;25.00;24.00;24.00;24.00;24.00;25.75;38.00;34.25;25.00;24.25;23.50;24.00;24.00;24.75;30.00;27.75;23.25;23.50;23.25]
77827- [25.00;24.75;25.25;26.75;26.75;25.25;25.75;25.50;25.25;25.50;26.00;33.25;33.00;26.00;24.75;25.00;25.00;25.25;27.25;38.50;38.25;26.75;25.50;24.75;24.75;24.75;26.75;39.25;38.25;26.50;24.75;24.25;24.50;25.50;27.25;39.50;37.50;26.25;24.75;24.00;24.00;24.50;26.25;39.50;36.00;25.00;24.25;24.25;24.00;24.25;25.75;38.00;34.25;25.00;23.75;23.25;23.75;24.00;24.50;29.50;27.50;23.75;23.25;23.50]
78312- [25.25;24.25;25.25;26.50;26.75;25.25;25.75;24.75;24.75;25.00;26.00;33.50;32.75;25.75;24.75;25.25;25.00;25.50;27.00;38.25;38.00;26.75;25.00;24.25;24.50;24.75;27.00;39.25;38.50;26.50;24.75;23.75;24.75;24.50;26.75;39.50;37.25;26.00;24.50;24.00;24.25;24.50;26.25;39.00;35.75;24.75;23.75;24.50;24.00;24.00;25.50;38.50;34.00;25.00;23.50;23.25;23.75;24.50;24.50;30.00;27.75;23.75;23.75;23.75]
78797- [25.00;24.50;25.50;27.25;27.00;25.25;25.00;25.00;25.25;24.25;26.00;33.00;33.25;26.00;25.25;24.75;24.75;25.00;26.50;39.00;38.00;26.50;25.50;24.75;24.50;25.25;26.50;39.25;38.25;26.25;24.75;24.00;24.75;24.75;27.25;39.25;37.50;26.00;24.50;23.75;24.50;24.75;26.50;39.00;35.75;25.75;24.00;24.00;24.00;24.00;25.50;38.00;34.25;24.75;23.75;23.00;24.25;24.25;24.75;29.75;27.25;24.00;23.75;23.50]
79282- [25.75;24.50;25.25;26.75;26.50;25.50;25.50;25.25;25.00;25.00;26.00;33.50;32.75;26.00;25.50;25.50;24.50;25.25;26.50;38.50;38.00;26.75;25.00;24.25;24.00;24.75;26.50;39.25;38.50;26.25;24.75;24.25;25.00;24.75;26.50;39.50;37.50;26.00;24.75;23.25;23.75;24.75;26.50;39.00;35.75;25.25;24.00;24.50;24.25;23.50;25.75;38.00;34.00;24.50;23.50;22.75;24.00;24.25;24.50;29.75;27.25;23.75;23.50;23.25]
79767- [24.75;25.00;25.00;26.75;26.75;25.25;25.50;24.75;25.50;25.00;25.75;33.00;33.00;26.00;25.00;25.25;25.25;25.25;26.75;38.75;38.25;26.25;25.00;24.25;24.50;25.00;26.75;39.25;38.00;26.50;24.25;24.25;24.75;25.00;27.00;39.25;37.25;26.00;24.75;23.75;24.00;24.25;26.00;39.25;35.75;25.50;24.25;24.00;24.25;24.25;25.50;37.75;34.00;24.75;23.75;23.25;23.75;24.25;24.75;29.75;27.50;24.00;23.00;23.25]
80252- [25.25;24.75;25.25;26.50;26.50;25.75;25.00;25.25;25.25;25.25;26.25;33.25;32.75;26.25;25.00;25.25;25.00;25.25;26.50;38.75;38.50;26.75;24.75;24.75;24.75;25.00;26.75;39.25;38.25;26.25;25.25;24.50;24.25;25.25;27.25;39.50;37.50;26.00;24.50;23.75;24.50;24.75;26.75;39.00;36.00;25.25;24.00;24.25;24.00;23.75;25.50;37.75;34.00;24.75;23.50;23.00;23.75;24.25;24.50;29.75;27.50;23.50;23.75;23.25]
80737- [25.50;24.75;25.25;27.25;27.00;25.75;25.50;25.25;25.50;25.00;26.25;33.50;33.00;26.00;24.75;24.50;25.00;24.75;26.75;38.25;38.00;26.75;25.00;24.25;25.00;25.00;26.75;39.25;38.00;26.25;24.75;24.00;24.75;25.00;27.00;39.50;37.50;25.75;24.50;23.75;24.00;24.75;26.50;38.75;36.00;24.75;24.00;23.75;24.00;23.75;25.50;38.25;34.25;25.00;23.75;23.00;23.50;23.50;24.75;29.75;27.25;23.25;23.25;23.25]
81222- [26.00;24.75;25.25;26.75;26.75;25.75;25.75;25.50;25.50;25.50;26.00;33.25;33.00;26.00;25.25;24.75;25.25;25.25;27.00;38.25;38.25;26.50;25.25;24.50;25.00;24.75;27.00;39.25;38.25;26.50;24.75;24.25;24.50;24.75;27.00;39.75;37.50;26.25;25.00;24.25;24.00;24.75;26.50;39.00;36.00;25.00;24.25;24.50;24.00;24.25;25.50;38.00;34.00;25.00;24.00;23.00;23.50;24.00;24.75;29.75;28.00;24.00;23.75;23.25]
81707- [25.50;24.50;25.25;27.00;27.00;26.00;25.50;24.75;25.50;25.00;26.00;33.50;32.75;26.50;25.25;25.00;25.25;25.25;26.75;38.50;38.00;27.00;25.00;25.25;24.50;24.75;27.25;39.25;37.75;26.50;25.00;24.25;24.50;25.25;27.25;39.50;37.50;25.25;24.75;23.75;24.75;24.25;26.75;39.00;36.00;25.00;24.00;24.00;23.50;24.00;25.00;38.25;34.75;25.00;23.50;23.25;23.75;23.75;24.50;29.75;27.75;24.25;23.75;23.75]
82192- [25.25;24.75;25.25;27.00;26.75;25.25;25.75;25.25;25.50;25.25;26.00;33.50;32.75;26.00;25.25;25.00;24.75;25.25;26.50;38.50;38.25;26.75;25.50;24.50;24.75;25.00;26.75;39.25;38.25;26.00;25.00;24.50;25.25;25.25;27.00;39.50;37.50;25.75;24.75;23.75;23.75;25.00;26.50;39.00;36.25;25.25;24.00;24.25;24.25;24.25;25.50;38.25;34.25;25.00;24.00;23.75;23.75;24.25;24.50;29.75;27.50;24.25;23.50;23.75]
82677- [25.75;24.75;25.25;26.75;26.75;26.00;25.75;25.25;25.25;25.25;26.25;33.00;32.75;26.00;24.75;25.00;24.75;25.25;26.75;38.75;38.00;26.50;25.25;24.75;24.50;24.25;26.75;39.00;38.25;26.25;24.75;24.25;24.75;25.25;26.75;39.50;37.25;26.00;24.50;24.00;24.25;24.50;26.50;39.00;36.25;25.00;23.75;24.25;24.25;24.00;25.00;38.00;34.25;25.00;23.50;23.25;23.50;23.50;24.25;30.00;27.25;23.75;24.00;22.75]
83162- [25.00;25.00;25.25;27.00;26.50;25.50;25.50;25.00;25.25;25.00;26.00;33.00;33.00;25.75;25.00;25.25;25.00;25.50;26.25;38.50;38.25;26.75;25.00;24.25;24.50;24.25;26.50;39.00;38.25;26.25;24.75;23.50;24.75;24.75;27.00;39.25;37.50;25.75;24.75;23.75;24.25;24.75;26.75;38.50;36.00;25.50;24.25;24.00;24.00;23.75;25.50;37.75;34.00;24.50;23.75;23.00;23.25;24.00;24.00;30.00;27.25;23.50;23.75;23.50]
83647- [25.25;24.50;25.25;26.50;26.75;25.50;25.00;24.75;25.50;24.75;25.75;33.25;32.75;25.75;25.00;24.75;25.00;24.75;27.00;38.25;38.25;26.75;25.25;25.00;24.75;24.50;27.00;39.00;38.00;26.00;24.50;24.00;24.25;24.75;26.75;39.00;37.25;26.00;24.25;23.75;24.00;24.50;26.50;38.75;36.00;25.25;23.75;23.75;24.00;23.75;25.50;38.00;34.25;25.00;23.75;23.00;23.75;24.00;24.25;29.50;27.25;23.75;23.75;23.75]
84132- [25.00;24.25;25.50;26.75;26.50;25.50;25.00;25.25;25.00;24.75;26.00;33.00;33.00;26.00;25.00;25.50;25.00;25.25;26.75;38.25;38.00;26.50;25.00;24.25;25.00;24.75;27.25;39.00;38.00;26.00;25.00;24.25;24.50;24.75;26.50;39.25;37.25;25.75;24.25;23.75;24.25;24.50;26.50;38.75;36.00;25.25;24.00;24.00;24.00;23.75;25.75;37.75;34.00;24.25;23.75;22.75;23.25;24.25;25.25;29.25;27.25;23.75;23.75;23.50]
84617- [25.25;24.25;25.00;26.50;26.50;25.25;25.50;25.00;25.50;25.00;25.75;33.00;32.75;26.00;24.75;25.00;25.00;24.75;26.50;38.25;38.00;26.25;25.00;23.75;24.75;24.75;26.50;39.00;38.00;26.25;24.50;24.00;25.00;24.75;27.00;39.00;37.25;25.75;24.75;23.75;24.00;24.75;26.50;38.75;35.75;25.00;23.75;23.50;24.00;24.00;25.50;37.75;34.25;24.50;23.50;23.00;23.50;23.25;25.00;30.00;27.00;23.50;24.00;23.00]
85102- [24.75;24.75;25.00;26.50;26.50;25.50;25.25;24.75;25.25;24.75;25.75;32.75;33.00;26.00;24.75;24.50;24.50;24.50;26.75;38.00;38.00;26.25;24.50;24.25;24.25;24.50;26.50;39.00;37.75;26.25;24.50;24.50;25.00;24.75;26.50;39.00;37.25;25.50;23.75;23.75;24.25;24.25;26.25;38.75;36.00;25.00;24.00;23.75;24.00;23.75;25.50;37.75;34.25;24.50;23.00;23.00;23.00;23.75;24.50;29.50;27.00;24.00;23.50;23.00]
85587- [25.00;24.50;25.25;26.50;26.50;25.25;25.50;25.00;25.25;24.50;25.75;33.25;32.50;26.25;25.00;25.00;25.25;25.00;26.75;38.25;37.75;26.50;25.25;24.50;24.75;24.75;26.50;39.00;38.00;26.00;24.75;24.25;24.75;24.75;26.50;39.00;37.00;25.75;24.25;23.25;23.50;24.25;26.00;38.50;35.25;25.00;24.00;23.50;24.00;23.75;25.25;37.75;33.75;24.50;23.50;22.25;23.75;24.00;24.75;29.50;26.75;23.25;23.50;23.00]
86072- [25.25;24.50;25.00;26.25;26.75;25.25;25.00;25.00;25.00;25.00;25.75;33.00;33.00;25.75;24.50;24.50;24.75;25.00;26.75;38.25;37.75;26.50;24.75;24.25;24.25;24.25;26.75;39.00;38.00;25.75;24.50;24.00;24.50;24.75;26.25;39.00;37.00;25.50;24.25;23.50;24.00;24.25;26.25;38.50;35.50;25.25;23.75;23.50;23.50;23.75;25.50;38.00;33.75;24.50;23.75;23.25;23.75;23.25;24.50;29.25;27.00;24.00;24.00;23.00]
86557- [25.00;24.75;25.50;26.50;26.50;25.50;25.50;25.00;25.00;24.75;25.50;33.00;32.50;26.00;24.50;24.50;24.75;24.50;26.50;38.25;38.25;26.50;25.00;24.75;24.25;24.75;26.50;39.00;38.00;26.25;24.25;24.25;24.50;25.25;26.75;39.00;37.00;25.50;24.25;23.50;24.00;24.50;26.25;38.75;35.50;25.25;24.00;23.75;23.50;24.00;25.25;37.50;34.25;24.00;23.25;22.75;23.50;23.25;24.25;29.50;27.25;23.75;23.50;23.00]
87042- [25.25;25.00;25.25;26.75;26.75;25.00;24.75;24.75;25.00;24.75;25.50;33.00;32.50;25.75;24.50;24.75;24.75;25.00;26.50;38.50;37.75;26.00;24.50;24.50;24.75;24.50;26.75;39.00;38.25;26.00;24.25;23.50;24.00;24.75;26.75;38.75;37.00;25.50;24.50;23.50;24.25;24.25;26.25;38.50;35.75;24.75;23.50;23.50;23.50;24.25;25.25;37.50;34.00;24.25;23.25;22.50;23.50;23.25;24.75;29.50;27.50;23.00;22.75;23.00]
87527- [25.50;24.25;25.00;26.25;26.25;24.75;25.25;25.00;24.75;24.50;25.75;32.75;32.75;25.50;24.50;24.75;24.50;24.75;26.25;38.50;37.75;26.00;24.25;24.00;24.50;24.25;26.25;39.00;38.00;25.50;24.50;23.50;25.00;25.00;26.50;39.00;37.00;25.50;24.50;23.50;23.50;24.25;26.00;38.50;35.50;25.25;24.00;23.75;23.50;23.25;25.00;37.25;34.00;24.25;23.75;23.00;23.25;23.75;24.75;29.75;27.25;22.75;23.00;23.00]
88012- [25.00;24.25;25.25;26.50;26.50;25.25;24.75;24.50;24.75;24.75;25.75;33.00;32.50;26.00;24.50;24.50;24.75;24.50;26.25;38.25;37.75;26.50;24.75;24.00;24.25;24.25;26.00;39.00;38.00;26.00;24.25;23.25;24.25;24.75;26.75;39.00;36.75;25.50;24.50;23.50;23.75;24.00;26.00;38.75;35.25;24.75;24.25;23.75;23.50;23.75;25.25;37.75;33.50;24.50;23.25;22.75;23.75;23.25;24.00;29.25;27.00;23.50;23.50;22.75]
88497- [25.25;24.25;25.50;26.25;26.50;25.50;25.25;25.00;25.00;25.00;25.75;33.25;33.00;25.75;25.00;25.00;24.50;25.00;26.25;38.50;38.00;26.50;24.75;24.25;24.50;24.75;26.75;39.25;38.25;26.25;24.75;24.00;24.50;24.50;26.75;39.25;37.00;25.50;24.25;22.75;24.00;24.25;26.25;38.50;35.75;24.75;24.00;24.00;23.50;23.25;25.00;38.00;33.75;24.50;23.50;22.75;23.00;23.50;24.25;29.25;27.00;23.75;23.50;22.75]
88982- [25.25;24.75;25.25;26.25;26.50;24.75;25.50;25.25;25.00;24.75;26.00;33.00;32.75;25.75;25.00;24.75;24.75;24.75;26.50;38.00;37.75;26.50;24.50;25.00;24.50;25.00;26.25;39.00;38.00;26.00;25.00;24.25;24.25;24.75;26.75;39.50;37.00;25.75;24.25;23.25;24.25;24.25;26.00;38.50;35.75;25.00;23.50;24.00;23.25;24.00;25.00;38.00;33.50;24.25;23.50;22.50;23.75;23.25;24.25;29.50;27.25;23.75;23.25;22.75]
89467- [25.25;24.50;25.75;26.75;26.50;25.75;25.50;25.25;25.00;24.75;26.00;33.00;32.75;26.25;24.75;25.00;25.00;25.00;26.75;38.00;38.00;26.75;25.25;24.25;24.75;24.50;27.00;39.25;37.75;26.00;24.50;23.75;24.50;24.50;26.25;39.25;37.00;25.75;24.25;23.75;24.00;24.50;26.00;38.75;35.50;25.50;24.25;23.75;23.75;23.75;25.00;37.75;34.25;24.50;23.50;22.75;23.25;23.75;24.50;29.75;27.75;23.25;23.25;22.75]
89952- [25.25;24.00;25.75;27.00;26.50;25.50;25.50;25.25;25.00;24.75;25.50;33.00;32.75;25.50;25.00;25.00;24.75;25.00;26.50;38.25;38.25;26.50;25.00;24.25;24.25;24.50;26.00;38.75;38.25;26.00;24.25;24.25;24.75;24.75;26.50;39.00;36.75;26.00;24.50;24.00;24.00;24.00;26.25;38.25;35.75;25.25;23.75;23.25;23.75;24.00;24.75;37.75;33.75;24.00;23.50;22.75;23.75;23.50;24.75;29.00;27.00;23.50;23.50;22.25]
90437- [25.75;24.50;25.00;26.50;26.75;25.00;25.25;25.00;24.75;24.75;25.75;33.00;32.75;25.25;24.75;25.00;24.50;25.00;26.50;38.50;37.75;26.50;25.00;24.00;24.50;24.50;26.50;38.75;37.75;26.00;24.50;24.00;24.50;24.50;26.75;39.00;37.00;25.50;24.25;23.25;24.00;24.25;25.75;38.50;35.75;25.00;23.75;23.75;23.75;23.75;25.00;37.75;34.25;24.50;24.00;22.25;23.25;23.75;24.00;29.25;27.00;23.50;23.75;22.75]
90922- [24.75;24.50;25.25;26.75;26.50;25.50;25.25;24.75;24.50;24.75;25.75;33.50;32.75;25.75;24.25;24.50;24.75;24.75;26.50;38.25;37.75;26.25;24.75;24.25;24.50;24.75;26.50;38.75;37.75;25.75;24.50;24.00;24.50;24.50;26.75;38.75;37.25;25.50;24.25;23.25;23.50;24.00;25.75;38.50;35.50;25.00;23.50;23.75;23.50;23.75;25.50;37.00;34.25;24.25;23.50;22.50;23.75;23.25;24.50;29.00;27.00;23.25;23.00;22.75]
91407- [25.00;24.25;25.00;26.25;26.50;25.25;25.25;24.75;24.75;24.50;26.25;32.50;33.25;26.00;24.75;24.75;24.75;25.00;26.50;38.25;37.50;25.75;25.00;24.25;24.75;24.50;26.25;38.75;37.75;26.00;24.00;23.50;24.50;24.50;26.25;38.50;37.50;25.25;24.50;23.50;24.25;24.00;26.25;38.25;35.75;24.75;23.50;23.75;24.25;23.75;25.00;37.00;34.00;24.25;23.25;23.00;23.25;23.50;24.75;28.75;27.25;23.25;23.25;22.50]
91892- [24.75;24.25;25.25;26.50;26.50;25.25;25.50;24.50;25.00;24.75;25.75;33.50;32.75;26.00;24.75;24.75;24.75;24.75;26.50;38.25;37.75;26.50;25.00;23.75;24.50;24.75;26.25;38.75;38.00;25.75;24.50;24.00;24.25;24.75;27.00;38.75;37.00;25.75;24.00;23.75;23.75;24.00;25.75;38.50;35.75;25.00;23.50;23.50;23.75;24.00;25.25;37.50;33.75;24.50;23.50;22.50;23.50;23.25;24.25;28.50;26.75;23.25;23.25;22.50]
92377- [25.00;24.00;25.50;26.75;26.50;24.50;25.00;24.50;25.00;24.75;25.50;33.50;33.00;26.00;24.75;25.00;24.25;25.00;26.50;38.25;37.50;26.50;24.25;24.00;25.00;24.50;26.50;39.00;38.00;25.75;24.50;23.50;24.25;24.75;26.75;38.75;37.25;25.50;24.25;23.00;23.75;23.75;26.00;38.25;36.00;24.50;23.50;23.25;23.75;23.25;25.00;37.25;34.25;24.50;23.50;23.00;22.75;23.50;23.75;29.00;27.00;23.50;23.00;22.75]
92862- [24.75;24.50;24.75;26.75;26.75;25.25;25.00;24.50;25.00;25.00;25.75;33.50;33.50;26.25;25.00;24.75;24.75;25.00;26.50;38.50;38.00;26.25;24.25;24.00;24.00;24.50;26.25;38.75;38.00;26.25;24.00;23.75;24.00;24.50;26.25;39.00;37.25;25.75;24.25;23.50;24.00;24.50;25.75;38.25;35.50;24.75;23.75;23.75;23.50;23.25;25.25;37.00;34.00;24.00;23.50;22.75;23.50;23.75;24.50;29.00;27.00;23.50;23.00;23.25]
93347- [25.00;24.75;26.00;26.50;27.00;25.50;25.25;24.50;24.75;24.75;26.00;33.25;32.75;25.75;24.75;25.00;24.75;25.00;26.75;38.75;38.00;26.00;24.75;24.00;24.75;24.75;26.25;38.75;37.75;26.00;24.50;24.25;24.00;24.75;26.50;38.75;37.25;26.00;24.50;24.00;24.25;24.50;26.25;38.50;35.75;25.00;23.25;23.50;23.00;23.75;25.25;37.50;34.00;25.00;23.75;23.00;23.50;23.50;24.50;29.00;27.25;24.00;23.75;22.75]
93832- [24.50;24.75;25.00;26.50;26.75;25.50;25.50;24.75;25.75;24.75;26.00;33.25;33.00;25.75;24.75;24.75;25.00;24.75;26.75;38.25;38.00;26.50;24.75;24.50;24.50;24.75;26.50;39.25;37.75;26.25;24.50;24.00;25.00;25.00;26.50;38.75;37.00;25.75;24.50;23.75;23.75;24.25;26.25;38.00;35.75;25.00;23.75;23.50;23.75;23.75;25.00;37.50;34.00;23.75;23.50;22.75;22.50;23.75;24.25;29.00;27.00;23.75;23.50;23.25]
94317- [24.75;24.50;25.75;27.00;27.00;25.25;25.00;25.00;24.75;25.00;26.00;33.50;33.25;26.00;24.75;25.25;24.75;24.75;26.75;38.00;38.00;26.25;25.00;24.75;24.00;24.25;26.50;39.00;38.25;25.75;24.75;24.25;24.25;25.00;26.75;39.00;37.50;26.00;24.25;23.50;24.25;24.50;26.25;38.50;35.75;25.25;23.75;24.00;23.50;24.50;25.25;37.75;33.75;24.50;24.00;22.75;24.00;24.00;24.25;29.00;26.75;23.50;23.50;23.25]
94802- [25.50;24.25;25.00;26.50;27.00;25.50;25.75;24.75;24.75;24.75;26.00;33.50;33.00;25.75;24.75;24.50;24.75;25.00;26.00;38.25;38.00;26.50;25.50;24.25;24.50;24.50;26.75;39.00;38.25;26.25;24.50;24.25;24.50;24.50;27.00;39.00;37.25;26.00;24.50;23.50;24.25;24.25;26.25;38.50;35.50;24.75;23.50;23.75;23.75;24.25;25.50;37.50;34.00;24.75;23.50;22.25;23.75;23.75;24.00;28.75;27.75;23.75;23.00;23.25]
95287- [25.00;24.75;25.25;26.50;26.75;25.25;25.25;24.50;25.00;25.00;26.00;33.75;32.75;25.75;25.00;24.50;24.75;25.00;26.25;38.50;38.00;26.75;24.75;24.25;24.00;24.75;26.75;39.00;38.25;25.50;24.50;23.50;24.00;24.50;26.75;38.75;37.50;25.25;24.25;23.50;23.75;24.00;26.25;38.50;35.75;25.25;23.75;23.25;23.75;23.75;25.25;37.75;34.25;24.50;24.00;22.50;23.50;23.75;24.50;28.75;26.75;23.50;23.00;22.75]
95772- [25.50;24.50;25.50;26.75;26.75;25.50;25.25;24.50;25.00;25.00;26.00;33.50;32.75;26.00;25.00;25.25;25.00;25.25;27.00;38.50;37.75;26.25;25.00;24.25;24.75;24.25;26.75;39.00;38.25;26.25;24.25;24.25;24.75;24.75;27.00;39.50;37.25;25.75;24.25;23.50;24.25;24.25;26.00;38.75;35.50;25.00;24.00;24.00;23.25;24.00;25.00;37.50;33.75;24.50;23.75;22.50;24.00;23.50;24.75;28.75;27.25;23.25;24.00;22.50]
96257- [24.75;24.75;25.25;26.75;26.75;25.50;25.50;25.00;25.00;25.00;26.00;33.50;33.25;26.00;25.00;25.00;24.75;25.00;27.00;38.50;38.00;26.50;25.00;24.50;24.25;24.75;26.50;39.00;38.00;26.25;24.50;24.25;24.75;24.50;26.50;39.00;37.50;26.00;24.75;24.00;23.75;24.25;26.25;38.75;35.75;25.25;24.25;23.75;24.25;23.50;25.25;37.75;34.25;24.25;23.50;23.25;23.75;24.00;24.00;29.25;27.25;23.75;23.75;23.00]
96742- [25.25;24.50;25.25;26.50;26.25;26.00;25.50;25.25;25.00;24.75;26.00;33.50;33.25;25.75;25.00;24.50;25.00;24.75;26.50;38.50;37.75;26.75;25.25;24.50;24.75;24.75;26.50;39.00;38.25;26.25;24.75;24.00;25.00;24.75;26.50;39.00;37.25;26.00;24.75;24.00;24.00;24.75;26.25;38.75;35.75;25.25;24.00;23.75;24.00;23.75;25.25;37.75;34.00;24.50;23.75;22.75;23.25;23.75;24.75;29.00;27.25;24.00;23.00;23.75]
97227- [24.75;24.50;25.25;27.00;26.75;25.50;25.25;25.25;25.25;25.00;26.50;33.75;32.75;26.25;25.00;25.25;25.25;24.75;27.00;38.75;37.75;26.75;25.25;24.50;24.50;24.75;26.75;38.75;38.25;26.00;24.75;24.50;24.75;25.00;27.00;39.25;37.75;26.00;24.50;24.00;24.25;24.50;26.25;38.75;35.75;25.50;24.25;23.75;24.00;23.75;25.25;38.00;34.50;24.75;23.75;23.00;23.25;24.00;25.00;29.75;27.25;23.75;23.00;24.00]
97712- [25.50;25.00;25.25;26.75;27.00;25.50;25.75;25.25;25.25;25.25;26.00;33.75;32.75;26.25;25.25;25.00;24.75;25.25;26.50;38.50;37.75;27.00;25.25;24.75;24.75;24.75;27.00;39.25;38.50;26.00;25.00;24.25;25.00;25.00;26.75;39.50;37.75;25.75;24.75;24.00;24.25;24.50;26.25;38.75;35.50;25.50;24.25;24.25;24.00;24.50;25.50;38.25;34.00;24.50;24.00;23.50;23.25;24.25;24.50;29.50;27.25;24.00;23.75;23.75]
98197- [25.25;24.75;25.25;26.75;26.75;25.75;25.25;25.00;25.50;25.25;26.50;33.50;33.00;26.00;24.75;25.25;25.00;25.25;26.50;38.50;38.00;26.50;25.25;24.75;24.75;24.50;27.25;39.50;38.25;26.50;24.75;24.25;24.75;25.00;27.25;39.50;37.50;25.75;24.75;24.00;24.75;24.50;26.50;38.75;35.25;25.50;24.25;24.00;24.00;24.50;25.75;38.00;34.25;24.75;23.75;23.25;24.50;23.50;24.75;30.25;27.75;23.75;23.75;23.75]
98682- [25.00;24.50;25.25;26.50;26.75;25.25;25.75;25.50;24.50;25.00;25.75;33.25;33.25;26.25;24.75;25.25;25.00;25.00;26.75;38.25;38.00;26.50;25.00;24.75;24.75;24.75;26.75;39.25;38.50;26.25;24.75;24.50;24.50;25.25;27.00;39.50;37.50;26.00;24.75;24.25;24.25;24.75;26.75;38.75;35.75;25.25;24.25;24.00;24.00;24.25;25.50;38.25;34.50;25.00;23.50;23.00;23.50;23.50;24.75;29.75;27.25;24.00;23.50;23.75]
99167- [25.25;25.00;25.75;27.00;27.25;26.00;25.75;25.50;25.25;24.75;26.25;33.25;33.00;26.25;25.50;24.75;25.00;25.25;26.75;38.50;38.25;26.50;25.00;24.50;24.75;25.00;27.00;39.00;38.25;26.50;24.50;24.50;25.00;25.50;26.75;39.50;37.50;26.00;25.00;24.25;24.25;24.50;26.75;39.00;35.75;24.75;24.00;24.25;24.00;24.50;25.75;37.75;34.00;24.75;23.75;23.00;23.75;24.25;24.50;30.00;27.50;23.75;23.75;23.00]
99652- [25.50;24.75;25.50;26.75;26.50;25.25;25.50;24.75;25.50;25.00;26.00;33.50;33.00;26.50;25.50;25.00;25.25;25.50;26.50;38.25;38.25;26.75;25.50;24.75;24.75;25.00;26.50;39.25;38.25;26.25;24.50;24.00;25.00;24.75;27.00;39.50;37.50;25.75;24.75;24.25;23.75;24.75;26.50;38.50;35.50;25.25;24.25;24.25;24.50;24.25;25.50;38.00;34.50;24.50;24.00;23.00;23.75;24.00;24.50;29.75;27.50;23.50;23.75;23.25]
100137-[25.50;24.75;25.50;26.75;27.00;25.50;25.50;24.75;25.25;25.00;26.25;33.25;33.25;26.25;25.25;25.00;25.00;25.00;26.75;38.50;38.25;26.50;25.50;24.25;24.75;25.00;26.75;39.25;38.25;26.50;24.75;24.50;24.25;24.75;26.75;39.25;37.50;25.75;25.00;24.00;24.50;24.50;26.25;38.75;36.00;25.25;23.75;24.00;24.00;24.00;25.75;38.00;34.25;24.75;23.50;23.00;23.50;24.00;24.50;29.75;27.50;23.50;23.75;23.00]
100622-[25.25;25.00;25.25;26.50;26.50;25.25;25.50;24.75;24.75;25.00;26.00;33.25;33.00;26.00;25.00;25.00;25.00;25.25;26.50;38.25;38.50;26.50;25.50;24.50;25.00;24.75;27.00;39.00;37.75;26.50;25.00;24.00;24.50;25.25;27.25;39.25;37.50;26.00;24.50;23.50;24.00;24.50;26.25;39.00;35.75;25.00;24.00;24.00;24.25;24.25;25.75;37.75;34.50;24.50;24.00;23.50;24.00;24.25;24.75;29.50;27.25;23.75;23.25;23.75]
101107-[25.00;25.00;26.00;27.00;26.75;25.50;25.50;25.00;25.00;25.25;26.00;33.25;33.25;25.75;25.00;25.00;25.00;24.75;27.25;38.25;38.00;26.25;25.50;25.00;24.50;25.00;26.50;39.00;38.00;26.50;24.75;24.25;24.25;25.00;26.75;39.00;37.25;26.00;24.50;23.50;24.25;24.75;26.25;38.75;35.75;25.25;24.25;23.75;24.25;24.25;26.00;38.00;34.00;24.50;23.50;22.75;23.75;24.50;24.75;29.50;27.25;23.00;24.00;23.00]
101592-[25.25;24.75;25.50;27.00;26.75;25.50;25.50;24.50;25.25;24.50;26.25;33.25;33.00;26.25;25.00;25.00;24.75;25.25;26.50;39.00;38.00;26.75;25.25;24.50;24.75;24.50;27.00;39.00;38.25;26.25;24.75;24.25;24.50;25.00;26.75;39.50;37.25;25.50;24.25;23.50;24.25;24.50;26.25;38.75;35.75;25.25;23.75;24.00;24.75;23.75;25.50;37.75;34.00;24.50;24.00;23.00;24.50;24.00;25.00;29.75;27.50;24.00;23.75;23.25]
102077-[25.25;24.75;25.75;26.75;26.75;25.25;25.00;25.00;25.00;25.00;26.00;33.00;32.50;26.00;24.75;25.00;24.75;25.00;26.50;38.25;37.75;26.50;24.75;24.50;24.50;24.75;26.50;38.75;38.00;26.25;24.50;24.50;24.75;24.25;26.75;39.50;37.00;25.75;24.50;23.75;24.50;24.25;26.25;39.00;35.75;25.00;24.25;23.75;23.50;23.75;25.00;37.75;34.25;24.75;24.00;23.25;23.50;23.75;24.00;29.50;27.25;23.50;23.75;23.25]
102562-[25.25;24.50;25.25;27.25;26.75;25.25;25.25;24.50;25.00;24.75;25.50;33.25;33.00;26.00;25.00;24.75;24.75;24.75;26.50;38.25;38.00;26.50;24.50;24.50;24.75;24.50;26.75;39.25;38.00;26.25;24.75;24.25;25.00;24.75;27.00;39.25;37.00;26.25;24.75;23.25;24.00;24.75;26.25;38.50;35.75;25.00;23.75;24.00;24.00;24.00;25.25;37.50;34.00;24.25;23.50;23.25;23.25;23.75;24.00;29.75;27.25;23.75;23.50;23.50]
103047-[25.00;24.75;25.25;26.50;27.00;25.50;25.75;25.00;25.00;24.75;25.50;33.00;33.00;26.25;25.25;24.75;25.00;25.25;26.75;38.25;38.00;26.50;24.50;24.75;24.50;24.50;26.75;39.25;37.75;26.25;24.75;24.25;24.50;25.25;27.00;39.25;37.25;25.50;25.00;23.75;24.00;24.25;26.25;38.50;35.50;25.00;24.00;23.75;23.75;24.25;25.50;38.00;34.50;24.50;23.50;23.25;23.50;24.00;24.50;29.50;27.00;23.75;23.75;23.25]
103532-[25.00;24.75;25.25;26.50;26.75;25.50;25.25;24.75;25.50;24.75;26.25;33.25;33.00;26.25;25.25;25.75;25.00;25.00;27.00;38.50;38.25;26.25;25.00;24.75;24.75;25.00;26.50;39.25;38.25;26.25;24.75;24.00;25.00;25.25;27.00;39.25;37.25;25.75;24.50;23.50;24.50;24.75;26.50;39.00;35.75;25.50;24.00;24.25;24.00;24.25;25.75;37.75;34.25;25.00;23.75;23.50;23.50;24.00;24.75;29.50;27.50;23.75;23.50;23.25]
104017-[25.00;25.00;25.50;26.75;26.50;25.75;25.50;25.50;25.00;24.75;26.25;33.00;32.75;26.25;25.00;25.00;25.25;25.25;26.75;38.50;38.25;26.75;25.00;24.50;24.75;24.75;27.00;39.25;38.00;26.25;25.00;24.50;24.75;25.00;27.00;38.75;37.25;26.00;24.50;23.75;24.25;24.50;26.25;38.75;35.75;25.50;24.25;24.00;23.75;24.25;25.25;37.75;34.00;24.50;23.50;23.50;23.75;23.75;24.75;29.25;27.50;23.25;23.25;23.25]
104502-[25.25;24.75;25.75;27.00;26.50;25.50;25.50;25.25;25.00;25.25;26.00;33.25;33.00;26.25;25.25;25.25;24.75;25.25;26.75;38.50;38.25;26.50;25.00;24.75;25.25;24.75;26.75;39.25;38.25;26.25;24.50;24.25;24.50;25.00;27.00;39.25;37.25;26.00;24.75;23.25;24.50;24.50;26.25;39.00;36.00;25.50;24.25;24.25;24.50;24.25;25.75;38.00;34.00;24.75;23.75;22.75;23.50;24.00;24.75;29.75;27.25;23.50;23.25;23.25]
104987-[25.25;24.50;25.50;27.00;26.50;25.50;25.75;24.75;25.25;25.00;26.00;33.50;32.75;26.00;24.75;24.50;25.25;25.00;26.75;38.25;38.00;26.75;25.25;24.50;24.75;24.75;26.50;39.50;38.25;26.50;24.75;24.50;24.50;24.75;27.00;39.50;37.50;26.00;24.50;23.75;24.50;24.50;26.00;39.00;35.50;25.00;24.25;24.00;24.00;23.75;25.75;37.75;34.50;24.75;23.75;22.75;23.25;23.75;25.00;29.50;27.75;23.75;23.25;23.25]
105472-[25.00;25.00;25.25;26.50;26.50;25.25;25.00;25.00;25.25;25.25;25.75;33.00;32.75;26.00;25.00;24.75;25.00;25.00;27.00;38.25;37.75;26.50;24.50;25.00;25.00;25.00;26.50;39.25;38.25;26.25;24.50;23.75;25.00;25.00;27.00;39.00;37.25;26.00;24.75;24.00;24.00;24.75;26.25;39.25;35.75;25.00;24.25;23.50;24.00;24.00;25.75;37.50;34.25;25.00;23.50;23.25;23.25;23.75;24.50;29.25;27.25;24.00;23.50;23.25]
105957-[25.25;25.00;25.25;26.75;26.75;25.25;25.25;25.00;25.50;25.00;26.00;33.50;33.00;26.00;25.50;24.75;25.00;25.50;27.00;38.50;38.00;26.50;25.25;24.50;24.75;24.50;26.75;39.00;38.25;26.00;24.75;24.00;25.00;25.25;26.75;39.25;37.25;26.25;24.75;23.50;24.00;24.50;26.25;38.75;36.00;25.75;24.00;23.75;24.25;24.00;25.75;38.00;34.00;24.75;23.75;22.50;23.25;23.50;24.75;30.00;28.00;23.50;24.00;23.50]
106442-[25.25;24.25;25.75;26.50;27.00;25.00;26.00;24.75;25.00;24.75;25.50;33.25;33.00;26.00;25.00;25.25;25.00;24.75;27.00;38.25;38.00;26.25;25.00;24.00;24.50;24.50;27.00;39.00;38.00;26.00;24.50;24.50;24.50;24.75;27.00;39.25;37.00;25.75;24.50;23.25;24.00;24.50;26.25;39.00;35.50;25.25;24.00;23.75;24.00;23.50;25.75;37.75;34.00;24.75;23.75;22.75;23.50;24.25;24.75;29.75;27.00;23.75;23.75;22.75]
106927-[25.75;24.75;25.50;26.75;26.75;25.50;25.50;24.75;25.25;24.75;26.25;33.25;33.00;25.75;24.50;25.00;25.00;25.25;27.00;38.50;38.00;26.50;25.00;24.75;24.50;25.00;26.50;39.25;38.50;26.25;25.00;24.00;24.50;24.75;27.00;39.25;37.50;25.75;24.25;24.00;24.00;24.50;26.50;38.75;35.75;25.00;23.75;24.00;24.00;24.00;25.50;37.75;34.00;24.75;24.00;22.50;23.50;23.75;24.50;29.75;27.50;23.75;23.75;23.50]
107412-[25.00;24.75;25.75;27.00;27.00;25.75;25.75;25.00;25.50;24.50;26.00;33.25;33.00;26.25;25.25;25.00;25.25;25.00;26.50;38.50;37.75;26.50;25.50;24.75;24.25;24.50;26.50;39.00;38.25;26.25;24.75;24.00;24.50;24.75;27.00;39.50;37.25;26.25;24.50;23.75;24.00;24.50;26.50;38.50;36.00;25.25;24.00;24.00;23.75;24.50;25.75;38.25;34.00;24.75;24.00;23.00;23.25;24.00;24.75;30.25;27.25;23.00;23.50;23.00]
107897-[25.00;24.75;25.50;26.50;26.75;25.25;25.25;25.00;25.25;24.75;25.75;33.00;32.75;26.50;24.50;25.00;25.50;25.25;26.25;38.50;38.25;26.75;25.00;24.25;24.75;25.25;26.75;39.25;38.00;26.25;25.00;24.25;24.50;25.00;26.75;39.00;37.50;25.75;24.00;23.75;24.00;24.75;26.75;39.00;35.75;24.75;23.75;23.75;23.75;23.75;25.75;38.00;34.25;24.50;23.75;23.25;23.25;24.00;24.50;29.75;27.25;23.50;23.50;22.75]
108382-[25.25;24.75;25.25;26.75;26.75;25.25;25.00;25.00;25.50;25.00;25.75;33.25;32.50;26.00;25.00;25.00;25.00;25.25;26.75;38.50;38.00;26.50;25.00;24.50;24.75;25.25;26.75;38.75;38.25;26.50;24.50;24.25;24.75;25.00;26.50;39.00;37.50;25.50;24.75;24.00;24.50;24.50;26.50;38.75;35.50;25.25;24.50;23.50;24.00;24.00;25.50;37.75;34.00;24.75;23.75;22.75;23.25;24.00;24.50;29.50;27.50;23.75;23.00;23.25]
108867-[25.00;25.00;25.00;27.00;26.75;25.25;26.00;25.50;25.25;24.75;25.75;33.25;33.00;26.00;25.00;25.50;25.25;24.75;27.00;38.00;37.75;26.50;25.25;24.00;25.00;24.25;26.50;39.00;38.25;26.25;24.75;24.00;24.50;24.75;27.25;39.25;37.00;26.00;24.50;23.25;23.50;24.50;26.25;38.75;35.75;25.00;24.00;23.50;23.50;24.00;25.25;38.00;33.75;24.75;23.50;22.50;23.50;23.75;24.25;29.75;27.25;24.00;23.25;22.75]
109352-[25.50;24.50;25.00;26.50;26.75;25.75;25.50;25.00;25.00;24.75;26.00;33.25;32.75;26.50;25.00;24.75;24.75;24.75;26.75;38.50;38.25;26.75;24.75;24.75;24.50;24.50;27.00;39.25;38.25;26.50;25.00;24.00;24.25;25.00;27.00;39.25;37.25;26.25;24.25;24.00;23.75;24.75;26.50;38.50;35.75;24.75;23.75;23.75;23.50;24.25;25.50;38.00;34.00;25.25;23.50;23.25;23.50;23.75;24.75;29.75;27.25;23.50;23.25;23.25]
109837-[25.00;24.75;25.00;26.50;26.50;25.50;25.00;24.50;24.75;24.50;26.00;33.25;32.75;26.00;24.75;24.50;24.50;25.00;26.50;38.00;37.75;26.25;24.50;24.50;24.50;25.00;26.50;38.75;38.25;26.25;24.50;24.25;24.50;24.50;26.75;38.75;37.00;25.75;24.75;23.00;24.00;24.50;26.25;38.75;35.50;24.50;23.75;24.00;23.75;23.25;25.25;37.75;34.00;24.00;24.00;23.00;23.25;23.75;24.25;29.75;27.00;23.25;23.00;23.50]
110322-[24.75;24.25;25.00;26.50;26.50;25.00;25.50;24.25;25.25;24.75;25.75;33.25;32.50;25.75;24.50;24.75;25.00;24.75;26.75;38.25;37.50;26.25;25.00;24.25;24.50;24.50;26.50;39.00;38.00;25.75;24.00;23.75;24.25;24.75;26.50;39.00;37.25;25.75;24.75;23.25;23.50;24.00;26.25;38.50;35.25;24.75;23.50;23.75;23.75;23.25;25.25;38.00;34.25;24.50;23.50;22.75;23.25;23.75;24.25;29.50;27.75;23.75;23.00;23.25]
110807-[25.25;24.75;25.50;26.75;26.75;25.25;25.00;25.00;25.25;24.75;26.00;32.75;32.75;26.25;24.75;24.75;24.75;24.75;26.50;38.25;37.50;26.25;25.25;24.25;24.25;24.75;26.50;39.00;38.00;26.25;24.75;24.00;24.50;24.50;26.75;39.00;37.00;25.75;24.25;23.50;24.25;24.25;26.25;38.75;35.50;25.25;24.25;23.75;23.75;24.00;25.25;37.50;34.00;24.75;23.50;22.75;23.00;23.25;24.50;29.75;27.25;23.00;23.00;23.00]
111292-[25.00;24.75;25.50;27.00;26.50;25.25;25.25;25.25;24.75;24.75;25.75;33.50;33.00;26.25;24.75;25.25;24.50;25.00;26.75;38.50;37.75;26.50;25.00;24.25;24.50;24.50;26.50;39.00;38.00;26.00;24.75;24.00;24.50;24.75;26.75;39.00;37.00;26.00;24.25;23.50;24.25;24.25;26.00;38.50;35.50;24.75;24.25;24.25;23.75;23.75;25.75;38.25;34.00;24.75;23.50;23.25;23.75;23.75;24.50;29.50;27.50;23.75;23.50;23.25]
111777-[25.00;24.50;25.25;27.00;26.75;25.00;25.50;25.00;24.75;25.00;26.00;33.25;33.00;26.00;25.00;24.75;25.25;25.00;26.75;38.25;38.00;27.00;25.00;24.50;24.75;24.75;26.75;39.25;37.75;26.25;24.50;24.50;24.25;25.00;27.00;39.00;37.50;26.00;25.00;23.50;24.00;24.50;26.00;38.75;35.75;25.00;24.00;23.75;23.25;24.00;25.00;37.75;33.75;24.75;23.75;22.75;23.25;23.75;24.50;29.25;27.50;23.50;23.50;23.50]
112262-[25.50;24.75;25.50;27.00;27.00;25.25;25.75;24.75;25.25;25.00;26.00;33.25;33.00;26.25;25.50;25.00;25.25;25.00;26.75;38.25;38.00;26.75;25.00;25.00;24.50;24.75;27.00;39.00;38.00;26.00;24.50;24.00;24.75;25.00;27.25;39.50;37.25;25.75;25.00;23.75;24.25;24.50;26.50;38.75;35.25;25.00;23.75;24.00;23.75;23.75;25.50;37.75;33.75;25.00;24.00;23.25;23.25;23.50;24.50;29.75;27.25;23.75;23.75;23.00]
112747-[25.25;24.50;25.50;27.00;27.00;25.50;25.50;25.00;25.50;24.75;26.00;33.25;33.00;25.75;24.75;24.25;25.00;25.00;26.50;38.25;37.75;26.25;25.00;24.00;24.50;25.00;26.25;39.25;38.00;25.75;24.25;24.25;24.25;24.50;26.75;39.25;37.00;25.75;24.50;23.75;24.50;24.50;25.75;38.50;35.25;25.00;24.25;23.75;23.75;23.75;25.50;37.50;34.00;24.75;23.75;22.75;23.75;23.75;24.75;29.75;27.00;23.00;23.75;22.75]
113232-[25.00;24.25;25.50;26.50;27.00;25.50;25.25;25.00;25.00;24.75;26.00;33.00;32.75;26.00;25.00;25.25;25.25;25.00;26.50;38.50;38.00;26.75;25.25;24.50;24.75;24.75;26.75;39.00;38.00;26.25;24.50;24.25;24.50;25.00;27.00;39.00;37.50;26.00;24.25;24.00;24.25;24.50;26.25;38.75;35.75;24.75;24.00;24.00;23.50;24.00;25.50;37.50;34.00;24.75;23.75;22.25;24.50;23.75;24.50;29.75;27.25;23.75;24.00;23.25]
113717-[25.25;24.50;25.25;26.50;26.75;25.50;25.25;25.00;25.00;25.00;26.00;33.00;32.75;25.75;25.25;25.00;25.00;25.25;26.75;38.50;37.75;26.50;25.25;24.50;25.00;24.50;27.00;39.00;38.25;26.50;25.00;24.00;25.00;24.75;26.50;39.00;37.00;25.75;24.25;24.00;24.00;24.25;26.25;38.50;35.75;24.75;23.75;24.00;23.75;23.75;25.50;38.00;33.75;24.75;23.50;23.25;23.50;24.25;24.50;29.50;27.25;24.00;23.75;23.00]
114202-[25.00;24.25;25.25;26.75;26.50;25.25;25.75;24.75;25.00;24.75;26.25;33.25;32.50;26.25;24.75;24.75;24.75;25.00;26.50;37.75;38.00;26.00;25.00;24.50;24.50;24.50;26.75;38.75;37.75;25.75;24.50;24.25;24.50;24.75;26.75;39.00;37.25;25.50;24.50;23.25;24.00;24.50;26.00;38.75;35.50;25.00;23.75;24.00;24.00;23.50;26.00;37.75;34.25;24.75;23.75;22.50;23.75;23.75;24.75;29.50;27.25;23.50;23.50;23.25]
114687-[25.50;24.75;25.00;26.75;26.75;25.25;25.50;24.50;25.25;24.75;25.75;33.50;32.50;26.00;25.00;24.75;25.00;25.50;27.00;38.50;37.75;26.50;25.25;24.75;24.75;24.50;26.50;39.00;38.00;26.00;24.50;24.25;24.25;25.00;26.75;39.00;37.50;25.75;24.75;23.50;24.00;24.25;26.50;38.75;35.50;25.00;24.25;24.00;24.25;23.75;25.25;37.75;34.25;24.50;24.00;22.75;23.50;23.75;24.50;30.25;27.25;23.75;23.00;23.25]
115172-[25.50;24.25;25.25;26.50;27.00;25.25;25.25;25.00;25.00;24.75;25.75;33.00;32.50;25.50;24.50;24.75;24.75;25.00;26.25;38.50;38.00;26.50;25.50;24.50;24.50;24.75;26.75;39.00;37.75;26.00;24.75;23.75;24.50;24.75;27.00;39.25;37.00;25.75;24.50;23.50;24.00;24.00;26.25;38.75;35.75;25.00;23.75;24.25;24.00;24.00;25.25;37.25;34.00;24.50;23.75;23.25;23.75;23.25;24.50;29.75;27.25;24.00;24.00;23.25]
115657-[25.00;25.00;25.25;26.50;26.50;25.25;25.25;24.75;25.00;25.25;25.75;33.25;32.50;26.25;25.25;24.75;25.00;24.75;26.25;38.25;38.50;26.50;25.00;24.00;24.50;24.75;26.50;39.00;38.00;25.75;24.50;23.75;24.25;24.50;26.50;39.00;37.00;25.75;24.50;23.75;24.75;24.25;26.25;38.25;35.75;24.75;24.00;24.00;23.50;24.00;25.50;37.75;34.00;24.75;23.25;23.25;23.50;23.75;24.50;29.50;26.75;24.00;23.50;23.00]
116142-[25.25;24.50;25.75;26.75;26.50;25.25;25.25;24.50;25.00;24.75;25.75;33.00;32.75;25.75;25.00;25.25;24.25;25.00;26.25;38.25;37.50;26.25;25.00;24.50;24.75;24.25;26.50;38.75;38.25;26.00;24.50;24.00;24.25;24.50;27.00;39.00;37.25;25.50;24.25;23.75;24.00;24.50;26.25;38.50;35.75;25.00;24.00;24.00;24.25;23.75;24.75;37.75;33.75;24.75;24.00;23.00;23.75;24.25;24.25;30.00;27.25;23.75;23.00;23.25]
116627-[25.25;24.25;25.25;26.50;26.75;25.25;25.25;24.50;25.00;24.75;25.50;33.25;32.50;25.75;24.50;24.25;25.00;24.50;26.75;38.25;37.75;26.25;24.50;24.00;24.75;24.50;26.50;39.00;37.75;26.00;24.00;24.25;24.50;24.75;26.50;39.00;36.75;25.25;24.50;23.50;24.00;24.50;26.00;38.50;35.75;24.75;24.00;23.50;24.00;23.75;25.75;37.75;34.00;24.25;23.75;22.75;23.75;24.00;24.50;29.25;27.25;23.75;23.50;22.50]
117112-[25.00;24.75;25.50;26.25;26.50;25.00;25.25;24.75;24.75;24.75;25.75;33.25;32.50;26.25;24.75;24.75;24.25;25.00;26.25;38.00;37.75;26.00;24.75;24.00;24.25;24.50;26.50;38.75;37.75;25.75;24.00;24.00;24.50;24.25;26.50;38.75;37.25;25.50;24.50;23.50;23.75;24.00;25.50;38.25;35.00;24.50;24.00;23.25;23.25;23.50;25.25;37.50;33.50;24.25;23.25;22.75;23.25;23.75;24.50;29.50;27.25;24.00;22.75;23.00]
117597-[24.50;24.50;25.00;26.25;26.50;25.00;25.00;25.00;25.00;24.75;25.75;33.00;32.75;26.00;25.00;24.75;24.75;25.00;26.50;38.00;37.75;26.50;25.00;24.25;24.50;24.25;26.50;39.00;38.00;25.75;24.50;24.00;24.00;24.75;26.25;39.00;36.75;25.75;24.25;23.25;23.75;24.25;25.75;38.25;35.25;25.25;23.75;23.75;24.25;23.50;25.00;37.75;34.00;24.25;23.25;22.75;23.75;23.50;24.00;29.50;27.00;23.50;23.25;23.25]
118082-[25.00;24.00;25.00;26.50;26.75;25.25;26.00;25.25;25.25;24.75;26.00;33.50;32.50;26.00;24.75;25.00;24.75;24.75;26.50;38.25;37.50;26.25;24.75;24.25;24.25;24.75;26.75;38.75;37.75;26.00;24.50;24.25;24.75;24.75;26.75;39.00;37.25;26.00;24.50;23.75;24.50;24.25;26.25;38.75;35.50;24.75;24.00;23.75;23.75;23.75;25.50;37.75;34.00;24.50;24.00;22.75;23.25;24.00;24.75;29.75;27.50;24.00;24.00;23.25]
118567-[24.50;24.50;25.50;26.50;26.25;25.50;25.00;25.00;24.75;25.00;26.00;33.50;32.50;25.50;25.25;25.00;24.75;25.00;26.50;38.25;37.75;26.50;25.00;24.75;24.25;24.75;27.00;38.75;38.00;26.00;24.50;24.00;25.00;24.75;27.00;39.00;37.00;25.25;25.00;24.00;24.50;24.25;26.25;38.50;35.75;24.75;24.00;24.00;23.75;24.00;25.50;38.00;34.50;24.50;23.75;23.25;23.25;23.75;24.50;29.75;27.25;23.75;23.50;23.50]
119052-[25.00;24.50;25.25;26.50;26.75;25.25;25.50;25.00;25.00;25.00;26.00;33.50;32.75;26.00;25.50;24.75;25.00;25.00;26.50;38.50;38.00;26.25;24.75;24.50;25.00;24.75;27.00;39.25;38.25;26.50;25.00;24.50;24.25;24.75;27.25;39.25;37.50;26.00;24.75;24.00;24.25;24.50;26.50;38.75;35.75;25.25;24.25;24.00;24.25;24.00;25.50;38.00;34.50;25.00;24.00;22.75;23.75;24.00;25.25;29.75;27.50;24.00;23.75;23.75]
119537-[24.75;24.75;25.75;26.50;26.50;25.25;25.25;24.50;25.25;25.00;26.25;33.25;33.00;26.25;25.00;25.25;25.00;25.00;26.75;38.00;38.00;26.50;25.00;24.75;24.50;24.50;26.75;39.25;38.25;26.00;25.00;24.25;24.25;25.00;27.00;39.50;37.00;25.75;25.00;23.75;23.75;24.25;26.00;38.50;36.00;25.25;23.75;24.25;24.25;24.00;25.50;38.00;34.25;24.50;24.00;23.25;24.00;24.00;24.25;30.00;27.75;23.75;23.50;23.00]
120022-[25.75;24.50;25.50;26.75;26.75;25.50;25.50;25.00;25.00;25.00;25.75;33.00;32.75;26.50;24.75;25.00;24.75;25.25;27.00;38.50;38.00;26.50;25.25;24.75;24.75;25.00;27.00;39.25;38.00;26.25;25.25;24.50;24.75;25.00;27.00;39.25;37.25;26.00;24.75;24.00;24.00;24.50;26.50;38.75;35.75;25.25;24.50;24.25;24.00;24.00;25.50;38.00;34.00;24.75;23.75;23.00;23.25;24.00;25.00;30.00;27.50;23.75;24.00;23.25]
120507-[25.25;25.00;25.00;26.75;26.75;25.25;25.25;25.25;24.75;24.75;26.00;32.75;33.00;26.00;25.25;25.00;25.00;25.50;27.00;38.50;37.75;26.50;25.00;24.75;24.50;24.50;26.75;39.00;38.25;26.00;24.50;23.75;24.50;24.50;27.00;39.50;37.00;26.25;24.50;23.75;23.50;24.75;26.75;39.00;36.00;25.00;23.75;23.50;23.50;24.00;25.25;38.00;34.00;24.75;24.00;22.50;23.50;24.00;25.00;29.75;27.50;24.25;23.75;23.50]
120992-[25.50;24.75;25.25;26.50;27.00;25.75;25.75;25.00;25.25;24.75;26.25;33.50;32.75;26.00;25.25;24.75;25.25;25.25;27.00;38.50;38.00;26.25;25.00;24.25;24.50;24.50;26.75;38.75;38.25;26.50;24.50;24.00;24.75;24.75;26.75;39.00;37.00;25.75;25.00;24.00;24.25;24.50;26.50;38.75;36.00;24.50;24.00;24.25;24.00;24.75;25.50;38.00;34.25;24.75;24.00;23.00;23.50;24.25;24.50;29.50;27.75;23.75;23.25;23.50]
121477-[25.00;24.75;25.50;26.75;26.75;25.50;25.25;25.25;24.75;25.25;26.00;33.25;32.50;25.75;24.75;25.00;24.75;25.25;27.00;38.50;38.00;26.50;25.00;24.75;24.00;24.50;26.75;38.75;38.00;26.00;24.75;24.00;24.50;24.75;27.25;39.25;37.25;26.00;24.75;23.50;24.00;24.50;26.25;38.75;35.75;25.25;24.00;24.50;24.25;24.00;25.50;38.00;34.25;25.00;23.75;23.00;23.50;24.25;25.00;29.50;27.50;23.75;23.75;23.00]
121962-[25.00;24.50;25.50;27.00;26.75;25.75;25.25;24.75;25.00;24.75;26.00;33.00;32.75;26.00;25.25;24.50;25.00;25.00;26.50;38.50;38.00;26.25;24.75;24.50;24.50;24.50;26.00;39.25;38.50;26.50;24.75;24.25;24.75;25.00;26.75;38.75;37.50;26.00;24.50;23.75;24.25;24.75;26.50;38.75;35.75;25.00;24.25;23.50;24.00;23.50;25.50;38.00;34.00;24.75;23.50;23.25;24.00;24.00;25.00;29.00;27.75;23.75;23.25;23.00]
122447-[25.25;24.25;25.25;26.75;26.50;25.50;25.00;24.75;25.25;24.75;25.75;33.00;32.75;26.00;25.25;25.00;24.75;25.00;26.75;38.25;38.00;26.50;25.25;24.50;24.25;24.75;26.50;39.00;38.00;26.00;24.50;24.25;24.75;24.25;27.25;39.00;37.25;26.00;24.75;23.75;24.00;24.50;26.25;38.75;35.75;25.00;24.50;24.25;24.00;23.75;25.50;37.75;33.75;24.75;24.00;22.50;23.50;24.00;24.75;30.25;27.25;23.50;24.25;23.00]
122932-[25.25;24.25;25.75;27.00;26.25;25.75;25.50;25.25;25.50;24.50;26.25;33.50;32.75;26.50;25.25;25.25;24.75;25.25;26.75;38.50;38.25;26.75;25.00;25.00;24.50;24.25;26.75;39.00;38.25;26.25;25.00;24.25;24.75;25.00;27.25;39.25;37.50;26.00;25.00;23.75;24.00;24.50;26.25;38.75;35.50;25.25;24.25;24.25;24.00;24.00;25.75;38.00;34.00;25.00;23.50;23.25;24.00;24.25;24.50;30.00;27.50;23.75;23.75;23.25]
123417-[25.50;24.50;25.50;27.25;26.75;25.25;25.50;25.00;25.00;25.00;26.00;33.25;32.50;26.00;25.00;25.25;24.75;25.25;26.75;38.50;37.75;26.50;25.25;24.50;24.50;24.50;26.25;39.00;38.00;26.25;24.75;24.50;24.50;25.00;27.00;39.25;37.25;25.50;24.50;24.25;23.75;24.50;26.25;38.75;35.50;25.25;24.00;23.75;24.00;23.50;25.75;38.00;34.00;24.50;23.50;23.50;23.75;23.75;24.75;29.50;27.25;23.50;23.75;23.75]
123902-[25.25;25.00;25.25;26.75;26.50;25.25;25.50;25.75;25.25;25.00;25.75;33.00;33.00;26.00;25.00;25.00;24.75;25.50;26.50;38.25;37.75;26.50;25.25;25.00;24.75;25.00;26.75;39.00;37.75;26.00;24.50;24.00;24.50;25.00;26.75;39.00;37.00;26.00;24.50;24.00;24.50;24.50;26.75;39.00;35.75;25.25;24.25;23.50;24.50;23.75;25.50;38.25;34.00;25.00;24.00;23.50;23.75;24.25;24.25;30.25;27.50;23.75;23.25;23.50]
124387-[25.25;24.75;26.00;26.75;26.75;25.25;25.50;25.25;25.00;25.25;26.25;33.25;33.25;26.50;25.00;25.00;25.50;24.75;27.00;38.00;38.00;26.50;25.50;24.75;24.75;24.75;26.75;39.00;38.25;26.25;25.00;24.00;24.50;24.75;26.75;39.25;37.25;26.25;24.75;24.00;24.25;24.50;26.25;39.00;35.75;25.25;24.25;24.25;24.00;23.75;25.25;38.25;34.25;24.75;24.25;23.00;23.50;24.00;24.75;30.00;27.25;23.75;23.75;23.25]
124872-[25.50;24.75;25.00;26.75;26.75;25.50;25.50;25.25;25.25;25.00;26.00;33.25;32.75;26.00;25.25;25.00;25.00;25.00;27.00;38.00;38.00;26.50;25.25;24.75;24.25;24.75;26.75;39.00;38.00;26.50;24.50;24.25;24.50;25.00;27.00;39.25;37.50;26.00;24.50;23.50;24.00;24.50;26.75;38.50;35.50;25.25;24.25;24.50;23.75;24.00;25.00;38.25;33.75;25.00;23.50;23.25;23.25;23.75;25.00;29.50;27.25;24.00;23.50;23.00]
125357-[25.50;24.75;25.00;26.50;26.75;25.00;25.00;25.25;25.25;25.00;25.75;33.25;32.50;26.00;25.25;25.25;24.75;25.00;26.75;38.25;37.75;26.50;25.50;24.25;24.75;24.75;26.75;38.75;38.25;26.50;24.75;24.25;24.25;25.00;27.00;39.25;37.50;26.25;24.75;24.25;24.00;24.50;26.75;38.75;36.00;25.00;24.25;23.50;23.75;24.00;25.25;38.25;33.75;24.75;23.75;23.25;23.00;23.50;24.50;29.50;27.25;23.25;23.00;23.25]
125842-[25.50;24.75;25.75;26.75;26.75;25.75;25.50;25.00;25.00;25.25;26.00;33.25;33.00;26.00;25.00;25.50;25.25;25.25;26.75;38.25;37.75;26.50;25.75;24.75;24.00;25.00;26.50;38.75;38.00;26.25;24.75;24.25;24.75;25.00;26.75;39.50;37.25;26.00;24.50;23.75;23.75;24.25;26.50;38.75;35.50;25.00;23.75;23.50;24.25;24.00;25.25;37.75;33.75;24.50;23.50;23.25;23.50;23.75;25.00;29.50;27.25;23.75;23.00;23.00]
126327-[25.25;24.50;25.50;26.75;26.75;25.75;25.75;25.00;25.00;25.25;25.75;33.25;33.00;26.25;25.25;25.00;25.25;25.00;26.50;38.50;38.00;26.75;25.25;25.00;24.50;25.25;26.25;39.25;38.25;26.25;24.75;24.25;24.50;25.00;27.25;39.25;37.00;25.50;24.50;24.00;24.75;24.75;26.75;38.75;35.75;24.75;24.00;24.00;24.00;24.25;25.50;38.25;34.25;24.75;23.75;23.25;24.00;24.00;24.75;29.75;27.50;24.00;24.00;23.75]
126812-[25.25;24.50;25.50;26.75;26.75;25.50;25.50;25.25;25.50;25.00;26.50;33.25;33.00;26.25;25.25;25.25;25.25;25.25;26.50;38.50;37.75;26.75;25.00;24.75;25.00;25.00;26.25;39.00;38.00;26.50;25.00;24.25;24.25;25.00;27.00;39.25;37.25;25.75;24.75;24.25;24.25;24.75;26.50;38.75;35.75;25.25;24.00;24.25;23.75;24.00;25.75;37.75;33.75;24.75;23.50;23.00;23.75;24.00;24.50;29.75;27.50;23.50;23.25;23.25]
127297-[25.25;24.50;25.75;27.00;26.75;25.75;25.50;25.00;24.75;25.00;26.00;33.00;33.00;26.00;25.00;25.00;25.25;25.25;26.75;38.50;37.75;26.25;25.50;24.50;24.50;24.00;26.50;39.25;38.00;26.00;24.25;24.25;24.75;24.75;27.00;39.25;37.25;26.25;24.75;23.50;24.25;24.75;26.50;38.75;35.25;24.75;23.50;24.25;24.50;24.25;25.50;38.00;34.00;24.50;23.75;22.75;24.00;24.00;24.50;29.50;28.25;24.00;23.50;22.50]
127782-[25.50;24.50;25.25;26.50;26.75;25.25;25.75;25.00;25.25;24.50;25.75;33.00;32.75;26.25;24.75;25.00;24.75;25.25;26.50;38.00;37.50;26.25;25.25;24.25;24.50;24.75;26.25;38.50;37.75;26.00;24.50;24.25;24.25;24.75;27.00;38.75;37.00;25.50;24.75;23.25;24.00;24.25;26.00;38.50;35.50;25.25;23.75;24.25;24.25;24.00;25.25;37.75;33.75;24.75;23.75;22.75;23.75;24.00;24.50;29.25;27.25;23.75;23.50;23.00]
128267-[25.25;24.25;25.00;26.50;26.75;25.25;26.00;25.00;25.25;25.00;26.25;33.00;33.00;26.00;24.75;25.00;25.00;25.00;26.50;38.00;37.75;26.25;25.00;24.00;24.75;24.50;26.75;39.00;38.00;26.00;25.00;23.75;24.25;24.75;27.00;39.00;37.25;26.00;24.00;23.75;24.25;24.75;26.50;38.75;36.00;24.75;24.25;23.50;23.50;24.00;25.50;37.50;34.25;24.75;24.25;22.75;23.25;23.50;24.25;29.25;27.00;23.25;23.00;23.75]
128752-[24.75;24.75;25.25;26.25;26.75;25.50;25.50;24.75;25.25;24.50;26.00;33.25;32.75;26.00;25.25;25.00;25.00;25.00;26.50;38.00;37.75;26.75;24.50;24.25;24.75;24.25;26.75;39.25;38.00;26.00;24.75;24.00;24.75;24.50;26.25;39.00;37.25;25.75;24.50;24.00;24.25;24.50;26.25;38.50;35.50;24.75;24.00;23.75;23.75;23.75;25.50;37.50;33.75;24.50;23.50;23.00;23.50;23.75;24.00;29.25;27.00;23.75;23.50;23.00]
129237-[25.00;24.75;25.50;26.75;26.50;25.00;25.00;25.25;25.25;24.50;26.25;32.75;33.00;25.50;25.00;24.75;24.25;24.75;26.50;38.00;37.75;26.75;24.75;24.50;24.25;24.25;26.50;39.00;38.00;26.00;24.50;24.00;24.50;24.75;26.50;39.25;37.25;25.75;24.50;23.75;23.50;24.50;26.25;38.50;35.25;25.00;23.75;23.75;23.75;23.75;25.00;37.25;34.00;24.75;23.50;22.75;23.50;23.75;24.25;29.00;27.50;23.75;23.25;23.00]
129722-[25.25;24.50;25.50;26.50;26.75;25.25;25.25;25.00;25.00;24.50;25.75;32.75;33.00;26.00;25.00;25.00;25.00;25.00;26.50;38.00;37.50;26.50;24.50;24.75;24.75;24.75;26.50;38.75;37.75;26.00;24.75;24.25;24.25;24.50;26.25;39.00;37.00;25.50;24.25;23.75;23.75;24.25;26.00;38.50;35.50;24.50;24.00;23.75;23.50;24.00;25.50;37.25;33.75;24.75;23.75;23.00;23.50;23.50;24.75;29.00;27.00;23.50;23.50;22.50]
130207-[25.00;24.50;25.00;26.75;26.75;25.00;24.75;25.25;24.75;24.50;26.25;32.75;32.25;26.00;24.75;25.00;25.25;24.75;26.25;38.25;37.50;26.75;24.75;24.25;24.50;24.25;26.25;38.50;37.75;26.00;24.25;23.50;24.25;24.75;26.75;39.25;37.00;25.75;24.00;23.75;24.25;24.25;26.25;38.50;35.25;24.75;24.00;23.25;23.75;23.75;25.00;37.75;33.75;24.75;23.50;23.25;23.25;23.75;24.25;29.75;27.00;23.50;22.75;23.00]
130692-[25.00;24.25;24.75;26.25;26.50;25.75;25.25;24.75;25.00;24.50;26.25;32.75;32.75;25.75;25.00;24.75;24.50;25.00;26.25;38.00;37.75;26.00;24.75;24.00
