PlasticoLiquidoTransparente300mm
227-   [24.75;24.25;24.75;25.25;25.25;25.00;25.25;24.50;24.75;24.75;25.00;26.75;26.50;25.00;24.25;25.25;24.75;24.75;25.75;32.50;31.50;25.50;24.50;24.00;24.50;24.25;25.50;35.75;34.25;24.75;24.00;23.50;24.50;24.75;25.75;36.25;33.25;25.25;24.00;23.50;23.25;24.25;25.50;35.50;31.00;24.25;23.50;23.50;23.25;23.50;24.00;29.25;26.75;23.75;23.50;22.50;23.50;23.25;23.00;23.50;23.50;22.75;22.75;22.25]
712-   [24.75;24.25;25.25;25.50;24.75;24.00;24.75;24.25;24.25;24.25;25.00;26.50;26.50;24.75;24.25;24.50;24.50;24.25;25.00;32.50;31.25;25.25;24.50;23.75;24.00;24.00;25.50;36.00;34.00;24.75;24.00;23.50;24.25;24.25;25.50;36.25;33.25;24.75;24.00;23.00;23.50;23.75;25.25;35.50;31.00;24.00;24.00;23.50;23.00;23.25;24.00;29.25;26.50;23.75;22.50;22.25;22.25;23.50;23.25;23.25;23.50;22.75;22.25;22.75]
1197-  [24.25;24.25;24.50;25.00;24.75;24.00;25.00;23.75;24.25;24.00;24.50;26.25;26.25;25.00;24.00;23.75;24.50;24.50;25.00;32.25;31.25;25.00;24.50;24.00;24.00;24.00;25.50;36.25;34.00;25.00;24.25;23.75;23.75;24.25;25.75;36.50;32.75;24.50;23.75;23.25;23.50;23.75;25.25;35.25;31.00;24.00;23.50;23.25;23.25;23.00;23.75;29.25;26.50;23.50;22.75;21.75;22.25;23.25;23.50;23.25;23.00;22.75;22.50;22.00]
1682-  [24.50;24.00;24.25;25.00;25.00;24.25;25.00;24.25;25.00;24.25;24.50;26.25;26.50;24.75;24.25;23.75;24.50;24.25;25.25;32.25;31.25;25.00;24.00;24.00;24.25;24.25;25.25;36.00;34.00;25.00;24.00;23.50;24.00;24.25;25.75;36.00;32.75;24.75;23.75;22.75;23.25;23.75;25.00;35.25;31.00;24.00;23.50;22.75;23.50;23.50;24.00;29.25;26.75;23.50;22.50;22.50;23.00;23.25;23.25;23.25;23.00;22.75;22.25;22.50]
2167-  [24.25;23.75;24.25;24.75;25.25;24.50;24.75;23.50;24.50;24.25;24.50;26.00;25.75;24.75;23.50;23.75;24.00;24.25;25.25;31.75;30.75;25.00;24.50;23.25;23.75;24.00;25.00;36.00;33.75;25.00;23.75;23.75;24.00;24.25;25.25;36.00;32.75;24.50;24.25;23.25;23.25;23.75;24.75;35.25;30.75;24.00;23.00;22.75;22.50;23.50;23.75;29.25;26.75;23.50;22.50;22.50;22.50;23.00;23.50;23.25;23.25;22.50;22.50;22.25]
2652-  [24.25;23.50;24.50;24.75;24.75;24.00;24.00;24.00;24.50;23.75;25.00;26.00;26.00;24.75;24.00;24.00;24.50;24.00;24.75;32.00;31.00;24.50;24.50;23.75;23.50;24.00;24.75;35.75;33.75;25.00;24.00;22.75;24.00;24.00;25.25;36.00;32.75;25.00;24.00;23.00;24.00;23.75;25.25;35.75;30.75;24.00;23.50;23.25;23.00;23.25;23.25;29.00;26.50;23.50;22.50;22.25;22.50;23.50;23.25;23.25;23.25;22.75;22.25;21.75]
3137-  [23.75;23.25;24.25;24.75;25.00;24.00;24.25;23.50;24.75;24.00;25.00;26.00;26.00;24.50;24.25;24.00;23.75;23.75;25.00;32.25;30.75;24.75;24.50;23.50;23.75;24.00;25.25;36.00;33.75;24.75;23.75;23.50;23.75;24.25;25.50;36.00;32.75;24.50;23.75;23.00;23.50;24.00;25.00;35.50;31.00;24.00;23.25;23.00;23.25;23.50;24.00;29.00;26.75;24.00;23.00;22.25;22.50;23.00;23.50;23.75;23.25;22.50;22.75;22.50]
3622-  [24.50;24.25;24.25;25.25;25.25;24.00;24.75;23.50;24.25;23.75;25.00;26.25;26.25;24.75;24.00;24.25;24.25;24.50;25.00;32.25;31.00;25.00;24.50;23.50;24.25;23.75;25.25;36.00;34.25;24.75;24.25;23.25;24.00;24.00;25.50;36.25;33.25;24.75;23.50;23.00;23.50;24.00;24.75;35.00;31.00;24.25;23.00;23.25;23.25;23.25;24.00;29.25;26.25;24.00;23.25;21.50;22.75;23.50;23.50;23.75;23.50;22.50;22.75;22.75]
4107-  [24.25;23.50;24.50;25.00;25.00;24.25;24.25;24.25;24.25;23.75;24.50;26.75;25.75;25.00;24.00;24.00;24.50;24.50;25.50;32.25;31.00;25.00;24.50;23.50;23.75;23.75;25.00;35.75;34.00;25.00;24.00;23.25;23.75;24.25;25.50;36.25;33.00;24.50;23.50;23.00;23.50;23.75;25.00;34.75;31.25;23.75;23.50;23.25;23.00;23.50;24.25;29.25;26.75;24.00;22.50;22.00;23.25;23.25;23.00;23.50;23.25;23.00;22.50;22.25]
4592-  [24.25;23.75;24.50;24.75;25.00;24.50;24.25;23.75;23.75;24.00;24.75;26.50;26.25;25.00;24.00;24.25;24.50;24.25;25.25;32.25;31.00;24.75;24.50;24.00;24.25;24.00;25.25;35.50;34.00;24.75;24.25;23.50;24.00;24.25;25.75;36.25;32.75;24.50;23.75;22.75;23.50;24.00;25.25;35.25;31.25;24.00;23.50;23.25;23.00;23.00;24.00;29.25;26.25;23.50;22.75;22.00;22.50;23.25;23.75;23.25;23.50;22.75;23.00;22.50]
5077-  [24.25;23.75;24.25;25.00;25.50;24.75;24.50;24.00;24.25;24.25;24.75;26.00;26.00;24.50;24.50;24.00;24.25;24.25;25.25;31.75;31.00;25.25;24.00;23.75;23.75;24.50;25.00;36.00;33.75;25.00;23.75;23.50;24.00;24.50;25.75;36.50;33.00;24.75;24.00;22.75;23.50;23.75;24.75;35.50;31.25;24.50;23.50;23.00;23.25;23.25;24.00;29.25;26.75;24.00;22.75;22.75;23.50;23.50;23.50;23.00;23.75;23.00;23.00;22.75]
5562-  [24.50;24.25;24.25;25.00;24.50;24.75;23.75;24.00;24.00;24.00;24.75;26.25;26.25;24.75;24.25;24.00;24.25;24.50;25.00;32.00;30.75;25.25;24.00;23.25;24.00;24.50;25.00;35.75;34.00;24.75;23.50;23.75;24.00;24.50;25.25;36.00;32.75;24.25;24.00;23.00;23.50;24.25;24.75;35.25;31.25;24.25;23.50;23.25;23.25;23.00;24.00;29.00;26.75;23.50;22.75;22.25;22.50;23.75;23.50;23.25;23.25;22.50;23.25;22.75]
6047-  [24.50;23.75;24.50;25.00;24.75;24.50;24.75;24.50;24.25;24.00;24.75;26.50;25.75;24.50;24.00;24.50;24.50;24.25;25.00;31.50;31.00;24.75;24.25;23.50;24.00;23.75;25.25;36.25;34.00;24.75;23.75;23.50;24.00;24.50;25.50;36.25;33.00;24.75;23.75;23.25;23.75;24.25;25.25;35.00;31.00;24.25;23.25;23.50;23.00;22.75;24.00;29.50;27.00;23.75;23.25;22.50;23.75;23.00;23.75;24.00;23.00;23.25;23.00;22.50]
6532-  [24.25;23.75;24.50;25.00;25.00;24.25;24.75;24.25;24.25;23.75;24.75;26.75;26.25;24.75;24.00;24.00;24.25;24.50;24.75;32.00;31.00;25.00;24.25;24.00;23.75;24.00;25.25;36.00;34.00;25.00;24.00;23.50;24.75;24.25;25.50;36.00;32.75;24.50;24.00;23.25;24.00;24.00;25.25;35.25;31.00;24.25;23.00;23.25;23.25;23.75;24.00;29.00;26.75;23.75;23.25;22.50;23.00;23.75;23.50;24.00;23.75;23.00;23.00;22.00]
7017-  [24.25;24.75;24.50;24.75;25.00;24.75;24.75;24.25;24.50;24.25;24.50;26.25;26.00;24.75;24.25;24.00;24.75;24.50;24.75;31.75;31.00;25.00;24.50;23.75;24.00;23.75;25.50;35.75;33.50;24.75;24.00;23.50;24.00;24.25;25.50;36.00;32.75;24.50;24.00;22.75;23.75;24.00;25.50;35.00;31.00;24.00;23.25;23.75;23.75;23.25;23.75;29.25;26.75;23.00;22.75;22.25;23.25;23.25;23.75;23.75;23.50;22.75;22.25;22.75]
7502-  [24.50;24.00;24.25;24.75;24.75;24.50;24.50;24.00;24.50;24.50;24.75;26.00;25.75;24.75;24.25;24.00;24.50;24.25;25.25;32.00;31.00;25.00;24.25;23.75;24.00;24.50;25.25;36.00;33.75;25.00;24.25;23.50;23.75;24.50;25.75;35.75;32.75;24.25;23.75;23.00;24.00;24.00;24.75;35.25;31.25;24.00;23.00;23.50;23.25;23.25;23.75;29.25;26.50;24.00;23.25;22.50;23.00;23.50;23.75;23.50;23.75;22.75;23.00;22.50]
7987-  [24.25;24.25;24.75;24.50;25.25;24.50;24.75;24.25;24.25;24.00;25.25;26.75;26.00;24.75;24.25;24.00;24.25;24.50;25.25;31.75;30.75;24.75;24.25;23.50;24.25;24.25;25.25;35.75;34.00;24.50;24.00;23.50;23.75;24.25;25.50;36.00;33.00;24.50;23.75;23.00;24.00;24.00;25.00;35.50;31.25;24.00;23.50;23.25;23.25;23.25;24.25;29.50;26.75;24.00;23.00;23.25;23.25;23.50;23.50;23.75;23.75;22.75;23.50;22.25]
8472-  [24.25;24.00;24.50;25.00;25.25;24.50;24.25;24.25;24.25;24.50;24.75;26.50;26.00;24.75;24.25;24.00;24.25;24.25;25.00;32.00;30.75;24.75;24.25;24.25;24.25;24.00;25.50;35.75;34.25;24.75;24.25;24.00;24.00;24.25;25.25;36.00;33.00;24.75;24.25;23.25;23.50;24.25;24.75;35.50;31.25;24.75;23.25;23.00;23.00;23.25;24.00;29.25;26.75;23.50;23.25;22.50;22.75;23.25;23.50;23.50;23.50;22.50;23.00;22.50]
8957-  [24.00;23.75;24.50;25.00;24.75;24.25;24.75;23.25;24.50;24.25;24.50;26.25;26.25;24.50;24.00;24.25;24.00;24.25;25.25;32.00;31.50;25.50;24.25;24.00;23.75;23.75;25.25;36.00;34.25;24.75;23.75;23.25;24.25;24.50;25.50;36.50;33.00;25.00;23.75;23.25;23.75;23.75;25.25;35.00;30.75;24.00;23.50;23.25;23.25;23.25;24.25;29.50;26.75;23.75;23.00;22.25;22.75;23.50;23.25;23.75;24.00;23.25;23.50;22.50]
9442-  [24.75;24.00;24.25;25.00;25.00;24.25;24.50;24.50;24.25;24.25;24.25;26.25;26.00;24.50;24.00;24.25;24.50;24.50;25.50;32.00;31.00;24.75;24.25;23.75;24.25;24.00;25.00;35.75;34.00;25.00;24.00;23.25;24.25;24.50;25.50;36.25;33.00;25.00;23.75;23.25;23.50;24.00;24.75;35.25;31.25;24.25;23.25;23.50;23.25;23.00;24.00;29.50;27.00;24.00;23.25;22.75;23.25;23.75;23.50;23.50;23.25;23.00;23.25;22.75]
9927-  [24.25;23.75;24.75;25.25;25.00;24.50;25.00;24.00;24.25;24.50;24.75;26.25;26.00;24.75;24.25;24.50;24.25;24.25;25.25;32.25;31.00;25.25;24.25;24.00;24.00;24.25;25.25;36.00;33.75;25.00;24.00;23.75;24.50;24.00;25.50;36.25;33.25;25.00;24.25;22.75;24.00;23.50;25.00;35.00;31.00;24.25;23.50;23.50;23.00;23.75;24.00;29.25;26.50;23.75;23.50;22.50;23.00;23.00;23.25;24.00;23.75;23.00;23.00;22.75]
10412- [24.25;24.00;24.25;25.25;24.75;24.00;24.50;24.25;25.00;24.00;24.75;25.50;26.00;24.50;24.00;24.25;24.00;24.50;26.00;32.00;31.00;25.25;24.50;23.75;24.00;24.00;25.25;36.00;34.00;25.00;24.50;24.00;24.00;24.25;25.50;36.00;33.25;25.00;24.00;23.50;23.25;23.75;25.25;35.75;31.00;24.25;23.25;23.50;23.25;23.25;23.75;29.00;27.00;23.75;23.25;22.50;23.00;23.50;24.00;23.50;23.50;23.00;23.00;22.75]
10897- [24.75;24.25;24.25;25.00;25.50;24.50;24.75;24.25;24.25;24.50;25.00;26.00;26.25;24.75;24.25;24.50;24.00;24.25;25.25;32.25;31.00;25.00;24.25;24.00;24.25;24.00;25.25;35.75;34.25;24.75;24.00;23.50;24.25;24.25;25.75;36.25;33.25;24.50;24.00;23.00;23.75;23.75;25.25;35.50;31.25;24.50;23.50;23.75;23.75;23.50;23.50;29.75;27.00;24.00;23.25;22.25;23.00;23.00;23.75;23.75;24.00;22.75;23.25;22.75]
11382- [24.25;24.25;24.25;25.00;24.75;24.75;25.00;24.75;25.00;24.00;24.75;26.25;26.00;25.00;24.75;24.00;24.25;24.50;25.25;32.50;31.00;25.25;25.50;23.75;24.50;24.00;25.25;36.00;34.25;25.00;24.25;24.00;24.00;24.50;25.50;36.50;33.25;25.00;24.00;23.75;23.00;24.00;25.00;35.50;31.00;24.25;23.25;23.75;23.25;23.25;24.25;29.50;27.00;24.50;23.50;22.50;22.75;23.75;23.25;23.75;24.00;23.75;23.00;23.00]
11867- [24.50;24.00;24.50;25.25;25.25;24.50;24.50;24.50;24.75;24.25;25.00;26.75;26.25;24.75;24.25;24.50;24.25;24.50;25.25;32.25;31.25;25.50;24.50;24.00;24.00;24.25;25.75;36.00;34.00;25.00;24.25;23.25;24.25;24.75;25.75;36.25;33.25;25.25;24.75;23.75;23.75;24.25;25.00;35.75;31.25;24.25;23.50;23.75;24.00;23.75;23.75;29.50;27.00;23.75;23.25;22.75;23.00;23.75;23.75;23.25;24.00;23.00;23.00;23.50]
12352- [24.25;23.75;24.50;25.00;25.50;24.50;25.00;24.50;24.75;24.00;24.75;26.50;26.25;24.75;25.00;24.75;24.50;24.25;25.25;32.25;31.25;25.25;24.75;23.75;24.00;24.25;25.00;36.00;34.50;25.00;24.25;23.75;24.25;24.75;25.25;36.00;33.25;25.00;24.25;23.25;24.00;23.75;25.00;35.50;31.00;24.50;23.75;23.25;23.75;23.25;24.00;29.50;27.25;23.50;23.50;22.25;23.50;23.75;24.00;24.00;24.00;22.75;23.25;23.50]
12837- [24.50;23.75;24.50;25.00;24.75;24.75;24.50;24.75;24.25;24.50;24.75;26.00;26.00;24.50;24.25;24.25;24.25;25.00;24.75;32.25;31.25;25.00;24.75;23.50;23.75;24.00;25.25;36.25;34.25;25.00;24.00;23.50;24.75;24.75;25.50;36.25;33.25;24.75;24.00;23.00;24.00;24.25;25.25;35.50;31.50;24.75;23.25;23.50;23.25;23.75;23.75;29.75;27.25;24.25;23.25;22.75;23.25;24.00;24.00;23.75;23.25;23.25;23.00;22.75]
13322- [25.00;23.75;24.25;25.00;25.25;24.50;24.75;24.50;25.00;24.25;24.75;26.25;26.50;24.75;24.25;24.00;24.75;24.50;25.50;32.25;31.00;25.25;24.75;24.25;24.00;24.00;25.50;36.25;34.25;24.75;24.50;24.00;24.25;24.50;25.75;36.25;33.25;24.75;24.25;23.50;23.75;24.00;25.25;35.75;31.75;24.25;23.50;23.25;23.75;23.25;24.00;29.75;27.00;24.00;23.50;23.00;23.50;23.50;23.50;24.00;24.00;23.25;23.50;23.00]
13807- [24.25;24.25;24.75;25.50;25.50;24.50;24.25;24.25;24.25;24.00;24.75;26.25;26.00;24.50;24.50;24.50;24.50;24.50;25.50;32.25;31.25;25.25;24.75;24.25;24.75;24.50;25.50;36.25;34.00;25.00;24.25;24.00;24.25;24.75;25.75;36.25;33.00;25.00;24.25;23.25;23.75;24.25;25.50;35.75;31.25;24.50;23.25;23.25;23.25;23.75;24.00;29.50;27.00;23.75;23.50;22.75;23.50;23.50;24.25;24.00;23.75;23.00;23.25;23.25]
14292- [24.25;24.25;24.75;25.00;25.25;24.75;25.00;24.50;24.50;24.75;25.25;26.00;26.50;25.00;24.25;24.00;24.50;24.25;25.25;32.00;31.00;24.75;24.75;23.75;24.25;24.50;25.50;35.75;34.25;25.00;24.50;23.75;24.25;24.75;25.75;36.50;33.00;25.00;24.50;23.50;24.00;24.25;25.25;35.75;31.50;24.25;23.50;23.25;23.50;23.75;24.00;29.50;26.75;23.75;23.50;22.50;23.50;23.50;24.00;24.25;23.75;23.50;23.50;23.00]
14777- [24.50;24.00;24.50;25.75;25.00;25.00;24.75;24.25;24.75;24.25;25.00;26.00;26.00;24.75;24.50;24.25;24.25;24.25;25.25;32.25;31.25;24.75;24.50;24.00;24.00;24.25;25.25;36.00;34.00;24.75;24.25;23.75;24.25;24.75;25.75;36.50;33.25;25.00;24.50;23.50;23.75;23.75;25.50;35.75;31.50;24.75;23.75;24.00;23.50;23.50;24.00;29.75;26.75;23.75;23.50;22.50;23.75;23.75;24.00;23.50;23.75;23.50;23.25;23.00]
15262- [24.50;24.25;25.00;25.25;25.00;24.50;25.00;24.25;24.50;24.50;25.00;26.50;26.00;24.75;24.50;24.50;24.75;24.50;25.25;32.25;31.00;25.00;25.00;23.75;24.25;24.25;25.50;36.00;34.25;25.25;24.25;23.75;24.50;24.50;26.00;36.25;33.50;25.00;24.00;23.50;23.75;24.00;25.50;36.00;31.25;24.50;23.75;24.00;23.25;24.00;24.50;29.75;27.25;24.25;23.50;22.75;23.25;23.75;24.25;24.25;23.75;23.25;23.00;23.00]
15747- [24.75;24.25;24.50;24.75;24.75;24.25;24.75;24.75;24.50;24.25;25.25;26.50;26.00;25.00;24.50;24.25;24.50;24.75;25.50;32.00;31.25;24.50;24.75;24.50;24.25;24.25;25.50;36.25;34.25;25.00;24.50;23.75;24.25;24.25;26.25;36.25;33.25;25.25;24.25;23.75;24.00;24.00;25.50;35.50;31.50;24.75;23.75;24.25;23.25;23.25;24.25;29.75;27.00;24.00;23.25;22.75;24.00;24.00;23.50;24.25;23.50;22.75;23.25;22.75]
16232- [24.50;24.50;24.50;25.50;25.50;24.50;24.75;24.25;25.00;24.25;25.00;26.50;26.50;24.75;24.25;24.75;24.50;24.50;25.50;32.75;31.50;25.75;24.50;24.50;24.50;24.50;25.75;36.25;34.00;25.25;24.50;24.00;24.25;24.75;26.00;36.25;33.25;25.00;24.75;23.75;23.75;24.50;25.50;36.00;31.25;24.00;23.25;23.25;23.75;23.50;24.25;29.75;27.50;24.00;23.50;22.50;23.50;23.50;23.25;23.75;23.75;23.25;22.75;22.75]
16717- [24.25;24.00;24.50;25.25;25.00;24.75;25.00;24.50;24.75;24.00;25.00;26.50;26.25;25.00;24.75;24.75;24.50;25.00;25.25;32.50;31.00;25.50;24.75;24.50;24.50;24.50;25.50;36.00;34.25;25.00;24.25;23.75;24.25;25.00;25.75;36.50;33.25;25.00;24.75;23.50;24.25;24.25;25.75;35.50;31.50;24.50;23.75;24.00;23.75;23.75;24.25;29.75;27.00;24.25;23.75;22.75;23.50;24.25;23.75;24.00;24.25;23.25;23.25;23.50]
17202- [24.75;24.25;24.50;25.50;25.00;24.75;24.75;24.50;24.75;24.75;25.00;26.50;26.25;25.00;24.50;24.50;24.50;24.75;25.25;32.25;31.25;25.25;24.50;24.25;24.50;24.25;25.50;36.50;33.75;25.25;24.25;23.75;24.00;24.50;25.50;36.25;33.00;24.50;24.25;24.00;23.50;24.50;25.50;35.50;31.50;24.50;23.75;24.00;23.25;23.75;24.25;29.75;27.00;24.25;23.25;23.00;23.25;23.50;24.00;23.75;23.75;22.75;23.25;22.50]
17687- [24.75;24.00;25.00;25.25;25.00;24.75;24.50;24.50;24.75;24.25;24.75;26.25;26.50;24.75;24.25;24.25;24.25;24.75;25.25;32.00;31.25;25.25;24.50;23.75;24.00;24.50;25.50;36.00;34.25;24.75;24.25;23.50;24.50;24.50;25.75;36.25;33.00;25.00;24.00;23.75;23.75;24.00;25.25;35.50;31.50;24.25;23.50;23.75;23.00;24.00;23.75;29.75;26.50;23.75;23.25;22.50;23.00;24.00;23.75;23.75;23.75;23.00;23.25;23.25]
18172- [24.50;24.50;24.50;25.00;25.00;25.00;25.00;24.25;24.75;24.25;24.50;26.00;26.25;24.75;24.00;24.50;24.25;25.00;25.50;32.25;31.50;25.25;24.50;24.50;24.25;24.25;25.50;36.00;34.50;25.00;24.50;24.00;24.50;24.25;26.00;36.25;33.25;25.00;24.25;23.50;23.75;24.50;25.25;35.75;31.25;24.50;23.50;24.25;24.00;23.50;24.25;29.50;27.00;23.75;23.25;23.00;22.75;23.25;23.50;24.25;23.75;23.25;23.00;23.50]
18657- [24.75;24.00;24.75;25.25;25.00;24.75;24.75;24.25;25.00;24.50;25.00;26.50;26.50;25.00;24.25;24.50;25.00;24.75;25.25;32.25;31.75;25.50;24.50;24.00;24.50;24.75;25.00;36.25;34.25;25.00;24.50;23.50;24.50;24.75;25.75;36.50;33.50;25.00;24.25;23.50;24.00;24.50;25.50;35.75;31.50;24.50;23.50;23.75;23.50;23.75;24.00;29.25;27.00;24.25;23.50;23.00;23.75;24.00;24.00;24.00;24.25;22.75;23.25;23.50]
19142- [25.00;24.00;24.50;25.00;25.50;24.50;25.00;24.00;25.00;24.25;24.75;26.25;26.50;24.75;24.25;24.50;24.50;24.75;25.25;32.25;31.50;25.25;24.75;24.00;24.25;24.50;25.25;36.25;34.00;25.00;24.50;24.00;24.00;24.25;25.75;36.25;33.00;25.25;24.00;23.50;24.00;24.25;25.50;35.50;31.75;24.50;23.75;24.00;23.75;23.25;24.25;29.50;27.00;24.50;23.50;22.50;23.50;23.50;23.50;23.75;24.00;23.00;23.50;23.25]
19627- [24.50;24.25;24.75;25.75;25.00;24.75;24.50;24.50;24.75;24.50;25.00;26.75;26.25;25.25;24.50;24.75;24.75;25.00;25.25;32.00;31.25;25.25;24.75;24.50;24.25;24.25;25.25;36.00;34.00;25.25;24.25;23.25;24.00;24.75;25.75;36.50;33.25;25.00;24.25;23.50;24.25;24.00;25.00;35.50;31.25;24.75;24.00;23.75;23.50;23.25;24.00;29.75;27.25;24.25;24.00;23.00;23.25;23.50;24.25;23.75;23.75;23.00;23.50;23.00]
20112- [24.00;24.00;24.50;25.50;25.50;24.50;25.00;24.50;24.75;24.25;24.75;26.25;26.00;25.00;24.25;24.25;24.50;24.50;25.25;32.00;31.25;25.25;24.50;23.75;24.00;24.25;25.50;36.00;34.25;25.25;24.25;24.00;24.50;24.75;26.00;36.25;33.25;24.75;24.25;23.25;23.75;24.25;25.50;35.50;31.50;24.25;23.75;24.25;23.25;23.50;24.25;29.75;27.25;23.75;23.50;23.50;23.25;23.25;23.50;24.25;23.75;23.25;23.50;22.25]
20597- [24.50;24.25;24.75;25.50;25.50;25.00;25.00;24.25;25.00;24.50;25.25;26.50;26.25;24.75;24.50;24.25;24.50;25.00;25.50;32.25;31.25;25.50;24.75;24.25;24.25;24.25;25.75;36.00;34.25;25.25;24.25;24.00;24.50;24.50;25.75;36.25;33.25;25.00;24.00;23.75;24.25;24.75;25.25;35.50;31.50;24.25;23.75;23.50;23.75;23.50;24.25;29.50;27.25;24.25;23.25;23.00;23.50;24.00;23.75;24.00;23.50;23.50;23.50;23.25]
21082- [25.00;24.25;24.25;24.75;25.00;24.50;25.00;24.75;24.75;24.50;25.00;26.50;26.50;24.75;24.25;24.75;24.25;24.25;25.25;32.25;31.25;25.25;24.50;23.75;24.00;24.50;25.75;36.00;34.00;25.25;24.00;24.00;24.50;24.75;25.75;36.75;33.00;25.00;24.75;24.00;23.75;24.75;25.25;35.25;31.25;24.75;23.75;23.75;23.75;23.50;24.00;30.00;27.50;24.25;23.25;23.00;23.75;23.75;23.50;24.00;23.50;23.75;23.00;23.25]
21567- [24.75;23.75;24.50;25.25;25.50;25.25;24.75;24.25;25.00;24.50;25.00;26.25;26.50;24.50;24.50;24.75;24.50;24.50;25.25;32.25;31.50;25.25;24.50;24.25;24.25;24.50;25.50;36.25;34.00;25.00;24.00;23.75;24.75;24.25;25.75;36.25;33.25;25.00;24.50;23.50;24.00;24.25;25.75;35.75;31.25;24.75;23.75;23.25;23.50;23.75;24.50;29.75;27.25;23.75;23.75;22.75;23.50;24.00;24.00;24.25;24.25;23.50;23.25;22.25]
22052- [24.75;24.00;24.75;25.00;25.50;24.75;25.25;24.75;24.75;24.75;24.75;26.50;26.25;25.00;24.25;24.75;24.75;25.25;25.50;32.75;31.25;25.75;24.50;24.25;24.50;24.75;25.50;36.50;34.25;25.00;24.50;23.50;24.50;24.50;25.75;36.50;33.25;25.00;24.25;23.75;24.00;24.50;25.75;35.50;31.75;24.25;24.00;23.25;23.25;23.50;24.50;29.75;27.75;23.75;23.75;23.00;24.25;24.25;24.25;24.50;24.25;23.00;23.00;23.25]
22537- [24.25;24.25;25.00;25.25;25.25;24.75;24.50;24.50;24.75;24.25;25.00;26.50;26.25;25.25;24.50;24.25;24.50;24.50;25.00;32.25;31.00;25.25;24.50;24.00;24.25;24.25;25.75;36.00;34.00;25.25;24.25;24.00;24.50;24.75;26.00;36.25;33.25;24.75;24.25;23.75;23.25;24.25;25.75;35.75;31.25;24.25;23.75;23.75;23.50;24.00;24.25;30.00;27.25;23.75;23.50;22.50;24.00;24.00;23.75;24.75;23.75;22.50;23.25;22.50]
23022- [24.75;24.25;24.75;25.50;24.75;24.75;24.75;24.25;24.75;24.50;25.00;26.50;26.50;25.00;25.00;25.00;24.50;24.50;25.50;32.25;31.25;25.50;24.75;24.25;24.50;24.50;26.00;36.25;34.25;25.25;24.50;23.75;24.50;24.50;26.25;36.50;33.25;25.00;24.50;24.00;24.00;24.25;25.25;36.25;31.25;24.75;24.25;23.75;23.50;23.75;24.75;30.00;27.50;24.00;23.50;23.25;23.50;23.75;24.25;24.00;24.00;23.50;23.25;23.00]
23507- [25.00;24.25;25.25;25.25;25.50;24.50;25.00;24.75;24.50;24.25;24.75;26.75;26.50;25.25;24.00;24.75;24.50;25.00;25.00;32.25;31.00;25.50;24.00;24.25;24.25;24.25;25.50;36.25;34.25;25.25;24.75;24.00;24.75;24.25;26.00;36.25;33.00;24.75;24.25;23.75;23.75;24.00;25.50;35.50;31.25;24.25;23.75;23.75;23.75;23.50;24.00;29.75;27.25;24.00;23.50;23.00;23.50;23.50;23.50;23.50;24.00;23.50;23.50;23.25]
23992- [25.50;24.50;24.50;25.25;25.50;24.75;25.00;24.50;24.50;24.75;24.75;26.25;26.50;25.00;24.75;24.75;24.75;24.50;25.75;32.50;31.00;25.00;24.50;24.25;24.25;24.25;25.25;36.00;34.25;25.25;24.25;24.00;24.75;24.75;26.25;36.00;33.25;24.75;24.25;23.50;24.25;24.50;25.25;35.50;31.50;24.75;23.75;23.50;23.75;23.75;24.50;29.50;27.25;24.25;23.00;23.25;23.75;23.75;24.25;23.75;24.25;23.25;23.00;22.50]
24477- [25.00;24.25;25.00;25.50;25.50;24.25;24.50;24.25;25.00;24.00;25.00;26.50;27.00;25.00;24.25;24.25;24.50;24.50;25.50;32.00;31.25;25.50;24.50;24.50;24.25;24.00;25.25;36.00;34.00;25.25;24.25;23.75;24.75;24.50;25.50;36.50;33.25;25.00;24.25;23.25;24.25;24.00;25.50;35.75;31.25;24.25;24.00;23.00;23.25;23.75;24.75;29.75;27.25;24.00;23.75;22.75;23.75;24.00;23.75;24.00;24.25;23.25;23.50;23.25]
24962- [24.50;24.50;24.75;25.00;25.25;24.75;24.75;24.50;24.75;24.25;25.25;26.50;26.25;25.00;24.50;24.50;24.50;24.50;25.75;32.25;31.50;25.25;24.50;24.25;24.00;24.25;25.75;36.00;34.00;25.00;24.25;24.00;24.25;24.50;25.50;36.00;33.25;25.00;24.50;23.75;23.75;24.00;25.00;35.75;31.50;25.00;23.75;24.25;23.75;23.00;24.25;29.75;27.00;24.50;23.50;22.50;23.25;23.75;23.50;23.50;23.75;22.75;23.75;23.00]
25447- [24.75;24.25;24.50;25.00;25.75;24.50;25.00;24.50;24.50;24.25;24.75;26.50;26.50;24.75;24.25;24.25;24.00;24.50;25.50;32.50;31.25;25.25;25.00;24.50;24.50;24.00;25.25;36.00;34.25;25.00;24.50;24.25;24.25;24.50;25.50;36.25;33.25;25.00;24.25;23.25;24.00;24.50;25.75;35.50;31.25;24.00;23.25;23.50;23.25;23.50;24.50;29.50;27.25;24.00;23.75;23.00;23.25;23.25;24.00;24.00;23.75;23.00;23.25;23.25]
25932- [25.00;24.25;24.75;25.50;25.50;24.50;25.25;24.25;24.50;24.25;24.75;26.50;26.75;25.00;24.25;24.50;24.00;24.75;25.25;32.00;31.25;25.25;24.50;24.25;24.75;24.25;25.50;35.75;33.75;24.75;24.50;24.00;24.25;24.75;25.75;36.75;33.25;24.75;24.25;23.75;23.75;24.00;25.50;35.50;31.25;24.50;24.25;23.75;23.25;23.50;23.75;29.50;27.00;23.75;23.50;23.00;23.75;24.50;23.50;24.00;23.75;22.75;23.75;23.25]
26417- [24.50;24.50;24.75;25.50;25.25;24.50;25.00;24.50;23.75;24.50;25.25;26.25;26.50;24.50;24.25;25.00;24.25;24.50;25.50;32.00;31.25;25.25;24.75;24.25;24.00;24.50;25.00;36.25;33.75;25.00;24.50;23.75;24.25;24.50;26.00;36.50;32.75;24.75;24.25;23.50;23.75;24.25;25.75;36.00;31.25;24.75;23.75;23.50;24.50;23.00;24.00;29.75;27.25;24.25;23.50;23.00;23.50;23.75;23.50;24.00;23.50;23.00;23.00;23.00]
26902- [24.50;24.00;24.75;25.25;25.00;24.50;25.25;24.25;24.75;24.50;25.00;26.25;26.50;25.00;24.75;23.50;25.00;24.50;25.25;32.25;31.25;25.25;24.75;24.50;24.25;24.50;25.50;36.25;34.00;24.75;24.25;24.00;24.75;24.50;25.50;36.25;33.00;24.75;24.25;23.75;23.75;24.25;25.50;35.50;31.00;24.75;23.75;23.50;23.75;23.75;24.50;29.50;27.50;24.00;23.25;23.00;23.50;23.75;24.25;24.00;23.50;23.50;23.50;22.75]
27387- [24.75;24.00;24.75;25.00;25.25;25.00;25.25;24.25;25.25;24.75;25.25;27.00;26.25;25.25;24.75;24.25;24.50;25.00;25.50;32.50;31.25;25.25;25.00;24.25;24.50;24.25;25.75;36.25;34.25;25.25;24.50;23.50;24.25;24.25;26.00;36.50;33.50;25.00;24.00;23.50;24.00;24.50;25.25;35.75;31.50;24.75;24.00;23.50;23.50;24.00;24.50;29.75;27.25;24.25;23.50;23.00;23.50;24.25;24.00;24.25;24.25;23.25;23.50;23.25]
27872- [24.75;24.25;24.50;25.25;25.00;25.00;24.75;24.75;24.50;24.50;25.25;26.75;26.50;25.25;24.50;24.50;24.50;25.00;25.75;32.00;31.25;24.75;24.75;24.25;24.00;24.50;25.50;35.75;34.25;24.75;24.25;24.25;24.00;24.50;26.00;36.25;33.25;25.00;24.75;23.75;24.00;24.00;25.25;35.75;31.00;24.25;23.25;23.75;23.75;23.75;24.50;30.00;27.25;24.00;23.25;23.00;23.75;23.75;23.75;24.25;23.75;23.25;23.50;23.50]
28357- [24.75;24.25;24.75;25.00;25.25;24.25;24.75;24.25;25.00;24.00;25.00;26.75;26.50;24.75;24.50;24.00;24.50;24.75;25.50;32.25;31.25;25.25;24.50;24.50;24.25;24.25;25.25;36.00;34.00;25.50;24.25;23.75;23.75;24.75;26.00;36.50;33.00;25.00;24.25;23.00;23.75;24.25;25.25;35.75;31.25;24.50;23.75;23.75;23.75;23.25;24.25;29.50;27.50;24.00;23.50;23.00;23.50;23.50;24.00;24.00;23.75;23.50;23.25;23.50]
28842- [24.50;24.50;25.00;25.00;25.25;24.75;24.75;24.75;24.50;24.00;24.75;26.25;26.25;24.75;24.75;24.75;24.50;24.50;25.50;32.25;31.50;25.50;24.75;24.75;24.00;24.25;25.50;36.00;34.50;25.00;24.50;24.00;24.50;24.75;25.75;36.50;33.50;25.25;24.00;23.50;24.25;24.50;25.25;35.50;31.25;24.75;24.00;24.00;24.00;24.00;24.50;29.75;27.50;24.50;23.75;23.25;23.00;23.50;24.00;24.00;23.75;23.25;23.25;23.50]
29327- [24.50;24.25;24.50;25.25;25.25;24.75;24.50;24.50;24.75;24.50;24.75;26.75;26.25;25.00;24.75;24.50;24.50;24.75;25.50;32.25;31.00;25.50;25.25;23.75;24.25;24.25;25.75;36.00;34.25;25.00;24.00;23.50;24.50;24.75;25.25;36.25;33.50;24.75;24.50;23.50;24.25;24.25;25.25;35.50;31.00;24.50;24.00;23.50;23.50;23.50;24.25;29.75;27.00;24.25;23.25;22.75;23.50;22.75;24.00;23.50;23.50;22.75;23.25;23.25]
29812- [24.50;24.00;25.00;25.25;25.25;24.50;25.00;24.75;24.75;24.50;25.00;26.25;26.75;24.50;24.00;24.50;24.50;24.75;25.25;32.25;31.50;25.75;25.00;23.75;24.50;24.50;25.50;36.00;34.00;25.50;24.00;23.75;24.75;25.00;26.00;36.50;33.25;25.25;24.25;23.50;24.00;24.25;25.50;35.75;31.25;24.75;23.75;24.00;23.75;23.50;24.25;29.50;27.25;24.00;23.25;22.50;23.25;23.75;24.25;24.00;24.00;23.75;23.75;23.25]
30297- [24.75;24.50;24.75;25.50;25.00;25.00;25.25;24.50;24.75;24.50;25.25;26.75;26.50;24.50;24.75;24.00;24.50;25.00;26.00;32.50;31.00;25.25;24.75;24.25;24.50;24.50;25.75;36.00;34.00;25.00;24.50;23.50;24.25;24.75;25.75;36.50;33.25;25.00;24.25;23.50;24.00;24.25;25.50;35.75;31.00;24.50;24.00;23.75;23.75;23.50;24.25;30.50;27.25;23.75;23.25;23.00;23.50;23.75;23.75;24.00;24.25;23.25;23.25;23.25]
30782- [25.00;24.25;24.75;25.25;25.25;24.75;24.50;24.00;24.50;24.75;25.00;26.25;26.50;24.75;24.00;24.50;24.75;25.00;25.25;32.50;31.25;25.50;24.75;24.50;24.50;24.75;25.25;35.75;34.25;25.25;24.50;24.00;24.75;24.50;25.75;36.75;33.25;25.25;24.00;23.25;23.50;24.50;25.00;36.00;31.75;24.00;23.75;23.75;23.50;23.25;24.50;29.75;27.25;24.25;24.00;22.75;23.25;23.75;23.75;23.50;23.75;23.25;23.50;23.25]
31267- [25.25;24.00;24.75;25.00;25.00;24.50;24.50;24.75;24.50;24.50;25.00;26.25;26.25;25.00;24.50;25.25;24.50;24.75;25.25;32.25;31.00;25.25;24.50;24.00;24.25;24.25;25.50;36.00;34.00;25.00;24.25;24.25;24.00;24.75;25.50;36.50;33.25;25.00;24.25;23.25;24.25;24.25;25.25;35.50;31.00;24.25;23.75;23.75;24.00;23.50;24.00;29.75;27.00;23.75;23.00;23.00;23.75;23.25;23.50;24.00;23.25;23.00;23.50;23.25]
31752- [24.75;24.50;24.75;25.00;25.25;24.75;24.75;24.75;25.00;24.25;25.00;26.25;26.50;25.00;24.50;24.75;24.75;24.50;25.25;32.25;31.25;25.00;24.50;24.25;24.00;24.25;25.50;36.00;34.00;25.25;25.00;24.00;24.25;24.75;25.50;36.25;33.25;25.00;24.25;23.50;24.00;24.00;25.25;36.00;31.25;24.50;23.75;24.25;23.50;23.50;24.75;30.00;27.00;24.25;23.25;23.00;23.50;24.00;24.00;24.00;23.75;23.00;23.50;23.25]
32237- [24.75;24.25;24.75;25.00;25.25;25.00;25.00;24.75;25.00;24.25;24.75;26.25;26.25;25.25;24.25;24.50;24.25;24.50;25.00;32.50;31.00;25.25;24.75;24.00;24.25;24.25;25.50;36.00;34.00;25.00;24.50;24.00;24.25;24.75;25.75;36.00;33.00;25.00;24.00;23.75;24.00;24.00;25.50;35.50;31.50;24.00;23.50;23.50;23.75;23.75;24.25;30.00;27.50;24.00;23.00;22.50;23.25;23.50;23.25;23.50;23.75;23.00;23.25;23.50]
32722- [24.75;24.75;24.50;25.00;25.25;24.75;24.25;24.50;24.50;24.25;25.00;26.50;26.25;25.00;24.25;24.75;24.75;24.50;25.25;32.25;31.00;25.25;24.50;24.00;24.25;24.25;25.75;36.25;34.25;25.50;24.25;23.25;24.50;25.00;25.75;36.25;33.25;25.25;24.50;23.75;23.75;24.25;25.25;35.75;31.25;24.25;23.75;24.00;23.75;23.50;24.50;30.00;27.25;23.75;23.25;22.50;23.25;23.75;24.25;24.50;24.00;23.50;23.25;23.50]
33207- [25.00;24.25;24.75;25.25;25.00;24.75;24.75;24.25;25.00;24.25;25.25;26.00;26.50;24.75;24.25;24.25;24.50;24.75;25.50;32.50;31.25;25.50;25.00;24.00;24.00;24.50;25.75;35.75;34.00;25.00;24.50;24.00;24.25;24.50;25.75;36.25;33.25;24.75;24.00;23.75;23.75;24.25;25.50;35.75;31.25;24.75;23.75;23.75;23.50;23.50;24.25;30.00;27.25;24.25;23.50;22.50;23.25;23.25;23.50;24.00;23.75;23.00;23.75;22.75]
33692- [24.75;24.25;24.75;25.50;25.00;24.75;24.75;24.50;24.75;24.75;25.00;26.50;26.50;25.00;25.00;24.50;24.75;24.25;25.25;32.50;31.25;25.50;24.75;24.50;24.75;24.50;25.50;36.25;34.25;25.25;24.25;24.00;24.50;24.75;25.75;36.50;33.25;25.25;24.50;23.50;24.50;24.25;25.50;35.50;31.50;25.25;23.75;23.75;24.00;23.50;24.25;30.25;27.25;24.25;23.00;23.00;22.75;24.00;24.00;24.00;24.00;23.25;22.75;24.00]
34177- [24.75;24.25;24.75;25.50;25.25;25.25;25.50;24.00;25.00;24.00;25.00;26.75;26.25;25.00;24.75;24.50;24.50;25.00;25.50;32.25;31.00;25.25;25.00;24.00;24.75;24.50;25.50;35.75;34.00;25.25;24.75;23.50;24.50;24.75;25.50;36.25;33.00;24.50;24.50;23.50;23.75;24.00;25.00;35.25;31.00;24.50;23.75;23.75;23.50;23.75;24.50;30.00;27.25;24.75;23.25;22.50;23.50;23.50;24.25;24.25;24.25;23.50;23.50;23.25]
34662- [24.75;24.50;24.25;25.50;25.50;24.50;24.75;24.50;24.75;24.25;25.50;26.25;26.50;25.00;24.25;24.50;24.50;24.75;25.25;32.00;31.50;25.00;24.25;24.25;24.50;24.50;26.00;36.25;34.25;25.25;24.50;23.75;24.50;24.25;25.75;36.25;33.25;25.25;24.25;23.75;24.25;24.00;25.50;35.75;31.25;24.50;24.00;24.25;24.50;23.50;24.50;30.00;27.25;24.25;23.50;22.75;23.50;24.00;24.25;24.50;24.50;23.50;23.50;23.50]
35147- [24.50;24.25;25.00;25.25;25.00;25.00;25.25;24.50;24.75;24.25;25.00;26.50;26.75;25.00;23.75;24.50;24.50;24.75;25.75;32.25;31.75;25.25;25.00;24.25;24.75;24.75;25.25;36.00;34.00;25.25;24.00;24.00;24.25;24.25;25.50;36.00;33.25;25.00;24.50;23.75;23.75;24.50;25.25;35.50;31.50;24.50;23.75;23.75;23.75;23.75;24.25;29.50;27.25;24.00;23.50;22.75;23.50;24.25;23.75;24.50;24.00;23.50;23.25;23.00]
35632- [24.25;24.75;24.75;25.25;25.00;24.75;24.50;25.25;24.50;24.50;25.00;26.50;26.25;24.75;24.25;24.50;24.50;24.75;25.50;32.00;31.50;25.50;25.00;24.25;24.25;24.25;25.50;36.25;34.25;25.25;24.00;23.75;24.50;24.75;25.50;36.50;33.25;25.25;24.25;23.75;23.75;24.25;25.25;35.75;31.50;24.75;23.75;23.75;23.00;23.50;24.25;29.50;27.00;24.00;23.25;22.50;22.75;23.75;23.75;23.75;23.75;23.50;23.50;23.00]
36117- [25.00;24.25;24.75;25.25;25.50;24.50;24.50;25.00;25.00;24.50;25.00;26.75;26.50;25.25;24.25;24.75;24.25;24.75;25.50;32.25;31.50;25.25;25.00;24.25;24.75;24.50;25.50;36.50;34.00;25.00;24.50;23.25;24.00;24.75;26.25;36.50;33.50;25.50;24.50;23.75;24.50;24.25;25.50;35.25;31.50;24.75;24.00;24.00;23.25;24.00;24.75;30.00;27.50;24.25;23.25;22.75;24.00;23.50;23.75;24.00;24.00;23.75;23.50;23.25]
36602- [24.75;24.50;25.25;25.25;25.50;24.75;25.50;24.50;24.75;24.50;25.25;26.50;26.75;25.00;24.50;24.50;24.25;24.75;25.50;32.25;31.00;25.25;24.25;24.00;24.75;24.25;25.50;36.25;34.00;25.00;24.75;23.50;24.25;24.75;25.50;36.00;33.25;25.00;24.50;23.50;23.75;24.50;26.00;35.75;31.00;24.75;23.50;24.00;24.00;23.25;24.25;30.00;27.25;24.00;23.75;23.25;23.50;23.50;23.75;24.25;24.00;23.50;23.50;23.25]
37087- [25.00;24.25;25.00;25.25;25.50;25.00;25.00;24.25;25.00;24.75;25.00;26.25;26.25;25.25;24.75;24.50;25.00;24.75;25.50;32.75;31.25;25.50;24.50;24.25;24.50;24.50;25.75;36.00;34.25;25.25;24.25;23.75;24.25;24.75;26.00;36.25;33.00;25.25;24.25;23.75;24.25;24.25;25.25;35.75;31.50;24.50;24.25;23.75;24.00;23.75;24.75;30.25;27.25;24.00;23.50;23.00;23.75;23.50;24.00;24.25;23.75;23.00;23.50;23.75]
37572- [24.75;24.25;25.00;25.50;25.25;24.50;25.00;25.00;25.00;24.75;25.00;26.75;26.25;25.00;24.75;24.75;24.50;24.50;25.25;32.50;31.00;25.50;24.50;23.75;24.75;24.50;25.75;36.00;34.25;25.25;24.50;24.00;24.25;25.00;25.75;36.25;33.25;25.00;24.75;23.50;23.75;24.50;25.50;35.75;31.25;24.50;23.75;23.75;23.50;23.25;24.25;30.00;27.75;24.50;23.50;23.00;23.75;24.50;24.00;24.25;24.50;23.50;23.25;23.25]
38057- [25.25;24.25;24.75;25.50;25.25;24.25;25.00;24.50;24.25;24.50;25.00;26.25;26.50;25.00;24.50;24.75;24.75;25.00;25.50;32.25;31.00;25.25;25.25;24.25;24.50;24.50;25.50;36.00;34.00;25.00;24.50;23.50;24.25;24.75;25.75;36.50;33.50;25.50;24.00;23.75;24.00;24.00;25.75;35.75;31.50;24.75;24.00;23.50;23.75;23.50;24.50;30.25;27.25;23.75;23.50;23.25;23.50;23.75;23.75;24.25;24.00;23.00;23.75;23.25]
38542- [24.50;24.50;25.00;25.75;25.50;24.50;25.25;24.50;25.00;24.25;25.00;26.75;26.25;25.25;24.25;25.00;24.50;25.00;25.75;32.25;31.25;25.25;25.00;24.50;24.25;24.50;25.50;36.00;34.25;25.00;24.75;24.25;24.25;25.00;26.25;36.25;33.50;25.50;24.25;24.00;24.00;24.25;25.25;35.50;31.25;24.50;24.25;24.00;23.75;23.75;24.25;30.00;27.25;23.75;23.25;23.00;24.25;24.25;24.25;24.25;23.75;23.50;23.25;23.50]
39027- [24.75;24.50;24.75;25.50;25.25;24.75;24.50;24.50;25.00;24.25;25.00;26.75;26.50;25.00;24.25;24.75;25.00;25.00;25.50;32.25;31.50;25.25;24.75;24.75;24.25;24.50;25.50;36.25;34.25;25.00;24.75;24.25;24.50;24.50;25.75;36.25;33.25;24.75;24.50;23.50;24.00;24.00;25.50;35.50;31.25;25.00;23.75;24.25;24.00;23.75;24.00;30.00;27.25;24.00;23.75;22.50;23.00;23.50;24.50;24.25;24.25;23.25;23.25;23.25]
39512- [24.50;24.25;24.50;25.25;25.75;24.75;25.00;25.00;24.75;24.25;25.25;26.50;26.75;25.00;24.50;24.50;24.50;24.50;25.50;32.00;31.25;25.25;24.75;24.00;24.75;24.50;25.75;36.25;34.25;25.50;24.75;23.75;24.25;24.75;25.50;36.00;33.50;25.00;24.75;23.75;24.25;24.50;25.75;35.75;31.50;24.75;23.75;23.75;23.50;24.00;24.75;30.25;27.50;23.75;23.50;23.00;23.75;23.00;23.50;23.75;24.50;22.75;23.50;23.25]
39997- [25.00;24.25;25.00;25.25;25.00;24.75;24.75;24.50;24.75;24.25;25.00;27.00;26.50;24.75;25.00;24.50;24.75;24.75;25.75;32.25;31.50;25.25;24.75;24.50;24.75;24.25;25.50;35.75;34.00;25.00;24.50;23.75;24.25;25.00;25.75;36.25;33.25;25.00;24.50;23.25;24.00;24.00;25.50;35.50;31.50;24.00;23.75;23.25;23.50;24.00;24.00;30.00;27.25;24.25;23.25;23.25;22.75;24.00;24.00;24.25;23.50;23.00;23.50;22.75]
40482- [25.00;24.75;24.75;25.75;25.50;24.75;24.75;24.75;25.00;24.25;25.25;26.75;26.75;25.00;24.75;24.75;24.75;24.75;25.50;32.25;31.50;25.00;24.75;24.00;24.75;24.50;25.50;36.00;34.25;25.50;24.75;24.00;24.75;24.25;25.75;36.50;33.25;25.00;24.25;23.50;24.00;24.25;25.50;35.50;31.00;24.75;23.75;24.00;24.00;23.50;24.50;29.75;27.50;24.25;23.25;23.00;23.00;23.25;23.50;24.00;24.25;23.25;24.00;23.50]
40967- [25.00;24.75;24.75;25.50;25.25;25.00;24.75;24.25;25.25;24.25;25.00;26.75;26.25;25.00;24.75;24.50;24.75;25.00;25.25;32.50;31.25;25.25;24.75;23.75;24.50;24.50;25.75;36.25;34.50;25.00;24.50;24.00;24.25;24.75;26.00;36.25;33.50;25.25;24.25;23.25;24.00;24.00;25.25;35.50;31.75;24.75;23.75;23.50;23.50;23.75;24.25;30.25;27.25;24.00;24.00;22.75;23.50;23.25;24.00;24.25;24.00;23.25;23.75;24.00]
41452- [25.00;24.00;24.50;25.75;25.25;24.75;25.00;25.00;24.75;24.25;25.25;26.50;26.50;25.25;24.75;24.50;24.75;24.75;25.75;32.50;31.00;25.50;24.75;24.50;24.50;24.25;25.50;36.25;34.00;25.50;24.50;23.75;24.50;24.75;26.00;36.25;32.75;25.25;24.00;24.00;23.75;24.25;25.00;35.75;31.25;24.50;24.00;24.00;23.75;23.75;24.25;30.50;27.25;24.00;24.00;23.50;23.25;23.75;24.00;24.25;24.25;23.50;23.50;23.00]
41937- [24.75;24.50;24.75;25.50;25.75;24.75;25.00;25.00;24.50;25.00;24.75;26.75;26.75;25.25;24.50;24.75;24.50;24.75;25.50;32.50;31.00;25.25;24.75;24.50;24.75;24.50;25.50;36.25;34.50;25.25;24.75;23.75;24.25;24.75;26.00;36.50;33.50;24.75;24.75;23.50;24.00;24.25;25.50;35.75;31.25;24.75;23.75;24.25;23.75;23.25;24.50;30.00;27.50;24.25;23.75;23.50;23.50;23.75;23.50;24.25;23.75;23.25;23.25;23.25]
42422- [24.50;24.50;25.00;26.25;25.75;24.75;25.00;24.75;25.00;24.75;25.25;26.75;26.50;25.00;24.75;24.75;24.75;24.50;25.75;32.25;31.50;25.50;24.50;24.25;24.75;24.75;25.75;36.25;34.25;25.25;24.50;24.00;24.50;24.75;25.75;36.25;33.25;25.25;24.50;23.50;24.00;24.25;25.50;36.00;31.50;24.75;24.25;24.00;23.75;23.75;24.25;29.75;27.25;24.00;23.75;22.75;23.75;23.50;24.25;24.00;24.00;23.50;23.50;22.50]
42907- [24.50;24.50;25.00;26.00;25.25;25.00;25.25;25.00;25.25;24.75;25.50;27.00;26.75;25.50;24.50;24.50;25.25;24.75;25.50;32.00;31.25;25.75;25.25;24.25;24.50;24.75;25.75;36.50;34.25;25.00;24.00;23.75;24.25;25.00;26.00;36.50;33.25;25.00;24.50;23.75;24.25;24.25;25.50;35.50;31.25;24.75;23.50;24.25;23.25;23.75;24.25;29.75;27.25;24.50;23.75;23.25;23.75;23.50;24.00;24.25;23.75;23.75;23.50;23.25]
43392- [24.25;24.75;25.25;25.50;25.50;24.75;25.00;24.50;25.00;24.75;25.25;26.75;27.00;25.25;24.75;24.75;24.50;25.00;25.50;32.50;31.50;25.50;24.75;24.50;24.50;24.50;25.75;36.25;34.25;25.25;24.50;24.00;24.75;24.75;25.75;37.00;33.50;25.50;24.25;23.75;24.25;24.50;25.50;35.75;31.50;24.25;24.50;23.75;23.75;24.00;24.50;30.25;27.25;24.25;23.25;23.25;24.00;23.75;24.25;24.25;24.00;23.50;24.00;23.50]
43877- [25.25;24.25;25.50;25.50;25.75;25.25;25.25;25.00;24.50;24.50;25.25;26.75;27.00;25.00;24.75;25.00;24.50;24.50;25.50;32.25;31.25;25.25;24.75;24.25;24.50;24.75;25.50;36.25;34.25;25.50;24.50;23.25;24.50;25.00;25.50;36.50;33.25;25.50;24.25;23.75;24.00;24.75;25.50;36.25;31.50;24.25;23.75;23.50;24.00;23.75;24.50;30.00;27.50;24.00;24.00;22.75;23.75;24.00;23.50;24.00;23.75;23.75;23.25;23.25]
44362- [25.00;24.25;25.25;25.75;25.50;25.00;25.25;25.00;24.75;24.75;25.25;27.00;26.75;25.00;25.00;25.00;25.00;24.75;26.00;32.50;31.50;25.25;24.75;24.25;25.00;24.75;26.00;36.00;34.25;25.00;24.75;24.25;24.00;25.00;26.25;36.75;33.50;25.50;24.50;23.75;23.75;24.50;25.75;35.75;31.50;24.75;24.25;23.50;23.75;23.50;24.25;30.25;28.00;24.25;23.75;22.75;23.50;24.25;23.50;24.25;24.25;23.50;23.75;23.50]
44847- [25.00;24.25;25.25;25.75;25.50;25.00;24.75;24.75;25.00;24.50;25.50;26.75;26.50;24.75;24.50;24.75;24.75;25.00;25.50;32.00;31.50;25.25;24.50;24.25;24.50;24.75;25.75;36.50;34.50;25.25;24.50;24.50;24.75;24.75;26.00;36.75;33.75;25.00;24.75;23.50;24.25;24.50;25.50;36.00;31.50;24.50;23.75;23.75;23.75;23.25;24.50;30.00;27.25;24.50;24.25;22.75;24.00;24.25;23.75;23.75;23.75;23.75;23.75;23.50]
45332- [25.25;25.00;24.75;25.75;25.50;25.00;25.25;25.00;25.00;24.75;25.50;26.50;27.00;25.50;24.75;24.50;24.75;25.00;25.50;32.50;31.50;25.25;24.75;24.25;24.50;24.50;26.00;36.25;34.25;25.00;24.25;23.50;24.50;25.00;26.25;36.75;33.25;24.75;24.25;23.75;24.00;24.75;25.25;36.00;31.50;24.75;24.25;23.75;23.25;23.50;24.75;29.75;27.50;23.50;23.50;23.25;23.25;23.25;24.25;23.75;23.50;23.50;23.50;23.25]
45817- [25.50;24.75;24.75;26.00;25.75;25.00;25.25;24.25;25.25;24.75;25.25;26.75;26.75;25.00;24.50;24.75;24.50;24.50;25.75;32.50;31.50;25.75;25.00;24.75;24.50;24.25;25.75;36.00;34.25;25.25;24.50;23.75;25.00;25.00;26.00;36.50;33.25;25.00;24.50;23.50;24.00;24.50;25.75;35.50;31.50;24.75;24.00;24.00;24.25;23.75;24.50;30.25;27.75;24.50;23.50;23.00;23.75;24.00;24.00;24.00;24.00;23.25;23.50;23.00]
46302- [25.25;24.25;25.00;25.50;25.75;24.75;25.25;24.75;24.75;24.25;25.00;26.50;26.50;25.25;24.50;25.00;24.75;24.50;25.50;32.75;31.25;25.75;25.00;24.50;24.25;24.75;26.00;36.50;34.00;25.75;24.50;24.25;24.50;24.75;26.00;36.75;33.50;25.00;24.50;23.75;23.75;24.50;26.00;35.75;31.50;25.00;23.75;24.00;24.25;23.50;24.50;30.25;27.75;24.25;23.25;23.25;23.25;23.75;23.75;24.00;24.00;23.50;23.00;23.50]
46787- [25.00;24.25;24.75;25.00;25.50;25.00;25.25;25.00;24.50;24.50;25.50;26.75;26.25;25.00;25.00;24.50;25.00;25.00;25.50;32.50;31.50;25.50;25.00;24.50;24.50;24.75;25.50;36.25;34.25;25.50;24.50;24.25;24.75;24.75;26.00;36.25;33.50;25.25;24.25;23.50;24.50;24.25;25.25;36.00;31.50;24.75;23.75;23.75;24.50;24.00;24.75;30.50;27.25;24.25;23.75;23.50;23.75;23.50;23.75;24.25;24.25;23.50;23.50;23.50]
47272- [24.75;24.50;25.00;25.25;25.25;25.00;25.00;24.25;24.75;24.50;25.00;26.75;26.50;25.25;24.50;24.50;24.50;25.00;25.50;32.25;31.25;25.25;25.25;24.00;24.75;24.75;25.25;36.25;34.50;25.25;24.25;24.00;24.50;24.75;26.00;36.75;33.25;25.00;24.50;24.00;24.25;24.00;25.50;36.00;31.75;24.75;24.25;23.75;23.75;23.25;24.50;30.00;27.25;24.25;23.75;23.25;23.25;24.00;24.00;24.25;24.00;23.25;23.50;23.75]
47757- [25.25;24.50;24.75;25.25;25.25;24.50;25.25;24.75;25.00;24.50;25.00;26.75;26.50;25.25;24.50;24.50;24.50;24.50;25.50;32.50;31.00;25.25;25.00;24.25;24.50;24.75;25.50;36.25;34.25;25.50;24.25;23.75;24.25;25.00;26.00;36.50;33.25;25.25;24.50;23.50;24.00;24.75;25.25;35.75;31.50;24.50;23.75;23.50;24.25;23.75;24.25;29.75;27.25;24.25;23.75;23.25;23.25;24.00;24.00;23.50;24.25;23.50;23.75;23.50]
48242- [24.75;24.50;25.00;25.25;25.75;25.00;25.00;24.25;24.75;24.50;25.00;26.75;26.50;25.00;24.75;24.50;25.00;25.00;25.50;32.25;31.50;25.50;25.00;24.25;24.25;24.25;25.50;36.25;34.25;25.00;24.25;24.25;24.25;24.75;26.25;36.50;33.25;25.00;24.25;23.25;24.00;24.75;25.50;35.75;31.25;24.75;24.25;24.00;23.00;24.25;24.25;30.25;27.25;24.00;23.50;23.25;23.50;23.50;24.25;24.00;24.00;23.75;23.00;23.00]
48727- [25.00;24.50;25.00;25.25;25.50;24.50;25.25;24.75;25.25;24.75;25.25;26.75;26.50;25.50;24.75;24.50;24.50;24.75;25.50;32.75;31.50;25.75;25.00;24.50;24.50;24.25;25.50;36.25;34.00;25.00;24.25;23.50;24.50;24.50;26.00;36.75;33.50;25.00;24.25;24.00;24.00;24.50;25.25;35.50;31.25;24.50;24.00;24.00;23.75;24.00;24.25;29.75;27.50;24.50;23.75;22.75;23.75;23.75;23.50;23.50;24.25;23.75;23.75;23.00]
49212- [25.25;24.25;25.00;25.75;25.75;24.75;25.00;24.50;25.00;24.50;25.00;26.75;26.50;25.00;24.50;24.75;25.00;25.25;25.75;32.25;31.25;25.25;24.75;24.50;24.50;24.75;25.50;36.00;34.25;25.25;24.25;24.00;24.75;25.25;26.00;36.50;33.00;25.25;24.50;23.50;24.25;24.50;25.50;35.50;31.75;24.75;23.50;23.50;24.00;23.50;24.25;29.75;27.50;24.00;23.75;22.75;23.25;23.50;23.50;23.75;24.00;22.75;23.25;23.00]
49697- [24.50;24.75;25.00;25.50;25.50;24.50;25.00;24.50;25.00;24.75;25.25;26.75;26.50;25.25;24.75;25.00;25.00;24.50;25.50;32.25;31.50;25.75;25.00;24.50;24.25;24.50;25.75;36.25;34.25;25.00;24.75;24.00;24.50;24.75;25.75;36.50;33.50;25.25;24.75;23.50;24.00;24.75;25.75;35.75;31.50;24.50;23.75;24.00;23.75;23.75;24.75;30.00;27.25;24.50;23.50;22.75;23.25;23.50;24.00;24.25;23.75;23.50;23.00;22.75]
50182- [24.75;24.25;25.50;25.50;25.50;24.50;25.50;24.75;25.25;24.75;25.25;26.50;26.50;25.00;24.50;24.75;25.00;24.75;25.25;32.50;31.25;25.25;24.75;24.50;24.50;25.00;25.50;36.25;34.00;25.25;24.25;23.75;24.50;24.75;26.25;36.50;33.50;25.00;24.00;23.75;24.25;24.50;25.50;36.00;31.25;24.75;24.00;23.75;23.75;24.00;24.50;30.25;27.25;24.25;23.75;23.00;23.75;24.00;23.75;24.00;23.75;23.50;23.50;23.25]
50667- [24.75;24.75;25.00;25.50;25.25;25.00;25.00;25.00;25.25;24.50;25.25;26.50;26.50;25.25;25.00;24.75;24.50;25.00;25.50;32.25;31.50;25.00;25.00;24.25;24.25;24.25;25.50;36.25;34.25;25.50;24.50;23.50;24.25;25.00;26.00;36.50;33.50;25.25;24.50;23.75;24.00;24.25;25.25;35.75;31.75;24.75;23.75;23.75;23.25;23.50;24.50;30.25;27.50;24.50;23.50;22.75;23.25;23.75;24.25;24.50;24.00;23.25;23.25;23.00]
51152- [25.00;24.50;24.75;25.75;25.25;24.75;25.00;25.00;25.25;24.50;25.25;26.75;26.75;25.00;24.50;25.00;24.75;24.50;25.75;32.25;31.25;25.50;24.50;24.25;24.00;24.25;25.50;36.00;34.25;25.50;24.50;23.75;24.50;24.75;26.00;36.25;33.75;25.00;24.75;23.75;24.00;24.50;25.50;36.00;31.50;25.00;23.50;24.25;24.00;23.75;24.75;30.00;27.25;24.75;23.25;23.00;23.75;23.00;24.25;24.00;24.00;23.00;23.25;23.25]
51637- [25.00;24.00;24.75;25.50;25.25;24.25;24.50;25.00;25.00;24.50;25.00;26.50;26.50;25.00;24.50;24.50;24.50;24.50;25.25;32.25;31.25;25.00;24.50;24.25;25.00;24.75;25.50;36.25;34.50;25.50;24.00;23.75;24.75;24.25;26.25;36.50;33.50;25.25;24.25;23.75;24.00;24.25;25.50;35.75;31.25;24.75;23.50;24.00;23.75;23.50;24.25;29.75;27.25;24.00;23.75;23.00;23.00;23.75;24.25;23.50;23.75;23.25;23.25;22.50]
52122- [24.75;24.50;25.00;25.25;25.00;24.75;24.75;24.75;24.75;24.75;25.25;26.00;26.75;25.00;24.25;25.00;24.50;25.25;25.75;32.00;31.25;25.25;24.50;24.00;24.75;24.50;25.75;36.50;34.25;25.50;24.50;24.00;24.25;24.75;26.00;36.25;33.50;25.00;24.50;23.50;24.00;24.75;25.50;35.75;31.25;24.75;23.75;23.50;23.75;23.75;24.50;30.00;27.25;24.50;23.25;23.00;23.25;23.25;23.75;24.00;23.75;23.25;23.50;22.75]
52607- [25.00;24.50;25.00;25.75;25.50;25.00;25.25;24.75;25.00;24.25;25.50;26.75;26.50;25.25;24.75;24.75;25.00;24.75;26.00;32.50;31.25;25.50;25.00;24.50;24.50;24.50;25.75;36.25;34.50;25.25;24.50;23.50;24.25;24.75;26.00;36.75;33.25;25.00;24.50;23.25;24.25;24.50;25.75;35.75;31.50;24.50;23.50;23.75;23.00;24.00;24.25;30.25;27.00;24.00;23.75;23.00;23.50;24.00;23.25;23.75;23.75;22.75;23.25;23.00]
53092- [24.50;24.25;24.75;25.50;25.00;25.00;25.25;24.00;24.75;24.25;25.25;26.75;26.25;25.00;24.75;24.25;25.00;24.50;25.75;32.00;31.75;25.50;25.00;24.50;24.25;24.25;25.75;36.00;34.50;25.25;24.75;23.75;23.75;24.50;25.75;36.25;33.25;25.00;23.75;23.50;24.00;24.50;25.75;35.75;31.50;24.75;23.50;23.75;23.75;23.25;24.50;30.25;27.00;24.00;23.75;22.75;23.00;23.50;24.25;24.25;23.50;23.25;23.25;22.75]
53577- [25.25;24.25;24.75;25.25;26.00;25.00;25.00;25.00;24.25;24.75;25.00;26.75;27.00;24.75;24.50;24.25;25.00;24.50;25.75;32.25;31.00;25.50;24.75;24.00;24.25;24.75;26.00;36.25;34.00;25.25;24.50;24.00;24.50;25.00;26.00;36.25;33.50;25.25;24.50;23.75;24.25;24.25;25.50;35.75;31.00;24.25;23.75;23.75;24.00;23.25;24.25;30.25;27.00;24.50;23.25;22.50;23.50;23.75;23.75;24.00;24.00;23.25;22.75;23.00]
54062- [24.75;24.50;25.00;25.25;25.00;25.00;24.75;24.50;24.75;24.50;25.25;26.50;26.25;25.00;24.50;24.75;25.00;24.75;25.50;32.50;31.50;25.25;24.75;23.75;24.25;24.75;25.75;36.00;34.00;25.00;24.75;23.75;24.75;24.75;25.75;36.25;33.50;24.75;24.50;23.25;24.00;24.25;25.50;35.50;31.50;24.75;23.50;23.75;24.00;23.50;24.00;30.25;27.25;23.75;23.50;22.50;23.50;23.25;24.00;24.00;24.00;23.00;23.25;23.50]
54547- [24.75;24.25;24.75;25.50;25.50;24.75;24.75;24.25;24.75;24.25;25.25;26.75;26.50;25.00;24.50;25.00;24.50;25.25;25.50;32.25;31.00;25.50;24.75;24.50;24.50;25.00;25.50;36.00;34.00;25.25;24.50;24.00;24.50;24.50;26.00;36.25;33.00;24.75;24.25;23.50;24.25;24.50;25.50;35.75;31.25;24.50;24.25;23.50;23.50;24.00;24.50;30.25;27.25;24.00;23.25;23.25;23.25;23.75;23.75;24.00;23.75;23.00;23.25;23.00]
55032- [24.75;25.00;25.00;25.25;25.50;24.75;25.00;24.50;24.75;24.25;25.50;26.25;26.00;24.50;24.75;25.25;24.75;24.75;25.75;32.25;31.50;25.00;24.50;24.00;24.25;24.00;25.50;36.25;34.00;24.75;24.25;23.50;24.25;24.75;25.75;36.25;33.25;25.00;24.25;23.00;24.00;24.50;25.50;35.75;31.25;24.50;23.75;23.75;23.75;23.00;24.50;30.00;27.00;24.00;24.00;22.75;23.75;23.50;23.75;23.75;23.25;23.50;23.25;23.00]
55517- [25.00;24.25;24.25;25.25;25.25;24.50;25.25;24.75;24.75;24.50;25.00;26.50;26.50;25.00;24.25;24.50;25.00;25.00;25.75;32.25;31.25;25.00;24.75;24.00;24.25;24.50;25.50;36.00;34.00;25.00;24.50;23.75;24.25;25.00;25.25;36.25;33.00;24.75;24.25;23.25;23.75;23.75;25.50;35.75;31.00;24.25;24.00;23.25;23.75;23.75;24.50;30.25;27.25;24.25;23.50;22.50;23.50;23.25;23.75;24.00;23.75;23.00;23.50;22.50]
56002- [24.25;24.25;25.00;25.25;25.50;25.25;24.25;24.50;24.50;24.25;25.25;26.25;26.50;24.75;24.25;24.25;25.00;24.50;25.50;32.00;31.25;25.25;24.50;24.00;24.50;24.25;25.50;36.25;34.00;25.25;24.25;23.75;24.25;24.50;25.25;36.50;33.25;25.00;23.75;23.50;24.00;24.50;25.25;35.25;31.00;24.50;24.00;23.75;23.50;23.50;24.25;30.00;27.00;23.75;23.25;22.75;23.50;23.25;23.25;24.00;23.25;23.00;23.00;22.75]
56487- [24.75;23.75;24.75;25.25;25.50;24.75;24.75;24.50;24.75;24.75;25.00;26.50;27.00;24.75;24.25;24.00;24.75;24.75;25.75;32.50;31.25;25.50;25.25;24.00;24.75;24.50;25.50;36.25;34.50;25.25;24.50;24.00;24.25;24.75;26.00;36.50;33.00;25.00;24.50;23.50;23.75;24.25;25.25;35.50;31.25;24.75;24.00;24.00;23.75;23.50;24.00;30.50;27.00;23.75;23.25;22.25;23.75;23.75;24.00;24.00;24.00;23.25;23.50;23.25]
56972- [25.00;24.25;24.50;25.75;25.25;24.75;25.00;25.00;24.75;24.50;25.25;26.50;26.50;24.75;24.25;24.50;24.75;24.75;25.00;32.25;31.25;24.75;24.75;24.25;24.25;24.25;25.50;35.50;34.00;25.00;24.50;24.25;24.25;25.00;25.75;36.25;33.00;24.75;24.50;23.25;24.00;24.50;25.50;35.75;31.25;24.50;24.00;23.75;24.00;23.25;24.75;30.00;27.50;23.75;23.25;23.00;23.00;23.50;24.25;23.50;23.50;23.50;23.00;23.25]
57457- [25.00;24.50;25.00;25.50;25.75;24.50;25.50;24.75;25.00;24.50;25.00;26.50;26.75;25.00;24.75;24.50;24.50;24.50;26.00;32.25;31.25;25.25;24.50;24.25;24.75;24.75;25.50;36.00;34.00;24.75;24.25;24.00;24.75;24.75;25.75;36.75;33.25;25.00;24.25;23.75;24.00;24.00;25.25;35.75;31.50;24.75;23.50;23.75;24.00;23.50;24.25;30.50;27.25;24.00;23.50;22.75;23.50;23.50;24.00;23.75;23.75;23.00;23.50;22.75]
57942- [25.25;24.75;24.75;25.50;25.75;24.75;24.75;24.50;24.75;24.50;25.25;26.50;26.75;25.25;24.25;24.75;24.75;24.75;25.50;32.50;31.25;25.25;25.00;24.25;24.50;25.00;26.00;36.25;34.25;25.00;24.25;23.75;24.75;24.75;26.25;36.25;33.25;24.75;24.25;24.00;24.25;24.25;25.50;36.00;31.50;24.50;23.50;23.75;23.75;24.25;24.50;30.00;27.50;23.75;23.75;23.25;23.75;23.50;24.00;24.00;24.25;22.75;23.75;23.00]
58427- [24.75;24.50;25.00;25.50;25.50;24.75;24.75;23.75;24.75;24.75;25.25;26.50;26.75;24.75;24.75;24.50;25.00;24.75;25.25;32.00;31.25;25.25;24.75;24.50;24.00;24.50;25.50;36.25;34.25;25.00;24.25;24.00;24.50;24.50;25.75;36.50;33.50;25.00;24.50;23.50;23.75;24.00;25.50;35.75;31.00;24.50;23.75;23.75;24.00;23.50;24.00;30.25;27.00;24.25;23.75;22.75;24.00;23.00;23.75;24.00;23.75;23.25;22.75;23.00]
58912- [25.00;24.25;25.00;25.50;25.25;24.75;24.75;24.75;25.25;24.75;25.25;26.75;26.50;25.25;25.25;24.25;24.50;24.50;25.50;32.50;31.25;25.50;24.50;23.75;24.50;24.50;26.00;36.25;34.50;25.25;24.50;24.00;24.75;24.75;25.75;36.50;33.25;25.50;24.25;23.75;24.25;24.50;26.25;36.00;31.75;24.75;24.25;23.50;23.75;24.00;24.50;30.50;27.25;24.50;23.50;22.50;23.00;23.75;23.75;24.25;23.75;23.25;23.50;23.25]
59397- [25.00;24.25;24.75;24.75;25.50;24.50;25.25;24.50;24.50;24.50;25.25;26.50;26.50;25.00;24.50;24.50;25.00;25.00;25.75;32.25;31.00;25.50;25.00;24.50;24.75;24.50;25.75;36.25;34.25;25.00;24.25;24.00;24.25;24.25;25.75;36.25;33.50;24.75;24.50;23.75;24.00;24.50;25.25;35.75;31.25;24.50;24.00;23.75;23.75;23.75;24.00;30.25;27.25;24.25;24.00;23.00;23.75;23.75;24.00;23.75;24.00;22.25;23.50;22.50]
59882- [25.00;24.75;25.25;25.50;25.75;24.75;24.50;24.50;24.75;24.75;25.50;26.50;26.50;25.25;25.00;25.00;24.75;24.75;25.50;32.00;31.25;25.00;25.00;24.25;25.00;24.75;25.25;36.25;34.25;25.00;24.50;23.50;24.00;24.75;25.75;36.75;33.00;25.00;24.25;23.00;24.25;24.75;25.75;35.75;31.25;24.50;24.00;23.75;23.50;23.75;24.25;30.25;27.00;24.00;23.50;23.00;23.50;23.75;23.50;23.75;23.75;23.00;23.25;23.50]
60367- [24.75;24.50;24.75;25.75;25.75;25.00;25.00;24.50;25.25;24.75;25.50;26.75;26.50;25.00;24.75;24.25;25.00;25.25;25.50;32.50;31.75;25.50;25.00;24.00;24.50;24.50;26.00;36.00;34.50;25.00;24.25;24.00;24.50;24.50;25.75;36.50;33.00;25.25;24.50;23.00;24.00;24.25;25.50;36.00;31.50;24.50;24.00;23.75;23.25;23.50;24.50;30.25;27.00;23.75;23.50;22.75;23.25;23.25;24.00;24.00;23.75;23.50;23.50;23.00]
60852- [24.75;24.50;24.50;25.75;25.50;24.75;24.50;25.25;24.75;24.00;25.00;26.75;26.50;24.75;24.50;24.75;24.50;25.00;25.75;32.50;31.50;25.50;24.75;24.25;25.00;24.00;25.25;36.00;34.50;25.50;24.25;24.00;24.50;24.50;26.00;36.50;33.25;25.00;24.25;23.75;23.75;24.25;25.50;35.75;31.50;24.50;23.75;23.75;24.00;23.25;24.25;30.50;27.00;24.00;23.50;23.25;23.00;23.25;23.75;23.75;23.75;23.00;23.50;23.25]
61337- [24.75;24.00;25.00;25.75;25.50;25.00;25.00;24.75;24.75;24.25;24.75;26.75;26.25;25.25;24.50;24.50;24.50;25.00;25.75;32.25;31.25;25.25;25.00;24.25;24.50;24.25;25.75;36.25;34.50;24.75;24.25;23.75;24.75;24.75;26.00;36.25;33.25;25.25;24.50;23.75;24.25;24.25;24.75;35.50;31.25;24.50;23.50;23.75;24.00;23.75;24.75;30.25;27.25;24.25;23.25;23.00;23.25;24.00;23.50;24.25;24.25;23.50;23.25;22.75]
61822- [25.25;24.25;25.00;25.00;25.25;25.00;24.75;24.50;24.50;24.75;25.00;26.25;26.50;25.25;24.25;24.75;24.50;25.00;25.50;32.25;31.25;25.50;24.75;24.00;24.75;24.25;25.25;36.25;34.50;25.25;24.25;23.25;24.75;24.75;25.75;36.25;33.50;25.00;24.25;23.00;24.00;24.50;25.50;35.75;31.50;24.75;23.50;23.75;23.75;23.75;24.50;30.25;27.00;24.00;23.50;23.00;23.00;23.75;24.00;23.50;23.75;22.75;23.50;22.75]
62307- [24.75;24.25;24.50;25.50;25.25;24.75;24.75;25.25;24.50;23.75;25.00;26.25;26.25;25.00;24.00;24.50;24.75;24.75;25.00;32.25;31.25;25.25;24.75;24.00;24.75;24.25;25.50;35.75;34.00;25.00;24.25;23.50;24.50;24.75;25.75;36.25;33.25;24.75;24.50;23.50;24.00;24.50;25.25;36.00;31.50;24.25;23.75;23.75;23.75;24.00;24.25;30.00;27.00;24.00;23.25;22.75;23.25;23.75;23.50;23.75;23.50;22.75;23.75;23.00]
62792- [24.75;24.25;24.50;25.50;25.75;24.75;24.50;23.75;24.75;24.50;25.25;26.50;26.25;24.75;24.50;24.75;24.75;25.00;25.50;32.25;31.00;25.00;24.75;24.00;24.50;24.25;25.50;36.25;34.25;24.75;24.00;23.75;24.25;24.75;26.00;36.25;32.75;25.25;24.50;23.50;24.00;23.75;25.75;35.75;31.25;24.50;23.50;24.00;24.25;23.50;24.25;30.00;27.25;23.50;23.75;22.75;23.25;23.25;24.00;24.00;23.50;23.25;23.00;23.00]
63277- [24.50;24.50;24.50;25.50;25.25;24.50;24.50;24.75;24.75;24.75;24.75;26.25;26.25;25.00;24.25;24.75;24.25;24.75;25.50;32.25;31.25;25.50;24.50;24.50;24.50;24.25;25.25;36.00;34.25;25.25;24.50;23.75;24.50;24.75;25.75;36.00;33.25;24.75;25.00;23.50;23.75;24.00;25.50;35.50;31.25;24.50;23.25;23.50;23.25;23.75;24.50;30.25;26.75;24.25;23.00;23.00;23.25;24.00;23.75;23.75;23.50;23.50;23.25;23.50]
63762- [25.25;24.50;24.75;25.50;25.00;24.75;25.00;24.75;25.00;24.50;25.00;26.50;26.50;25.00;25.25;24.75;25.25;25.00;26.00;32.25;31.25;25.25;25.00;23.75;24.75;24.50;25.50;36.50;34.25;24.75;24.50;23.75;24.25;24.75;25.50;36.25;33.25;25.25;24.50;23.75;24.00;24.25;25.75;35.50;31.00;24.50;23.50;24.25;24.00;23.75;24.75;30.25;27.00;24.00;23.25;23.00;23.50;23.75;24.25;23.75;24.00;23.00;23.75;23.00]
64247- [24.75;24.25;24.50;25.50;25.25;24.50;24.75;24.50;25.00;25.00;25.50;26.50;26.25;24.75;24.50;24.75;24.50;25.00;25.75;32.50;31.25;25.50;24.25;24.75;24.75;24.50;25.75;36.00;34.25;25.00;24.50;23.75;25.00;24.75;26.00;36.50;33.25;24.75;24.50;23.75;24.00;24.50;25.50;36.00;30.75;25.00;23.75;23.75;24.00;23.75;24.75;30.25;27.50;24.25;23.50;22.75;23.75;24.00;24.00;24.00;24.00;23.75;24.00;23.00]
64732- [25.25;24.75;24.75;25.25;25.25;24.75;25.25;25.25;24.75;24.50;25.25;27.00;26.25;25.00;24.75;24.50;24.75;24.75;25.25;32.25;31.25;25.25;25.00;24.25;24.75;24.50;25.75;36.50;34.50;25.25;24.50;24.25;24.50;24.75;25.75;36.50;33.25;25.00;24.25;23.50;23.50;25.00;26.00;35.50;31.50;24.50;24.25;24.25;23.25;23.75;24.25;29.75;27.75;24.00;23.50;23.00;23.75;23.75;24.25;23.75;23.75;22.75;22.75;22.75]
65217- [25.00;24.75;24.50;25.75;25.00;24.75;25.25;24.75;24.75;24.75;25.00;26.75;26.75;25.00;24.50;24.75;24.75;25.00;25.25;32.50;31.00;25.50;24.50;24.25;24.50;24.50;26.00;36.25;34.50;25.50;24.50;24.00;24.50;24.50;25.75;36.50;33.50;25.00;24.50;24.00;24.25;24.75;26.00;35.50;31.25;24.75;23.75;23.50;24.25;23.25;24.50;30.00;27.50;24.25;24.00;23.00;23.25;24.00;24.00;24.00;24.00;23.00;23.75;22.50]
65702- [24.50;24.75;24.75;25.25;25.25;24.75;24.75;24.50;24.75;24.50;25.25;26.50;26.50;24.75;24.50;24.75;24.75;25.00;25.75;32.25;31.50;25.00;24.75;24.25;24.50;24.75;25.75;36.25;34.00;25.25;24.25;24.00;24.50;24.50;25.75;36.50;33.25;24.75;24.25;23.75;23.50;24.25;25.50;35.75;31.25;24.25;24.00;23.75;24.00;23.50;24.75;30.25;27.00;23.75;23.50;22.50;23.25;24.00;23.50;23.75;24.00;23.50;22.75;23.25]
66187- [25.25;24.50;25.00;25.50;25.25;24.50;24.50;24.25;24.75;25.00;25.50;26.25;26.50;25.00;24.25;24.75;25.00;24.75;25.50;32.25;31.25;25.50;25.00;24.00;24.25;24.25;25.75;36.25;34.00;25.00;24.25;23.75;24.75;24.75;26.00;36.25;33.00;24.75;24.50;23.25;24.50;24.50;25.25;35.75;31.25;24.75;23.75;24.00;24.00;23.50;24.00;30.00;27.75;24.00;23.50;23.00;23.25;23.25;24.00;24.00;24.25;23.00;23.50;23.50]
66672- [24.75;24.25;25.00;25.25;25.50;25.00;25.00;25.00;24.75;24.25;25.25;26.50;26.75;24.75;24.75;24.75;24.50;24.75;25.50;32.25;31.75;25.25;24.50;24.50;24.25;24.00;25.25;36.25;33.75;25.25;24.50;24.00;24.75;24.75;25.50;36.25;33.00;24.75;24.50;23.75;24.25;24.50;25.25;35.50;31.25;24.75;23.25;23.75;23.50;23.75;24.50;30.50;27.00;24.25;23.25;23.00;23.50;23.50;24.00;23.75;23.50;23.00;24.00;23.00]
67157- [25.25;24.50;24.75;25.25;25.50;24.75;25.00;24.50;24.75;24.50;25.00;26.75;26.50;24.75;24.50;25.00;24.75;24.75;25.50;32.25;31.25;25.00;24.75;24.00;24.25;24.75;25.75;35.75;34.00;25.00;24.50;24.00;24.50;25.00;25.75;36.50;33.00;24.75;24.50;23.25;23.75;24.25;25.75;35.50;31.75;24.25;24.25;23.75;23.50;23.75;24.50;30.25;27.50;23.75;23.50;22.75;23.25;23.50;24.00;24.00;24.00;23.25;23.25;23.00]
67642- [25.00;24.00;25.00;25.25;25.75;25.00;25.00;24.75;25.00;24.50;24.75;26.00;26.25;25.25;24.25;25.00;24.50;24.75;25.25;32.25;31.25;25.00;24.50;23.75;24.25;24.00;25.75;36.25;34.25;25.00;24.25;24.00;24.25;24.50;26.00;36.25;33.50;25.00;24.25;23.75;24.00;24.50;25.25;36.00;31.25;24.50;23.75;23.75;23.75;23.50;24.50;30.25;27.50;24.00;23.50;22.75;23.25;23.50;23.50;23.50;23.75;23.25;23.50;23.00]
68127- [24.75;24.00;24.50;25.25;25.25;24.50;24.75;24.75;24.75;24.50;25.00;26.50;26.00;25.00;24.50;24.75;24.50;24.75;25.25;32.25;31.25;25.50;24.75;23.75;24.25;24.25;25.25;35.75;34.00;25.00;24.25;23.75;24.25;24.50;26.00;36.25;33.50;24.75;24.00;23.50;23.75;24.00;25.25;35.75;31.25;24.50;23.50;23.75;23.50;23.25;24.50;29.75;27.00;23.75;23.00;22.50;23.75;23.50;23.25;24.00;23.25;23.00;22.75;23.00]
68612- [24.25;24.00;25.00;25.75;25.00;24.75;24.75;25.00;24.75;24.50;25.00;26.25;26.25;25.25;24.50;24.50;25.50;24.50;25.25;32.25;31.00;25.50;24.50;23.75;24.50;24.50;25.75;36.00;33.75;25.25;24.00;24.00;24.50;24.75;25.50;36.25;33.25;24.75;24.00;23.25;23.50;24.00;25.00;35.50;31.00;24.75;23.75;24.00;23.75;23.25;24.00;30.00;27.25;23.75;23.25;22.25;23.00;23.00;23.25;23.50;23.75;23.25;23.50;23.75]
69097- [25.00;24.50;24.50;25.25;25.00;24.50;24.75;24.25;24.50;24.50;25.00;26.50;26.50;24.75;24.25;24.25;24.75;24.50;25.50;32.00;31.00;25.25;24.75;24.25;24.50;24.50;25.50;36.00;34.00;25.00;23.75;23.75;24.50;24.75;25.75;36.25;33.00;24.75;24.25;23.50;24.00;24.25;25.25;35.50;31.00;24.00;23.25;23.75;23.50;23.50;24.00;30.25;27.00;24.00;23.25;22.75;23.25;23.75;23.25;24.25;23.75;22.75;23.25;22.75]
69582- [24.50;24.25;24.75;25.25;25.25;24.50;25.00;24.75;25.00;24.50;25.50;25.75;26.00;25.00;24.50;24.00;25.00;24.75;25.25;32.25;31.25;25.25;25.25;23.75;24.25;24.25;25.25;36.00;34.25;24.75;24.50;24.00;24.00;25.00;25.50;36.00;33.25;24.75;24.25;23.50;23.75;24.50;25.50;35.50;31.00;24.50;23.50;23.25;23.00;23.75;24.25;30.25;27.50;23.75;23.25;22.75;23.50;23.75;23.25;24.00;23.75;23.50;23.25;22.75]
70067- [25.00;24.25;25.25;25.50;25.25;24.25;24.75;24.25;24.75;24.25;25.00;26.75;26.50;25.00;24.00;24.25;24.50;24.75;25.25;32.00;31.00;25.00;24.75;24.00;24.25;24.25;25.25;35.75;33.75;25.00;24.00;24.00;24.50;24.75;26.00;36.50;33.00;24.75;24.25;23.25;23.75;24.00;25.00;35.75;31.25;24.25;23.50;23.75;23.50;23.75;24.00;30.00;27.00;24.50;23.50;22.75;23.25;23.25;23.75;23.50;23.50;23.00;23.00;23.25]
70552- [25.25;24.25;24.75;25.25;25.50;24.50;24.75;24.25;25.00;24.75;25.00;26.25;26.50;25.00;24.25;24.50;24.50;25.00;25.25;31.75;31.25;24.75;24.25;24.00;24.25;24.00;25.50;35.75;34.25;25.00;24.00;23.75;24.00;25.00;25.50;36.00;32.75;24.75;24.25;23.50;23.50;24.25;25.00;35.50;31.25;24.50;23.75;23.50;23.25;23.50;24.00;30.00;27.50;23.75;23.25;23.00;23.00;23.25;23.50;24.00;23.50;23.25;22.75;23.00]
71037- [24.50;24.25;25.00;25.25;25.75;25.00;25.25;24.00;24.50;24.50;25.00;26.25;26.25;24.75;24.50;24.25;24.50;24.50;25.50;32.00;31.00;25.00;24.50;24.00;24.00;24.00;25.25;36.00;34.00;25.25;24.25;23.75;24.25;24.25;25.75;36.50;32.75;24.75;24.50;23.50;23.75;23.75;25.25;35.25;31.25;24.25;23.75;23.50;23.75;23.75;23.75;30.00;27.00;24.00;23.00;22.50;23.25;23.25;23.75;24.00;24.00;23.00;23.25;22.75]
71522- [25.00;24.50;24.75;25.25;25.25;24.50;24.75;24.00;24.75;24.25;25.00;26.00;26.25;24.75;24.50;24.50;25.00;24.50;25.75;32.25;31.25;25.75;24.50;24.25;24.25;24.25;25.25;36.00;34.25;25.00;23.75;23.50;24.50;25.00;25.50;36.25;33.00;24.75;24.25;23.00;24.00;24.25;25.50;35.50;31.25;24.00;23.75;23.50;23.50;23.25;24.25;29.75;27.00;24.00;23.75;22.50;23.00;23.75;23.25;23.75;23.50;23.50;23.50;22.75]
72007- [24.50;24.75;24.75;25.25;25.00;24.50;25.00;24.75;25.00;24.25;24.75;26.00;26.25;24.75;24.50;24.50;24.50;24.75;25.25;31.75;31.00;25.50;24.75;24.00;24.50;24.00;25.25;35.75;33.75;24.75;23.75;24.00;24.50;24.50;26.00;36.50;33.00;24.75;24.25;23.75;23.50;24.25;25.25;35.50;31.25;24.50;23.50;23.25;23.75;23.25;24.25;30.00;27.00;23.50;23.50;22.50;23.75;24.25;24.25;23.75;24.00;23.50;23.00;22.75]
72492- [24.75;24.50;24.50;25.25;25.75;25.00;24.75;24.50;24.75;24.25;25.00;26.50;26.50;24.75;24.00;24.25;24.75;25.00;25.50;32.25;31.25;25.50;24.50;23.75;24.25;24.50;25.75;35.75;34.00;24.75;24.25;23.50;24.00;24.75;25.75;36.25;33.25;24.75;24.25;24.00;24.00;24.50;25.25;35.50;31.50;24.50;23.75;23.75;23.25;23.50;24.50;29.75;26.75;24.25;23.50;23.00;23.50;24.00;23.75;24.00;23.50;22.75;22.75;23.00]
72977- [24.50;24.25;24.75;25.25;25.25;24.25;24.75;24.75;24.25;24.50;25.00;26.50;26.25;25.00;24.00;24.50;24.25;24.75;25.25;32.25;31.00;25.25;24.50;24.00;24.50;24.25;25.25;35.75;34.00;24.75;24.00;23.75;24.25;24.50;25.50;36.25;33.25;24.75;24.50;23.25;24.25;24.25;25.00;36.00;31.25;24.50;23.50;23.50;23.25;23.25;24.50;29.75;27.00;24.00;23.50;22.25;23.25;23.25;23.25;24.00;23.50;23.25;23.00;22.25]
73462- [24.75;24.00;24.75;25.25;25.00;24.50;24.75;24.50;24.50;24.25;25.50;26.25;26.50;25.00;24.25;24.25;24.25;24.75;25.25;32.25;31.00;25.50;24.50;24.00;24.25;24.25;25.25;36.00;33.75;25.25;24.25;23.50;24.25;24.75;26.25;36.25;32.75;25.25;24.50;23.75;23.75;24.00;25.50;35.50;30.75;24.25;24.00;23.50;23.25;23.75;24.50;30.00;27.00;23.50;23.50;22.75;23.75;23.50;23.50;24.00;23.50;23.00;23.25;22.75]
73947- [24.75;24.75;24.75;25.25;25.00;25.00;24.50;24.75;24.75;24.50;24.75;26.25;26.25;24.75;24.00;24.25;24.50;24.25;25.75;32.25;31.25;25.25;24.50;24.25;24.50;24.50;25.75;36.00;34.00;25.00;24.25;23.75;24.50;24.25;25.75;36.25;33.25;24.75;24.25;23.50;24.50;24.50;25.75;35.50;31.00;24.50;23.25;23.00;23.75;23.25;23.75;30.00;27.00;23.75;23.25;22.50;23.50;23.75;23.50;24.00;23.75;23.25;22.75;23.25]
74432- [24.50;24.00;24.75;25.75;25.50;24.75;24.75;24.50;24.50;24.00;24.75;26.50;26.50;25.00;24.50;25.50;24.75;24.50;25.50;32.00;31.25;25.00;24.75;23.75;24.00;24.50;25.75;36.00;34.00;25.00;24.00;23.50;24.50;24.50;25.75;36.25;33.00;24.75;23.75;23.75;23.50;24.50;25.25;35.50;31.25;24.25;24.00;23.25;24.00;23.75;24.25;30.00;27.00;23.50;23.75;23.00;23.50;23.75;23.50;23.75;24.25;22.75;23.25;23.00]
74917- [24.75;24.50;25.00;25.25;25.25;24.75;24.50;24.75;24.50;24.50;25.00;26.75;26.50;25.50;24.25;24.75;24.00;24.50;25.00;32.25;31.00;25.50;24.25;24.25;24.50;24.50;25.50;36.00;34.00;25.25;24.50;23.50;24.25;24.50;25.75;36.25;33.00;25.25;24.25;23.50;24.00;24.50;25.00;35.75;31.25;24.50;23.50;23.50;23.25;23.75;24.25;30.25;27.00;24.00;23.50;22.75;23.75;23.25;23.50;24.00;23.50;23.25;23.25;22.50]
75402- [24.75;23.75;24.50;25.25;25.50;24.50;25.00;24.25;24.75;24.25;25.25;27.00;26.25;25.00;24.50;24.50;24.75;24.50;25.50;32.00;31.25;24.75;24.50;24.00;24.50;24.00;25.25;35.75;34.00;24.25;24.00;23.50;24.00;24.50;25.75;36.25;33.00;24.75;24.50;23.25;24.00;24.25;25.25;35.50;31.00;24.50;23.75;23.50;23.25;23.75;24.25;30.00;26.75;23.75;23.50;22.00;23.50;23.50;23.75;23.75;23.75;23.25;23.00;22.50]
75887- [25.00;24.25;24.75;25.00;25.00;24.75;24.75;24.75;25.00;24.25;25.00;26.75;26.25;25.25;24.00;24.50;24.75;24.50;25.50;31.75;31.25;25.00;24.50;23.75;24.50;24.25;25.25;35.75;33.75;25.00;23.75;23.50;24.00;24.25;25.50;36.25;32.75;24.75;24.25;23.50;23.75;24.00;25.25;35.25;31.25;24.50;23.50;23.50;23.50;23.75;24.00;30.00;27.25;24.00;23.25;22.75;23.25;23.75;23.75;23.50;23.75;23.25;23.00;23.00]
76372- [25.00;24.25;24.75;25.00;25.00;24.25;25.00;24.50;24.50;24.75;25.25;26.50;26.50;24.75;24.25;24.75;25.00;24.75;25.50;31.75;31.00;25.25;24.25;23.75;24.50;24.25;25.25;36.25;34.00;24.75;24.50;23.75;24.50;24.00;25.75;36.50;32.75;24.75;24.25;23.25;23.75;24.50;25.25;35.50;31.25;24.75;23.50;23.50;23.75;23.75;24.25;29.75;27.00;24.00;23.00;22.50;23.75;23.50;23.50;23.75;23.50;23.00;23.00;23.00]
76857- [24.75;24.00;24.75;25.00;25.25;24.50;25.00;25.00;24.50;24.50;25.00;26.50;26.25;25.00;24.00;24.50;24.50;24.50;25.25;32.00;31.00;25.25;24.50;24.00;24.50;24.50;25.25;35.75;34.25;25.25;24.00;23.75;24.50;24.75;25.50;36.25;32.75;24.75;24.25;23.00;23.75;24.00;25.25;35.25;31.00;24.25;23.25;23.75;23.50;23.00;24.00;29.75;27.50;24.00;23.00;22.00;23.75;23.25;23.50;24.00;23.50;22.75;23.25;23.75]
77342- [24.75;24.25;25.00;25.50;25.25;24.50;24.50;24.75;24.50;24.25;25.25;26.50;26.50;25.00;24.50;24.50;24.75;24.75;25.25;32.25;31.25;25.00;24.50;24.00;24.50;24.25;25.75;36.25;34.00;25.00;24.00;23.75;24.00;24.75;26.00;36.00;33.25;24.75;24.25;23.25;24.00;24.00;25.25;35.75;31.50;24.50;23.50;23.75;23.50;23.50;23.75;30.25;26.75;24.25;23.00;22.75;23.50;22.75;23.50;23.25;23.50;22.75;23.00;22.75]
77827- [24.25;24.25;25.00;25.25;25.00;24.50;25.00;24.75;25.00;24.25;24.75;26.50;26.50;25.00;23.75;24.50;24.50;24.50;24.75;32.00;31.25;25.00;24.50;23.75;24.00;24.25;25.50;36.00;33.75;25.00;24.00;24.00;24.50;24.75;25.50;36.00;33.25;24.75;24.50;23.25;24.00;24.00;25.00;35.25;31.00;24.00;23.50;23.75;23.50;23.75;24.25;29.75;27.00;23.75;23.25;22.50;22.75;23.25;23.25;24.25;23.50;23.00;23.25;22.50]
78312- [24.75;24.00;24.50;25.25;25.00;24.75;24.75;24.75;24.75;24.50;24.75;26.25;26.25;24.75;24.50;24.50;24.75;24.50;25.00;32.00;30.75;25.25;24.00;23.75;24.50;24.00;25.50;35.50;34.00;25.00;24.25;24.00;24.25;24.25;26.00;36.00;33.00;25.00;24.25;23.25;23.50;24.00;25.00;35.50;31.25;24.50;23.25;23.75;23.25;23.25;24.25;30.25;27.50;23.75;23.00;23.00;23.75;23.50;23.50;24.00;23.25;22.75;23.00;23.00]
78797- [24.75;23.75;24.25;25.25;25.25;24.50;25.25;24.50;24.50;24.75;24.75;26.25;26.25;25.00;24.00;24.50;24.50;25.00;25.25;32.00;31.00;25.00;24.25;23.75;24.25;24.50;25.50;36.00;34.00;25.00;24.50;23.50;24.50;24.50;25.50;36.50;32.75;24.75;24.25;23.25;24.00;24.25;25.50;35.50;31.00;24.00;23.25;23.25;23.25;23.75;24.50;30.00;27.00;23.75;22.75;23.00;23.50;23.00;24.25;24.00;23.50;22.75;23.00;22.75]
79282- [25.00;24.50;24.50;25.25;25.00;25.00;24.50;24.50;24.50;24.50;25.00;26.50;26.00;25.25;24.00;24.25;24.50;24.75;25.50;32.25;31.00;25.50;24.25;24.00;24.50;24.75;25.50;36.00;34.00;25.25;24.00;24.25;24.00;24.50;25.25;36.00;33.00;25.00;24.25;23.50;24.00;24.25;25.25;36.00;31.00;24.25;23.75;23.50;24.00;23.50;24.00;30.25;27.25;24.25;23.50;22.25;23.25;24.00;23.50;23.50;24.00;23.00;22.75;22.75]
79767- [24.75;24.50;25.00;25.00;25.75;24.75;24.75;24.75;24.75;24.25;25.25;26.50;26.50;25.00;24.25;24.75;24.50;24.25;25.75;32.25;31.00;25.00;24.50;24.25;24.25;24.50;25.50;36.25;34.00;25.25;24.00;23.50;24.75;24.50;25.75;36.25;33.25;24.75;23.75;23.50;23.50;24.50;25.50;35.25;31.00;24.00;23.75;23.75;24.00;23.25;23.75;30.00;26.75;23.75;23.25;22.25;23.50;23.25;24.25;24.00;23.75;23.00;23.00;23.25]
80252- [24.75;25.00;24.50;25.75;25.00;24.75;24.75;24.50;25.00;24.50;25.00;26.75;26.25;25.00;24.75;24.50;24.25;24.75;25.75;32.00;31.25;25.50;24.25;23.75;24.50;24.25;25.75;36.00;33.75;25.25;24.75;24.00;24.75;25.00;25.50;36.25;33.25;24.75;23.75;23.50;23.75;24.25;25.50;36.00;31.25;24.25;23.75;23.00;23.50;23.75;24.25;30.25;27.00;24.25;23.50;23.00;23.25;23.50;23.75;24.00;24.00;23.00;23.25;23.00]
80737- [24.75;24.50;24.75;25.25;25.00;24.75;24.75;24.25;24.25;24.50;24.75;26.50;26.00;24.75;24.50;24.00;24.50;24.25;25.00;32.00;31.00;25.25;24.50;24.50;24.50;24.50;25.50;36.25;34.00;25.00;24.00;23.75;24.25;24.50;25.75;36.25;33.25;25.25;24.00;22.75;24.00;24.25;25.25;35.75;31.25;24.25;23.25;23.25;23.75;23.00;23.75;30.50;27.25;24.25;23.00;23.00;23.25;24.25;24.00;23.50;24.00;22.75;23.50;23.00]
81222- [24.75;24.00;24.25;25.75;25.00;24.75;24.50;24.75;24.50;24.50;25.00;26.75;26.50;24.75;25.00;24.50;24.50;24.25;25.50;32.25;31.50;25.25;24.75;24.25;24.25;24.25;25.75;36.25;34.00;25.00;24.50;23.75;25.00;24.25;26.00;36.00;33.25;25.25;24.25;23.50;23.75;24.50;25.25;35.75;31.50;24.50;23.75;23.75;23.75;23.50;24.25;30.25;27.25;24.00;23.25;23.00;23.75;24.25;23.75;24.00;23.75;23.00;23.00;22.75]
81707- [24.50;24.75;25.00;25.25;25.50;25.25;24.75;24.00;24.50;24.00;24.75;26.50;26.00;25.00;24.50;24.50;24.75;25.25;25.50;31.75;31.25;25.25;24.50;24.00;24.50;24.25;25.50;36.25;34.25;25.00;24.25;23.50;24.50;25.00;26.25;36.50;33.25;24.75;24.00;23.50;24.00;24.25;25.00;35.50;31.50;24.50;23.50;23.50;23.75;23.25;24.50;30.25;27.00;23.25;22.75;22.25;23.00;23.00;23.50;23.75;23.50;23.00;23.25;22.50]
82192- [25.00;24.25;24.75;25.25;25.25;24.75;24.75;24.75;24.50;24.00;24.75;26.25;26.25;25.00;24.50;24.75;24.50;24.75;25.50;32.25;31.25;25.50;25.00;24.25;24.50;24.50;25.50;36.00;34.25;24.50;24.25;24.00;24.25;24.75;25.50;36.50;33.00;25.00;24.25;23.50;23.75;24.25;25.25;35.75;31.50;24.50;23.75;24.00;23.25;23.50;24.50;30.25;27.50;23.75;23.00;22.50;23.25;23.75;23.50;24.00;23.75;22.75;23.50;23.25]
82677- [25.00;24.25;25.00;25.50;25.25;25.00;25.25;24.50;25.00;24.75;25.00;26.50;26.50;25.00;24.50;24.25;24.75;25.00;25.00;32.50;31.25;25.00;24.75;24.00;24.50;24.75;25.50;36.25;34.25;25.00;24.25;23.75;24.50;24.50;26.00;36.50;33.25;25.25;24.00;23.50;23.75;24.25;25.75;35.25;31.00;24.25;23.75;23.75;24.50;23.25;24.50;30.00;27.25;24.25;23.25;22.50;23.25;23.50;23.75;23.75;23.75;23.00;23.25;22.50]
83162- [24.75;24.00;24.50;25.50;25.25;24.50;24.75;24.50;24.75;24.50;25.25;26.50;26.25;25.00;24.50;24.50;24.25;24.25;25.25;32.25;31.25;25.25;24.25;24.50;24.75;24.25;25.75;36.00;33.50;24.75;24.50;23.75;24.00;25.00;25.75;36.00;33.00;25.00;24.25;23.75;24.25;24.50;25.25;35.50;31.00;24.75;23.75;24.25;23.75;23.50;24.00;30.25;27.50;24.00;23.50;22.75;23.75;23.50;23.75;23.75;24.00;23.00;23.00;23.25]
83647- [24.75;24.50;24.75;25.50;25.25;24.75;25.50;24.00;24.75;24.75;25.00;26.50;26.25;25.00;24.50;24.75;24.75;24.75;25.25;32.00;31.50;25.50;24.50;24.00;24.25;24.50;25.50;36.00;34.00;25.25;24.50;24.00;24.25;24.25;25.75;36.25;33.00;25.00;24.25;23.50;24.00;24.00;25.50;36.25;31.25;24.50;23.50;24.00;24.00;24.00;24.00;30.00;27.00;24.00;23.50;23.00;23.25;23.00;24.00;23.50;23.50;22.75;23.00;22.50]
84132- [24.75;24.50;24.75;25.25;25.50;24.50;25.50;24.75;24.75;24.50;25.50;26.00;26.50;25.25;24.50;24.25;25.00;24.75;25.25;32.00;31.25;25.50;24.50;24.50;24.50;24.50;25.00;35.75;33.75;25.00;24.25;24.00;24.50;24.50;25.75;36.25;33.00;24.75;24.25;23.75;23.75;24.00;25.50;35.50;31.25;24.50;23.50;23.50;24.00;23.50;24.25;30.00;27.00;23.75;23.50;22.75;23.50;23.75;23.75;23.75;23.50;23.00;23.00;23.25]
84617- [24.75;24.25;25.00;25.25;25.25;24.50;24.50;24.75;25.00;24.50;24.75;26.50;26.50;24.75;24.00;24.50;24.75;24.75;25.25;32.00;31.25;25.00;24.50;24.00;24.75;24.25;25.25;35.75;34.00;25.25;24.25;23.50;24.50;25.00;25.50;36.00;33.25;24.75;24.00;23.75;24.25;24.25;25.75;35.50;31.00;24.75;24.00;23.75;23.75;23.75;24.50;30.00;27.00;23.75;23.00;22.50;23.75;23.50;24.00;23.50;23.50;23.25;23.50;23.25]
85102- [24.50;24.00;25.00;25.25;25.50;24.25;25.00;24.25;24.75;24.50;25.00;26.25;26.25;24.50;24.50;24.50;24.50;24.50;25.75;32.00;31.00;25.25;24.75;24.25;24.25;24.50;25.25;35.75;34.00;24.75;24.25;24.00;24.00;24.75;25.50;36.25;33.00;24.75;24.25;23.25;23.75;23.75;25.75;35.25;31.00;24.25;23.50;23.50;23.25;23.50;24.00;30.25;26.75;23.75;22.75;22.25;23.75;23.25;24.00;24.00;24.00;23.25;22.75;22.75]
85587- [24.75;24.25;24.50;25.50;25.00;24.50;25.00;24.50;24.50;24.25;24.75;26.50;26.00;24.50;24.50;24.50;24.75;24.50;25.25;32.25;31.00;25.50;24.50;24.00;24.00;24.00;25.25;36.00;33.75;25.00;24.00;24.00;24.75;24.50;25.75;36.00;33.25;25.00;24.25;23.50;24.25;24.25;25.00;35.50;31.25;24.25;23.50;23.75;23.75;23.75;24.50;30.00;27.00;23.50;23.25;23.00;23.75;23.75;23.75;24.00;24.00;22.50;23.50;23.00]
86072- [24.75;24.50;24.75;25.25;25.25;24.75;24.75;24.50;24.50;24.25;24.75;26.25;26.00;25.25;24.25;24.75;24.50;24.75;25.25;32.25;31.00;25.25;24.50;24.25;24.00;24.25;25.50;36.00;33.50;25.00;24.00;23.75;24.25;24.75;25.75;36.50;33.25;25.00;23.75;23.25;24.00;24.75;25.25;35.75;31.25;24.75;23.75;24.00;23.75;24.00;24.50;30.25;27.25;24.25;23.25;23.00;23.50;23.50;23.50;24.25;23.75;23.00;22.75;23.25]
86557- [25.00;24.00;25.00;25.25;25.50;25.00;24.75;24.75;24.50;24.50;25.00;26.50;26.75;25.25;24.25;24.25;24.75;24.75;25.25;32.25;31.00;25.25;24.50;24.00;24.25;24.50;25.25;36.25;33.75;25.00;24.25;23.50;24.50;24.75;25.75;36.25;33.25;25.25;24.50;23.00;23.75;24.50;25.50;35.50;31.75;24.25;23.50;24.00;23.50;23.50;24.75;30.25;27.00;24.00;23.25;22.75;24.00;23.75;23.50;24.25;24.00;23.25;23.25;23.50]
87042- [24.50;24.25;25.00;25.25;25.25;24.75;24.50;24.25;24.50;24.00;25.00;26.00;26.50;25.25;24.75;24.25;24.75;24.75;25.00;32.25;31.25;25.00;24.75;24.00;24.25;24.25;25.00;36.00;34.00;25.00;24.50;23.75;24.25;24.75;26.00;36.25;33.25;25.25;24.00;23.75;23.50;24.25;25.25;35.75;31.00;24.50;23.75;23.75;23.75;23.50;24.50;30.25;27.25;24.25;23.50;23.00;23.25;23.50;23.75;24.00;23.75;23.50;23.00;23.50]
87527- [24.75;24.25;24.75;25.50;25.50;24.25;25.00;24.25;25.00;24.25;24.75;26.00;26.50;25.25;24.75;24.50;24.75;24.50;25.25;32.00;31.00;25.00;24.75;24.00;24.25;24.25;25.75;35.75;34.00;25.00;24.00;23.75;23.75;24.50;25.25;36.50;33.00;24.75;24.25;23.50;24.00;24.00;25.50;35.75;31.00;24.25;24.00;23.50;23.75;23.75;24.50;30.00;27.25;24.00;23.75;23.00;23.50;23.00;24.00;24.00;23.50;23.00;23.25;22.75]
88012- [24.75;24.50;24.75;25.50;25.25;24.75;25.00;24.50;24.50;24.50;25.00;26.50;26.50;24.75;24.50;24.75;24.50;25.00;25.50;32.25;31.25;25.50;24.50;24.00;24.50;24.50;25.25;35.75;34.00;24.75;24.50;23.75;24.50;24.75;25.75;36.50;33.00;25.25;24.25;23.50;23.75;24.25;25.00;35.50;31.50;24.00;23.50;23.75;23.50;23.25;24.50;30.25;27.50;23.50;23.00;22.25;23.25;23.75;23.75;23.75;24.25;23.25;22.75;23.00]
88497- [25.00;24.25;24.75;25.00;25.00;24.75;25.00;24.75;24.75;24.25;25.00;26.75;26.50;24.75;24.50;24.50;24.75;24.75;25.25;31.75;31.50;25.25;24.75;23.75;24.75;24.25;25.50;35.75;33.75;25.25;24.75;23.50;24.50;24.75;26.00;36.25;33.00;25.00;24.00;23.75;23.75;23.75;25.50;35.50;31.25;24.25;23.75;24.00;23.50;23.50;24.00;30.25;27.00;24.00;23.00;22.75;23.50;23.75;23.25;23.50;23.50;22.75;22.75;23.50]
88982- [24.75;24.00;24.50;25.25;25.25;25.00;25.00;24.50;24.50;24.25;24.75;26.75;25.75;25.00;24.00;24.50;24.50;24.75;25.25;32.25;31.00;25.25;24.75;24.00;24.25;24.25;25.25;36.00;34.00;25.00;24.25;24.25;24.00;24.75;25.50;36.25;33.25;25.25;24.50;23.75;24.00;24.50;25.50;35.75;31.25;24.50;23.75;23.75;23.75;23.75;24.25;30.00;27.25;23.75;23.50;23.25;23.75;24.00;24.00;24.00;23.75;23.00;23.25;23.50]
89467- [25.00;24.25;25.00;25.00;25.50;24.50;25.25;24.50;25.25;24.00;25.00;26.50;26.25;25.00;24.50;24.25;24.75;24.50;25.75;32.00;31.25;25.50;24.75;24.25;24.25;24.25;25.50;36.00;34.00;25.00;24.50;24.00;24.50;24.75;25.75;36.25;33.25;24.75;24.25;23.75;23.75;24.00;25.25;35.50;31.25;24.75;23.75;23.75;23.25;23.50;24.25;30.50;27.75;24.00;23.50;23.25;23.75;23.75;24.25;23.75;24.25;23.25;23.50;23.00]
89952- [24.75;24.25;24.50;25.25;25.50;24.25;25.00;24.50;24.50;24.75;24.75;26.75;26.00;24.50;24.50;24.50;24.50;25.00;25.50;32.25;31.25;25.25;24.75;24.25;24.00;24.25;25.50;36.00;34.25;25.00;24.50;23.75;24.25;24.50;25.75;36.25;32.75;24.75;24.00;23.75;23.75;24.25;25.50;35.75;31.00;24.50;23.75;24.00;24.00;23.25;24.25;30.25;27.25;24.00;23.50;22.75;23.25;23.75;23.50;23.50;24.00;23.25;23.00;23.25]
90437- [25.00;24.25;24.50;25.00;25.25;24.50;25.00;24.50;24.00;24.25;25.00;26.50;26.25;25.00;24.75;24.25;24.25;25.00;25.25;32.00;31.25;25.50;25.00;23.75;24.25;24.75;25.25;36.00;33.75;25.50;24.25;23.75;24.25;24.75;25.75;36.25;33.25;24.75;24.25;24.25;24.50;24.00;25.50;35.75;31.25;24.50;24.00;23.75;23.50;23.25;24.50;30.50;27.50;24.00;23.50;22.50;23.50;24.00;24.25;23.75;23.50;23.00;23.50;23.50]
90922- [24.75;24.00;24.75;25.25;25.25;24.50;25.00;24.00;24.50;24.25;25.00;27.00;26.25;24.50;24.75;24.75;24.75;24.50;25.25;32.25;31.25;25.50;25.00;24.00;24.75;24.25;25.50;36.00;33.75;25.25;24.25;24.00;24.25;24.25;25.75;36.25;33.00;25.00;24.00;23.50;23.75;24.50;25.75;35.25;31.00;24.75;23.50;23.75;23.75;23.25;24.50;30.25;27.25;23.25;23.25;22.75;23.25;24.00;23.75;23.75;23.75;23.25;23.00;23.25]
91407- [25.25;24.25;25.00;25.00;25.50;25.00;24.75;24.75;24.75;24.25;25.00;26.25;26.50;25.25;24.50;24.75;24.75;24.75;25.50;32.00;31.00;25.50;24.50;24.25;24.50;24.25;25.25;36.00;33.75;25.00;24.50;24.00;24.75;24.75;26.00;36.00;33.25;25.00;24.25;23.50;24.00;24.00;25.50;35.25;31.25;24.00;24.00;23.75;24.25;23.50;24.25;30.00;27.25;24.00;23.75;23.00;23.25;24.00;24.00;24.25;24.00;23.25;23.25;23.75]
91892- [25.00;24.50;24.75;25.50;25.00;24.25;24.50;24.50;24.75;24.25;25.25;26.75;26.25;24.50;24.25;24.75;24.75;24.75;25.25;32.00;31.50;25.50;25.00;24.00;24.25;24.50;25.00;36.25;34.00;25.25;24.50;24.25;24.25;24.75;25.75;36.25;33.25;24.75;24.50;23.50;24.00;24.25;25.50;35.50;31.00;24.75;23.75;23.75;23.75;23.25;24.25;30.25;27.00;24.00;23.75;23.00;23.75;23.75;24.00;24.25;23.75;23.00;23.50;23.25]
92377- [24.25;24.25;24.25;25.25;25.25;24.25;24.75;24.75;25.50;24.25;25.00;26.50;26.50;25.00;25.00;24.50;24.50;24.75;25.75;32.25;31.00;25.50;24.75;23.75;24.25;24.25;25.50;35.75;34.25;25.00;24.50;24.25;24.00;24.75;26.00;36.00;33.25;25.25;24.00;23.50;24.25;24.25;25.50;35.50;31.25;24.25;23.50;23.75;23.75;23.00;24.50;30.00;27.00;24.00;23.25;23.00;23.00;23.50;24.00;24.00;23.50;23.50;23.25;23.00]
92862- [24.50;24.25;24.75;24.75;25.75;24.75;24.75;24.75;24.50;24.00;25.25;26.25;26.25;24.50;24.50;24.25;24.50;24.50;25.25;31.75;31.50;25.25;24.50;24.25;24.25;24.25;25.50;36.00;34.00;25.00;24.00;23.25;24.75;24.50;25.25;36.00;32.75;25.25;24.00;24.00;24.00;24.25;25.25;35.50;31.00;24.50;23.75;23.75;23.25;23.50;24.25;30.50;27.25;23.75;23.75;22.50;23.50;23.00;23.50;23.75;23.75;23.50;23.50;23.00]
93347- [24.50;24.50;24.50;25.50;25.00;24.50;24.75;24.75;24.50;24.25;24.75;26.25;26.00;25.00;24.25;24.00;24.50;24.50;25.50;32.00;31.00;25.00;24.25;24.25;24.50;24.00;25.50;36.00;34.00;25.00;24.25;23.50;24.75;24.50;25.75;36.25;32.50;24.75;24.00;23.50;24.00;24.50;25.50;35.50;31.00;24.25;24.00;23.75;23.25;23.75;24.00;30.25;27.25;23.75;23.00;23.00;23.50;23.75;23.50;24.00;23.50;22.75;23.00;23.00]
93832- [24.50;24.25;24.50;24.75;25.25;24.25;24.75;24.25;24.50;24.75;24.50;26.50;26.50;25.25;24.00;24.50;24.50;24.50;25.25;32.25;31.00;25.00;24.25;24.25;24.50;24.25;25.50;36.00;34.00;24.75;24.25;23.75;24.50;24.50;25.50;36.50;33.25;24.75;24.50;23.75;24.25;24.00;25.75;35.25;31.00;24.25;24.00;23.50;24.00;24.00;24.50;30.00;27.25;23.75;23.50;23.00;23.50;24.00;24.00;24.25;23.50;22.75;23.50;22.75]
94317- [24.50;24.50;24.50;25.50;25.50;24.75;24.75;25.00;24.75;24.50;25.25;26.25;26.50;24.75;24.25;24.50;24.25;24.50;25.75;32.00;31.25;25.50;24.75;24.00;24.25;24.00;25.25;36.00;33.75;25.00;24.00;24.00;24.50;24.50;25.50;36.00;33.25;24.75;24.00;23.75;23.50;24.00;25.25;35.25;31.00;24.25;24.00;23.75;23.75;23.75;24.50;30.50;27.50;24.00;23.25;22.75;24.00;23.25;23.50;24.00;23.50;23.00;22.75;23.25]
94802- [24.75;24.25;24.50;25.25;25.00;24.50;24.75;24.75;24.50;24.25;25.00;26.25;26.25;25.00;24.25;24.50;24.50;24.75;25.25;32.00;31.00;25.00;24.50;24.25;24.50;24.25;25.50;35.75;34.00;24.75;24.25;23.75;24.25;24.50;25.50;36.00;33.00;25.00;24.25;24.00;23.75;24.50;24.75;35.25;31.25;24.50;23.50;23.75;23.50;23.75;24.50;30.25;27.75;23.75;23.25;22.75;23.25;23.25;23.75;23.75;23.75;22.75;23.25;23.00]
95287- [24.50;24.00;24.25;25.25;25.75;24.50;24.75;24.25;25.00;23.75;25.00;26.50;25.75;24.75;24.50;24.50;24.25;24.75;25.50;31.75;30.75;25.00;24.75;24.00;24.50;24.25;25.25;35.75;33.75;24.75;24.00;24.25;24.25;24.50;26.00;36.00;33.00;24.50;24.25;23.25;23.75;24.25;25.25;35.25;30.75;24.00;23.50;23.50;23.25;23.75;24.25;30.00;27.00;24.00;23.25;23.25;23.25;23.75;23.75;24.00;23.50;23.00;23.00;22.50]
95772- [25.00;24.25;24.50;25.00;24.75;24.25;24.75;24.00;25.00;23.75;25.25;26.25;26.00;25.25;24.00;24.50;24.00;24.75;25.25;32.00;31.00;24.50;24.75;24.00;23.75;24.25;25.00;35.50;34.00;25.00;24.25;24.00;24.25;24.25;25.50;35.75;32.75;24.50;24.00;23.50;23.25;24.25;25.25;35.50;31.00;24.25;23.00;24.00;23.25;23.50;24.00;30.25;27.25;23.50;23.00;22.75;23.25;23.75;24.00;24.25;23.50;22.75;23.00;23.00]
96257- [24.50;24.00;24.25;25.25;25.00;24.25;24.75;23.75;24.00;24.50;25.00;26.00;26.00;24.25;24.25;24.25;24.50;24.50;25.50;31.50;30.75;24.75;24.50;24.00;24.00;24.00;25.00;35.75;33.50;25.00;23.75;23.75;24.25;24.50;25.25;35.75;32.50;24.75;24.50;23.50;23.75;24.25;24.75;35.25;31.00;24.00;23.00;23.50;23.50;23.25;24.00;30.00;26.75;23.75;23.00;22.50;22.75;23.25;23.75;23.75;23.00;22.50;23.00;22.50]
96742- [24.25;24.00;24.50;25.00;24.75;24.50;24.00;24.25;24.50;24.25;25.00;26.00;25.75;24.75;24.50;24.75;24.25;24.50;25.50;32.00;30.75;24.75;24.75;24.00;24.00;24.50;25.50;35.75;34.00;25.00;24.25;23.25;24.00;24.50;25.50;36.00;33.00;24.75;23.75;23.25;24.00;24.00;24.75;35.25;31.00;23.75;23.75;23.50;23.25;23.50;24.25;29.75;26.75;23.75;23.25;22.25;23.75;23.00;23.25;23.50;23.50;23.25;22.75;22.75]
97227- [24.75;23.75;24.25;24.75;25.25;24.25;23.75;24.75;25.25;23.75;25.00;26.25;26.25;25.25;23.75;24.25;24.50;24.50;25.00;32.00;30.75;25.00;24.50;24.25;24.00;24.75;25.25;35.75;33.75;24.75;24.25;23.75;24.50;24.50;25.50;35.75;32.75;25.00;24.00;23.50;23.75;24.00;25.00;35.25;31.00;24.00;23.25;23.25;23.50;23.00;24.25;30.00;26.75;23.50;23.50;22.75;22.75;23.50;23.50;23.50;23.75;22.25;23.75;23.00]
97712- [25.00;23.50;24.25;24.75;25.00;24.50;25.50;24.25;24.25;24.25;25.00;26.25;26.25;25.00;24.50;24.50;24.25;24.50;25.25;32.00;31.25;25.25;24.75;24.25;24.75;24.00;25.50;35.50;34.00;24.75;23.75;23.75;24.25;24.50;25.50;35.75;32.75;24.50;24.00;23.25;23.50;24.25;25.25;35.00;31.25;24.25;23.75;23.75;24.00;23.50;24.00;30.00;26.50;23.75;23.00;23.25;23.50;23.25;23.75;23.75;23.25;23.00;23.25;23.25]
98197- [24.75;24.25;24.50;25.00;25.00;24.25;24.75;24.25;24.50;24.25;25.00;25.75;26.25;24.25;24.50;24.00;24.75;24.50;25.00;32.00;30.75;24.50;24.50;23.75;23.75;24.25;25.50;35.75;33.75;25.25;24.25;23.25;24.75;24.50;25.75;36.50;32.50;24.75;24.25;23.50;24.00;24.00;25.25;35.25;31.00;24.25;24.00;24.00;23.75;23.50;24.00;29.75;27.00;23.75;23.50;22.75;23.25;23.75;23.75;23.50;23.75;23.25;23.25;23.25]
98682- [24.50;24.00;24.50;25.25;25.50;24.25;24.75;24.25;24.50;24.25;25.25;26.25;26.00;24.50;24.25;24.50;24.75;24.50;25.25;32.00;31.00;24.75;25.00;24.00;24.25;24.25;25.50;35.75;33.75;24.75;24.25;23.50;23.75;24.50;25.75;36.00;33.00;25.00;23.75;23.50;24.00;24.25;25.00;35.00;31.25;24.50;23.75;23.75;23.50;23.50;24.25;29.75;27.00;23.75;23.00;22.75;23.00;24.00;22.75;23.25;23.50;23.00;23.00;23.00]
99167- [25.00;24.25;24.50;25.00;25.00;24.75;24.50;24.25;25.00;24.75;25.00;26.00;26.50;24.25;24.50;24.75;24.75;24.75;25.00;31.75;31.25;25.25;24.50;24.25;24.00;24.25;25.50;35.50;33.75;25.00;24.00;23.25;24.50;24.50;25.25;36.00;33.25;25.00;24.00;23.25;24.00;24.25;25.25;35.00;31.25;24.50;23.75;24.00;24.00;23.25;24.75;29.75;27.25;24.25;23.25;22.75;24.00;23.50;23.50;23.50;23.75;23.25;23.25;22.75]
99652- [25.00;24.25;24.25;25.25;25.25;24.75;24.75;24.75;24.25;24.50;25.00;26.00;26.00;24.50;24.50;24.50;24.50;24.25;25.25;32.25;31.25;25.25;24.75;23.50;24.50;24.00;25.75;35.75;33.50;25.25;24.50;24.00;24.50;24.25;25.50;36.00;32.75;25.00;24.50;23.50;24.00;24.00;25.25;35.50;31.25;24.00;23.75;23.75;23.75;24.00;24.25;30.00;27.25;23.50;23.50;22.75;23.75;23.75;24.00;23.75;24.00;22.75;23.50;23.25]
100137-[24.50;24.00;24.50;25.50;25.00;24.50;24.25;24.25;24.25;24.25;24.50;26.25;26.25;25.00;24.25;24.50;24.50;24.75;25.50;32.00;31.00;25.25;24.50;24.00;24.00;24.50;25.25;35.50;33.75;25.00;24.25;23.50;24.00;24.75;25.75;36.00;33.00;24.50;24.25;23.75;24.25;24.25;25.00;35.25;31.25;24.00;24.00;23.50;23.50;23.50;24.00;30.00;27.25;23.75;23.00;22.00;23.25;23.50;23.50;24.25;23.75;23.00;23.50;22.75]
100622-[24.00;23.75;24.50;25.00;25.25;24.00;24.75;24.25;24.75;24.25;25.25;26.00;26.25;24.75;24.50;24.50;24.75;24.75;25.00;32.00;31.25;25.00;25.00;24.00;24.25;24.50;25.50;35.50;33.50;25.00;24.25;23.50;24.50;24.75;26.00;36.00;33.00;24.75;24.00;23.75;23.75;23.75;25.00;35.50;31.25;24.75;23.75;23.75;24.00;23.75;24.25;29.75;26.75;24.00;23.25;22.25;23.50;23.50;24.25;24.25;24.25;23.00;22.75;23.00]
101107-[24.50;24.00;24.00;25.25;25.00;24.50;24.75;24.25;24.25;24.00;24.75;26.25;25.75;24.50;24.00;24.50;24.75;24.50;25.25;32.00;30.75;24.75;24.75;24.50;24.25;24.25;25.50;35.50;33.75;24.75;24.00;23.75;24.50;24.50;25.25;36.00;33.00;24.75;24.25;23.25;24.00;24.00;25.25;35.50;31.25;24.25;23.25;23.75;23.00;23.25;24.50;30.00;26.50;23.75;23.25;22.50;23.50;23.75;23.50;24.25;23.25;23.50;23.25;23.00]
101592-[24.25;24.00;24.75;25.25;25.25;24.50;24.75;24.75;24.50;24.75;24.50;26.50;26.25;25.00;24.75;24.50;24.50;24.50;25.50;32.25;31.00;25.50;24.75;24.25;24.75;24.50;25.25;35.75;33.75;24.75;24.25;24.00;24.50;24.50;26.00;35.75;33.25;25.00;24.00;23.25;24.25;23.75;25.25;35.50;31.00;24.50;23.50;23.75;23.75;24.00;24.50;30.25;27.50;23.75;23.00;23.00;23.00;23.50;23.75;23.75;23.75;23.50;23.25;22.25]
102077-[24.50;23.75;25.00;25.25;25.00;24.75;24.25;24.75;24.75;24.25;24.75;26.25;26.50;25.00;24.25;24.00;24.25;24.50;25.50;32.25;31.00;25.00;24.50;24.00;24.50;24.50;25.25;35.75;33.75;24.75;24.00;23.50;24.25;24.75;25.25;36.00;32.75;24.75;24.25;23.25;23.75;24.00;25.25;35.50;31.25;24.50;23.75;24.00;23.50;23.25;24.25;30.00;27.00;23.75;23.50;22.75;23.25;24.00;24.00;24.00;23.75;22.75;23.50;23.50]
102562-[24.75;24.50;24.50;25.00;25.25;24.75;24.50;24.25;24.50;24.25;24.75;26.25;26.50;24.50;24.25;24.25;24.75;24.75;25.50;32.00;31.25;25.00;24.75;24.25;24.50;24.25;25.25;35.50;34.00;24.75;24.50;24.00;24.50;24.50;25.50;35.75;33.00;24.75;24.50;23.75;23.75;24.25;25.25;35.00;31.25;24.25;23.75;23.50;23.25;23.75;24.25;30.50;27.25;24.00;23.25;23.00;23.50;23.25;24.00;23.50;24.00;23.25;23.75;23.25]
103047-[24.75;24.50;24.50;25.25;25.25;24.50;25.00;24.75;24.25;24.25;24.50;26.00;26.25;24.50;24.25;24.50;24.75;24.50;25.00;32.00;31.25;25.00;24.75;24.00;24.25;24.00;25.50;35.75;34.00;25.00;24.25;23.75;24.50;24.50;25.50;35.75;33.00;24.50;24.25;23.25;24.00;24.00;25.25;35.50;30.75;24.50;23.75;23.25;23.00;23.50;24.25;30.25;27.00;24.25;23.75;22.75;23.25;24.00;23.50;23.75;23.50;23.25;23.25;23.25]
103532-[24.75;24.50;24.75;25.25;25.50;24.75;24.75;24.75;24.50;24.25;25.00;26.25;26.25;25.00;24.25;24.50;24.75;24.50;25.00;32.00;31.25;25.50;24.75;24.50;24.25;24.25;25.50;36.00;34.00;24.75;24.00;24.00;24.25;24.50;25.75;35.50;33.00;25.25;24.00;23.50;23.75;23.75;25.25;35.25;31.00;24.25;23.50;23.75;23.50;23.75;24.00;30.00;27.00;23.75;23.00;23.25;23.25;23.50;24.00;24.00;23.00;23.00;23.00;23.00]
104017-[24.75;23.75;24.25;25.50;25.25;24.25;24.75;24.50;25.00;24.00;25.00;26.50;26.00;25.00;24.00;24.75;24.50;24.50;25.50;32.00;31.25;25.25;25.00;24.00;23.75;24.50;25.50;35.75;33.75;25.00;24.25;24.00;24.25;24.25;25.75;35.75;32.75;24.50;24.25;23.50;24.25;24.50;24.75;35.50;31.00;24.25;23.50;23.75;23.50;23.50;23.75;30.25;27.25;23.75;23.00;22.75;23.25;23.50;23.75;23.75;24.00;23.00;23.75;23.00]
104502-[24.00;24.25;24.75;24.75;24.75;24.50;24.75;24.75;24.50;24.00;25.00;26.25;25.50;25.00;24.75;24.75;24.75;24.25;25.50;32.00;30.75;25.00;25.25;24.25;24.00;24.00;25.00;35.25;34.00;24.75;24.00;23.50;24.50;24.50;25.50;35.75;33.00;24.75;24.00;23.25;23.25;24.50;25.00;35.50;31.00;24.50;23.50;23.50;23.00;23.50;24.00;30.00;27.25;23.75;23.25;23.00;23.25;23.50;24.00;23.75;23.25;22.75;23.00;23.25]
104987-[24.25;24.50;24.75;25.25;24.75;24.75;25.00;24.75;24.75;24.00;25.00;26.25;26.50;25.00;24.50;24.50;25.00;24.25;25.25;32.00;31.50;25.25;24.75;24.00;24.25;24.00;25.50;35.75;33.75;24.50;23.75;23.50;24.00;24.50;25.75;35.75;32.75;24.25;24.25;23.25;24.25;24.25;25.00;35.00;31.00;24.50;23.75;23.50;23.25;23.50;24.00;30.00;27.00;24.00;23.50;23.00;23.50;23.50;23.25;23.75;23.75;23.25;23.75;23.00]
105472-[25.00;24.00;24.75;25.25;25.00;24.50;24.75;24.25;24.50;24.00;25.25;26.25;26.50;25.00;24.50;24.25;24.50;24.50;25.25;31.50;31.00;25.25;25.00;24.25;24.75;24.25;25.50;35.75;33.75;25.00;24.00;24.25;24.25;24.00;25.75;36.25;33.00;25.00;24.25;23.50;23.75;24.25;25.25;35.25;31.25;24.25;23.75;23.50;23.75;24.00;23.75;30.00;27.25;23.75;23.50;23.25;23.50;24.00;23.75;24.00;23.50;23.00;23.25;23.00]
105957-[24.25;24.25;24.25;25.25;25.00;24.75;24.75;24.75;25.25;24.00;24.75;26.00;26.50;25.00;24.75;24.50;24.50;24.25;25.25;32.00;31.25;25.25;24.75;24.00;24.50;24.50;25.50;35.50;33.75;24.75;24.25;24.00;24.25;24.50;25.75;35.75;33.00;25.00;24.25;23.75;24.25;24.25;25.25;35.50;30.75;24.50;23.75;23.75;23.75;23.75;24.25;30.00;27.50;24.00;23.50;22.00;23.25;24.00;23.75;24.00;23.75;23.00;23.75;22.50]
106442-[24.50;24.25;25.00;25.25;24.75;24.50;24.75;24.25;24.75;24.50;24.75;26.50;26.50;24.50;24.00;24.75;24.75;25.00;25.25;31.75;31.00;25.25;24.75;24.25;24.00;24.00;25.25;35.75;33.75;25.00;24.00;24.00;24.50;24.50;25.75;36.00;33.00;24.50;24.25;23.25;24.25;24.25;25.25;35.50;30.75;24.50;23.75;23.50;23.50;23.50;24.25;30.25;27.00;23.75;23.75;22.75;23.25;23.25;24.00;24.00;23.50;22.75;23.25;22.50]
106927-[24.75;24.25;24.50;25.25;25.25;24.50;24.50;24.75;24.75;24.00;25.25;26.25;26.25;24.75;24.00;24.50;24.75;24.50;25.00;32.25;31.00;25.50;24.75;23.75;24.50;24.25;25.25;35.75;34.00;25.00;24.00;23.50;24.25;24.50;25.25;36.00;33.00;24.50;24.00;23.25;23.75;24.00;25.50;35.50;31.25;24.25;24.00;23.25;23.50;23.75;24.00;29.75;27.25;24.00;23.75;22.50;23.75;23.50;23.75;24.25;23.50;22.75;23.25;22.75]
107412-[24.50;24.00;24.50;25.50;25.25;24.50;24.75;24.25;25.00;24.25;24.75;26.50;26.00;24.50;24.25;24.75;24.50;24.25;25.50;32.00;31.00;25.00;24.50;24.25;24.25;24.00;25.25;35.75;34.00;25.25;24.25;23.75;23.75;24.50;25.50;36.25;32.75;24.75;24.25;24.00;24.00;24.50;25.50;35.25;31.25;24.00;23.25;23.75;23.75;23.75;24.25;29.75;27.00;23.75;23.00;22.50;23.50;23.25;24.25;24.00;23.50;23.00;23.25;23.00]
107897-[25.00;24.00;24.25;25.25;25.50;24.25;24.75;24.50;24.50;24.25;24.75;26.25;26.00;25.00;24.50;24.75;24.25;24.75;25.50;32.25;31.25;25.25;24.25;24.25;24.50;24.00;25.50;35.00;33.75;25.00;24.75;23.75;24.50;24.50;26.00;36.00;33.00;24.75;24.50;23.50;23.25;24.00;25.25;35.50;31.25;24.50;23.75;24.00;23.75;23.50;24.75;30.00;27.25;24.00;23.25;22.75;24.00;23.50;23.75;24.00;23.75;22.75;23.50;23.25]
108382-[24.50;24.00;24.25;25.25;25.25;24.25;24.75;24.50;24.50;24.50;24.75;26.00;26.00;25.00;23.75;24.75;24.75;24.50;25.50;32.00;31.25;25.00;24.50;24.25;24.25;24.25;25.50;35.75;33.75;24.75;24.00;23.75;24.00;24.50;25.75;35.50;32.75;24.50;24.00;23.50;24.00;24.50;25.50;35.50;31.00;24.50;23.75;23.75;23.75;23.50;24.25;30.00;26.75;23.75;23.25;23.00;23.00;23.50;23.50;23.75;24.00;23.00;22.75;23.75]
108867-[24.50;24.00;24.75;25.00;25.00;24.50;25.00;24.25;24.75;24.00;24.50;26.50;26.25;24.75;24.50;24.25;24.50;24.50;25.00;32.00;31.50;25.00;24.75;24.00;24.25;24.00;25.25;35.75;33.50;25.25;24.25;23.50;24.25;24.25;25.50;36.00;32.50;24.50;24.00;23.25;23.75;24.00;25.50;35.50;31.00;23.75;23.75;23.75;24.00;23.25;24.50;30.25;27.00;23.25;23.50;22.25;23.50;23.00;23.75;23.75;23.75;22.75;23.25;23.00]
109352-[24.25;24.50;24.25;25.25;25.25;24.75;24.75;25.00;24.75;24.75;25.00;26.50;26.25;25.00;24.25;24.75;24.50;24.75;25.25;32.00;31.25;25.25;24.75;24.00;24.75;24.25;25.75;35.75;33.75;25.00;24.25;23.75;24.50;24.75;25.75;36.00;33.00;24.50;24.50;23.25;24.25;24.75;25.25;35.50;31.00;24.75;23.75;23.75;23.75;24.00;24.50;30.00;27.25;24.00;23.25;23.25;24.00;24.25;23.50;24.25;24.00;23.00;23.50;22.75]
109837-[24.50;24.25;24.50;25.50;25.25;25.00;25.00;24.75;24.75;24.50;25.00;26.25;26.25;24.75;24.25;24.25;24.50;24.75;25.25;32.00;31.00;25.25;24.50;24.00;24.75;24.50;25.25;35.75;33.75;25.25;24.00;23.75;24.25;24.50;25.50;36.00;33.25;24.75;24.25;23.75;24.00;24.75;25.00;35.75;31.00;24.25;23.25;23.75;23.25;23.50;23.75;30.00;27.00;24.00;23.00;22.25;23.75;23.75;23.50;23.75;23.50;23.25;23.25;22.75]
110322-[25.00;24.50;24.00;25.00;25.25;24.25;24.75;24.75;24.50;24.75;24.75;26.25;26.00;24.50;24.25;24.75;24.25;24.50;25.75;31.75;31.00;25.25;24.75;24.25;24.25;24.25;25.25;36.00;33.50;25.00;24.25;23.75;25.00;24.25;25.75;36.00;33.00;24.75;24.25;23.50;23.75;24.00;24.75;35.25;31.25;24.25;23.75;23.50;23.50;23.75;24.25;30.00;26.75;23.75;23.75;22.50;23.00;23.25;23.75;24.00;23.75;23.00;23.50;22.25]
110807-[24.50;24.50;24.75;25.25;25.25;24.75;25.00;24.25;24.50;24.25;24.50;26.75;26.25;24.75;24.00;24.50;24.25;25.00;25.50;32.00;31.25;25.25;24.50;23.75;24.50;24.25;25.25;35.75;33.50;25.00;24.25;23.25;24.00;24.75;25.25;36.00;32.75;25.00;24.00;23.25;23.75;23.75;25.00;35.25;31.00;24.00;23.50;23.50;23.50;23.00;24.50;30.00;26.75;24.50;23.50;22.75;23.50;23.50;23.50;23.50;23.75;23.00;23.00;22.75]
111292-[25.00;23.75;24.50;25.25;25.25;24.50;24.75;24.75;25.00;24.25;24.75;26.25;26.25;24.75;24.25;24.50;24.50;24.50;25.25;31.75;30.75;24.75;24.75;23.75;24.50;24.25;25.75;35.50;33.75;25.25;24.25;23.75;24.25;24.50;25.75;36.00;33.00;24.75;24.25;23.50;23.75;24.50;25.00;35.25;31.00;24.50;23.75;23.50;23.75;23.50;24.00;30.00;27.25;24.00;23.25;23.00;23.25;23.25;24.00;24.00;24.25;23.25;23.50;23.25]
111777-[24.50;24.75;24.50;25.25;25.25;25.00;25.25;24.50;24.50;24.50;25.00;26.50;26.25;24.75;24.75;24.50;24.50;24.75;25.75;32.25;31.25;25.25;24.75;24.25;24.00;24.75;25.75;35.75;34.00;25.25;24.25;23.75;25.00;24.25;25.50;36.50;33.00;25.00;24.50;23.50;24.00;24.25;25.25;35.75;30.75;24.50;23.50;23.25;23.50;23.25;24.00;30.75;27.50;24.25;23.75;22.75;23.25;23.50;23.75;24.25;23.75;22.75;23.50;23.25]
112262-[24.75;24.25;24.75;25.25;25.25;25.00;24.75;24.75;24.50;24.50;25.00;26.25;26.25;24.75;24.50;24.75;24.50;24.50;25.00;32.00;31.25;25.50;24.75;24.00;24.25;24.50;25.50;35.75;33.75;25.00;24.50;24.00;24.75;24.50;25.75;36.25;33.00;25.00;24.25;23.25;23.75;24.50;24.75;35.50;31.00;24.75;23.50;24.00;24.00;23.75;24.25;30.50;27.25;24.25;23.75;23.00;23.50;23.00;23.75;23.75;24.00;22.75;23.50;23.00]
112747-[25.25;24.25;25.00;25.00;25.50;24.50;25.50;24.25;24.25;24.50;25.25;26.75;26.25;25.00;24.50;25.00;25.00;25.00;25.25;31.75;31.25;25.00;24.75;24.50;23.75;24.00;25.50;35.75;34.00;25.00;24.25;24.00;24.50;24.50;25.75;36.50;33.00;25.00;24.50;24.00;23.75;23.75;25.50;35.50;31.00;24.50;23.75;23.50;23.50;24.25;23.75;30.00;27.50;24.25;23.00;23.50;23.50;23.75;24.25;24.25;23.50;22.50;23.00;23.00]
113232-[24.50;24.25;24.75;25.25;25.50;24.75;25.00;24.50;24.25;24.25;24.75;26.50;26.50;25.00;24.50;24.50;24.50;24.75;25.25;32.25;31.00;25.25;24.50;24.00;24.25;24.50;25.50;35.75;33.75;25.25;24.25;24.25;24.50;24.50;26.00;36.00;33.25;24.75;24.50;24.00;23.75;24.25;25.25;35.50;31.00;24.50;23.25;23.75;23.50;23.75;24.00;30.25;27.25;23.50;23.50;22.75;23.25;23.50;23.50;24.00;23.75;23.25;23.25;23.00]
113717-[25.00;24.25;24.75;25.50;25.25;24.50;24.75;24.75;25.00;24.25;25.00;26.50;26.25;24.50;24.50;24.25;24.25;24.75;25.50;32.25;31.50;25.00;24.50;24.25;24.50;24.50;25.50;35.50;34.00;25.00;24.25;23.50;24.25;25.00;26.00;36.00;33.00;24.75;24.50;23.25;23.75;24.00;25.00;35.25;31.50;24.25;23.50;23.75;24.00;23.50;24.25;30.00;27.00;24.00;23.50;22.75;24.00;24.25;23.50;24.00;23.25;23.00;23.50;23.25]
114202-[24.50;24.25;24.75;25.25;25.00;24.25;24.75;24.75;24.50;24.50;25.25;26.50;26.00;25.00;24.25;24.25;24.75;24.75;25.50;32.25;31.50;25.75;24.25;24.00;24.50;24.50;25.25;36.00;34.00;25.25;24.00;24.00;24.25;24.25;25.75;35.75;33.00;25.25;24.25;23.50;23.75;24.00;25.25;35.25;31.25;24.75;23.75;23.50;23.25;23.25;24.50;29.75;26.75;23.75;23.00;23.00;22.75;23.75;24.00;23.50;23.50;23.25;23.00;23.25]
114687-[24.25;24.00;24.50;24.75;24.75;24.50;24.75;24.50;24.75;24.50;24.50;26.00;26.00;24.50;24.00;24.25;24.25;24.75;25.25;32.25;31.00;25.25;24.50;24.00;24.25;24.25;25.25;36.00;33.75;24.50;24.00;23.75;24.50;24.50;25.50;36.00;33.00;24.75;24.50;23.50;23.75;24.50;24.75;35.25;31.25;24.25;24.00;24.50;23.75;24.00;24.00;29.75;27.00;24.00;23.50;22.75;23.50;24.00;23.50;23.75;24.00;22.75;23.25;22.50]
115172-[24.25;24.00;24.50;25.00;25.00;24.25;24.50;24.00;24.50;24.50;24.75;26.50;26.00;25.00;24.25;25.00;24.50;25.00;25.25;32.25;31.25;25.00;24.50;24.00;24.50;24.25;25.00;36.00;34.00;25.00;24.25;24.00;24.25;24.75;25.75;36.00;32.75;24.75;24.25;23.25;23.75;24.25;25.25;35.25;31.50;24.25;23.75;23.75;23.25;22.75;24.00;29.75;27.25;23.75;23.50;22.25;23.75;23.25;23.50;23.75;24.00;23.00;23.25;23.25]
115657-[24.25;24.75;24.25;25.25;25.25;24.50;25.00;24.25;24.50;24.50;24.50;26.50;26.00;25.25;24.25;24.00;24.75;24.50;25.50;32.25;31.00;25.00;24.75;24.00;24.75;24.50;25.50;35.75;33.75;25.00;24.25;23.50;24.25;24.50;25.75;36.00;33.00;25.00;24.00;23.50;23.50;23.75;25.00;35.25;31.00;24.00;23.50;23.75;24.00;23.25;24.25;29.75;27.50;23.50;23.25;22.25;23.00;23.25;23.50;24.00;24.00;23.00;23.25;22.75]
116142-[25.00;24.50;24.50;25.00;25.50;24.75;25.00;24.75;24.50;24.25;24.50;25.75;26.25;24.50;24.00;24.50;24.25;24.50;25.00;32.25;31.25;25.25;24.25;24.75;24.50;24.25;25.25;35.50;34.00;25.25;24.50;24.25;24.25;24.25;25.50;36.00;33.00;24.75;23.75;23.50;23.75;23.75;25.75;35.25;31.25;24.50;23.50;23.75;23.75;23.50;23.75;30.00;27.25;23.75;23.25;22.75;23.25;23.50;23.50;23.50;23.75;22.50;22.75;22.50]
116627-[24.25;24.25;24.25;25.50;25.00;24.75;24.75;24.75;24.50;24.50;24.75;26.75;26.25;24.75;24.25;24.50;24.50;25.00;25.25;32.25;31.25;25.25;24.75;24.25;24.25;24.50;25.50;35.50;33.75;25.25;24.25;23.75;24.50;24.50;25.50;35.75;32.75;25.00;24.25;23.50;24.00;24.00;25.25;35.00;31.25;24.50;23.75;23.50;23.50;23.75;23.75;29.75;27.00;23.50;23.50;22.75;23.25;23.75;23.50;23.75;23.50;23.00;23.25;23.25]
117112-[24.75;24.50;24.25;25.50;25.00;24.75;24.75;25.00;24.50;24.00;24.75;26.50;26.00;25.00;24.50;24.75;24.50;24.25;25.50;32.00;31.50;25.00;24.25;24.00;24.25;24.00;25.50;35.50;34.00;24.75;24.25;23.50;24.50;24.75;25.50;36.00;33.00;24.75;24.00;23.00;23.75;24.25;25.50;35.25;31.25;24.50;23.75;23.50;23.75;23.75;24.25;29.75;27.00;24.25;23.50;22.25;23.25;23.25;23.75;23.75;23.50;23.00;23.25;22.50]
117597-[24.50;24.50;24.75;25.00;25.50;25.00;25.00;24.50;24.75;24.50;24.50;26.00;26.25;24.75;24.25;24.50;24.25;24.50;25.25;32.00;31.00;24.75;24.50;24.00;24.75;24.25;25.25;35.75;34.00;24.50;24.25;23.75;24.25;24.50;25.75;36.00;33.00;25.00;24.25;23.75;23.75;24.00;25.25;35.25;31.25;24.50;23.50;23.75;23.75;23.50;24.00;29.75;27.25;23.75;23.00;23.00;23.00;23.50;23.75;23.75;23.75;23.25;23.00;23.00]
118082-[25.25;23.75;24.75;25.25;25.50;24.75;24.75;24.25;24.25;24.25;25.00;26.25;26.25;24.50;24.00;24.50;24.25;24.50;25.00;32.00;31.00;25.00;24.50;23.50;24.00;24.25;25.00;36.00;33.75;24.50;24.25;23.50;24.25;24.50;25.75;35.75;33.00;24.75;24.00;23.50;23.75;24.25;25.25;35.50;31.00;24.25;23.25;23.75;23.75;23.00;24.25;30.25;26.75;23.75;23.50;23.00;22.75;23.25;23.50;23.50;23.50;23.00;23.25;23.25]
118567-[24.50;24.00;24.75;25.25;25.50;24.50;24.50;24.25;24.75;24.00;25.00;26.50;26.25;24.75;24.75;24.25;24.50;25.00;24.75;32.00;31.00;25.25;24.75;24.00;24.25;24.50;25.50;36.00;33.50;24.75;24.25;23.75;24.75;24.25;25.25;36.00;32.75;25.00;24.25;24.00;23.75;24.00;25.25;35.50;30.75;24.50;23.50;23.25;23.25;23.75;24.50;30.00;27.25;24.25;23.25;22.75;23.25;23.75;23.50;24.00;23.75;23.00;23.00;23.75]
119052-[25.25;24.25;25.00;25.25;25.25;24.50;24.75;25.00;24.75;24.75;25.00;26.75;26.25;25.00;24.50;25.25;24.50;24.50;25.75;32.50;31.00;25.00;25.00;24.25;24.00;24.50;25.50;36.00;33.75;24.75;24.50;23.75;24.25;25.00;25.75;36.25;32.75;25.25;24.50;24.00;24.00;24.25;25.25;35.50;31.00;24.75;23.50;24.25;24.25;23.25;24.00;30.50;27.25;24.00;23.50;22.50;23.50;23.50;24.00;24.00;23.50;22.75;23.50;23.00]
119537-[25.25;24.00;24.75;25.25;25.75;25.25;25.00;24.50;24.50;24.25;25.00;26.50;26.50;25.00;24.75;24.50;24.75;24.75;25.75;32.00;31.25;25.50;24.75;24.25;24.50;24.25;25.25;36.00;33.75;25.25;24.25;23.75;24.25;24.50;25.75;36.25;33.25;25.25;24.25;23.75;24.00;24.25;25.25;35.25;31.50;24.50;24.00;23.75;23.50;23.25;24.25;30.50;27.50;24.25;23.00;22.50;23.25;23.25;24.00;23.75;23.50;23.00;23.75;23.75]
120022-[25.00;24.25;24.50;25.50;25.00;24.75;24.75;24.50;25.25;24.75;25.00;26.50;26.00;25.00;24.50;24.75;24.50;24.50;25.50;32.00;31.50;25.25;24.50;23.75;24.25;24.50;25.50;35.75;34.00;25.00;24.25;24.00;24.75;24.25;26.00;36.25;33.00;25.00;24.25;23.25;24.00;24.25;25.00;35.75;31.25;24.00;24.00;23.75;22.50;23.75;24.25;30.25;27.50;24.00;23.25;22.50;23.25;23.25;24.00;24.00;23.75;23.00;23.75;22.75]
120507-[24.25;24.25;24.75;25.00;25.50;24.75;24.75;24.75;24.75;24.50;25.25;26.50;26.25;25.25;24.25;24.75;24.75;24.25;25.25;32.00;31.25;25.25;25.00;24.25;24.50;24.50;25.50;36.00;33.75;25.25;24.50;24.25;24.50;24.75;25.50;36.25;33.00;25.00;24.25;23.50;23.75;24.25;25.25;35.50;31.00;24.50;23.50;23.50;23.75;23.25;24.50;30.25;27.00;23.75;23.00;23.00;23.25;24.00;23.75;23.75;24.00;22.75;23.25;23.25]
120992-[25.00;24.25;25.00;25.00;25.25;24.75;24.75;24.50;25.00;24.50;25.25;26.00;26.25;25.00;24.25;24.50;24.75;24.75;25.50;31.75;31.00;25.25;24.50;24.25;24.50;24.25;25.50;35.75;34.00;25.00;24.25;23.75;24.75;24.50;25.75;36.00;33.00;24.75;24.25;23.50;24.25;24.50;25.50;35.00;31.25;24.50;24.00;23.75;23.75;23.75;24.25;30.00;27.25;24.00;23.50;22.75;23.50;23.75;24.00;23.50;23.75;23.25;23.25;23.50]
121477-[24.50;24.25;24.00;25.25;25.00;24.50;24.75;24.25;25.00;24.25;24.75;26.25;26.00;24.50;24.50;24.00;24.50;24.50;25.25;32.00;31.00;25.25;24.75;24.25;24.50;24.25;25.50;36.00;33.75;24.75;24.00;23.75;24.00;24.50;25.75;36.00;33.00;24.75;24.25;23.50;23.75;24.25;25.25;35.50;31.00;24.25;23.50;23.50;23.50;23.50;24.50;30.50;27.25;23.50;23.00;22.75;23.00;23.75;24.00;23.75;24.00;22.75;23.25;23.00]
121962-[24.75;24.25;24.50;25.00;25.25;24.75;24.50;24.00;25.00;24.25;24.75;26.00;26.25;25.00;24.25;24.25;24.75;24.75;25.00;32.00;31.25;25.25;25.25;24.00;24.00;24.75;25.25;36.00;33.75;25.00;24.00;24.25;24.25;24.50;25.75;35.75;33.00;24.75;24.00;23.50;23.50;24.00;25.00;35.25;30.75;24.25;24.25;24.00;23.50;23.75;24.00;30.50;27.25;23.50;23.25;23.00;23.25;23.50;24.25;24.25;24.25;22.75;23.25;23.00]
122447-[24.50;24.25;24.75;25.25;25.50;24.75;24.75;24.25;25.00;24.50;25.00;26.25;26.00;24.50;24.00;24.25;24.75;24.75;25.00;32.00;31.25;25.25;24.25;24.50;24.50;24.50;25.50;35.75;34.00;24.75;23.75;24.25;24.25;24.25;26.00;36.00;33.00;24.50;23.75;23.25;24.25;24.50;25.25;35.50;31.00;24.25;23.50;23.50;23.75;23.25;24.25;30.50;27.50;24.00;23.50;22.50;23.25;23.00;23.50;24.00;23.50;22.75;23.25;23.00]
122932-[24.75;24.25;24.25;25.00;25.25;24.75;24.75;24.50;24.25;24.50;24.75;26.50;26.25;24.75;24.50;24.50;24.50;24.75;25.50;31.75;31.00;24.75;24.25;23.75;23.75;24.50;25.50;35.75;33.75;24.75;24.25;23.75;24.00;24.50;25.75;36.25;32.50;24.50;24.25;23.75;24.00;23.75;25.25;35.25;31.25;24.25;23.25;23.75;23.50;23.50;24.00;29.75;27.75;24.00;22.50;22.25;23.25;23.50;23.50;24.00;23.50;23.00;23.25;23.25]
123417-[24.75;24.00;24.50;25.00;25.25;24.25;24.75;24.75;24.75;24.00;24.75;26.25;26.00;24.50;24.25;24.25;24.50;24.25;25.25;31.50;30.75;25.25;24.50;24.00;24.00;24.25;25.50;36.00;33.75;25.00;23.75;23.25;24.25;24.50;25.50;36.00;32.75;24.75;23.75;23.25;23.75;24.25;25.50;35.50;31.00;24.25;23.50;24.00;23.25;23.75;24.50;30.25;27.25;24.00;23.25;22.75;23.25;23.50;23.50;23.75;23.50;23.25;23.00;22.75]
123902-[24.25;24.25;24.50;25.25;25.00;24.75;25.25;24.75;24.75;24.50;24.75;26.75;26.00;24.75;24.50;24.25;24.50;24.75;25.50;31.75;31.00;25.25;24.25;23.50;24.25;24.50;25.00;35.50;33.75;25.00;24.25;23.50;24.50;24.50;25.75;36.25;33.00;24.50;24.25;23.25;24.00;24.50;25.50;35.25;31.25;24.50;23.50;23.75;24.00;23.25;24.50;30.25;27.50;24.00;23.50;22.50;23.00;23.75;23.75;24.00;23.50;23.25;23.25;23.00]
124387-[24.50;24.50;24.50;25.00;25.25;25.25;24.75;24.50;24.75;24.50;25.00;26.50;26.25;24.75;24.75;24.75;24.50;24.50;25.50;32.00;30.75;25.25;25.00;24.75;24.50;24.50;25.50;36.00;33.75;25.00;24.25;23.75;24.75;24.50;26.00;36.00;33.00;25.00;24.25;23.50;24.00;24.50;25.50;35.25;31.25;24.00;24.00;23.75;24.00;23.75;24.50;30.25;27.00;23.75;23.00;22.50;23.75;23.75;23.75;24.25;24.00;23.50;23.75;23.00]
124872-[25.00;24.75;24.75;25.25;25.25;24.75;25.00;24.25;25.00;24.50;25.25;26.25;26.25;25.00;24.50;24.75;24.75;24.50;25.25;32.25;31.25;25.00;24.50;24.00;24.50;24.00;25.25;35.75;33.75;25.00;24.25;23.50;24.25;24.50;25.75;36.00;33.00;25.25;24.25;23.50;24.25;24.25;25.50;35.75;31.50;24.75;24.00;23.75;23.50;23.75;24.00;30.50;27.50;24.00;23.75;22.75;23.00;24.00;23.50;23.75;23.75;23.25;23.00;23.25]
125357-[24.75;24.00;24.25;25.25;25.25;25.25;25.00;24.50;24.25;24.50;24.75;26.50;26.00;24.50;24.50;24.75;24.75;24.50;25.25;32.50;30.75;25.25;24.75;24.00;24.75;24.25;25.25;35.75;34.00;24.75;24.00;24.25;24.50;24.75;25.75;36.00;33.00;24.75;24.25;23.50;23.75;24.00;25.00;35.25;30.75;24.50;23.75;23.75;23.75;24.00;24.25;30.25;27.50;24.00;23.50;22.25;23.50;23.50;23.75;23.75;24.25;23.00;23.25;23.00]
125842-[24.50;24.00;24.50;24.75;24.75;24.25;24.25;24.50;24.75;24.00;25.00;26.50;26.25;25.00;24.25;24.75;24.50;24.75;25.50;31.75;30.75;25.00;24.50;24.00;24.25;24.50;25.25;35.75;33.75;24.75;24.25;23.75;24.25;24.50;25.75;36.00;33.00;24.50;24.00;23.75;23.75;24.50;25.00;35.25;31.00;24.25;23.75;23.50;23.75;23.50;24.25;30.25;27.50;23.75;23.50;22.75;23.00;23.75;23.25;23.50;24.00;22.75;23.25;23.00]
126327-[24.50;24.25;24.50;25.25;25.00;24.75;25.00;24.25;24.75;24.25;24.50;26.25;26.25;24.75;24.25;25.00;24.50;25.00;25.00;32.25;31.25;25.00;24.50;24.00;24.00;24.25;25.00;35.50;33.75;24.75;24.25;23.25;24.50;24.25;25.75;36.25;33.00;24.75;24.00;22.75;23.25;24.25;25.25;35.50;31.25;24.00;23.50;24.00;23.50;23.75;24.25;30.25;27.00;23.75;23.00;22.50;24.00;22.75;23.75;23.75;23.75;23.00;23.50;23.25]
126812-[24.75;24.75;24.75;25.50;25.00;24.50;25.00;24.75;24.75;24.50;25.00;26.25;25.75;24.75;24.75;24.50;24.50;24.50;24.75;32.00;31.25;24.75;24.25;24.25;24.25;24.75;25.50;35.75;33.75;25.25;24.50;23.25;24.25;24.25;25.50;35.75;32.75;24.75;24.25;23.75;23.75;23.75;24.75;35.00;31.00;24.25;23.50;23.75;23.50;23.75;24.00;29.75;27.00;23.75;23.25;22.50;23.50;23.25;23.25;23.75;23.25;23.25;23.50;22.75]
127297-[24.75;24.00;24.50;25.00;25.00;24.00;24.75;25.00;24.50;24.50;24.75;26.00;26.25;24.25;24.25;24.50;24.50;24.75;25.50;32.00;31.00;25.00;24.25;23.75;24.00;24.25;25.00;35.25;34.00;24.75;24.00;23.75;24.50;24.50;25.50;36.25;32.50;24.75;24.25;23.50;24.00;24.25;25.00;35.00;30.75;24.50;23.50;23.75;23.75;23.50;24.00;30.25;27.00;23.50;23.50;22.50;23.25;23.25;24.00;24.25;23.50;23.25;23.25;23.00]
127782-[24.75;24.00;24.75;24.75;25.25;25.00;25.00;24.50;24.25;24.50;25.00;26.25;26.00;24.75;24.50;24.25;24.50;24.50;25.25;32.00;31.25;25.00;24.75;23.75;23.75;24.25;25.25;35.75;33.50;25.00;24.25;23.75;24.25;24.75;25.75;36.00;32.75;25.25;24.00;23.50;24.25;24.25;24.75;35.75;31.00;24.25;23.25;23.75;23.75;23.75;24.25;29.75;27.25;24.00;23.25;22.50;23.25;23.25;23.75;23.50;24.00;23.50;23.50;23.50]
128267-[24.50;23.75;24.25;25.25;25.25;24.75;24.25;24.75;24.50;24.50;24.75;26.50;26.25;24.75;24.50;24.75;24.75;24.50;25.50;32.25;31.25;25.25;24.75;24.25;24.25;24.50;25.50;35.50;33.75;25.00;24.00;24.00;24.50;24.75;25.50;36.25;32.75;25.25;25.00;23.25;24.00;23.75;24.75;35.25;31.00;24.25;23.50;24.00;23.50;23.75;24.25;30.00;27.00;23.75;23.00;22.50;23.25;22.75;23.50;23.75;23.75;23.00;23.00;22.75]
128752-[24.75;24.25;24.50;25.25;25.25;25.00;24.75;25.00;24.50;24.00;24.75;26.00;26.00;24.75;24.50;24.75;24.50;24.75;25.00;31.75;31.25;24.75;24.25;23.75;24.25;24.00;25.00;35.75;33.75;25.00;24.25;24.00;24.00;24.50;25.50;35.75;32.75;24.75;24.25;23.50;24.00;24.00;25.25;35.25;30.75;24.25;23.25;23.50;23.25;23.25;24.25;29.75;26.75;24.00;23.25;23.25;23.00;23.50;24.25;23.75;24.00;23.00;23.00;23.00]
129237-[25.25;24.50;24.50;25.25;25.00;24.75;24.75;24.50;24.00;24.00;24.75;26.25;25.75;24.75;24.50;24.75;24.50;24.75;25.50;31.50;31.00;25.00;24.50;24.25;24.50;24.25;25.25;35.75;33.75;25.00;24.25;24.00;24.00;24.75;25.75;36.00;32.75;25.00;24.00;23.75;23.50;24.25;25.25;35.25;31.00;24.25;23.75;23.75;23.25;23.50;24.25;30.25;27.00;24.00;23.2
