Vidro Liquido preto 200mm
712-   [24.50;24.75;24.75;26.00;26.25;25.00;24.50;24.25;24.50;24.75;25.00;32.50;33.00;25.50;24.50;24.75;24.50;25.00;26.00;37.50;38.00;26.00;25.00;23.75;24.25;24.25;26.00;39.25;39.00;25.75;24.50;23.50;24.50;24.75;26.75;40.50;39.25;26.00;24.00;23.25;24.00;24.25;25.25;37.00;35.00;24.75;23.50;23.25;23.25;23.25;23.75;30.75;28.00;24.00;23.00;22.75;22.25;23.00;23.25;23.75;23.75;22.25;22.50;22.00]
1197-  [24.75;24.25;25.00;26.25;26.25;24.50;25.00;24.00;25.00;24.50;25.25;32.50;33.25;25.00;24.00;24.25;24.50;24.50;25.75;37.50;38.00;26.25;24.75;24.25;23.75;23.75;25.75;39.25;39.25;26.00;24.00;23.50;24.50;24.25;26.25;40.00;39.25;26.00;24.50;23.25;23.25;24.00;25.50;37.00;35.00;25.00;23.25;23.50;23.25;23.25;24.00;30.25;28.25;23.75;23.00;22.00;23.00;23.00;23.50;23.50;23.75;22.50;22.75;22.50]
1682-  [24.50;24.00;25.00;26.00;26.50;24.75;25.00;24.25;25.00;24.00;25.25;32.50;33.00;25.50;24.50;24.75;24.50;24.75;25.75;37.50;38.25;26.25;24.75;23.75;24.00;24.50;26.00;39.00;38.75;25.75;24.75;23.00;24.25;25.00;26.25;40.75;39.00;26.00;24.00;23.50;23.50;24.50;25.50;37.00;35.25;25.00;23.00;23.25;24.00;23.00;24.00;30.50;28.25;23.50;23.25;22.50;22.25;23.00;23.00;24.00;23.75;22.75;22.50;22.50]
2167-  [24.75;24.00;24.50;26.00;26.00;24.75;25.00;24.25;25.00;24.50;25.25;32.25;32.75;25.25;24.50;24.00;24.50;24.75;25.75;37.25;38.50;26.25;24.75;24.00;23.75;24.50;26.00;39.00;39.00;26.25;24.50;23.50;24.00;24.50;26.50;40.25;39.25;26.00;24.50;23.75;23.75;24.00;25.25;37.25;35.00;24.75;23.50;23.25;23.25;23.25;24.25;30.50;28.25;23.50;23.00;22.00;22.75;22.75;23.50;24.00;24.25;22.25;23.00;22.25]
2652-  [24.50;24.50;25.00;26.00;26.25;24.75;24.25;24.25;24.75;24.50;25.50;32.25;32.75;25.75;24.25;24.25;24.25;24.50;26.00;37.50;38.25;26.50;24.25;23.50;24.25;24.25;26.50;39.00;39.25;26.25;24.50;23.50;24.50;24.50;26.50;40.25;39.25;26.00;24.75;23.50;23.75;24.25;25.50;37.00;35.00;24.75;23.50;23.75;23.25;23.50;24.00;30.50;28.50;24.00;23.75;22.25;22.25;23.25;23.25;23.75;23.75;23.25;23.00;22.75]
3137-  [25.25;24.25;25.00;26.50;26.25;24.50;24.75;24.50;24.50;24.50;25.50;32.50;33.25;26.00;24.25;24.75;24.50;24.50;26.00;37.75;38.25;26.50;24.75;24.00;24.50;24.50;26.50;39.00;39.00;25.75;24.50;23.50;24.75;24.75;26.50;40.50;39.50;25.75;24.00;23.50;23.75;24.00;26.00;37.25;35.00;25.00;23.75;23.50;23.25;23.50;24.00;30.25;28.50;23.75;23.25;22.75;23.25;23.25;23.75;23.75;23.75;22.75;23.00;22.75]
3622-  [25.00;24.00;24.75;26.00;26.50;25.00;24.75;24.25;25.25;24.50;25.50;32.25;33.25;25.00;24.25;24.50;24.25;25.00;26.00;37.50;38.25;26.00;24.75;23.75;24.00;24.50;26.00;39.50;39.25;26.00;24.50;24.00;24.00;24.50;27.00;40.50;39.25;26.00;24.25;23.00;23.75;24.25;25.50;37.25;35.25;25.25;24.00;23.25;23.50;23.75;24.00;30.75;28.25;23.75;23.25;22.50;23.00;23.25;23.50;23.75;23.75;23.00;23.00;23.00]
4107-  [24.50;24.50;25.00;26.00;26.25;25.00;25.00;25.00;24.50;24.50;25.25;32.25;33.25;25.25;24.50;24.00;24.75;24.75;26.00;37.50;38.25;26.25;25.00;24.00;24.25;24.50;26.00;39.25;39.50;26.00;24.50;23.50;24.25;25.00;26.75;40.50;39.25;25.75;24.25;23.75;24.00;24.00;25.50;37.25;35.25;24.75;23.50;24.00;23.50;23.50;24.25;30.75;28.50;24.00;23.00;22.50;23.25;24.00;23.50;24.00;23.50;22.75;23.00;23.00]
4592-  [25.25;23.75;25.00;26.50;26.50;25.00;24.75;24.50;24.50;24.75;25.25;32.50;32.75;25.75;24.75;24.50;24.50;24.75;26.00;38.00;38.25;26.00;24.75;24.50;24.25;24.25;26.25;39.00;39.00;26.25;24.00;23.50;24.25;24.75;26.50;40.50;39.25;26.00;24.00;23.50;23.75;24.25;25.00;37.00;35.25;25.25;23.75;24.00;23.50;23.25;24.00;30.75;28.75;24.00;22.75;22.75;23.00;23.25;23.75;24.25;24.25;23.00;23.50;23.00]
5077-  [24.50;24.00;24.25;26.25;26.00;25.00;24.50;24.25;24.75;24.00;25.25;32.50;33.25;25.75;24.25;24.50;24.25;24.75;25.50;37.75;38.50;26.25;24.50;24.00;24.00;24.50;26.00;39.00;39.00;25.75;24.00;24.00;24.00;24.50;26.50;40.75;39.25;25.75;24.25;23.50;23.50;24.00;25.50;37.00;34.75;24.50;23.50;22.75;23.50;23.25;24.25;30.50;28.25;24.00;23.50;22.75;22.75;23.25;23.50;23.50;23.75;22.50;22.50;22.50]
5562-  [24.50;24.50;24.75;25.50;26.25;24.75;24.75;24.00;24.75;24.50;25.25;32.25;32.75;25.25;24.75;24.25;24.00;24.75;25.75;37.50;38.25;26.25;24.25;23.75;24.25;24.25;26.00;39.00;39.25;26.00;24.00;23.75;24.50;24.50;26.50;40.75;39.25;25.75;24.50;23.25;23.75;23.75;25.25;37.50;35.00;24.75;23.50;24.00;23.00;23.25;23.75;30.25;28.50;24.00;23.00;22.75;23.50;23.50;23.50;24.00;23.50;22.75;22.75;22.50]
6047-  [24.00;24.25;24.75;25.75;26.25;24.75;24.50;24.75;24.50;24.50;24.75;32.25;32.75;25.25;24.25;24.50;24.75;24.75;26.00;37.75;38.50;26.00;24.25;24.25;24.25;24.25;26.00;39.25;39.25;25.75;24.50;23.75;24.25;24.50;26.25;40.25;39.25;25.50;24.75;23.00;24.25;24.25;25.50;37.50;35.25;25.25;23.75;23.75;23.25;23.50;24.25;30.50;28.50;23.75;23.25;22.50;22.75;22.75;23.50;24.00;23.50;22.75;23.75;22.50]
6532-  [24.75;24.00;25.00;26.50;26.50;25.25;25.00;24.75;24.25;24.50;25.25;32.75;32.75;25.75;24.50;24.25;24.50;25.00;26.00;38.25;38.50;26.25;24.75;24.25;24.50;24.75;26.50;39.25;39.25;26.25;24.75;23.75;24.25;24.50;26.50;40.75;39.50;26.00;24.50;23.00;23.75;24.25;25.75;37.25;34.75;24.75;23.75;23.50;23.50;23.25;24.25;30.75;28.25;24.25;23.00;22.25;23.50;23.75;23.50;24.25;24.00;23.25;23.25;22.75]
7017-  [24.75;24.50;25.00;26.25;26.75;24.50;25.25;24.00;24.75;25.00;25.25;32.25;33.00;25.50;24.50;24.75;24.75;24.75;26.00;37.75;38.50;26.50;24.75;24.25;24.50;24.50;26.25;39.25;39.25;26.25;24.75;24.00;24.50;24.75;26.50;40.75;39.50;26.00;24.50;23.75;24.25;24.50;25.50;37.25;35.25;25.00;23.75;23.50;23.50;23.50;24.25;30.50;28.75;24.25;23.50;22.75;23.50;23.00;23.75;24.50;24.00;23.25;23.25;22.50]
7502-  [24.50;24.25;24.75;26.25;26.00;24.75;24.50;24.50;25.00;24.25;25.50;32.50;33.00;25.25;24.25;24.75;24.50;24.75;25.50;37.75;38.25;26.25;24.75;24.00;24.50;24.50;26.00;39.25;39.00;26.25;24.25;24.25;24.75;24.75;26.25;40.50;39.50;26.00;24.25;23.75;24.25;24.25;26.00;37.50;35.50;24.50;23.50;24.00;23.50;23.50;24.25;30.75;28.50;23.75;23.75;22.50;23.50;23.50;24.00;24.25;23.50;23.00;23.50;23.00]
7987-  [24.50;24.75;25.25;26.50;25.75;25.00;25.00;24.25;25.00;24.75;25.25;32.50;33.25;25.50;24.50;24.75;24.25;24.75;26.00;38.00;38.50;26.25;24.75;24.00;24.75;24.50;26.25;39.25;39.25;26.25;24.50;24.00;24.75;24.25;26.75;40.75;39.25;25.75;24.50;23.50;23.75;24.25;25.25;37.25;35.25;25.00;23.75;23.75;23.50;23.50;24.25;30.75;28.25;24.25;23.25;22.50;23.50;23.50;23.50;24.25;24.00;23.00;23.75;23.00]
8472-  [25.00;24.25;25.00;26.00;25.75;25.00;24.75;24.25;24.75;24.75;26.00;32.25;33.00;25.50;24.75;24.75;24.75;24.75;26.50;37.50;38.50;26.25;24.75;24.25;24.25;24.75;26.00;39.25;39.75;26.00;24.00;24.00;24.50;24.75;26.75;40.50;39.50;26.25;24.00;24.00;24.25;24.50;25.50;37.50;35.00;25.25;24.25;23.75;23.50;23.25;24.25;31.00;28.50;24.25;23.50;22.50;23.25;23.50;24.00;24.75;24.50;23.25;23.00;22.50]
8957-  [25.25;24.25;24.75;26.50;26.25;25.50;25.50;24.75;25.50;24.75;25.75;32.50;33.25;26.25;24.25;25.00;25.00;25.00;26.00;37.75;38.50;26.50;25.00;24.00;24.75;24.75;26.50;39.25;39.25;26.50;24.75;24.50;24.50;25.25;27.00;40.75;39.25;26.50;24.50;23.75;24.25;24.75;25.75;37.75;35.50;25.00;24.25;23.75;24.00;23.50;24.50;30.75;28.75;24.25;23.75;22.75;23.25;23.50;24.00;24.50;24.00;23.50;23.00;23.00]
9442-  [25.00;24.25;25.00;26.25;26.50;25.00;25.00;24.75;24.75;24.50;25.25;32.75;33.25;25.75;25.00;24.25;25.00;24.75;26.50;37.50;38.75;26.75;25.00;24.25;24.75;24.75;26.50;39.50;39.50;26.25;24.75;24.25;24.25;24.75;26.75;40.50;39.50;26.25;24.25;23.75;24.50;24.50;26.00;37.50;35.75;25.00;24.00;24.00;23.00;23.50;24.50;31.25;28.75;24.50;23.50;22.75;23.50;23.50;23.75;24.25;23.75;23.50;23.00;23.50]
9927-  [24.25;24.50;25.25;26.25;26.50;25.00;25.00;24.50;24.75;25.00;25.50;33.00;33.00;25.50;24.75;24.75;24.50;25.00;26.50;37.75;38.00;26.50;24.50;24.50;24.50;24.50;26.25;40.00;39.25;26.25;24.25;24.00;24.50;25.00;27.00;40.50;39.50;25.75;25.00;24.00;24.00;24.50;25.75;37.25;35.50;25.00;23.75;23.50;24.25;23.50;24.75;30.75;28.50;24.50;23.75;23.00;23.75;23.75;23.25;24.75;24.00;23.00;23.25;24.00]
10412- [24.50;24.50;24.75;26.25;26.25;25.25;25.00;24.75;24.75;24.75;25.75;32.75;33.25;25.25;24.75;24.75;25.00;24.75;26.25;38.00;38.50;26.50;25.00;24.75;24.25;24.75;26.25;39.75;39.50;26.75;24.25;24.50;24.75;25.00;26.50;40.50;39.50;26.25;24.75;24.00;24.25;24.25;26.00;37.50;35.50;25.00;23.75;24.00;23.75;24.00;24.50;31.25;28.50;24.00;23.50;23.00;24.00;23.75;24.25;24.50;24.00;23.25;23.25;23.00]
10897- [24.50;24.25;24.75;26.25;26.25;25.00;25.00;25.50;25.25;24.50;25.25;32.25;33.50;25.75;25.00;24.50;24.75;24.50;26.25;37.50;38.25;26.25;25.00;24.50;24.00;24.50;26.00;39.50;39.50;26.25;24.50;23.75;24.50;24.75;26.75;40.50;39.50;26.25;24.25;23.50;23.75;24.25;25.75;37.50;35.50;25.00;24.25;23.75;24.00;23.75;24.25;31.00;28.75;24.25;23.75;22.75;23.00;23.75;23.50;24.25;24.25;23.00;23.25;23.50]
11382- [25.00;24.25;24.75;26.50;26.25;25.00;24.75;24.75;25.25;24.25;25.25;32.50;32.75;25.50;24.75;24.75;24.75;25.00;26.25;38.00;38.50;26.25;24.50;24.75;24.50;24.75;26.25;39.25;39.25;26.25;24.50;24.00;24.50;24.50;27.00;40.50;39.50;26.00;24.50;24.25;23.75;24.50;25.75;37.50;35.25;25.00;23.75;24.00;23.25;24.00;24.25;30.75;29.00;24.00;23.25;23.00;23.00;23.75;23.75;24.25;24.50;23.00;22.75;23.00]
11867- [24.75;24.75;24.50;26.00;26.25;24.75;24.50;24.50;25.00;24.25;25.25;32.25;33.25;25.75;24.75;24.75;24.25;25.00;26.00;37.75;38.25;26.25;24.75;24.25;23.75;24.50;26.00;39.25;39.25;26.00;24.25;23.25;24.25;24.75;26.75;40.50;39.50;25.75;24.75;23.50;24.00;24.50;25.75;37.50;35.25;25.00;23.75;23.75;23.50;24.25;24.00;31.00;28.50;24.50;23.25;22.50;23.75;23.75;23.75;24.25;23.75;23.00;23.25;23.75]
12352- [24.75;24.50;25.00;26.50;26.25;25.50;25.00;24.00;24.75;25.00;25.50;32.50;33.00;25.50;24.75;24.75;24.75;24.75;26.00;37.25;38.50;26.50;24.75;24.00;24.25;24.75;26.00;39.25;39.00;26.00;24.75;24.25;24.50;24.50;26.50;40.25;39.50;26.50;24.00;23.75;24.25;24.25;25.75;37.25;35.00;24.75;23.75;23.75;23.50;23.00;24.50;31.50;28.50;24.25;23.50;23.25;23.75;24.00;23.75;24.00;24.50;22.75;23.25;22.75]
12837- [24.75;23.75;24.50;26.00;26.00;24.75;24.50;24.25;24.75;24.00;25.00;32.25;33.00;25.25;24.25;24.25;25.00;25.00;25.50;37.50;38.25;26.25;24.00;23.75;24.25;24.50;26.00;39.00;39.00;25.75;24.50;24.25;24.50;24.50;26.75;40.25;39.25;25.50;24.50;23.25;24.25;24.00;26.00;37.50;35.50;24.75;23.50;23.75;23.25;23.50;23.75;30.50;28.50;23.75;23.25;23.00;23.50;23.25;24.00;23.50;24.00;23.00;22.25;23.00]
13322- [24.50;24.25;24.75;25.75;26.25;24.75;24.50;24.00;25.00;24.25;25.00;32.75;33.00;25.75;25.00;24.50;24.75;24.50;25.75;37.75;38.50;26.25;24.75;24.25;24.25;24.25;26.50;39.00;39.00;26.00;24.50;23.75;24.50;24.25;26.50;40.50;39.25;25.75;24.25;23.25;23.75;24.00;25.25;37.00;34.75;24.75;23.25;23.75;23.50;23.25;24.25;31.00;28.75;24.00;23.50;23.00;23.00;23.25;23.75;23.75;24.00;23.25;23.50;23.00]
13807- [24.75;24.00;24.75;25.75;26.00;24.50;24.75;24.25;25.00;24.50;25.50;32.50;33.00;25.50;25.25;24.75;24.50;24.75;26.25;37.50;38.25;26.00;24.75;24.25;24.25;24.50;26.00;39.00;39.00;25.75;24.25;24.00;24.50;24.50;26.50;40.50;39.25;26.00;24.25;24.00;24.00;24.25;25.75;37.00;35.00;24.50;24.00;23.50;23.50;23.25;24.25;30.75;28.00;23.75;22.75;22.75;23.75;24.00;23.75;24.25;24.00;23.25;22.75;22.50]
14292- [25.00;24.50;25.00;26.00;25.75;25.00;25.25;24.75;24.75;25.00;25.75;32.50;33.00;25.75;24.75;24.75;25.00;25.00;25.75;37.75;38.25;26.00;24.75;24.25;24.50;24.50;26.50;39.50;39.25;26.25;24.75;24.25;25.00;25.00;26.50;40.50;39.25;26.50;24.50;23.25;24.25;24.25;25.50;37.50;35.75;25.25;24.00;23.75;24.00;23.75;24.25;31.00;28.50;24.25;23.50;23.25;23.75;23.50;24.25;24.50;24.25;23.00;23.50;22.50]
14777- [24.75;24.50;25.00;26.25;26.50;24.75;25.00;25.25;25.00;25.00;25.50;32.75;33.50;25.25;24.75;25.00;24.75;25.00;25.75;37.75;38.75;26.50;25.25;24.00;25.00;24.75;26.75;39.25;39.25;25.50;24.75;24.25;24.50;25.25;27.00;40.50;39.50;26.25;25.00;23.75;24.00;24.50;26.00;37.25;35.50;25.25;23.75;23.75;23.25;23.75;24.25;31.25;28.75;24.50;23.75;23.00;23.50;23.75;24.50;24.00;24.00;23.25;23.25;23.00]
15262- [24.75;24.25;25.25;26.25;26.75;25.00;25.25;24.50;25.00;24.75;26.00;32.25;33.50;25.75;24.50;24.50;24.75;25.50;26.00;37.75;38.50;26.50;25.00;24.25;24.25;24.50;26.50;39.75;39.25;26.25;24.50;24.00;25.00;25.00;26.50;40.75;39.25;26.00;24.75;23.50;24.00;24.50;25.75;37.25;35.50;25.50;24.00;24.50;24.00;23.75;24.50;31.25;28.75;24.25;23.50;22.75;24.25;23.75;24.00;24.00;24.50;23.00;23.50;23.25]
15747- [25.75;24.50;25.00;26.75;26.50;25.00;25.50;25.00;24.75;24.75;25.75;32.50;33.25;25.75;24.75;25.00;24.75;25.25;26.75;38.25;38.50;26.50;25.00;24.50;24.75;24.50;26.25;39.75;39.50;26.25;24.50;24.00;24.75;24.75;27.00;40.75;39.75;26.25;24.25;23.75;24.50;24.50;25.75;37.25;35.25;25.25;24.00;23.75;23.75;23.25;24.25;30.75;28.75;24.50;23.50;23.00;23.25;24.25;24.00;24.50;24.25;24.00;23.25;24.00]
16232- [25.25;24.75;25.25;26.50;26.50;24.75;25.25;24.50;24.75;24.50;26.00;32.75;33.50;25.25;25.00;25.00;24.75;25.25;26.50;38.00;38.50;26.25;25.25;24.25;24.75;24.75;26.25;39.50;39.50;26.25;24.25;23.75;25.00;25.00;26.50;40.50;39.50;26.25;24.50;24.00;24.50;24.50;26.00;37.50;35.25;25.00;24.25;24.00;24.25;24.00;24.50;30.75;28.75;24.25;23.75;22.50;24.00;24.00;24.00;24.50;23.75;23.25;23.25;23.00]
16717- [25.00;24.25;25.00;26.75;27.00;25.50;25.25;25.25;25.00;24.75;25.50;32.50;33.00;26.25;24.75;24.75;25.00;25.00;26.25;38.00;38.50;27.00;25.00;24.50;24.75;24.75;26.50;39.50;39.75;26.25;24.75;24.25;24.75;25.25;27.00;40.75;39.75;26.25;24.50;24.00;23.75;25.00;25.75;37.75;35.25;25.50;24.00;23.75;23.75;23.50;24.25;31.00;29.00;24.25;23.50;23.25;23.25;23.75;24.25;24.50;24.25;23.75;23.00;23.50]
17202- [25.25;25.25;25.25;26.50;27.00;25.25;25.50;25.50;25.50;25.25;25.25;32.75;33.25;25.75;25.00;25.25;25.00;25.25;26.50;38.25;38.50;26.75;25.50;24.50;24.75;25.00;26.25;39.50;39.75;26.75;24.50;24.50;25.25;25.25;26.75;40.75;39.50;26.50;24.50;23.75;24.50;24.75;25.75;37.50;35.75;25.00;24.00;24.00;23.75;24.25;24.50;31.25;29.50;24.25;23.75;23.00;23.75;23.50;24.00;24.75;24.25;23.50;23.25;23.75]
17687- [25.00;25.00;25.50;26.75;27.25;25.25;25.00;25.25;25.00;24.75;25.50;33.00;33.50;26.25;25.00;25.25;24.50;25.00;26.50;37.75;38.75;26.50;24.75;24.50;25.00;24.75;26.75;39.75;39.50;26.25;25.25;24.25;24.75;25.50;27.00;40.75;39.75;26.75;24.75;24.25;24.25;24.75;25.75;37.75;35.25;25.00;24.25;24.25;24.50;24.00;24.75;31.00;29.00;24.75;24.00;23.00;24.25;23.75;24.25;24.50;24.25;23.50;23.75;23.25]
18172- [25.25;24.25;25.00;26.75;26.75;25.00;25.50;25.25;25.50;25.25;25.75;32.50;33.25;25.50;25.25;24.75;24.75;25.25;26.25;37.75;38.75;26.75;25.25;24.75;24.50;25.00;26.50;39.75;39.25;26.50;25.00;24.00;24.75;25.00;26.75;40.50;39.75;26.00;25.25;23.75;24.50;24.75;26.25;37.50;35.50;25.25;24.00;23.75;23.75;24.00;24.75;31.00;28.50;24.50;23.75;23.25;23.75;24.25;24.00;25.00;24.25;23.25;23.75;23.00]
18657- [25.00;24.75;25.50;26.75;27.00;25.50;25.25;25.25;25.25;25.00;25.75;32.50;33.25;25.75;25.25;24.50;25.00;25.00;26.50;38.25;38.50;26.50;25.00;24.50;24.75;24.75;26.25;39.50;39.75;26.50;24.75;24.00;24.75;25.25;27.00;41.00;39.75;26.50;25.00;23.75;24.25;24.50;26.00;37.50;35.50;25.75;24.00;24.00;24.00;24.00;25.00;30.75;28.75;24.00;23.50;23.25;24.00;24.25;24.25;24.25;24.25;23.75;23.50;23.00]
19142- [25.25;24.50;25.25;26.50;26.50;25.25;25.25;25.00;24.75;25.25;26.00;33.00;33.00;26.25;25.25;25.25;25.25;25.00;26.75;38.25;38.75;26.75;25.25;24.75;24.50;25.00;26.50;39.75;39.50;26.50;24.75;24.50;25.00;25.00;27.00;40.75;39.75;26.50;24.75;23.75;24.50;25.00;26.00;37.50;35.75;25.50;24.00;23.75;24.25;24.00;24.50;31.00;28.75;24.50;23.75;22.75;24.25;23.75;24.25;24.75;24.50;23.75;24.25;23.75]
19627- [25.75;25.00;25.75;27.25;26.75;25.25;25.25;25.00;25.25;24.50;26.00;32.75;33.50;25.50;25.00;24.75;24.75;25.25;26.50;38.25;38.75;26.75;25.00;24.25;25.00;25.00;26.75;39.75;39.50;26.75;24.75;24.25;24.75;25.00;27.00;41.00;39.50;26.25;25.00;24.25;24.00;25.00;26.25;37.75;35.50;25.50;24.00;24.25;24.00;23.75;24.75;31.25;28.75;24.25;24.00;23.00;23.50;24.25;24.00;24.75;24.50;23.75;24.00;23.50]
20112- [25.00;24.25;25.00;26.00;27.00;25.00;25.25;24.75;25.00;24.75;26.00;32.75;33.75;25.50;25.25;25.00;24.75;25.00;26.00;37.75;38.50;26.25;24.75;24.75;24.75;24.50;26.50;39.50;39.25;26.00;24.50;24.00;24.75;24.75;27.00;40.75;39.50;26.50;24.75;24.25;24.50;24.25;25.75;37.75;35.00;25.25;24.25;23.75;24.25;23.50;24.50;31.00;28.25;23.75;23.25;23.00;23.50;23.50;24.00;24.25;24.25;23.25;23.25;23.50]
20597- [25.25;24.50;25.50;26.50;26.75;25.25;25.25;24.75;25.00;24.75;25.25;32.50;33.25;25.50;25.25;25.00;24.50;25.50;26.00;37.75;38.50;26.25;25.00;24.50;24.50;24.75;26.50;39.50;39.50;26.00;24.50;24.00;25.00;25.00;26.75;41.00;39.50;25.75;24.50;23.75;24.75;24.50;25.50;37.50;35.75;25.00;24.00;23.75;24.00;23.75;24.25;31.00;28.75;23.75;23.50;23.00;23.50;23.50;24.00;24.00;24.25;23.00;23.25;23.25]
21082- [24.75;24.75;25.00;26.50;26.50;25.00;25.00;24.75;25.00;24.50;25.75;32.50;33.00;26.00;24.75;24.75;25.00;25.00;26.50;38.00;38.50;26.25;25.50;24.50;24.75;24.75;26.25;39.25;39.25;26.50;24.75;24.25;25.00;25.00;26.75;40.50;39.50;26.00;24.75;23.75;24.00;24.50;26.25;37.00;35.00;25.00;24.00;24.00;23.75;23.50;24.50;30.75;28.50;24.50;24.00;23.25;24.00;23.25;24.00;24.00;24.25;23.50;23.00;23.00]
21567- [25.25;24.25;25.25;26.75;26.50;25.25;25.00;25.00;25.25;25.25;26.00;32.75;33.00;25.50;25.25;25.00;25.00;24.75;26.50;38.00;38.25;26.25;25.25;24.75;25.00;25.00;26.75;39.25;39.25;26.25;25.00;23.75;24.25;25.00;27.00;40.75;39.75;26.25;24.75;23.75;24.50;24.75;26.00;37.75;35.50;25.50;24.25;23.75;23.50;23.75;24.50;31.50;29.00;24.25;23.25;23.00;23.75;23.75;23.75;24.75;24.00;23.50;23.50;22.75]
22052- [25.25;24.75;25.25;26.50;26.75;24.75;25.25;25.25;24.75;24.75;25.50;32.50;33.75;25.50;25.00;24.75;25.25;25.25;26.75;38.25;38.75;26.50;25.00;24.75;25.00;24.50;26.25;39.50;39.50;26.25;24.75;24.25;25.25;24.75;27.00;40.75;39.75;26.00;25.00;24.00;24.75;24.75;26.25;37.50;35.25;25.50;24.25;23.75;23.75;23.75;24.25;31.25;28.50;23.50;23.50;22.50;23.75;24.00;23.75;24.25;24.00;23.25;23.00;23.25]
22537- [25.00;24.50;25.25;26.75;26.25;25.00;25.25;24.50;25.00;24.75;25.75;32.50;33.50;26.00;25.00;25.25;25.00;25.00;26.50;37.75;38.75;26.75;24.75;24.25;24.50;24.50;26.25;39.50;39.50;26.50;24.50;24.00;24.75;25.25;27.25;40.75;39.50;26.00;24.50;23.75;24.25;24.50;26.00;37.25;35.50;25.25;24.25;24.50;23.75;24.00;24.50;31.00;28.75;24.25;24.25;23.25;23.75;24.00;23.75;24.00;24.25;23.75;23.50;23.50]
23022- [25.25;24.50;25.50;26.25;26.75;25.25;25.25;24.75;24.75;25.00;25.75;32.50;33.25;25.50;24.75;25.25;25.25;25.25;26.50;38.00;38.50;26.25;25.50;24.25;24.50;25.00;26.50;39.50;39.25;26.25;24.75;24.75;25.00;24.75;26.75;40.75;39.75;26.25;24.75;24.25;24.75;24.75;26.00;37.50;35.50;25.25;23.75;24.00;23.75;24.00;24.50;30.75;28.75;24.25;23.25;22.75;23.75;23.50;24.00;24.75;24.25;23.50;23.50;23.25]
23507- [24.75;24.75;25.00;26.75;26.25;25.00;25.25;24.50;25.00;25.00;25.50;32.75;33.25;25.50;24.50;25.00;24.50;25.00;26.25;37.75;38.75;26.25;25.00;24.75;24.50;25.00;26.25;39.50;39.00;26.25;24.75;23.75;24.75;25.00;26.75;40.75;39.50;26.00;24.50;23.75;23.75;24.25;25.75;37.50;35.50;24.75;24.00;23.50;23.50;24.00;24.50;31.50;28.75;23.75;23.50;23.00;23.25;24.25;24.00;24.50;23.75;23.50;23.50;23.25]
23992- [25.25;24.50;25.50;26.75;26.50;25.00;25.75;24.75;24.75;24.75;25.75;33.00;33.00;25.50;24.50;25.00;25.00;25.00;26.75;38.00;38.75;26.75;25.25;24.50;24.50;24.50;26.25;39.50;39.25;26.25;25.00;24.25;24.75;24.50;26.75;40.50;39.50;26.00;24.50;24.25;24.75;24.75;26.00;37.75;35.50;25.25;24.25;23.75;23.75;23.75;24.50;31.00;28.75;24.25;24.00;23.00;23.75;23.50;24.25;24.25;24.25;22.75;23.50;23.00]
24477- [25.25;24.75;25.50;26.50;26.75;25.25;25.50;24.75;25.00;24.75;25.75;32.50;33.25;25.75;24.75;24.50;24.75;25.00;26.25;37.75;38.25;26.50;25.25;24.25;24.75;24.50;26.50;39.50;39.50;26.75;24.50;24.25;24.75;24.75;27.00;40.50;39.50;26.00;24.75;24.00;24.25;24.25;25.50;37.75;35.50;25.25;24.00;23.50;23.75;23.50;24.25;31.00;28.75;24.00;23.50;22.75;23.75;24.25;23.75;24.00;24.50;23.25;23.75;23.25]
24962- [25.25;24.50;25.50;26.50;26.50;25.50;25.25;25.25;25.00;24.50;26.00;32.50;33.00;25.75;24.50;24.75;25.00;25.00;26.50;38.25;38.75;26.50;25.25;24.25;25.00;24.50;26.75;39.25;39.00;26.25;24.50;24.25;24.75;25.00;27.00;40.50;39.50;26.25;25.00;24.00;24.00;24.75;26.25;37.50;35.00;25.50;24.25;24.00;23.75;24.00;24.75;30.75;28.75;24.25;23.50;23.00;23.50;23.75;24.00;24.25;24.00;23.75;23.50;23.00]
25447- [24.75;25.00;25.25;26.50;26.50;25.25;25.50;24.75;25.25;25.00;26.00;32.75;33.00;25.75;24.75;25.00;24.25;25.50;26.25;38.25;38.25;26.25;25.25;24.75;24.25;24.75;26.50;40.00;39.25;26.50;24.75;23.75;24.75;25.25;27.00;40.75;39.50;26.00;24.75;23.25;24.50;24.25;25.75;37.75;35.50;25.25;24.00;23.75;23.25;23.50;24.25;31.00;28.75;24.50;23.50;22.25;23.50;23.25;24.00;24.50;24.50;23.25;23.50;22.75]
25932- [24.75;25.00;25.50;26.75;26.75;25.50;25.25;25.25;25.25;25.00;25.50;32.75;33.25;25.75;25.00;25.00;24.75;24.50;26.50;37.75;38.50;26.50;24.75;24.50;25.00;24.50;26.25;39.25;39.25;26.25;25.00;24.00;24.75;24.75;27.00;40.75;39.75;26.00;24.75;24.00;24.25;24.75;25.75;37.25;35.50;25.25;24.25;23.75;23.25;23.75;24.75;30.75;28.50;24.00;23.50;23.00;23.25;23.75;23.75;23.75;24.25;23.75;23.50;23.25]
26417- [25.00;24.25;25.50;26.25;26.75;25.25;25.50;25.00;24.75;24.75;26.00;32.50;33.75;25.75;25.25;24.75;24.75;25.00;26.25;38.00;38.50;26.50;25.25;23.75;24.50;24.75;26.25;39.50;39.25;26.25;24.50;23.75;24.25;25.00;27.00;40.75;39.50;26.00;24.75;24.00;24.75;24.75;26.25;37.50;35.25;25.00;23.50;23.75;24.25;23.75;24.75;31.00;28.50;24.50;23.75;23.00;23.50;24.00;24.25;24.00;24.25;23.75;23.75;23.25]
26902- [25.25;24.25;25.75;26.75;26.75;25.25;25.50;25.25;25.25;24.75;25.75;32.75;33.25;26.00;25.25;24.50;24.50;25.00;26.50;38.25;38.75;26.25;25.25;24.50;24.25;25.00;26.50;39.50;39.50;26.75;24.75;24.25;24.75;25.25;26.75;40.50;39.75;26.00;24.50;24.00;24.00;24.25;26.00;37.25;35.50;24.75;24.00;24.00;24.00;23.75;24.25;31.00;28.75;24.75;23.50;23.25;23.50;23.50;24.25;24.50;23.75;23.25;23.50;23.00]
27387- [25.00;24.50;25.25;26.75;26.50;25.50;25.25;25.00;24.75;25.00;25.75;32.50;33.25;26.00;25.00;25.00;25.00;25.25;26.50;37.75;38.75;26.50;25.00;24.50;24.50;24.50;26.50;39.50;39.25;26.25;24.50;24.25;24.50;25.00;27.00;40.50;39.50;26.00;24.75;24.00;24.50;24.50;26.00;37.50;35.00;25.00;24.00;24.00;23.50;23.75;24.50;31.50;29.00;24.25;23.50;22.75;24.25;24.25;24.75;24.50;25.00;23.50;23.50;23.25]
27872- [25.00;24.50;25.25;26.50;26.25;25.25;25.00;25.25;25.00;24.50;25.75;33.25;33.25;25.50;24.75;24.75;24.25;24.75;26.00;37.75;38.25;26.50;25.00;24.50;24.25;24.75;26.50;39.25;39.25;26.00;24.75;24.25;24.75;24.75;26.75;40.75;39.50;26.25;24.25;23.25;24.25;24.25;26.00;37.25;35.50;25.00;24.00;23.50;24.00;23.25;24.50;31.25;28.75;24.00;23.25;22.50;23.00;24.00;23.75;24.50;23.75;23.25;23.50;23.00]
28357- [25.00;24.25;25.00;26.50;26.75;25.00;25.25;24.50;24.75;24.50;25.50;32.75;33.25;25.75;24.75;25.00;24.75;24.75;26.25;38.00;38.75;26.50;25.25;24.50;24.75;24.75;26.50;39.00;39.25;26.50;24.25;24.25;24.75;25.00;26.75;40.50;39.50;26.00;24.25;23.75;23.75;25.00;26.00;37.50;35.50;25.00;24.00;23.75;23.75;24.00;24.50;31.25;28.50;24.50;23.75;23.25;23.75;23.75;23.75;24.00;24.25;23.50;23.50;22.75]
28842- [25.00;24.75;25.00;26.25;26.00;25.00;25.25;24.75;24.75;25.00;25.25;32.75;33.00;26.00;24.50;25.00;24.75;25.00;26.00;37.75;38.75;26.25;24.75;24.50;24.50;24.75;26.25;39.75;39.00;26.00;24.50;23.75;24.50;24.75;26.50;40.25;39.50;26.00;24.50;24.00;24.00;24.25;25.75;37.25;35.00;25.25;24.00;23.75;23.50;24.00;24.25;30.75;29.00;24.00;23.50;22.75;23.75;23.00;23.75;24.25;24.00;23.25;23.50;23.00]
29327- [25.00;24.50;25.25;26.50;26.75;25.00;25.50;24.25;25.25;25.25;25.75;32.75;33.00;25.75;25.00;24.75;24.75;25.00;26.25;38.00;38.50;26.50;24.75;23.75;24.50;24.75;26.25;39.50;39.25;26.00;24.75;24.25;24.50;25.00;26.75;40.75;39.75;26.25;24.50;23.25;24.75;24.25;26.00;37.75;35.50;25.00;24.00;23.75;23.75;23.50;24.75;30.75;28.75;24.25;23.50;23.25;23.50;23.75;23.75;24.25;24.25;23.50;23.25;23.00]
29812- [25.50;24.75;25.25;26.75;27.00;25.25;25.25;24.75;25.25;24.75;25.50;32.50;33.25;25.75;25.00;24.75;24.75;25.50;26.25;38.25;38.50;26.25;25.25;24.00;25.25;24.50;26.50;39.50;39.50;26.50;24.75;24.25;24.75;25.00;27.00;41.00;39.50;26.25;24.50;24.00;23.75;24.50;26.25;37.50;35.50;25.25;24.00;23.75;23.75;23.75;24.75;31.50;29.00;24.75;23.25;23.25;23.50;24.00;24.00;24.50;24.00;23.75;23.25;23.25]
30297- [25.25;24.75;24.75;26.00;26.75;25.50;25.00;24.50;25.25;24.75;25.75;32.75;33.50;25.75;25.00;24.75;25.00;25.00;26.25;38.25;38.75;26.25;25.25;24.75;25.00;24.75;26.50;39.50;39.50;26.25;24.75;24.25;24.75;24.50;27.00;40.75;39.75;26.25;25.00;24.00;23.75;24.75;25.75;37.75;35.50;25.00;24.25;24.00;24.25;23.75;24.75;30.75;29.00;24.50;23.50;22.75;23.75;23.75;24.50;24.75;24.25;23.75;23.25;23.50]
30782- [25.25;24.25;25.25;26.50;27.00;25.25;25.25;25.25;25.00;24.75;25.50;32.75;33.25;26.00;24.75;25.25;25.25;25.50;26.50;37.75;38.50;26.75;25.25;24.50;24.50;24.50;26.25;39.75;39.00;26.25;24.75;24.25;25.00;25.00;27.50;40.75;39.75;26.25;24.50;23.75;24.50;24.75;26.25;37.75;35.00;25.25;24.50;23.75;24.00;23.50;25.00;31.25;29.00;24.25;23.75;23.00;23.75;23.25;24.50;24.50;24.25;23.50;23.50;23.25]
31267- [24.50;24.75;25.25;26.75;26.50;25.25;25.00;25.00;25.25;25.00;26.00;32.75;33.25;25.75;24.75;24.75;24.75;25.00;26.00;38.25;38.75;26.50;25.00;24.50;24.50;24.50;26.75;39.75;39.50;26.75;25.00;24.25;25.00;25.00;26.75;40.50;39.50;26.00;25.00;24.00;24.50;24.75;26.00;37.50;35.25;25.00;24.25;24.00;24.00;24.00;24.75;31.25;29.00;24.50;23.75;23.00;23.75;23.75;23.75;24.25;24.25;23.75;23.25;23.25]
31752- [25.50;25.00;25.25;26.50;26.50;25.25;25.25;24.50;25.75;25.25;25.75;32.50;33.00;25.75;25.25;25.25;25.00;25.00;26.50;37.50;38.75;26.50;25.50;24.50;25.00;25.00;26.50;39.50;39.50;26.75;24.75;24.25;24.75;25.50;27.00;40.75;39.50;26.25;25.00;24.25;25.00;24.75;26.00;37.50;35.50;25.25;24.25;24.25;23.50;24.25;24.50;31.25;29.25;24.50;23.75;23.50;24.00;24.00;24.25;24.00;24.50;23.25;24.00;23.75]
32237- [25.25;25.00;25.25;27.00;27.00;25.25;25.25;25.00;25.25;25.00;25.50;32.75;33.50;25.75;25.00;24.75;25.25;25.25;26.25;38.25;38.50;26.25;25.25;24.75;25.00;24.75;26.75;39.50;39.25;26.25;25.00;23.75;24.75;25.50;26.75;41.00;39.50;26.00;25.25;24.00;24.00;25.00;26.50;37.25;35.75;25.00;24.25;23.75;24.00;24.00;24.50;31.00;29.00;24.50;23.75;23.00;23.75;24.00;24.00;24.50;24.50;23.00;23.25;23.25]
32722- [25.25;24.75;25.25;26.50;26.25;25.00;25.25;25.00;25.00;24.75;25.75;32.50;33.25;25.75;24.75;24.75;25.00;25.25;26.50;38.25;38.50;26.50;25.25;24.00;24.75;24.25;26.50;39.75;39.50;26.75;25.00;24.00;24.50;25.00;27.00;40.50;39.50;26.50;24.25;23.75;24.50;24.50;26.00;37.50;35.25;25.75;23.75;24.00;24.00;23.50;24.75;31.00;28.50;24.00;23.75;23.25;23.25;23.75;24.00;24.50;24.25;23.25;23.50;23.25]
33207- [25.00;24.00;24.75;26.25;26.50;25.50;25.00;24.50;24.75;25.25;25.75;32.75;33.00;26.00;24.50;24.75;24.75;24.75;26.50;37.50;38.75;26.00;24.75;24.50;24.75;24.50;26.00;39.50;39.25;26.25;24.50;24.00;24.50;24.75;26.75;40.75;39.75;26.00;24.25;24.00;24.00;24.25;25.75;37.25;35.50;24.75;24.00;23.25;24.00;23.50;24.75;30.75;28.75;23.75;23.50;23.00;24.00;23.50;24.00;24.50;23.75;22.75;23.50;23.25]
33692- [25.00;24.50;25.00;26.25;26.50;25.25;25.00;24.75;25.25;25.00;25.50;32.50;32.75;26.00;24.50;25.00;24.25;24.75;26.25;37.75;38.50;26.00;25.00;24.75;24.50;24.25;26.25;39.25;39.25;26.50;24.50;24.00;24.50;24.75;26.75;40.50;39.50;26.00;24.75;23.50;23.50;24.50;25.75;37.50;35.25;25.00;23.75;24.00;23.75;23.75;24.50;30.50;28.75;24.50;23.25;23.00;23.50;23.25;24.50;24.00;24.50;23.25;23.75;23.50]
34177- [25.25;24.00;24.75;25.75;26.75;25.25;24.75;24.50;25.25;24.50;25.50;32.25;32.75;25.50;24.75;25.00;24.75;24.50;26.25;38.00;38.50;26.00;24.75;24.25;24.00;25.00;26.25;39.00;39.25;26.00;24.75;24.00;24.25;24.50;26.75;40.50;39.25;26.00;24.75;23.50;24.00;24.25;25.75;37.25;35.25;25.00;24.00;24.00;24.00;23.75;24.50;31.00;28.50;24.00;23.50;22.50;23.00;24.25;24.00;24.00;24.00;23.00;23.00;22.75]
34662- [24.75;24.25;25.00;26.00;26.25;24.75;24.50;24.00;25.00;24.50;25.50;32.00;32.75;25.75;24.25;24.75;24.25;25.00;26.25;37.50;38.50;26.25;25.00;24.75;24.75;24.50;26.25;39.25;39.25;26.00;24.25;24.00;24.75;24.50;26.75;40.50;39.25;26.00;24.25;23.75;24.00;24.25;25.50;37.25;35.00;25.25;23.75;23.75;23.50;24.00;24.25;31.00;28.75;24.00;23.50;23.00;23.50;23.25;23.75;24.00;24.25;23.50;23.25;22.75]
35147- [24.50;24.00;24.75;26.25;26.00;24.50;25.00;24.50;25.50;24.75;25.25;32.25;32.75;25.00;24.00;24.50;24.00;24.75;25.75;37.25;38.25;25.75;24.50;23.50;24.00;24.00;26.00;38.75;38.75;25.75;24.75;23.50;24.25;24.75;26.50;40.25;39.00;25.50;24.50;23.75;23.75;24.25;25.50;36.75;35.00;24.50;23.50;23.00;23.50;23.50;24.00;30.75;28.25;23.50;23.00;22.50;23.25;23.25;24.00;23.75;23.75;23.00;22.75;22.75]
35632- [24.50;24.25;24.75;25.75;26.25;24.50;24.75;24.25;24.50;24.75;24.75;32.50;32.75;25.50;24.25;24.50;24.75;24.75;25.50;37.50;38.25;26.00;24.50;23.50;24.25;24.50;26.00;39.00;38.75;25.75;24.25;24.00;24.25;24.50;26.25;40.50;39.25;25.75;24.25;23.00;23.75;24.00;25.75;37.00;35.00;25.00;23.50;23.50;23.75;23.75;24.25;30.75;28.75;24.00;23.00;22.75;23.25;23.25;23.75;23.50;23.75;23.25;22.75;23.25]
36117- [24.25;24.00;24.75;26.00;26.00;24.75;25.00;24.25;24.75;24.50;25.25;32.50;32.50;25.50;24.50;24.50;24.50;24.75;26.25;37.25;38.25;26.00;24.75;24.00;24.25;24.50;25.75;39.00;39.00;25.75;24.50;23.25;23.75;24.25;26.75;40.25;39.25;26.00;24.75;23.25;24.00;24.00;25.25;37.25;35.00;25.00;23.50;23.50;23.50;23.75;24.50;30.50;28.25;24.00;23.25;23.50;23.75;24.25;23.75;24.25;24.25;23.00;23.25;23.25]
36602- [25.00;24.75;25.00;26.50;26.25;25.00;25.00;24.50;24.75;24.25;25.25;32.50;33.00;25.50;25.00;24.50;24.75;25.25;25.75;37.50;38.25;26.50;24.75;24.50;24.50;24.50;26.00;39.25;39.00;26.00;24.25;24.25;24.75;24.75;26.50;40.50;39.25;25.75;24.75;23.75;24.25;24.25;25.75;37.25;35.25;24.75;23.50;23.75;23.25;23.50;24.50;30.50;28.25;24.00;23.50;23.00;23.50;23.50;24.25;24.25;24.25;23.50;23.50;23.25]
37087- [24.75;24.25;25.00;26.00;26.25;24.75;24.75;24.50;24.75;24.50;25.50;32.50;33.00;25.50;25.00;24.50;24.25;24.75;26.25;37.75;38.00;26.25;24.50;24.00;24.25;24.25;26.25;39.25;39.25;26.25;24.75;23.25;24.50;24.75;26.75;40.25;39.00;26.00;24.25;23.00;23.50;24.50;25.50;37.25;34.75;25.25;23.50;24.00;23.75;24.00;24.75;31.00;28.50;24.25;23.25;22.75;23.00;23.75;24.00;24.25;24.00;22.75;23.25;23.50]
37572- [24.50;24.50;24.75;26.50;26.25;25.00;25.00;24.25;25.00;24.50;25.25;32.50;32.50;25.25;24.50;24.75;24.50;24.75;26.25;37.75;38.75;26.25;25.00;23.75;24.00;24.50;26.00;39.50;39.25;26.00;24.25;24.00;24.50;24.25;26.75;40.50;39.00;25.75;24.00;24.25;24.25;24.25;26.00;37.25;35.25;24.75;23.50;23.75;23.75;23.75;24.25;30.75;28.25;24.00;23.75;23.00;23.50;24.00;23.75;24.50;24.00;23.25;23.75;22.75]
38057- [25.25;24.00;24.75;26.00;26.25;25.00;24.75;25.00;25.00;24.50;25.25;32.00;33.00;25.50;24.50;24.50;24.25;24.50;26.00;37.50;38.00;26.00;25.00;24.25;24.50;24.75;26.00;39.25;39.00;26.25;24.25;24.00;24.25;24.50;26.50;40.50;39.00;26.00;24.50;23.25;24.25;24.25;25.75;37.00;35.00;24.75;24.00;24.25;23.50;23.50;24.25;30.75;28.50;23.75;23.25;23.00;23.50;23.75;23.75;24.50;24.25;23.50;23.75;23.00]
38542- [24.75;24.25;24.75;26.25;26.25;25.50;24.75;24.25;24.50;24.25;25.25;32.00;32.50;25.25;24.50;24.50;24.25;25.00;25.50;37.50;38.00;26.25;24.75;24.00;24.00;24.25;26.00;39.25;39.25;26.25;24.25;23.75;24.25;24.25;26.50;40.00;39.25;26.00;24.00;23.25;23.75;24.25;25.25;37.00;34.75;24.75;23.25;23.75;23.75;23.75;24.50;31.00;28.50;24.00;23.25;23.00;23.75;23.50;23.75;24.00;24.25;23.00;23.75;23.00]
39027- [24.75;24.25;24.75;26.25;25.75;24.50;24.75;24.50;24.50;24.25;25.25;32.00;33.00;25.25;24.50;25.00;24.25;24.75;25.50;37.75;38.50;26.25;24.75;24.50;24.75;24.25;26.00;39.25;39.00;26.25;24.25;23.75;24.50;24.75;26.25;40.00;39.25;25.50;24.75;23.50;23.75;24.25;25.75;37.00;35.00;24.75;23.25;23.00;23.50;23.50;24.00;30.25;28.25;24.00;23.50;22.75;23.50;23.25;24.00;23.75;23.75;23.50;23.50;23.00]
39512- [24.75;24.25;24.75;26.00;26.25;25.00;24.50;24.50;24.50;24.25;25.25;32.00;32.50;25.00;24.00;24.50;24.25;24.75;26.00;37.75;38.00;26.00;24.50;24.00;24.25;24.25;26.00;39.00;38.75;25.50;24.50;23.75;24.25;24.75;26.50;40.00;38.75;25.75;24.50;23.25;24.25;24.00;25.75;37.25;35.25;24.75;23.75;23.50;23.25;23.75;24.25;30.50;28.50;24.00;23.00;22.50;23.75;23.50;23.75;24.00;24.00;23.00;23.25;23.50]
39997- [24.25;24.00;24.25;26.00;25.75;24.75;24.75;24.25;25.00;24.25;25.25;32.25;32.50;25.50;24.75;24.50;24.50;24.50;25.75;37.25;38.25;25.75;24.25;24.00;24.25;24.00;25.75;39.00;39.00;25.75;23.75;23.50;24.50;24.25;26.25;40.25;39.00;25.75;24.00;23.50;24.00;24.25;25.25;37.25;35.00;24.50;23.75;23.75;23.50;23.75;23.75;30.75;28.25;24.25;23.75;23.50;23.00;23.25;23.75;24.50;24.25;22.75;23.25;22.50]
40482- [25.00;24.00;24.75;26.25;26.00;24.75;24.75;24.50;24.50;24.25;25.00;32.25;33.00;25.25;24.25;24.50;24.00;24.75;26.00;37.25;38.00;26.25;24.50;24.25;24.25;24.00;26.25;38.75;38.50;25.75;24.25;23.75;24.50;24.50;26.00;40.00;39.00;25.75;24.00;24.00;24.00;24.25;25.75;37.00;34.75;25.00;23.50;23.75;23.75;23.25;24.25;30.75;28.50;23.75;23.50;22.75;23.75;23.75;23.50;24.00;24.25;23.00;23.50;23.50]
40967- [25.00;24.00;24.75;26.25;26.25;25.25;25.00;24.50;25.00;24.50;24.75;32.50;32.50;25.50;24.50;24.75;24.50;24.75;25.75;37.75;38.25;25.75;25.00;24.00;24.25;24.25;26.00;39.00;38.75;25.50;24.50;24.00;24.25;24.50;26.00;40.25;39.00;25.75;24.50;23.50;23.75;23.75;25.50;37.50;35.00;24.75;23.50;24.00;23.75;23.25;24.00;30.25;28.50;23.75;23.50;23.25;23.75;23.50;23.50;24.00;23.75;23.00;23.25;23.00]
41452- [24.75;24.25;24.75;26.00;26.00;24.75;25.00;24.75;24.75;24.50;25.25;32.25;32.75;25.25;24.50;24.25;24.75;24.75;26.00;38.00;38.50;26.25;24.50;24.25;24.50;24.25;25.75;39.25;38.75;25.75;24.50;23.75;24.25;24.75;26.75;40.50;39.00;25.75;24.25;23.50;24.00;24.50;25.25;36.75;35.50;24.50;24.25;23.75;24.00;23.75;24.25;30.75;28.25;24.00;23.50;23.00;23.25;23.75;24.00;24.25;24.25;23.50;23.25;23.25]
41937- [25.00;24.50;25.25;26.50;26.25;25.00;25.00;24.50;24.75;24.75;25.00;32.50;33.25;25.75;24.50;25.00;24.75;24.75;25.75;37.25;38.25;26.00;24.75;24.00;24.25;24.25;26.25;39.00;39.00;26.00;24.25;23.50;24.50;24.75;26.50;40.25;39.25;25.50;24.25;23.75;24.00;24.25;25.50;37.00;35.25;25.00;23.75;23.50;23.75;23.25;24.50;30.75;28.50;24.25;23.25;22.50;23.50;23.25;24.00;24.25;23.50;23.25;23.25;23.25]
42422- [25.00;24.50;25.50;26.25;26.50;25.50;25.25;25.25;25.00;25.00;25.25;32.50;33.00;25.50;24.50;24.50;24.50;25.00;26.00;37.75;38.25;26.25;24.75;24.25;24.50;24.25;26.25;39.25;39.50;26.00;24.50;24.25;24.25;24.75;26.50;40.50;39.25;26.00;24.50;23.50;23.75;24.00;25.75;37.25;35.00;25.25;23.75;23.25;23.75;23.75;24.25;31.00;28.50;24.00;23.50;22.75;23.75;23.75;23.75;24.00;24.25;23.00;23.75;23.50]
42907- [24.75;24.50;25.25;26.25;26.25;24.50;24.75;24.75;24.75;24.75;25.25;32.25;33.00;25.25;24.50;25.25;24.75;24.50;25.75;37.75;38.25;26.50;25.00;24.25;24.50;24.50;26.25;39.25;38.75;26.25;24.50;24.25;24.75;24.75;26.75;40.25;39.50;26.00;24.50;23.50;24.25;24.25;26.00;37.00;35.25;25.00;24.00;23.50;23.75;23.25;23.75;30.75;28.50;24.00;23.50;22.50;23.25;23.50;23.25;24.25;24.00;23.25;23.00;23.00]
43392- [25.00;24.25;25.00;26.50;26.25;25.00;25.00;24.75;25.00;24.75;25.50;32.75;33.00;25.50;24.75;24.50;24.75;24.75;26.00;37.75;38.00;26.25;24.75;24.50;24.75;24.50;26.25;39.25;38.75;26.50;24.75;24.25;24.75;24.50;27.00;40.25;39.75;25.75;24.25;24.00;24.25;24.00;26.00;36.75;35.00;25.00;23.75;23.50;23.75;23.50;24.25;30.50;28.50;24.25;23.50;22.50;23.25;23.50;23.50;23.50;23.75;23.25;23.50;23.25]
43877- [25.00;24.50;25.25;26.50;26.50;25.00;25.00;25.25;24.75;24.25;25.75;32.50;32.75;25.50;24.50;24.50;24.75;25.00;26.00;37.50;38.25;26.50;24.75;24.25;24.50;24.50;26.25;39.25;39.00;26.25;24.25;23.75;24.50;25.00;27.00;40.50;39.50;26.00;24.50;24.00;24.25;24.50;25.75;37.00;35.25;25.00;23.75;23.75;23.75;23.75;24.50;30.50;28.25;24.25;23.75;22.75;23.75;23.25;24.00;24.00;23.75;23.00;23.50;23.50]
44362- [25.25;24.50;25.50;26.50;26.50;25.50;25.25;25.25;25.25;24.75;25.75;32.75;33.25;25.75;24.75;24.75;24.75;25.25;26.50;38.00;38.25;26.50;25.00;24.25;24.75;25.00;26.75;39.50;39.25;26.25;25.00;23.75;24.50;25.00;26.75;40.75;39.75;26.00;24.50;23.50;24.00;24.25;26.00;37.75;35.50;25.00;24.50;23.50;24.00;23.50;24.25;31.00;28.75;24.50;23.25;23.00;23.75;24.25;24.00;24.50;24.00;23.50;23.75;23.50]
44847- [24.75;24.50;24.75;26.50;26.75;25.00;25.50;25.00;25.50;24.75;25.75;32.75;33.25;25.75;25.00;24.75;24.75;25.00;26.50;38.00;38.75;26.75;25.25;24.75;24.75;25.00;26.50;39.50;39.50;26.25;24.75;23.75;24.50;24.75;27.00;40.50;39.50;26.00;24.75;23.75;24.50;24.75;26.00;37.50;35.75;25.25;24.00;23.50;23.75;24.00;24.75;31.00;28.75;24.75;23.75;23.25;23.75;24.00;23.75;24.25;24.25;23.50;23.75;23.50]
45332- [25.75;24.50;25.50;26.75;27.25;25.25;25.00;24.75;25.00;24.75;25.75;32.75;33.25;26.00;25.50;25.25;25.00;25.25;26.50;38.25;38.75;26.50;25.25;24.75;24.75;25.00;26.50;39.75;39.25;26.25;25.00;24.25;24.50;25.00;27.00;41.00;39.25;26.00;24.75;24.00;24.75;24.25;26.25;37.25;35.50;25.25;24.25;24.25;23.50;24.00;24.25;31.50;29.00;24.50;24.00;23.25;23.75;23.75;23.75;24.50;23.75;23.50;23.50;23.00]
45817- [25.50;25.00;25.50;26.75;27.00;25.50;25.50;25.25;25.00;25.00;26.00;32.50;33.25;25.75;25.00;25.25;25.25;25.00;26.50;38.00;38.75;26.50;24.75;25.00;25.00;25.00;26.50;39.25;39.50;26.50;24.75;24.00;24.75;24.75;26.75;40.75;40.00;26.00;25.00;24.00;24.50;24.75;26.00;37.75;35.50;25.50;23.75;23.75;23.75;24.00;25.00;31.00;28.75;24.50;23.75;22.75;23.50;23.75;24.00;25.00;24.50;23.50;23.25;23.50]
46302- [25.25;24.50;25.50;26.75;27.25;25.25;25.25;25.00;25.25;24.75;26.00;32.50;33.00;25.75;25.00;25.00;24.75;25.00;26.25;37.75;38.75;26.25;25.00;24.00;24.75;24.75;26.50;39.75;39.50;26.75;25.00;24.50;25.00;24.75;27.00;40.50;39.75;26.25;24.50;23.75;23.75;24.50;26.25;37.25;35.25;25.00;24.00;24.00;24.50;24.00;24.75;30.75;29.00;24.25;23.50;22.25;23.50;23.75;23.75;24.50;24.25;23.50;23.50;23.25]
46787- [25.50;25.00;25.25;26.50;26.75;24.75;24.75;24.75;25.25;25.00;25.75;33.00;33.00;26.00;25.00;25.00;24.75;24.75;26.00;38.00;38.50;26.00;25.25;24.50;25.25;24.75;26.50;39.25;39.50;26.25;24.75;24.00;25.00;25.00;26.75;40.75;39.25;26.25;24.25;24.50;24.25;24.50;25.75;37.25;35.25;24.75;24.00;23.75;23.50;23.50;24.75;30.75;28.75;23.75;23.75;23.25;23.25;23.50;24.00;24.25;24.25;23.50;23.00;23.25]
47272- [25.00;25.50;25.00;26.50;26.50;25.25;24.75;24.75;25.00;24.50;25.50;33.00;33.00;25.50;24.75;25.00;25.00;25.25;26.50;38.00;38.25;26.50;24.75;24.50;24.50;24.75;26.25;39.50;39.00;26.50;24.50;23.75;24.50;25.25;26.75;40.25;39.00;25.75;24.25;23.75;24.00;23.75;26.00;37.25;35.25;25.00;24.00;24.00;24.25;23.75;24.25;31.00;29.00;24.50;23.50;23.25;23.75;24.00;24.50;24.25;24.25;23.75;23.00;23.50]
47757- [25.25;24.75;25.50;26.50;26.75;25.50;25.25;25.00;24.75;25.00;25.75;32.50;33.25;25.25;25.00;25.00;25.00;24.75;26.00;37.75;38.75;26.50;25.00;24.75;24.25;24.75;26.25;39.50;39.25;26.25;24.75;24.25;24.75;24.50;27.00;40.75;39.50;26.50;24.25;23.25;25.00;24.50;26.00;37.25;35.25;25.25;23.75;23.75;23.75;23.75;24.25;30.75;28.75;24.00;23.75;22.75;23.50;23.75;24.00;24.25;24.00;23.50;23.75;23.75]
48242- [24.75;24.25;25.25;26.75;26.75;25.25;25.25;25.25;24.75;24.25;25.50;33.00;33.50;25.75;25.00;25.00;25.00;25.25;26.25;37.75;38.50;26.25;24.75;24.25;24.50;25.00;26.50;39.50;39.00;26.00;24.75;24.00;24.75;25.00;27.00;40.75;39.50;26.25;24.50;23.75;24.50;24.75;25.50;37.25;35.50;25.25;24.25;24.25;23.75;23.75;24.75;31.00;28.50;24.75;23.50;22.75;23.50;24.25;24.00;24.25;24.25;23.25;23.50;23.75]
48727- [25.00;24.75;25.25;26.75;26.75;25.25;25.75;25.00;25.25;24.75;25.50;32.75;33.25;25.75;25.00;25.25;25.00;25.25;26.50;37.75;38.50;26.50;25.50;25.00;24.50;24.75;26.75;39.50;39.50;26.25;24.75;24.25;25.25;25.25;27.00;40.50;39.75;26.50;24.75;23.75;24.75;24.25;25.75;37.25;35.25;25.25;23.75;23.75;24.00;24.00;24.50;31.25;28.75;24.00;23.25;23.00;23.25;24.00;23.75;24.25;23.75;23.50;23.75;23.25]
49212- [25.00;24.50;25.75;27.25;26.50;25.25;25.75;25.00;24.75;25.00;26.00;32.75;33.25;25.50;25.00;25.25;25.25;25.50;26.50;38.00;38.50;26.25;25.00;24.25;24.50;25.00;26.50;39.50;39.25;26.00;24.75;23.75;25.00;25.25;27.00;40.50;39.75;26.00;25.00;24.25;24.50;24.75;25.75;37.50;35.50;25.50;24.25;23.75;23.75;23.50;24.25;31.00;28.50;24.50;23.50;22.75;23.75;23.50;24.25;24.50;24.50;23.00;23.50;23.25]
49697- [25.50;25.00;25.00;26.25;27.25;25.75;25.00;25.25;25.00;25.00;25.75;32.75;33.00;25.75;25.00;25.00;25.25;25.25;26.25;38.00;38.50;26.50;24.75;24.75;24.50;24.75;26.25;39.25;39.50;26.50;24.75;24.00;24.75;24.75;26.75;40.75;39.50;26.00;24.75;24.00;24.00;24.50;25.75;37.50;35.25;25.50;24.00;23.50;23.50;24.00;24.25;31.00;29.00;24.00;23.25;22.75;23.50;24.00;24.00;24.50;24.00;23.25;23.50;23.25]
50182- [25.00;24.75;25.25;27.00;26.50;25.50;25.25;25.25;25.25;24.75;25.50;32.50;33.25;25.75;24.50;25.00;24.50;24.75;26.25;38.00;38.25;26.50;24.75;24.25;24.50;24.75;26.50;39.25;39.25;25.75;24.75;24.75;24.75;25.00;26.75;40.75;39.25;26.00;25.25;23.75;24.50;24.75;25.75;37.25;35.00;25.00;23.75;24.00;23.75;23.75;24.75;31.00;28.75;24.25;23.75;22.50;23.75;24.25;24.00;24.25;24.25;23.50;23.25;23.00]
50667- [25.00;24.50;24.75;26.25;26.75;25.25;25.50;25.25;24.75;25.00;25.50;32.75;32.75;25.50;25.00;24.50;25.00;25.00;26.25;37.75;38.25;26.00;25.00;24.25;24.50;24.50;26.00;39.00;39.25;26.00;24.50;24.25;24.50;24.75;27.00;40.50;39.25;26.00;24.50;23.50;24.25;24.50;25.50;37.50;35.25;24.75;23.50;23.50;23.25;23.75;24.75;31.25;28.50;24.50;23.25;23.25;23.00;23.25;23.75;24.50;24.25;23.50;23.50;23.00]
51152- [25.25;24.50;25.00;26.50;26.25;25.50;25.00;24.75;25.00;24.75;25.75;32.75;33.25;25.75;25.00;25.00;24.75;24.75;26.25;38.00;38.25;26.25;25.00;24.25;24.50;24.75;26.00;39.25;39.00;26.00;24.50;23.75;24.50;24.75;26.50;40.50;39.25;26.00;25.00;23.50;24.00;24.50;25.75;37.25;35.00;25.00;24.00;24.00;24.00;23.25;24.25;31.00;29.00;24.50;23.25;22.75;23.25;23.50;23.75;24.25;24.00;23.25;23.25;23.00]
51637- [25.00;24.75;25.25;26.50;26.25;25.25;25.00;24.75;25.50;25.00;25.75;32.75;33.25;25.75;24.75;25.25;24.75;25.25;26.25;37.75;38.25;26.25;25.25;24.00;24.25;24.75;26.75;39.75;39.50;26.25;24.50;24.00;24.50;25.00;26.25;40.50;39.00;26.50;25.00;23.75;23.75;24.75;26.00;37.75;35.00;25.25;23.75;24.00;23.75;23.75;24.50;30.75;28.50;23.75;23.75;23.00;23.50;23.75;24.00;24.50;24.25;23.25;23.75;23.00]
52122- [25.25;24.75;25.50;26.50;26.75;25.50;25.25;25.25;25.25;25.00;26.25;32.75;33.50;26.00;25.25;25.25;25.00;25.25;26.25;37.75;38.25;26.25;24.75;24.75;24.25;25.00;26.25;39.75;39.25;26.25;25.00;24.00;25.00;24.75;27.00;40.75;39.50;26.00;24.50;24.25;24.50;24.75;26.00;37.25;35.50;25.25;24.50;23.75;24.00;24.00;25.00;31.25;29.00;24.25;23.75;23.50;23.75;23.50;23.75;24.75;24.00;23.00;23.50;23.25]
52607- [25.50;24.50;25.25;26.25;26.75;25.25;25.25;25.00;25.25;25.00;25.50;32.75;33.50;25.75;24.75;24.50;25.25;25.25;26.25;37.75;37.75;26.25;24.50;24.25;24.50;24.50;26.50;39.25;39.25;26.00;24.75;24.25;24.50;25.00;26.75;40.50;39.50;26.00;24.25;23.50;24.25;24.50;25.75;37.50;35.25;25.25;24.00;23.50;24.00;24.00;24.75;30.75;28.50;24.00;23.50;22.75;23.75;24.00;23.75;24.25;24.00;23.25;23.25;23.25]
53092- [25.25;24.50;24.75;26.50;26.50;25.00;25.25;24.75;25.25;25.00;25.50;32.75;33.00;26.25;25.00;24.75;24.75;25.00;26.00;37.75;38.00;26.25;24.75;24.75;24.50;24.75;26.50;39.00;39.50;26.00;24.50;23.75;24.50;25.00;27.00;40.50;39.50;26.00;24.25;23.50;23.75;24.25;25.75;37.00;35.25;24.75;23.75;23.75;23.50;24.00;24.25;31.00;28.50;24.25;23.50;22.50;23.75;23.50;23.75;24.25;24.50;23.00;23.25;23.25]
53577- [25.25;24.75;25.00;26.75;26.75;25.50;25.25;24.75;25.00;24.75;25.50;32.75;33.00;26.00;24.75;24.75;25.00;25.50;26.00;37.75;38.50;26.50;25.00;24.25;24.50;24.75;26.25;39.50;39.50;26.00;24.50;24.00;24.25;25.00;26.50;40.75;39.50;26.50;25.00;23.75;23.75;24.50;25.50;37.75;35.00;25.25;23.75;23.75;24.25;23.50;24.00;31.00;28.75;23.75;23.50;23.00;23.50;24.00;23.75;24.50;24.00;23.25;23.75;22.75]
54062- [25.50;24.75;25.25;26.50;26.50;25.25;25.00;24.50;25.50;25.00;25.50;32.75;33.50;25.25;24.25;24.75;24.75;25.00;26.00;38.00;38.75;26.25;25.00;24.50;24.75;24.50;26.00;39.75;39.00;26.50;24.50;23.75;24.75;24.75;26.25;40.25;39.50;26.00;24.50;23.75;23.50;24.75;25.75;37.25;35.00;24.75;24.00;23.50;23.75;24.00;24.75;31.00;28.50;24.00;23.25;22.75;23.25;23.75;24.00;24.00;24.25;23.00;23.75;22.75]
54547- [25.00;24.75;25.25;26.50;26.25;24.75;25.00;24.00;24.50;25.00;25.50;32.50;32.75;25.50;24.50;25.25;24.50;24.75;26.00;37.50;38.00;26.25;25.00;24.00;24.75;24.50;26.00;39.25;39.25;25.75;24.50;24.00;24.25;24.75;26.50;40.25;39.25;25.50;24.00;23.25;24.25;24.50;25.75;36.75;34.75;25.00;23.50;23.50;23.75;23.50;24.25;30.75;28.50;24.00;23.75;22.25;23.50;23.25;23.50;23.25;23.75;22.75;23.00;23.00]
55032- [25.00;24.25;24.75;26.00;26.25;24.75;24.75;24.50;24.50;24.75;25.25;32.50;32.75;25.25;24.00;24.75;24.75;25.00;26.25;37.75;38.25;26.25;24.75;24.50;24.50;24.25;26.00;39.25;38.75;26.00;24.25;24.00;24.50;24.50;26.25;40.50;39.25;26.00;24.25;23.25;24.25;24.00;25.25;37.25;35.00;25.00;23.50;23.25;23.75;23.00;24.00;30.75;28.50;23.75;23.25;22.25;23.00;23.75;24.00;24.00;24.00;23.00;23.25;23.25]
55517- [25.00;24.50;24.75;26.00;26.25;24.75;24.75;24.25;25.00;24.25;25.00;32.75;33.00;25.00;24.75;25.00;24.50;24.50;25.75;37.50;38.00;26.00;24.50;23.75;24.00;24.50;26.00;39.00;39.00;26.00;24.00;24.00;24.25;24.25;26.25;40.00;39.00;25.50;23.75;23.25;24.00;23.75;25.75;36.75;34.75;24.75;23.50;23.50;22.75;23.25;24.00;30.25;28.00;24.00;23.00;22.50;23.25;23.00;23.25;24.00;24.00;23.00;23.00;22.75]
56002- [25.00;24.25;24.50;26.25;26.00;24.75;25.25;24.25;24.75;24.50;25.25;32.25;32.75;25.25;24.25;24.50;24.00;25.25;26.00;37.50;38.00;26.00;25.00;24.00;24.50;24.00;26.00;39.25;39.25;25.50;24.25;23.25;24.25;24.50;26.25;40.25;38.75;25.75;24.25;23.75;23.75;24.25;25.50;37.00;35.00;24.75;23.50;23.50;24.25;23.25;24.50;30.50;28.25;23.75;23.25;22.75;23.25;23.75;23.75;24.00;23.75;23.25;23.00;23.50]
56487- [25.25;24.25;24.75;26.25;26.75;25.00;25.00;24.25;24.75;24.50;25.50;32.25;33.25;25.25;24.50;24.50;24.75;24.50;25.75;37.50;38.00;26.00;24.50;24.00;24.25;24.00;25.75;39.00;39.25;26.00;24.50;23.50;24.00;24.25;26.50;40.00;39.00;25.75;24.25;23.00;24.00;24.00;25.25;37.00;34.75;24.75;23.50;23.50;23.00;23.25;24.00;30.25;28.25;23.75;23.25;22.25;23.75;23.50;24.00;24.00;24.25;22.50;23.00;22.25]
56972- [25.00;24.00;25.00;26.00;26.25;24.50;24.75;24.25;24.50;24.75;25.50;32.50;32.75;25.75;24.50;24.50;24.50;24.75;25.75;37.75;38.25;25.75;24.75;23.75;24.50;24.50;26.00;39.00;39.00;25.75;24.50;24.00;24.25;24.50;26.75;40.00;39.00;25.50;24.75;23.25;24.00;24.50;25.75;37.00;35.00;25.00;23.50;23.50;24.00;23.25;23.75;30.50;28.50;24.00;23.00;22.75;23.25;23.50;23.50;24.00;24.25;23.00;23.75;22.75]
57457- [25.00;24.25;25.00;25.75;26.25;24.75;25.00;24.25;24.25;24.50;25.25;32.25;32.50;25.25;24.25;24.50;24.50;24.75;25.75;37.50;37.75;26.00;24.50;23.75;24.50;24.50;25.75;39.00;39.00;26.00;24.50;23.50;24.00;24.25;26.25;40.25;39.50;25.25;24.00;23.75;23.75;24.25;25.50;37.00;34.75;24.50;23.25;23.75;24.25;24.00;24.00;30.25;28.25;24.25;23.25;23.00;23.50;23.25;24.00;24.00;23.75;23.50;23.25;22.75]
57942- [24.75;24.00;24.25;26.00;26.25;24.75;24.75;24.50;25.00;24.50;25.00;32.25;32.50;25.25;24.25;24.75;24.00;24.50;25.75;37.25;37.75;26.00;24.50;23.75;24.00;24.50;26.25;38.75;39.00;25.50;24.25;23.50;24.25;24.50;26.50;40.25;39.00;25.75;24.50;23.25;24.00;24.00;25.00;37.00;34.75;24.50;23.50;23.75;23.50;23.25;24.25;30.75;28.25;23.75;23.25;22.25;23.00;23.00;23.50;24.00;23.75;22.50;22.75;22.50]
58427- [24.50;24.50;25.25;26.25;26.25;25.00;25.00;24.00;24.25;24.00;25.50;32.50;32.75;25.25;24.50;24.75;24.25;24.50;25.75;37.25;38.00;26.00;24.50;24.00;24.00;24.25;26.00;38.75;39.00;26.00;24.25;24.25;24.50;24.50;26.00;40.25;39.00;25.25;24.00;22.75;23.50;24.00;25.50;37.00;34.50;24.50;23.25;23.25;23.75;23.25;24.25;30.75;28.25;24.00;23.00;22.75;23.25;23.25;23.25;23.75;24.00;23.25;22.75;22.25]
58912- [24.75;24.25;25.00;26.00;25.75;24.75;24.50;24.50;24.75;24.50;25.25;31.75;32.75;25.25;24.50;24.50;24.25;24.75;26.00;37.75;38.00;26.00;24.75;24.00;24.75;24.25;26.25;39.00;38.75;25.50;24.50;23.25;24.00;24.75;26.75;40.00;38.75;25.50;24.50;23.25;24.00;24.25;25.50;37.00;34.75;25.00;23.25;23.75;23.75;23.50;23.75;30.50;28.00;24.00;23.50;22.50;23.75;23.75;24.00;23.50;23.50;23.00;23.25;22.75]
59397- [24.75;24.50;24.25;26.25;26.00;24.50;24.75;24.50;24.75;24.75;25.25;32.25;33.00;25.50;24.25;24.50;24.75;24.75;26.00;37.25;38.00;26.00;24.25;24.25;24.25;24.25;26.25;39.00;39.00;25.75;24.25;23.75;24.75;24.75;26.75;40.25;39.25;25.25;24.25;23.25;23.75;24.00;25.25;36.75;35.00;24.50;23.50;23.50;23.25;23.50;24.75;31.00;28.25;24.00;23.50;23.00;23.75;23.75;23.25;24.00;23.75;23.25;23.25;23.25]
59882- [25.00;24.25;25.00;26.25;26.50;25.25;25.00;24.75;24.75;24.50;25.25;32.50;32.75;25.50;24.50;24.50;24.25;24.50;26.00;37.25;38.00;26.25;24.75;24.25;24.25;24.00;26.00;39.00;38.75;26.00;24.50;23.75;24.50;24.50;26.25;40.00;39.25;25.75;24.50;23.75;24.25;24.00;25.50;37.25;34.75;24.75;23.75;23.25;23.50;23.25;24.50;30.50;28.25;24.00;23.50;22.50;23.50;23.75;23.75;24.50;24.00;22.75;23.75;22.75]
60367- [25.00;24.50;24.75;26.00;26.00;24.75;24.75;25.00;24.75;24.25;25.00;32.75;32.50;25.50;24.25;23.75;24.50;24.75;25.50;37.25;38.00;26.25;24.50;23.75;24.25;24.50;26.00;39.25;39.00;26.00;24.25;23.50;24.25;24.50;26.75;40.00;39.25;25.50;24.00;23.75;23.75;24.00;25.25;36.75;34.50;24.75;23.75;23.75;24.00;23.50;23.75;30.50;28.00;24.00;23.00;22.75;23.00;23.75;23.75;23.75;23.75;22.75;23.25;22.25]
60852- [24.50;24.50;24.75;26.50;25.75;25.00;25.00;24.00;24.25;24.50;25.25;32.50;32.50;25.50;24.75;24.25;24.50;24.75;26.25;37.50;38.00;26.00;24.25;23.75;24.25;24.50;26.00;38.75;39.00;25.75;24.25;23.25;24.00;24.50;26.25;39.75;39.25;25.50;24.00;23.50;24.25;24.25;25.25;37.00;34.75;24.50;23.25;23.25;23.75;23.50;24.00;30.50;28.50;24.00;23.50;22.50;23.25;23.75;24.00;24.00;24.00;22.75;23.25;23.50]
61337- [24.75;24.25;24.50;26.00;26.25;25.00;24.50;24.50;24.50;24.25;25.00;32.25;32.75;25.75;24.25;24.25;24.50;24.75;25.50;37.50;38.00;26.00;24.25;23.75;24.25;24.25;25.50;38.75;38.75;25.50;24.00;23.50;24.25;24.50;26.25;40.00;39.00;25.75;24.25;23.25;24.00;24.00;25.75;37.00;35.00;25.00;23.50;23.75;23.00;23.00;23.75;30.50;28.25;24.25;23.00;22.50;23.25;23.75;23.50;24.25;23.75;23.00;23.00;23.00]
61822- [24.00;24.00;24.50;26.25;26.25;25.00;25.00;24.50;24.50;24.00;25.50;32.25;32.50;25.00;24.25;24.25;24.75;24.50;25.50;37.00;37.75;26.00;24.50;23.50;24.25;24.25;26.00;39.00;38.75;25.75;24.25;23.75;24.00;24.50;26.25;39.75;38.75;25.75;24.00;23.50;24.25;24.00;25.50;37.00;34.75;24.50;23.50;23.75;23.75;22.75;24.00;30.50;28.25;23.75;23.00;22.50;23.50;23.25;23.75;23.75;24.00;23.00;23.25;22.75]
62307- [24.25;24.00;24.75;26.50;25.75;25.00;24.75;24.00;24.75;24.00;25.00;32.25;32.75;25.75;24.25;24.25;23.50;24.25;25.50;37.25;37.75;26.25;24.50;23.75;23.75;24.25;25.75;39.00;39.00;25.75;24.25;23.50;24.25;24.50;26.00;39.75;39.25;25.50;24.25;23.50;23.25;24.00;25.25;37.00;35.00;24.75;23.50;23.50;23.75;23.50;24.00;30.50;28.00;23.75;23.25;23.00;23.50;23.25;23.50;23.75;23.75;22.75;23.25;23.00]
62792- [24.75;24.00;24.50;26.00;26.00;24.75;25.00;24.25;24.50;24.00;25.50;32.25;32.75;25.50;24.25;24.50;24.50;24.25;26.00;37.50;37.75;26.25;24.25;23.75;24.25;24.25;25.75;39.00;38.75;26.00;24.00;24.50;24.25;24.50;26.50;40.00;38.75;25.50;24.50;23.50;24.00;24.25;25.75;37.25;34.50;24.75;23.75;23.50;23.50;23.75;24.00;30.75;28.00;24.00;23.50;22.75;23.75;23.75;23.75;24.25;24.00;23.25;23.00;22.75]
63277- [24.75;24.00;24.25;26.00;26.00;24.75;25.00;24.25;25.00;24.25;25.50;32.25;32.75;25.50;24.50;24.75;24.75;24.75;25.75;37.25;38.25;26.25;24.50;24.00;24.25;24.50;26.25;39.00;38.50;25.75;24.50;23.75;24.25;24.50;26.50;40.00;39.00;25.75;24.00;23.75;24.00;24.50;25.50;37.00;35.00;24.75;23.75;23.50;23.75;23.50;24.00;30.25;28.25;24.00;23.50;22.50;23.75;23.50;23.75;24.50;24.00;23.00;23.50;23.00]
63762- [24.75;24.25;24.75;26.25;25.75;25.00;24.75;24.50;25.25;24.25;25.25;32.50;33.00;25.50;24.25;24.75;24.75;25.00;25.75;37.75;38.25;26.00;24.50;23.75;24.25;24.25;26.00;39.25;38.75;25.50;24.50;23.25;24.50;24.50;26.50;40.25;39.00;25.25;24.25;23.25;23.50;24.00;26.00;37.25;35.00;25.00;23.75;23.25;24.00;23.50;24.00;30.50;28.50;23.75;23.75;23.00;23.50;24.00;23.25;24.25;23.75;23.00;23.50;23.00]
64247- [25.00;24.25;24.75;26.25;26.50;24.75;25.00;24.50;25.25;24.50;25.00;32.50;32.75;25.75;24.25;25.00;24.75;24.75;25.75;37.50;38.25;26.25;25.00;23.75;24.25;24.50;25.75;39.00;39.00;26.00;24.50;24.00;24.00;24.50;26.25;40.25;39.25;25.75;24.00;24.00;23.75;24.25;25.50;37.25;34.75;25.00;24.00;23.75;24.00;23.75;24.00;30.50;28.25;24.25;23.25;22.75;23.50;23.50;23.75;24.00;24.00;23.50;23.00;23.50]
64732- [24.75;24.25;24.50;26.00;26.50;25.00;24.75;24.75;25.00;24.50;25.25;32.25;33.25;25.50;24.75;24.50;24.25;24.75;26.25;37.50;38.00;26.25;25.00;24.75;24.25;24.25;25.75;39.25;39.00;26.00;24.75;23.75;24.25;24.25;26.25;40.00;39.25;25.75;24.25;23.75;24.00;24.00;25.50;37.00;35.00;25.25;23.50;24.00;23.50;23.75;24.00;30.50;28.75;24.25;23.50;22.75;23.50;24.00;24.00;24.00;24.25;23.25;23.75;23.00]
65217- [25.00;24.00;25.00;26.50;26.50;25.00;25.00;24.25;25.00;24.50;25.50;32.50;33.25;25.50;24.75;24.75;24.75;25.25;26.00;37.75;38.50;26.25;24.75;24.75;24.75;24.75;26.50;39.00;39.25;26.25;24.75;24.00;24.50;24.75;26.75;40.50;39.25;25.75;24.75;23.50;24.50;24.50;26.00;37.25;35.00;25.00;24.00;23.75;24.25;23.75;24.50;31.00;28.50;24.25;23.75;22.50;23.75;23.25;23.75;24.00;24.50;22.75;23.25;23.50]
65702- [24.75;24.25;25.00;26.00;26.25;25.25;24.50;24.75;24.75;24.25;25.75;32.50;33.25;25.50;24.75;24.75;24.75;25.00;26.00;37.50;38.00;26.50;25.00;24.00;24.50;24.50;25.75;38.75;38.75;25.50;24.50;23.75;24.75;24.50;26.25;40.00;39.25;25.50;24.50;23.50;24.00;24.25;25.75;37.00;35.00;24.75;23.50;23.50;23.75;23.75;24.50;30.50;28.00;24.25;23.50;22.50;23.50;23.50;23.50;24.00;24.25;23.25;23.50;23.00]
66187- [25.00;24.25;25.50;26.25;26.25;25.00;25.00;24.50;24.75;24.25;25.75;32.50;32.50;25.25;24.50;24.50;24.75;25.00;25.75;37.00;38.00;26.00;24.75;24.00;24.00;24.50;26.00;38.75;38.75;26.00;24.50;24.00;24.25;24.50;26.75;40.50;38.75;25.75;24.25;23.25;24.00;24.00;25.75;36.75;34.75;24.75;23.50;23.75;23.50;23.50;24.00;30.75;28.00;24.00;23.75;22.75;23.25;23.50;23.75;24.25;24.25;23.25;23.00;23.25]
66672- [25.25;24.25;24.50;26.00;26.50;24.75;24.75;24.00;25.00;24.50;25.25;32.50;33.00;25.50;24.75;24.00;24.75;24.75;26.25;37.50;38.00;26.25;24.75;23.75;24.25;24.75;26.25;39.00;38.75;26.00;24.50;23.50;24.25;24.50;26.50;40.00;39.25;26.00;24.50;23.25;24.25;24.25;25.75;37.25;34.75;24.75;24.00;24.00;23.50;23.75;24.25;30.50;28.75;23.75;23.50;23.00;23.75;23.25;24.25;24.25;24.00;23.00;23.00;23.00]
67157- [24.75;24.50;25.00;26.25;26.75;25.00;25.25;24.50;25.25;24.25;25.25;33.00;33.50;25.75;25.00;25.25;25.00;25.00;26.50;38.00;38.25;26.50;25.25;24.25;24.75;24.75;26.25;39.25;39.25;26.25;24.25;24.25;24.75;24.25;26.75;40.00;39.50;25.75;24.75;23.75;24.25;24.25;25.75;37.25;35.00;25.00;24.00;24.00;24.25;23.25;24.50;30.50;28.75;24.50;23.75;23.00;23.50;23.25;23.75;24.50;24.50;23.25;23.25;22.75]
67642- [25.25;24.25;25.00;26.75;26.25;25.25;25.00;25.00;25.25;24.75;25.50;32.75;33.00;25.50;25.00;24.75;24.75;24.50;26.50;37.75;38.25;26.25;25.00;24.00;24.50;24.75;26.25;39.00;39.25;26.75;24.75;24.00;24.50;25.00;27.00;40.25;39.50;26.00;24.50;24.00;24.00;24.25;25.75;37.25;35.25;25.00;24.00;23.75;24.00;23.75;24.75;30.75;28.50;24.50;23.25;23.25;24.25;24.00;23.75;24.50;24.25;23.00;23.75;23.25]
68127- [25.25;24.50;25.25;26.25;26.50;25.25;25.00;25.00;25.50;25.00;26.25;32.75;33.50;25.75;24.50;25.25;25.00;24.75;26.50;38.00;38.25;26.25;25.00;24.00;24.50;25.00;26.25;39.25;39.25;26.25;25.00;24.25;25.00;25.00;26.75;40.50;39.00;26.50;24.50;23.75;24.50;24.75;26.00;37.25;35.25;25.25;24.00;23.75;24.25;24.00;24.25;30.75;29.00;24.25;23.75;23.50;23.75;23.75;24.25;24.00;24.75;23.50;23.75;24.00]
68612- [25.25;25.00;25.25;27.00;26.75;25.25;25.00;25.00;25.00;25.00;25.75;33.00;33.25;26.00;25.00;25.25;25.25;25.00;26.25;37.75;38.25;26.75;25.25;24.75;24.25;25.25;26.25;39.75;39.00;26.00;24.25;24.00;24.50;24.75;27.00;40.50;40.00;26.25;24.50;24.00;24.00;24.75;26.00;37.50;35.25;25.25;24.25;24.00;24.00;23.50;24.75;31.00;29.00;24.50;24.00;23.25;23.50;24.00;24.00;24.25;24.50;23.25;23.50;23.50]
69097- [24.75;24.25;25.75;26.75;27.25;25.50;25.25;25.00;25.00;25.00;25.75;32.75;33.25;25.75;24.75;25.00;25.00;25.00;26.25;37.75;38.50;26.75;25.25;24.50;24.75;24.75;26.50;39.25;39.50;26.50;24.50;24.00;24.75;25.25;26.75;40.75;39.50;26.25;24.50;23.75;24.50;24.50;25.75;37.50;35.25;25.00;24.50;24.50;23.75;24.00;24.50;31.00;28.75;24.50;23.50;23.25;23.50;23.75;24.00;24.50;24.25;23.25;23.50;23.50]
69582- [25.25;25.00;25.50;26.75;26.50;25.50;25.25;25.50;25.50;25.00;25.50;32.25;33.50;26.00;24.75;24.50;25.00;25.00;26.25;37.75;38.50;26.50;25.25;24.75;24.75;24.75;26.25;39.25;39.25;26.25;24.75;24.75;24.50;25.00;26.75;40.50;39.50;26.50;24.75;24.00;24.00;24.50;26.00;37.25;35.00;25.25;24.00;24.00;24.50;23.75;24.50;31.00;28.75;24.00;24.00;23.25;23.25;24.50;24.25;24.50;24.25;23.75;24.00;23.75]
70067- [24.75;24.50;25.50;26.50;26.75;25.25;25.50;24.75;25.00;24.75;25.75;33.00;33.25;26.00;24.75;25.00;25.25;25.25;26.75;37.75;38.25;26.50;25.25;24.50;24.75;25.00;26.75;39.50;39.25;26.50;24.25;24.00;24.75;25.25;27.00;40.50;39.75;26.00;24.75;24.00;24.25;24.75;25.75;37.25;35.50;25.00;23.50;24.00;24.25;24.25;24.50;31.50;28.75;24.75;24.00;23.00;23.25;24.00;23.75;24.25;24.00;24.00;23.50;23.00]
70552- [24.75;25.00;25.25;26.25;26.75;25.25;25.25;25.00;24.75;24.75;26.00;33.00;33.25;25.75;24.75;25.00;24.75;25.25;26.50;37.75;38.50;26.75;25.25;25.00;24.50;24.75;26.75;39.50;39.00;26.50;24.75;24.50;25.00;25.00;26.75;41.00;39.75;26.25;24.50;24.50;25.00;25.00;26.25;37.50;35.50;25.25;24.00;24.00;24.00;24.00;24.50;31.25;28.75;24.50;24.00;23.25;24.25;23.75;24.25;24.25;24.50;23.75;23.00;24.00]
71037- [25.25;24.25;25.00;26.25;26.50;25.25;25.25;24.75;25.25;25.00;25.75;32.75;33.25;26.00;24.75;24.75;24.75;24.75;26.50;38.00;38.50;26.50;25.00;24.25;24.75;24.75;26.50;39.50;39.25;26.50;25.00;24.75;24.75;25.00;26.75;40.50;39.50;26.25;24.75;23.75;24.00;25.00;25.75;37.50;35.25;25.00;23.75;24.00;24.50;24.25;25.00;31.25;29.00;24.25;24.25;23.00;24.50;24.00;24.25;24.50;24.75;23.50;24.00;23.25]
71522- [25.25;24.25;25.50;26.75;26.25;25.25;25.50;25.25;25.25;25.00;26.00;32.75;33.50;26.50;25.00;25.00;25.25;25.00;25.75;37.75;38.50;26.50;25.75;24.75;24.75;24.75;26.50;39.25;39.25;26.50;25.25;24.00;25.00;25.25;27.00;40.75;39.50;26.00;24.50;23.75;24.50;24.50;26.25;37.50;35.25;24.75;24.00;24.25;24.50;23.75;24.75;31.00;29.00;24.50;24.00;23.50;23.75;23.75;24.25;24.75;24.50;24.00;24.00;23.25]
72007- [25.00;25.00;25.25;26.75;26.50;25.25;25.00;25.00;25.25;24.75;25.50;32.75;33.25;26.00;24.75;25.00;24.75;25.25;26.00;38.00;38.50;26.50;25.25;24.50;25.00;25.00;26.75;39.25;39.25;26.50;25.25;24.50;24.50;25.25;27.00;40.50;39.50;26.25;25.00;23.75;23.75;24.75;25.75;37.25;35.25;25.50;24.00;24.50;23.75;24.00;24.75;31.00;28.75;24.50;23.25;23.00;23.75;24.50;24.50;24.50;24.25;23.00;23.50;23.75]
72492- [24.75;24.50;25.25;26.25;26.00;25.50;25.25;25.25;25.25;25.00;25.75;32.50;33.50;26.00;24.75;24.75;25.00;25.00;26.25;37.50;38.25;26.50;24.75;25.00;24.50;24.75;26.50;39.25;39.50;26.25;24.50;24.00;25.00;25.00;26.50;40.50;39.25;26.50;24.75;23.75;24.00;24.75;26.00;37.25;35.75;25.50;24.00;24.00;24.00;24.00;24.75;30.75;28.75;24.25;24.00;22.75;24.00;24.25;23.75;24.25;24.25;23.25;23.50;23.50]
72977- [25.00;24.25;24.75;26.50;26.75;25.00;25.25;25.00;25.00;25.00;25.50;32.25;33.25;25.75;24.75;25.00;24.75;25.00;26.25;37.50;38.25;26.25;25.00;24.50;24.50;24.50;26.25;39.25;39.00;26.25;24.75;24.25;24.75;24.75;26.25;40.50;39.25;25.75;24.25;23.75;24.00;24.50;25.50;37.50;35.00;24.75;23.75;24.00;24.25;24.25;24.75;31.00;28.75;24.50;23.25;23.25;23.25;23.50;24.00;24.25;24.25;23.75;24.00;23.00]
73462- [24.75;24.75;25.00;26.25;26.00;24.75;24.75;24.75;25.00;24.50;25.50;32.25;33.00;25.75;24.00;25.00;24.50;24.75;26.50;37.50;38.25;26.25;25.00;24.25;24.50;24.50;26.25;39.00;39.00;26.00;24.50;24.25;24.75;24.75;26.75;40.25;39.25;26.25;24.50;23.00;24.25;24.25;26.00;37.00;35.25;24.75;24.00;23.50;24.00;23.25;24.25;30.75;28.75;24.00;23.75;23.75;23.50;23.50;24.00;24.00;24.25;23.25;23.50;23.25]
73947- [25.00;24.25;25.00;26.75;25.75;25.00;25.00;24.25;25.25;24.50;25.75;32.75;33.25;25.75;25.00;24.75;24.75;24.75;26.00;37.00;38.50;26.25;24.75;24.00;24.50;24.75;26.25;39.00;39.00;26.25;24.50;24.00;25.00;25.00;26.75;40.25;39.25;26.00;24.50;23.75;24.50;24.50;26.00;37.00;35.25;24.50;24.25;23.50;24.00;24.25;24.75;31.00;28.50;24.00;23.75;23.25;23.75;23.75;24.00;24.00;24.50;23.25;23.50;23.50]
74432- [25.00;24.50;25.00;26.25;26.50;25.00;24.75;25.00;24.75;25.00;25.50;32.75;33.25;25.50;25.00;25.25;24.75;24.75;26.25;37.75;38.25;26.50;24.75;24.25;25.00;25.00;26.50;39.00;39.25;26.25;24.50;24.50;24.75;25.25;26.75;40.50;39.75;26.00;24.50;23.75;24.50;24.75;26.25;37.25;35.25;25.25;24.00;24.00;24.25;23.75;25.00;30.75;28.75;24.50;23.75;23.00;23.50;23.50;24.00;24.75;24.25;23.25;23.75;24.00]
74917- [25.00;24.75;24.75;26.75;26.50;25.25;25.25;25.00;25.00;24.75;25.50;32.50;33.25;25.50;25.00;25.00;25.25;24.75;26.25;37.75;38.25;26.25;24.75;24.25;24.25;25.25;26.25;39.50;39.00;26.25;24.50;24.25;24.75;25.00;27.00;40.50;39.50;26.25;25.00;24.00;24.25;24.75;25.50;37.00;35.25;25.25;23.75;24.25;24.00;23.75;24.50;30.75;28.50;24.50;24.00;23.00;23.75;24.00;24.00;24.00;23.75;23.00;23.25;23.50]
75402- [24.75;24.50;25.25;26.25;26.25;25.50;25.25;24.75;25.00;25.00;25.25;32.75;33.00;25.75;24.75;25.00;24.25;25.00;26.00;38.00;38.25;26.75;25.25;24.50;24.50;25.00;26.00;39.50;39.25;26.25;24.75;24.00;24.75;24.75;27.00;40.25;39.25;26.00;25.00;24.00;24.25;24.25;25.50;37.50;35.25;25.25;24.25;24.25;24.25;23.50;24.75;31.00;28.50;24.50;23.50;23.00;24.00;24.50;23.50;24.00;24.25;23.50;23.75;23.00]
75887- [24.50;24.75;24.75;26.25;27.00;25.00;25.25;25.25;24.75;24.75;25.75;32.75;33.25;26.00;25.25;24.75;25.00;24.75;26.25;37.75;38.25;26.50;25.00;24.25;24.50;24.75;26.25;39.50;39.00;26.25;24.50;24.75;24.75;24.75;26.75;40.50;39.50;26.00;24.50;24.25;24.00;24.50;26.00;37.25;35.25;25.00;24.00;24.00;23.75;24.00;24.75;31.00;28.75;24.75;23.25;23.50;23.25;24.25;24.00;24.50;24.25;23.75;23.75;23.75]
76372- [25.50;24.50;25.00;26.50;27.00;25.25;25.25;24.25;24.75;25.00;25.25;32.50;33.00;25.25;25.00;24.75;24.25;25.00;26.25;37.50;38.25;26.75;25.00;24.75;24.25;24.50;26.50;39.50;39.50;26.25;24.50;23.75;24.50;25.00;27.00;40.25;39.25;26.00;24.50;23.50;24.50;24.50;26.00;37.25;34.75;25.50;24.00;23.50;24.00;24.00;24.75;30.75;28.50;24.25;23.25;23.50;23.75;24.00;23.50;24.50;24.50;23.50;23.50;23.50]
76857- [25.25;24.75;25.25;26.50;26.75;25.50;25.00;25.00;25.00;24.75;25.75;32.75;33.00;25.50;25.00;25.25;24.25;25.25;26.50;37.50;38.50;26.25;25.00;24.25;24.75;24.75;26.25;39.50;39.25;26.00;24.75;24.00;24.75;24.75;26.50;40.25;39.00;26.00;24.75;23.75;24.25;24.75;26.00;37.50;35.25;25.25;24.00;23.50;23.75;24.00;24.75;30.75;28.50;24.25;23.75;22.75;24.00;23.50;23.75;24.25;24.25;23.50;23.50;23.75]
77342- [24.75;24.50;25.25;26.50;26.75;25.25;25.50;24.75;25.00;24.75;25.75;32.25;33.00;25.75;25.00;25.00;24.50;24.75;26.25;37.75;38.75;26.50;25.00;24.75;24.75;24.75;26.00;39.00;39.25;26.25;24.25;24.50;24.25;25.25;26.50;40.25;39.25;26.25;25.00;23.75;24.25;24.50;26.00;37.00;35.25;25.25;23.75;23.50;24.00;24.00;24.25;31.00;28.50;24.00;24.00;23.25;23.75;24.00;23.75;24.75;24.00;23.25;23.75;22.75]
77827- [25.25;24.50;25.50;26.25;26.25;25.50;25.25;25.00;24.75;24.75;26.00;32.50;32.50;25.50;24.50;24.75;25.00;25.00;26.00;37.50;38.00;26.50;25.00;24.50;24.75;24.50;26.25;39.25;39.25;26.25;24.75;23.75;24.75;24.75;26.75;40.50;39.50;26.25;24.50;23.75;24.25;24.00;26.00;37.25;35.00;25.25;23.75;24.00;24.00;23.75;24.50;30.75;28.75;24.00;23.50;23.00;24.25;24.00;23.50;24.25;24.25;23.50;23.50;23.50]
78312- [25.00;24.50;25.25;26.75;26.75;24.75;25.25;25.25;25.25;24.75;26.00;32.75;33.50;26.00;25.00;25.25;24.50;24.75;26.25;37.75;38.50;26.25;24.50;24.75;24.25;24.50;26.25;39.75;39.00;26.50;24.25;23.75;24.75;24.75;26.75;40.50;39.25;25.75;24.50;24.00;24.25;24.25;26.00;37.25;35.00;24.75;23.75;23.75;23.75;23.75;24.25;31.25;28.50;24.50;23.25;23.00;23.75;23.50;24.25;25.00;24.00;23.25;24.25;24.25]
78797- [25.00;24.50;24.75;26.75;26.75;25.50;25.00;24.75;25.00;24.75;25.75;32.50;33.25;26.00;24.50;24.75;24.75;25.25;26.00;37.50;38.25;26.75;25.50;24.25;24.50;24.50;26.25;39.25;39.00;26.00;24.50;24.00;24.75;25.00;27.00;40.00;39.75;26.00;25.00;23.50;24.25;24.75;25.75;37.25;35.25;25.25;24.25;24.25;24.00;23.75;24.75;31.25;28.50;24.25;23.25;23.25;23.75;23.75;24.00;24.50;24.00;23.25;23.75;23.00]
79282- [24.75;24.75;25.00;26.50;26.50;25.25;25.25;24.75;25.25;24.75;25.75;32.75;33.50;25.50;25.00;24.75;24.50;24.75;26.25;37.50;38.50;26.50;24.75;24.50;24.75;24.50;26.00;39.25;39.00;26.50;24.25;24.25;24.75;25.00;26.75;40.50;39.25;26.00;24.75;23.25;24.25;24.25;25.75;37.25;35.00;25.00;24.25;24.25;24.50;23.75;24.75;31.00;28.50;24.25;24.00;22.50;23.50;23.75;23.50;24.75;24.00;23.25;23.25;23.00]
79767- [25.25;25.25;25.25;26.75;26.50;25.50;25.50;24.75;25.25;24.75;25.50;32.50;33.00;25.75;25.00;24.75;25.25;25.00;26.00;37.50;38.50;26.25;25.00;24.25;24.50;24.50;26.75;39.00;39.25;26.25;24.50;24.50;25.00;24.75;26.50;40.75;39.25;26.25;24.75;24.25;24.00;24.75;26.00;37.25;35.00;25.00;23.75;23.50;24.00;24.00;24.50;31.00;28.50;24.50;23.50;23.00;23.00;23.75;24.00;24.50;24.50;23.25;23.25;22.75]
80252- [25.00;24.50;25.00;26.25;26.75;24.75;25.00;25.00;24.75;24.75;25.75;32.25;33.25;25.50;24.75;25.00;24.50;25.00;26.25;38.00;38.25;26.25;25.00;24.25;24.25;24.75;26.25;39.00;38.75;26.00;24.25;24.00;24.50;25.25;26.50;40.25;39.25;26.25;24.75;23.00;24.00;25.00;25.75;37.25;34.75;25.00;24.00;23.75;24.25;24.00;24.50;30.75;28.75;24.75;23.25;23.00;23.75;23.50;23.50;24.25;24.25;23.25;23.25;23.75]
80737- [24.75;24.00;24.75;26.75;26.25;25.50;25.25;24.75;25.00;24.50;25.25;32.50;32.50;25.50;24.25;24.75;24.50;25.00;26.00;37.75;38.25;26.50;24.75;24.00;24.50;24.25;26.00;39.25;39.00;26.25;24.75;24.00;24.25;24.50;26.75;40.50;39.25;25.75;24.25;24.00;24.00;24.00;25.50;37.25;34.50;24.75;23.25;24.00;23.75;23.50;24.00;31.25;28.75;24.50;23.50;23.00;23.25;23.00;23.75;24.00;23.75;23.00;23.75;23.25]
81222- [24.75;24.50;24.50;26.25;26.50;25.00;25.00;24.50;25.00;24.50;25.50;32.25;33.00;25.75;24.25;24.50;24.50;24.50;26.00;37.75;38.00;26.00;24.75;24.25;24.75;24.25;26.00;39.00;39.25;26.25;24.50;23.50;24.00;25.00;26.75;40.50;38.75;25.75;24.50;24.00;24.00;24.50;25.75;37.00;34.50;25.00;23.50;23.50;23.50;23.75;24.00;30.75;28.50;24.00;23.75;22.25;23.75;23.50;24.25;24.25;24.25;23.00;23.00;23.00]
81707- [24.75;24.50;24.75;26.50;26.50;25.00;25.25;24.25;24.75;24.75;25.75;32.00;33.00;25.75;24.75;25.00;25.00;24.50;26.00;37.50;38.25;26.25;24.75;24.50;24.50;24.25;26.25;38.75;38.75;25.75;24.25;23.50;24.00;24.50;26.25;40.25;39.25;25.75;24.25;23.50;24.00;24.25;25.50;37.25;35.50;25.00;24.00;24.25;23.75;24.00;24.25;30.75;28.50;24.00;23.25;22.75;23.00;23.25;23.75;24.00;24.25;22.75;23.50;23.00]
82192- [25.50;24.50;25.25;26.50;26.25;25.50;25.00;25.25;25.00;25.25;25.75;32.50;33.00;25.75;24.75;24.50;24.75;25.00;26.25;37.75;38.25;26.25;25.25;24.50;24.75;24.50;26.00;39.00;39.25;26.25;24.50;24.25;24.50;24.75;26.75;40.25;38.75;26.00;24.75;23.75;24.50;24.50;25.50;37.00;35.50;25.00;24.00;24.00;24.00;23.75;24.50;31.00;28.50;24.00;23.50;23.00;23.25;23.75;23.50;24.25;24.50;23.50;23.00;23.00]
82677- [25.00;24.50;25.25;26.00;26.50;25.50;25.25;25.00;25.25;24.75;25.50;32.50;33.00;25.75;24.75;25.00;24.50;25.25;26.25;37.75;38.25;26.00;24.75;24.75;24.75;24.75;26.50;39.50;39.25;26.50;25.00;24.25;24.75;25.00;26.75;40.50;39.50;26.00;24.50;23.50;24.50;24.50;25.75;37.25;35.25;25.00;23.75;23.75;23.50;23.75;24.50;30.75;28.50;24.25;23.75;23.25;23.75;23.50;23.75;24.25;23.75;23.50;23.25;23.25]
83162- [25.00;24.75;25.50;26.50;26.25;24.75;25.50;25.00;25.00;25.00;26.00;32.50;33.00;25.50;25.00;25.00;25.00;25.25;26.50;37.75;38.50;26.50;25.50;24.25;24.75;24.75;26.25;39.25;39.00;26.50;24.75;24.00;24.75;25.00;26.75;40.50;39.25;26.00;24.50;23.75;24.50;24.50;25.75;37.00;35.25;24.75;24.00;24.25;24.00;23.50;24.50;30.75;28.75;24.25;23.75;23.00;23.25;24.00;24.00;24.25;24.50;23.25;23.50;23.00]
83647- [25.00;24.25;25.00;26.25;26.25;25.25;24.75;24.75;25.00;24.50;25.50;32.00;33.00;25.75;24.75;25.00;24.50;24.75;26.00;37.50;38.25;26.75;25.00;25.00;24.75;24.75;26.00;39.25;39.00;25.75;24.75;23.75;24.75;25.00;26.50;40.25;39.25;26.00;24.75;23.50;24.00;24.00;26.00;37.25;35.00;25.00;23.75;23.75;23.75;23.75;24.25;30.50;29.00;24.50;23.25;22.25;22.75;23.25;24.25;24.50;24.00;23.00;23.25;23.75]
84132- [25.00;24.25;25.00;26.50;26.75;25.25;24.75;24.25;25.00;24.75;25.25;32.50;33.25;25.50;25.00;24.50;24.75;24.75;26.25;37.75;38.25;25.75;24.75;24.25;24.25;24.50;26.00;39.25;39.00;26.00;24.25;23.75;24.75;24.50;26.50;40.50;39.25;25.75;24.75;24.00;24.25;24.25;25.75;36.50;35.00;24.75;23.75;23.75;23.75;23.50;24.50;30.75;28.50;24.00;23.00;23.00;23.25;23.25;23.75;24.25;24.00;23.50;23.25;23.25]
84617- [25.00;24.00;25.00;26.25;26.50;25.25;25.00;24.50;25.25;25.00;25.25;32.75;33.00;26.00;25.00;25.00;25.00;24.75;26.50;37.75;38.25;26.50;25.25;24.25;24.75;24.50;26.75;39.25;39.50;26.00;24.75;23.75;24.50;24.50;26.50;40.25;39.25;25.75;24.50;23.75;24.00;24.75;26.00;37.00;35.00;25.25;23.75;24.25;24.00;23.75;24.00;31.00;28.75;24.00;23.75;22.75;23.25;23.75;24.00;24.00;24.50;23.50;23.25;23.50]
85102- [25.00;24.50;25.00;26.75;26.75;25.00;25.00;24.50;24.75;24.75;25.25;32.50;33.50;25.75;24.50;25.00;24.75;25.00;26.25;37.75;38.25;26.25;25.25;24.50;24.25;24.50;26.25;39.25;39.25;26.00;24.25;24.25;24.75;24.75;26.75;40.25;39.00;25.75;24.50;23.75;24.25;24.75;25.75;37.00;35.00;25.00;23.50;24.00;23.50;23.50;24.25;30.25;28.25;23.75;23.00;23.00;23.50;24.00;23.25;24.00;24.00;23.50;23.75;23.00]
85587- [25.00;24.25;25.00;26.50;26.75;25.25;25.00;24.50;25.00;25.00;25.25;32.50;33.00;25.75;24.75;24.75;24.50;24.75;25.75;37.75;38.25;26.25;24.75;24.25;24.50;24.25;26.00;39.00;38.75;26.25;24.25;24.00;24.75;25.00;27.00;40.25;39.25;25.75;24.75;23.75;24.00;24.50;25.75;37.00;35.00;25.00;24.00;24.00;24.00;24.00;24.25;30.50;28.50;23.75;23.25;22.75;23.50;23.50;23.50;24.00;24.00;23.25;23.25;23.00]
86072- [25.00;24.75;25.00;26.50;26.75;25.00;25.25;24.75;24.75;25.00;25.75;32.25;33.00;25.25;24.75;24.75;24.25;24.50;26.00;37.75;38.25;26.25;24.75;24.00;24.75;24.50;26.50;39.00;38.75;26.00;25.00;23.75;25.00;24.50;26.75;40.25;39.25;25.75;24.50;23.50;24.25;24.50;25.50;36.75;35.00;24.75;23.50;23.50;24.25;23.25;24.50;31.00;28.50;24.00;23.25;23.00;23.75;23.75;24.25;24.50;24.25;23.50;23.25;22.75]
86557- [25.00;24.00;25.00;26.00;26.50;24.75;25.00;24.50;25.00;24.75;25.25;32.25;33.00;25.50;25.00;24.50;25.00;24.75;25.75;37.25;38.00;26.00;24.75;24.25;24.25;24.75;26.25;39.25;39.00;26.00;24.25;23.75;25.00;25.00;26.75;40.25;39.25;25.50;24.75;23.50;24.50;24.50;25.50;37.00;35.00;25.00;24.00;24.00;23.75;23.50;24.50;31.00;28.50;24.25;23.25;23.00;23.25;24.50;24.00;24.00;24.50;23.00;23.25;23.00]
87042- [24.75;24.50;25.25;26.25;26.50;25.00;24.75;25.00;25.00;24.75;25.50;33.00;33.25;26.00;25.00;24.50;24.50;24.75;26.25;37.50;38.00;26.50;25.00;24.50;24.75;24.75;26.50;39.25;39.50;26.00;24.50;24.00;24.75;24.75;26.75;40.50;39.00;26.00;24.25;23.75;24.00;24.25;25.75;37.25;34.75;24.75;23.75;24.00;24.00;23.25;24.00;30.50;28.50;24.50;23.00;22.75;23.25;23.50;24.25;24.00;24.00;23.25;23.25;23.50]
87527- [25.50;24.25;25.25;26.50;26.00;25.25;25.50;25.00;25.00;24.50;25.50;32.25;32.75;25.75;24.25;25.00;24.50;24.75;25.75;37.50;38.25;26.00;24.75;24.25;24.25;24.50;25.75;39.00;39.00;26.25;24.25;24.50;24.75;25.00;26.50;40.25;39.00;25.50;24.50;24.00;24.00;24.25;25.75;37.00;34.50;24.75;23.25;23.75;23.75;23.75;24.50;30.75;28.25;24.00;23.00;22.75;24.00;23.50;23.75;24.00;24.25;23.25;23.25;22.75]
88012- [24.25;24.75;25.00;26.00;26.00;25.25;25.00;24.50;25.00;24.25;25.50;32.25;32.75;25.50;24.50;25.00;24.50;24.50;26.25;37.25;37.75;26.25;24.75;23.75;24.25;24.25;25.75;38.50;39.00;25.50;24.25;23.75;24.50;24.50;26.50;40.25;39.00;26.00;24.25;23.25;24.00;24.25;25.50;37.00;34.75;24.75;23.50;23.75;23.50;23.00;23.75;30.75;28.25;23.75;23.00;23.00;23.25;23.25;23.75;23.75;23.75;22.75;22.75;22.25]
88497- [25.00;24.25;24.75;26.25;26.25;25.00;24.50;24.75;25.00;24.50;25.25;32.25;33.00;25.50;24.25;24.50;24.50;24.50;26.00;37.50;38.00;26.25;24.75;24.25;24.00;24.25;26.25;38.75;38.75;25.75;24.25;23.75;24.50;24.50;26.25;40.25;38.75;25.25;24.50;23.50;23.50;24.50;25.25;37.00;34.75;24.75;23.75;23.50;23.50;23.25;24.00;30.25;28.75;24.25;23.50;22.50;23.25;23.00;23.75;24.25;24.00;23.25;22.75;22.75]
88982- [25.25;24.00;24.50;26.25;26.25;25.00;25.00;24.50;24.50;24.50;24.75;32.50;32.25;25.50;24.25;24.75;24.50;24.75;25.75;37.25;38.00;26.00;24.75;23.75;24.25;24.25;25.75;38.75;38.75;25.75;24.25;23.75;24.25;24.25;26.25;40.00;38.75;25.25;24.50;23.50;24.25;24.50;25.50;37.00;35.00;25.00;23.75;23.50;23.75;23.25;23.75;30.50;28.00;24.25;23.00;22.50;23.25;23.50;23.50;23.50;23.75;22.75;23.25;22.50]
89467- [24.75;24.25;24.75;26.25;26.00;25.00;25.00;24.25;25.00;24.25;25.50;32.25;32.75;25.50;24.50;24.00;23.75;24.75;25.50;37.25;37.75;26.00;24.50;24.00;24.00;24.25;25.75;39.00;38.50;25.50;24.25;23.75;24.50;24.25;26.25;40.00;39.00;25.50;24.25;23.75;23.75;24.00;25.00;36.75;35.00;24.50;23.25;23.50;23.50;23.00;24.00;30.50;28.25;23.75;23.00;22.50;23.25;23.25;22.75;23.75;23.50;22.50;23.00;22.75]
89952- [25.50;24.25;25.00;26.50;26.50;25.25;25.00;24.75;25.25;24.25;25.50;32.50;33.00;25.25;24.75;25.00;24.75;24.75;25.75;37.25;38.00;26.00;25.00;24.00;24.75;24.25;26.00;39.00;38.75;25.75;24.75;24.00;24.50;24.50;26.50;40.00;39.00;25.25;24.50;23.25;23.50;24.25;25.50;36.75;35.00;25.00;23.50;23.75;23.50;23.25;24.25;30.50;28.25;24.00;23.50;22.75;23.75;23.50;24.00;23.75;24.00;23.25;23.25;23.00]
90437- [25.25;24.25;25.00;26.00;26.25;24.75;25.00;24.50;24.75;24.75;25.50;32.25;32.50;25.25;24.50;24.50;24.50;24.50;25.75;37.25;38.00;26.25;24.50;23.75;24.25;24.50;25.75;39.00;38.75;26.00;24.25;24.25;24.25;24.75;26.25;40.00;38.75;26.00;23.75;23.75;24.00;24.25;25.50;36.75;35.00;24.75;23.75;23.00;24.00;23.25;23.50;31.00;28.25;23.75;23.25;22.50;23.00;23.00;23.50;24.25;24.00;22.75;23.00;22.75]
90922- [24.75;24.50;25.00;26.25;26.25;25.25;24.75;24.50;25.00;24.25;25.25;32.00;32.75;25.25;24.25;25.00;25.00;25.00;25.75;37.00;38.00;26.00;25.00;23.75;24.00;24.25;25.75;39.25;38.25;26.00;24.00;23.75;24.50;24.25;26.00;40.25;38.75;25.75;24.25;23.00;24.00;24.00;25.25;37.00;35.25;25.00;23.00;23.50;23.25;23.25;24.25;30.50;28.75;23.75;23.25;22.75;23.50;24.00;23.75;24.25;24.00;23.00;23.25;22.25]
91407- [24.50;24.25;24.50;26.00;26.25;25.25;24.50;25.00;24.75;24.50;25.25;32.50;32.75;25.75;24.00;24.75;24.50;24.50;26.00;37.50;37.75;26.00;24.25;24.25;24.50;24.00;25.75;39.00;38.75;26.00;24.25;23.50;24.00;24.00;25.75;39.75;39.00;25.75;24.00;23.75;23.75;24.00;25.25;36.75;34.75;24.50;23.50;23.50;23.75;23.50;24.00;30.50;28.50;24.00;23.25;22.25;23.50;23.00;23.00;23.25;23.50;22.75;22.50;22.75]
91892- [24.50;24.50;25.00;25.75;26.25;25.00;25.00;24.75;25.00;24.25;25.25;32.25;33.00;25.50;25.00;24.25;24.75;24.75;25.50;37.25;38.00;26.00;24.50;23.75;24.00;24.25;26.00;38.75;38.75;26.00;24.00;23.75;24.25;24.25;26.00;40.00;38.75;25.25;24.00;23.25;24.00;23.75;25.25;36.50;34.25;24.50;23.50;23.25;24.00;23.50;24.75;30.50;28.25;24.00;23.25;22.75;23.00;22.75;23.50;23.75;24.25;22.75;23.25;23.00]
92377- [25.00;24.50;24.75;26.25;25.75;24.50;25.00;24.50;24.50;24.25;25.00;32.25;32.75;25.50;24.50;24.50;24.50;24.50;25.75;37.50;37.50;25.75;24.25;24.00;24.25;24.00;26.00;38.75;38.75;25.75;24.25;23.25;24.25;24.50;26.25;39.75;38.50;25.75;24.50;23.00;23.75;24.00;25.25;36.75;34.75;24.25;23.50;23.75;23.25;24.00;24.25;30.50;27.75;23.75;23.25;22.50;23.75;23.00;23.25;23.75;23.75;23.25;22.75;23.00]
92862- [25.00;24.75;25.00;25.75;26.00;25.00;24.75;24.50;24.75;24.25;25.25;32.00;32.75;25.25;24.75;24.50;24.50;24.75;25.75;37.25;38.00;25.75;24.50;23.75;24.00;24.25;26.00;39.00;38.75;25.75;24.25;23.50;24.25;24.75;26.00;39.75;38.75;25.75;24.00;23.50;24.25;24.00;25.25;36.75;34.75;24.75;23.50;23.50;23.25;23.25;24.50;30.50;28.50;23.75;23.50;22.00;23.50;23.00;23.25;23.75;23.75;22.75;23.25;22.50]
93347- [25.00;24.25;24.75;26.25;26.25;24.75;25.25;24.75;24.75;24.50;25.00;32.25;32.75;25.25;24.50;24.00;24.50;24.25;25.75;37.25;38.00;25.75;24.25;23.75;24.50;24.75;25.75;38.75;38.75;25.75;24.00;24.00;23.75;24.50;26.00;39.50;38.50;25.50;24.25;23.25;23.50;23.50;25.25;36.75;34.75;25.00;23.25;23.50;23.75;23.00;23.50;30.50;28.25;24.00;23.25;22.25;23.00;22.75;23.25;23.75;24.00;22.00;22.75;22.75]
93832- [24.50;24.50;24.75;26.25;26.00;24.75;24.75;24.25;24.50;24.50;25.00;32.00;32.75;25.75;25.00;24.50;24.25;24.50;26.00;37.50;38.00;25.75;24.75;23.75;24.00;24.50;26.00;39.00;38.75;26.00;24.00;23.75;24.00;24.50;26.50;39.75;38.75;25.50;24.25;23.00;23.75;24.00;25.50;36.75;34.75;25.00;23.25;23.75;23.00;23.25;24.00;30.50;28.50;23.75;23.25;22.75;23.50;23.25;23.25;23.50;23.75;22.75;22.75;23.00]
94317- [24.75;24.50;24.75;26.00;26.00;25.00;24.50;24.00;24.75;24.00;25.25;32.00;32.75;25.00;24.00;24.25;24.00;24.50;25.50;37.00;37.75;26.00;24.75;23.50;24.00;24.25;25.75;38.75;38.75;25.50;24.00;23.50;24.00;24.50;26.00;40.00;38.50;25.50;23.75;23.25;24.00;24.00;25.50;36.75;34.75;24.50;23.50;23.00;23.25;23.00;24.00;30.25;28.50;23.25;23.25;22.25;22.75;23.00;23.75;24.25;24.00;23.00;22.75;22.75]
94802- [24.25;24.00;24.50;26.25;26.00;25.25;24.50;24.25;24.75;24.25;25.50;32.00;32.75;25.00;24.25;24.25;24.50;25.00;25.75;37.25;37.75;26.00;24.75;24.00;23.50;24.00;25.75;38.75;38.50;25.75;23.75;23.50;24.75;24.00;26.00;39.75;39.00;25.50;24.00;23.25;23.75;24.00;25.25;36.75;34.50;24.50;23.75;23.50;23.25;23.25;23.50;30.00;28.25;23.75;23.00;22.50;23.00;23.25;23.25;24.00;23.75;23.25;23.00;22.50]
95287- [24.75;24.25;24.75;26.75;26.25;25.25;24.75;24.00;24.25;24.25;25.25;32.00;33.00;25.25;24.75;24.50;24.25;24.50;25.75;37.50;38.00;26.00;24.75;23.75;24.25;24.25;26.00;38.50;38.75;25.50;24.00;23.25;24.25;24.25;26.00;40.00;38.50;25.25;24.25;23.25;23.50;24.00;25.25;36.50;34.75;24.00;23.50;23.75;23.75;23.50;24.00;30.25;28.00;23.75;23.25;22.75;23.00;23.00;23.50;23.75;24.00;22.50;23.25;22.75]
95772- [24.75;23.75;24.75;25.75;25.50;24.50;24.75;24.00;24.25;24.25;24.75;31.75;32.50;25.25;23.75;24.00;24.25;24.25;25.25;37.00;37.75;25.75;24.25;24.00;24.50;24.25;25.50;38.00;38.25;25.25;24.00;23.50;23.75;24.00;25.75;39.50;38.50;25.00;24.00;23.00;23.50;24.00;24.50;36.25;34.50;24.50;23.25;23.00;23.25;23.25;23.75;29.50;28.25;23.50;23.00;22.00;22.50;22.75;23.50;23.75;23.50;22.50;22.75;22.00]
96257- [24.75;24.00;25.00;25.75;25.75;25.00;24.25;24.25;24.25;24.00;25.00;32.00;32.50;25.25;24.25;24.50;24.00;24.50;25.25;37.00;37.75;25.75;24.25;23.75;23.75;24.00;25.75;38.50;38.50;25.50;23.75;23.25;24.00;24.25;26.00;39.75;38.50;25.75;23.50;23.25;23.50;23.50;25.25;36.50;34.75;24.50;23.25;22.75;23.25;23.50;23.75;30.25;28.25;23.50;22.75;22.25;22.75;22.75;23.00;23.75;23.50;22.50;23.25;22.50]
96742- [24.00;24.25;24.75;25.50;26.50;24.50;24.75;24.25;24.50;24.00;24.75;32.25;32.25;25.25;24.00;24.25;24.50;24.00;25.50;36.75;37.75;25.50;24.50;23.75;24.00;24.25;25.50;38.75;38.25;25.50;24.00;23.00;24.25;24.00;26.25;39.75;38.50;25.00;24.25;23.00;23.75;23.75;25.25;36.50;34.50;24.50;23.00;23.50;23.25;23.00;23.50;29.75;27.50;23.50;22.50;22.00;22.75;23.25;23.25;23.75;23.50;22.75;22.75;22.25]
97227- [25.00;24.25;24.75;26.25;26.25;24.50;24.75;24.25;24.75;24.25;25.25;32.25;32.50;25.50;24.75;24.25;24.25;24.25;26.00;37.25;38.00;26.00;24.50;23.25;24.00;24.25;25.50;38.75;38.50;25.50;24.25;23.50;24.00;24.50;26.25;39.75;38.75;25.50;24.00;23.25;24.00;24.25;25.50;36.50;34.25;24.50;23.50;23.50;23.50;23.25;24.50;30.50;28.25;24.00;22.75;23.00;23.75;23.25;23.25;23.75;24.25;23.50;23.25;22.50]
97712- [24.50;24.25;25.00;26.50;26.25;24.75;25.00;24.50;24.75;24.50;25.25;32.25;32.75;25.25;24.50;24.25;24.25;24.50;25.75;37.25;37.75;26.25;24.25;24.00;24.00;24.25;25.75;39.00;38.75;25.50;24.00;23.25;24.00;24.00;26.25;40.00;38.75;25.75;24.25;23.50;23.75;24.00;26.00;36.75;34.75;24.75;23.25;23.75;23.75;23.75;24.00;30.75;28.50;23.75;22.75;22.25;23.00;23.25;23.25;24.00;23.00;23.00;23.25;22.50]
98197- [24.50;24.25;24.75;25.75;26.50;24.75;24.50;24.25;24.75;24.50;25.00;32.00;32.50;25.50;23.75;24.25;24.25;25.00;25.50;37.25;38.00;26.50;24.00;24.00;24.50;24.00;25.50;39.00;38.75;25.75;24.25;23.75;24.00;24.50;26.25;40.00;39.00;25.75;24.25;23.00;23.50;24.50;25.00;36.75;34.50;24.75;23.75;23.25;24.00;23.50;24.25;30.50;28.50;24.00;22.75;22.50;23.00;23.25;23.75;24.00;23.50;22.50;23.75;22.75]
98682- [25.00;24.50;24.75;26.00;26.25;24.75;25.00;24.50;24.50;24.25;25.00;32.25;32.75;25.75;24.25;24.00;24.00;24.25;25.50;36.75;38.00;25.75;24.75;23.75;24.25;24.25;25.50;38.50;38.50;25.75;24.25;23.50;24.50;24.25;26.50;39.75;38.75;26.00;24.50;23.25;23.75;24.00;25.25;36.75;34.25;24.50;23.25;23.50;23.75;23.50;24.25;30.50;28.25;23.50;23.25;22.25;23.25;22.75;23.50;23.50;23.75;22.50;23.25;23.25]
99167- [24.50;24.00;24.75;26.25;26.50;25.00;25.25;24.25;25.00;24.00;25.25;32.25;32.75;25.75;24.50;24.75;24.25;24.75;25.75;37.25;38.25;26.00;24.75;24.00;24.25;24.25;25.75;39.00;38.50;25.75;24.25;24.00;24.25;24.50;26.50;40.00;38.50;25.50;24.00;23.25;23.75;24.00;25.50;36.50;34.50;25.00;23.25;23.75;23.25;23.00;24.25;30.50;28.75;24.00;23.00;22.50;23.00;23.50;23.50;24.00;23.75;22.75;23.00;22.75]
99652- [24.75;24.75;25.00;26.75;26.25;24.50;25.00;24.25;24.50;24.50;25.75;32.75;33.00;25.50;24.25;24.75;24.25;24.75;25.75;37.25;38.00;26.25;24.75;24.00;24.25;24.25;25.75;39.25;38.50;26.00;24.25;24.00;24.50;24.75;26.50;40.00;38.75;25.75;24.00;23.25;23.75;24.50;25.50;36.75;35.00;24.75;23.50;23.50;23.25;23.25;24.25;29.75;28.50;24.00;23.25;22.25;23.00;23.00;23.50;23.75;23.50;22.75;22.50;23.00]
100137-[25.25;24.50;25.50;26.00;26.75;25.25;25.00;24.50;25.50;24.50;25.25;32.50;33.00;25.50;24.50;24.50;24.50;24.75;26.00;37.50;37.75;25.75;24.75;24.00;24.50;24.50;26.00;39.25;38.75;26.25;24.25;24.00;24.25;24.75;26.50;40.25;38.50;25.75;24.00;23.75;23.75;24.25;25.50;36.75;34.75;24.50;23.50;23.75;23.25;23.50;24.50;30.50;28.50;24.25;23.50;22.25;23.25;23.75;23.50;24.25;23.50;23.00;23.00;22.50]
100622-[25.00;24.50;24.75;26.00;27.00;25.00;24.50;24.75;24.75;24.50;25.00;32.25;33.00;25.50;24.25;24.50;24.75;24.75;25.75;37.50;38.00;26.00;24.75;24.00;24.25;24.00;26.00;39.00;39.00;25.75;24.00;24.00;24.00;24.75;26.00;39.75;39.00;25.75;24.25;22.75;24.00;23.75;25.75;37.00;34.75;24.50;23.75;23.75;23.25;23.50;24.25;30.50;28.75;24.25;23.50;22.25;23.00;23.00;23.75;24.00;23.25;23.75;23.00;22.75]
101107-[25.00;24.00;25.25;26.25;26.75;25.00;25.25;24.50;24.50;24.25;25.25;32.50;32.75;25.50;24.50;24.25;24.25;25.00;26.25;37.50;38.25;26.25;24.75;24.50;24.50;24.00;25.50;39.00;38.75;25.75;24.25;24.00;24.00;24.75;26.25;40.00;39.00;25.75;24.25;23.50;23.75;24.00;25.25;37.00;34.75;24.50;23.75;23.50;24.00;23.25;24.25;30.50;28.50;24.25;23.50;22.75;23.00;23.25;23.50;24.25;24.00;23.50;23.50;23.00]
101592-[25.25;24.25;25.00;26.75;26.00;25.00;25.00;24.50;25.00;24.75;25.75;32.75;33.00;25.25;24.50;25.00;25.00;24.75;25.50;37.75;38.00;26.00;24.50;24.50;24.25;24.50;26.00;39.00;39.00;26.00;24.50;23.75;24.50;24.50;26.50;40.25;39.00;25.75;24.50;23.25;24.00;24.25;25.75;37.00;35.00;24.75;23.75;23.50;23.50;23.75;24.25;30.75;28.75;24.25;23.50;22.75;23.00;23.50;23.50;24.00;23.75;23.50;23.25;22.50]
102077-[24.75;24.25;25.00;26.25;26.50;25.25;25.25;24.50;25.25;24.75;25.50;32.50;33.00;25.75;24.50;24.75;24.75;24.50;26.00;37.50;38.25;26.00;24.75;23.75;24.00;24.00;25.75;39.00;39.00;25.50;24.50;23.50;24.25;24.75;26.25;40.00;38.75;25.75;24.50;23.50;24.00;24.75;25.25;36.50;34.75;25.25;23.50;23.25;23.00;24.00;24.50;30.75;28.50;24.00;23.00;23.00;23.00;23.75;23.50;24.00;24.00;23.00;23.25;23.00]
102562-[25.50;24.25;25.25;26.25;26.50;25.00;25.00;25.25;25.00;24.25;25.50;32.75;32.75;25.50;24.75;24.25;24.75;25.00;26.25;37.50;38.25;26.00;25.00;24.25;24.50;24.50;26.50;39.25;39.25;26.25;24.75;24.50;24.00;24.75;26.75;40.25;39.00;25.75;24.25;23.50;24.25;24.00;26.00;36.75;35.00;25.00;24.25;23.75;24.00;23.75;24.00;30.50;28.50;24.00;23.75;22.75;23.25;23.25;24.00;24.25;24.00;22.50;23.00;23.25]
103047-[25.00;24.75;25.25;26.75;26.50;25.25;25.25;25.25;24.75;25.00;25.50;32.25;33.25;25.50;25.00;24.75;25.00;25.25;26.25;37.50;38.50;26.75;25.00;24.50;24.50;24.75;26.25;39.00;39.00;26.25;24.25;24.00;24.75;24.75;26.75;40.25;39.50;25.75;24.25;24.00;24.25;24.25;25.75;37.25;35.00;25.00;24.25;24.50;23.75;23.75;24.50;30.50;28.75;24.25;24.00;23.00;23.50;23.50;24.00;23.75;24.00;22.75;23.00;23.25]
103532-[25.25;24.75;24.75;26.00;26.50;25.25;25.00;24.75;25.00;24.50;25.25;32.25;33.00;25.75;24.50;24.75;24.25;25.00;26.50;37.50;38.00;26.25;25.00;24.75;24.25;24.25;26.00;39.25;39.00;26.25;24.50;23.50;24.50;25.00;26.75;40.00;39.00;26.00;24.25;23.75;23.75;23.75;25.75;36.75;35.00;25.00;23.25;23.75;23.50;23.25;24.00;30.75;28.75;24.25;23.25;22.00;23.50;24.00;24.00;24.25;24.00;23.00;23.00;23.25]
104017-[24.75;24.50;25.00;26.50;26.25;25.25;25.50;24.75;25.00;24.75;25.25;32.25;33.00;25.75;24.75;24.75;24.75;25.00;25.75;37.75;38.25;26.25;24.25;24.25;24.75;24.50;26.25;39.00;38.75;25.75;24.50;23.75;24.75;25.25;26.75;40.50;39.00;25.75;24.50;23.75;24.00;24.00;25.75;37.25;34.75;25.00;24.00;23.50;24.00;23.75;24.25;30.75;28.75;23.75;23.50;22.50;23.25;23.00;23.75;24.00;24.00;23.00;22.75;23.25]
104502-[25.00;24.25;25.00;26.50;26.75;25.50;25.00;25.00;25.25;24.75;25.50;32.50;32.75;25.50;24.75;25.00;25.00;24.50;26.25;38.00;38.25;26.75;24.50;24.25;24.50;24.50;25.75;39.25;39.00;26.50;24.75;24.00;24.75;25.25;26.75;40.25;39.00;26.25;24.50;24.00;24.00;24.25;26.00;36.75;35.25;24.75;24.00;23.75;23.75;24.00;24.50;30.75;28.50;24.50;23.25;23.00;23.25;22.75;23.75;23.25;24.50;23.25;23.50;23.25]
104987-[25.25;24.25;25.75;26.00;26.75;25.50;25.00;25.00;25.00;25.00;25.75;32.50;33.00;26.00;25.25;25.00;25.00;25.25;26.75;38.00;38.25;26.50;25.00;24.25;24.00;24.75;26.75;39.25;39.25;26.25;25.00;24.00;24.50;24.75;27.00;40.25;39.25;26.25;24.75;24.50;24.25;24.75;25.75;37.25;35.00;25.00;24.25;23.75;23.50;23.25;24.75;30.25;28.50;24.75;23.50;22.50;23.50;23.75;24.00;24.25;24.25;23.25;23.50;23.50]
105472-[25.00;24.50;25.00;26.50;26.50;25.50;25.50;25.00;24.75;24.75;25.50;32.75;33.00;26.00;25.00;25.00;25.25;25.25;26.50;38.00;38.25;26.75;25.00;24.50;24.75;24.75;26.25;39.25;39.00;26.00;24.75;24.00;24.75;25.00;26.50;40.50;39.25;26.25;24.50;24.00;24.00;24.50;25.50;37.00;35.00;25.00;24.25;23.50;23.25;23.75;24.25;30.50;28.50;24.25;23.25;23.00;23.25;23.50;23.50;24.00;24.00;23.00;23.00;23.50]
105957-[25.50;24.25;25.25;27.00;26.50;25.25;25.00;25.00;25.00;25.25;26.00;32.50;33.00;26.00;25.00;25.00;24.75;25.00;26.25;38.00;38.50;26.75;25.75;24.25;24.50;24.50;26.50;39.25;39.25;26.25;24.75;24.50;24.75;24.75;26.75;40.25;39.00;26.25;25.00;24.00;24.50;24.75;26.00;37.25;35.25;24.75;24.00;23.75;23.75;23.75;24.50;31.00;28.50;24.00;23.50;23.00;23.00;24.00;24.00;24.25;24.25;23.50;23.75;23.75]
106442-[25.25;24.75;25.50;26.25;26.25;25.25;25.50;25.00;25.25;25.25;26.00;32.50;33.25;26.25;25.00;25.50;24.50;25.00;26.25;37.75;38.50;26.50;25.00;24.75;24.50;24.25;26.50;39.00;39.00;26.50;24.75;24.25;24.25;24.50;26.75;40.25;39.25;26.00;24.75;23.50;24.50;24.25;25.75;37.00;35.00;25.25;24.25;23.75;23.75;23.75;24.00;30.75;29.00;23.75;23.50;23.00;23.75;23.75;23.75;24.25;24.25;23.50;23.50;23.00]
106927-[24.75;24.50;25.00;26.25;26.25;24.75;25.00;25.00;25.00;24.75;25.75;32.50;33.00;25.25;24.75;24.50;25.00;25.00;26.00;37.50;38.25;26.50;24.75;24.50;24.75;24.50;26.25;39.25;39.00;26.25;24.50;24.00;24.50;25.25;26.75;40.25;39.25;26.00;24.25;24.00;24.25;24.50;25.25;37.00;35.00;24.75;23.50;23.50;24.00;23.50;24.75;30.75;28.75;24.25;23.50;23.00;23.25;23.50;23.75;24.50;24.50;23.00;23.75;23.50]
107412-[25.25;24.50;25.25;26.25;26.50;25.50;25.25;24.50;24.50;25.00;25.50;32.25;33.00;25.50;24.75;25.00;24.50;24.75;26.25;37.75;38.00;26.00;25.00;24.50;24.50;25.00;26.25;39.00;39.00;26.25;24.25;24.25;24.25;24.75;26.25;40.00;39.00;25.75;24.50;23.50;24.00;24.25;25.50;36.75;34.75;24.50;23.75;23.50;23.75;23.50;24.25;30.75;28.25;24.00;24.00;22.75;23.75;23.75;24.00;24.00;24.25;23.00;23.25;23.75]
107897-[25.00;24.25;24.50;26.50;26.50;24.75;25.00;24.50;25.00;24.50;25.50;32.50;33.25;26.00;25.00;24.50;24.50;24.75;26.00;37.25;38.25;26.25;24.75;24.25;24.50;24.25;25.75;39.00;39.00;26.00;24.50;23.75;24.50;24.50;26.25;40.00;39.00;26.00;24.50;23.25;23.75;24.00;25.75;37.25;34.75;24.75;23.75;24.00;23.75;23.50;24.00;30.75;28.25;24.25;22.75;22.50;24.00;23.75;24.00;24.25;24.00;23.00;23.00;22.75]
108382-[25.00;24.75;25.00;26.00;26.25;24.50;25.00;25.00;24.50;24.25;25.50;32.50;32.75;25.25;24.50;24.75;24.25;24.50;26.00;37.25;38.00;26.00;24.75;24.00;24.25;24.00;26.00;38.75;39.00;25.75;24.50;23.25;24.00;24.50;26.50;40.25;39.00;25.75;23.75;23.50;23.50;24.25;25.25;36.50;34.50;24.75;23.50;24.00;23.50;23.25;24.50;30.50;28.25;24.00;23.25;22.75;23.75;23.75;23.50;24.25;24.00;23.25;23.75;23.00]
108867-[24.75;24.00;25.00;26.00;26.00;25.00;25.25;24.50;24.75;24.25;25.50;32.00;32.75;25.25;24.75;24.25;24.75;24.50;25.75;37.50;38.00;25.75;24.75;24.50;24.50;24.25;26.00;38.50;38.75;26.00;24.25;23.75;24.25;24.25;26.25;40.00;39.00;25.75;24.50;23.50;24.00;24.25;25.25;36.75;34.75;25.00;23.50;24.00;23.50;23.50;24.00;30.75;28.50;24.00;23.25;22.75;23.25;23.75;23.50;24.25;24.00;23.00;23.25;23.00]
109352-[25.00;24.00;24.75;26.50;26.25;24.75;24.75;24.50;24.50;24.50;25.25;32.25;32.75;26.00;24.50;24.50;24.75;24.75;26.00;37.25;38.25;26.25;25.00;24.50;24.00;24.25;26.00;38.75;39.00;26.00;23.75;24.00;24.25;24.50;26.00;40.00;38.75;26.00;24.75;23.50;23.75;24.00;25.50;36.75;35.00;24.75;23.50;24.25;24.00;23.50;24.25;30.50;28.50;23.75;22.75;22.25;23.50;23.50;23.75;24.25;24.00;23.00;23.00;22.75]
109837-[25.25;24.25;24.75;25.75;26.25;24.75;24.75;25.00;24.75;24.75;25.00;32.25;32.75;25.50;24.50;24.50;24.75;25.00;26.00;37.25;38.25;26.00;24.75;24.50;24.25;24.00;25.75;39.00;38.50;25.75;24.75;24.00;24.50;24.75;26.25;40.00;39.00;25.75;24.00;23.75;24.25;24.00;25.25;36.50;34.75;24.50;23.75;23.75;24.00;23.75;24.25;30.25;29.00;23.75;23.75;23.00;23.00;23.50;23.25;24.50;24.00;23.25;23.00;22.75]
110322-[24.50;24.25;24.75;26.50;26.25;24.75;25.00;24.75;25.00;25.00;25.50;32.00;33.00;25.50;24.75;24.75;24.50;24.50;26.00;37.25;37.75;26.00;24.75;24.00;24.25;24.00;26.00;39.00;38.75;25.75;24.25;24.00;24.50;24.75;26.25;40.00;39.00;25.75;24.25;23.00;24.00;24.00;25.75;37.00;34.75;24.75;23.75;23.50;23.25;23.75;24.00;30.50;28.50;24.25;23.25;22.75;23.00;23.50;23.75;24.25;24.25;22.75;23.00;22.75]
110807-[24.50;24.00;24.75;26.25;26.25;24.75;25.25;24.50;25.00;24.25;25.00;32.00;32.50;25.50;24.75;24.25;24.25;24.75;25.50;37.50;37.75;26.00;24.75;24.25;24.25;24.25;25.75;39.00;38.75;26.00;24.25;24.00;24.25;24.50;26.25;40.00;39.25;25.75;24.00;23.25;23.75;24.25;25.00;36.50;34.75;24.50;23.75;23.50;24.00;23.75;24.25;30.50;28.25;23.75;22.75;22.50;23.25;23.75;23.75;24.00;24.25;23.00;23.00;23.50]
111292-[24.75;23.75;24.75;26.00;25.75;24.75;24.50;24.25;24.75;24.25;25.75;32.25;33.00;25.75;24.50;25.00;24.75;24.50;26.00;37.50;38.00;26.00;25.00;24.00;24.25;24.50;26.00;39.25;39.00;25.75;24.00;23.75;24.50;24.50;26.25;40.25;38.50;25.75;24.25;23.50;23.75;24.25;25.25;36.50;34.50;25.00;23.50;23.75;23.75;23.50;24.00;30.25;28.25;24.00;23.75;22.50;23.50;23.75;23.25;24.00;23.50;22.75;22.75;23.25]
111777-[25.25;23.75;25.00;26.50;26.50;24.75;25.00;25.00;24.50;24.50;25.25;32.25;32.25;25.50;24.50;24.50;24.00;24.50;25.75;37.75;37.75;26.00;24.50;24.25;24.50;24.50;26.25;39.00;38.75;26.25;24.25;23.75;24.50;24.75;26.00;39.50;39.00;25.75;24.25;23.50;23.50;24.00;25.00;36.50;34.50;25.00;23.50;23.50;23.75;23.50;24.25;30.50;28.25;23.75;23.25;22.50;23.25;23.50;23.75;24.25;24.25;22.75;23.00;22.75]
112262-[24.75;24.75;24.75;26.50;26.50;25.25;25.25;24.75;25.00;24.25;26.00;32.50;33.00;25.50;24.75;24.50;25.25;24.75;26.25;37.75;38.25;26.00;24.75;24.00;24.50;24.25;26.25;39.00;38.75;26.00;24.50;24.00;24.75;24.75;26.75;40.00;39.25;26.25;24.50;24.00;24.50;24.00;25.50;36.50;35.25;25.25;24.25;23.50;24.25;23.75;24.00;30.75;28.25;24.25;23.50;23.25;23.50;23.50;23.75;24.50;24.25;23.50;23.00;23.50]
112747-[25.00;24.50;25.50;26.75;27.00;25.25;25.25;25.50;24.75;25.00;25.75;32.75;33.25;25.50;25.00;24.50;25.00;25.25;26.00;37.50;38.25;26.00;25.25;24.50;24.50;24.50;26.00;39.25;39.00;26.00;24.75;23.75;24.25;24.50;26.25;40.00;39.00;25.75;24.50;23.50;24.00;24.75;25.75;37.00;35.00;24.75;23.75;23.50;23.75;24.00;24.50;30.50;28.50;24.50;22.75;22.75;23.50;23.50;24.25;24.50;24.25;23.00;23.25;23.25]
113232-[25.00;25.00;24.75;26.25;26.50;25.00;25.25;24.75;24.50;25.00;25.50;32.50;33.00;25.50;24.75;25.00;25.00;24.75;26.00;37.50;38.00;26.25;25.25;24.75;24.50;24.25;26.25;39.25;39.00;25.75;24.25;24.25;24.50;25.00;26.50;40.25;39.00;26.00;24.50;23.75;24.25;24.50;25.50;36.75;35.00;24.75;23.75;24.00;24.25;23.75;24.50;30.50;29.00;24.25;24.00;23.25;23.25;23.75;24.25;23.75;24.25;23.00;23.25;23.25]
113717-[25.25;24.50;25.00;26.25;26.50;25.25;25.25;25.00;25.25;25.25;25.75;32.50;33.25;26.00;24.75;25.00;25.00;24.75;26.25;37.50;38.25;26.50;25.25;24.50;24.50;25.00;26.25;39.50;39.25;26.25;24.50;24.00;24.25;25.00;26.75;40.75;38.75;26.25;24.75;23.75;24.00;24.50;25.50;37.00;35.25;24.75;23.75;24.00;23.75;24.00;24.75;30.75;28.50;24.00;23.75;23.00;23.50;24.00;24.00;24.50;24.25;23.25;23.75;23.75]
114202-[25.50;24.75;25.25;26.25;26.50;25.00;25.75;25.00;25.50;25.25;26.00;33.25;33.50;26.00;24.75;25.25;25.00;25.25;26.50;37.75;38.25;25.75;25.00;24.25;24.50;24.75;26.25;39.25;39.00;26.75;24.75;24.50;24.50;24.75;27.00;40.00;39.00;26.25;24.50;23.75;24.25;24.25;26.25;36.75;35.00;24.75;24.00;23.50;24.00;23.75;24.25;30.75;28.50;24.25;23.75;23.00;24.00;23.75;24.00;24.00;24.75;23.25;23.50;23.00]
114687-[25.25;24.50;25.25;26.75;26.50;25.25;25.25;24.75;24.75;24.75;25.25;32.50;33.25;26.00;24.75;24.75;24.50;24.75;26.50;37.50;38.50;26.00;25.25;24.50;25.00;24.50;26.50;39.00;39.25;26.25;24.50;24.25;24.75;24.75;26.50;40.50;39.25;26.25;24.75;23.75;24.00;24.75;25.75;36.75;35.25;25.00;24.00;24.25;23.75;23.50;24.25;31.00;28.75;24.50;23.50;23.50;23.50;23.25;24.00;24.00;24.50;23.25;23.75;22.50]
115172-[25.50;24.50;25.00;26.75;26.50;25.00;25.25;24.75;25.25;24.25;25.50;32.75;33.50;25.75;24.75;24.50;25.25;25.00;26.50;37.50;38.25;26.50;25.00;24.25;24.75;24.50;26.25;39.25;39.25;26.50;24.75;24.25;24.50;24.75;26.50;40.00;39.00;26.00;25.00;23.75;24.25;24.25;25.75;37.00;35.25;25.00;24.00;24.00;23.50;23.50;24.50;30.75;28.75;24.25;23.25;22.75;23.75;24.00;23.75;24.25;24.00;23.75;23.75;23.50]
115657-[25.50;24.50;25.25;26.50;26.75;25.75;25.25;25.75;25.25;25.00;25.75;32.75;33.50;25.75;24.50;25.25;25.25;25.00;26.00;37.75;38.25;26.25;25.00;24.50;24.50;24.75;26.50;39.00;39.25;26.50;25.00;24.25;24.50;24.50;26.75;40.25;39.00;26.00;24.75;23.50;24.00;24.25;25.75;37.25;35.25;25.00;24.25;24.00;23.75;24.00;24.00;30.75;28.25;24.50;23.50;23.00;23.25;23.50;23.50;24.25;24.75;23.50;23.75;23.25]
116142-[25.50;24.50;25.50;26.50;27.00;25.50;25.25;24.75;25.00;25.25;26.00;33.00;33.25;26.00;25.00;25.25;25.25;25.00;26.25;37.75;38.50;26.50;25.75;24.50;24.75;25.00;26.00;39.25;39.00;26.25;24.75;24.25;25.00;25.00;27.00;40.50;39.00;26.25;24.75;23.50;24.25;25.25;26.00;37.00;35.00;25.25;24.00;24.25;23.50;24.00;24.50;30.75;28.75;25.00;24.00;23.25;24.00;23.50;23.75;24.00;24.25;23.50;23.25;23.25]
116627-[25.00;24.75;25.50;26.50;27.00;25.50;25.50;25.00;25.25;25.00;25.75;33.00;33.25;25.75;25.00;25.25;25.00;25.00;26.00;38.00;38.75;26.25;25.25;24.75;24.75;24.75;26.50;38.75;39.25;26.75;25.25;24.25;24.75;25.00;27.00;40.50;39.25;26.75;24.50;24.00;24.25;24.25;25.75;37.25;35.00;25.25;24.00;24.00;24.00;23.50;24.50;31.00;28.75;24.50;24.00;23.50;23.50;23.75;23.75;24.50;24.00;23.50;23.25;23.75]
117112-[25.25;24.75;25.25;26.50;26.75;25.00;25.25;25.00;25.25;24.75;26.00;32.75;33.25;25.50;24.75;25.25;24.75;25.25;26.75;37.75;38.75;26.75;24.50;24.25;24.75;24.50;26.25;39.00;39.25;26.25;24.50;24.25;24.50;24.50;26.75;40.25;39.25;26.00;24.75;23.75;24.00;24.50;25.50;37.00;35.00;25.00;23.75;24.00;23.50;24.00;24.25;31.00;28.50;24.25;23.75;22.75;23.00;23.75;23.75;24.25;24.50;23.50;23.75;22.75]
117597-[25.25;25.00;25.50;26.50;26.75;25.50;25.75;25.25;24.75;24.75;26.00;33.25;33.50;26.25;25.50;25.25;24.75;25.50;26.50;37.25;38.25;26.50;25.25;24.50;25.25;24.50;26.25;39.25;39.00;26.00;25.00;24.00;24.75;25.25;26.75;40.25;39.50;26.25;25.00;23.75;24.25;24.25;26.25;36.75;35.00;25.25;23.75;23.75;24.50;24.00;24.50;30.75;28.75;24.25;23.50;23.50;23.25;23.50;24.00;24.50;24.00;23.25;23.25;23.25]
118082-[25.25;25.25;25.50;26.75;26.75;25.25;25.50;25.00;25.00;24.75;25.75;32.75;33.00;26.00;25.25;24.75;25.25;25.00;26.25;37.75;38.50;26.50;24.75;24.50;24.50;25.00;26.50;39.25;39.25;26.50;24.50;24.00;24.50;25.00;27.00;40.75;39.25;26.25;24.75;24.00;24.25;24.50;26.00;37.50;35.00;25.00;24.25;23.75;24.00;24.25;24.00;31.00;29.00;24.25;23.25;23.50;23.50;23.50;24.00;24.00;24.25;23.50;23.50;23.00]
118567-[25.25;24.75;24.75;26.50;26.00;25.50;24.75;24.75;24.50;24.75;25.50;32.75;33.25;26.00;24.75;24.75;24.50;24.75;26.25;38.00;37.75;26.50;24.75;24.25;24.25;24.75;26.50;39.00;39.25;26.00;24.50;24.50;24.50;24.50;26.50;40.50;39.00;25.75;24.50;24.00;23.75;24.00;25.50;36.75;34.75;25.00;24.00;23.75;23.75;23.50;24.25;30.75;28.50;24.25;23.75;22.75;22.75;23.25;23.50;24.00;24.25;23.00;23.25;23.25]
119052-[25.00;24.25;25.25;26.50;26.75;25.25;25.25;24.50;24.50;24.50;25.50;32.50;33.00;25.50;24.50;25.00;24.25;24.50;26.00;37.25;38.00;26.25;24.75;24.50;24.50;25.00;25.75;39.25;39.00;26.25;24.25;24.00;24.25;24.75;26.25;39.75;38.75;26.25;24.50;23.50;23.75;24.75;25.50;37.00;34.75;24.50;23.75;23.50;23.00;23.50;24.50;30.25;28.75;23.75;23.50;22.50;23.50;23.50;23.75;24.00;24.00;22.75;24.00;23.00]
119537-[24.25;24.50;25.00;26.25;26.25;24.75;25.00;24.75;24.50;24.75;25.25;32.25;32.75;25.25;24.50;24.50;24.50;25.25;25.50;37.50;37.75;25.75;24.75;24.00;24.25;24.50;25.50;39.25;38.50;26.25;24.25;23.75;24.50;24.75;26.50;40.00;38.75;25.50;24.25;24.00;24.25;24.00;25.25;36.50;34.75;24.75;23.75;23.75;23.50;23.75;24.25;30.00;28.25;23.75;23.25;22.75;24.00;23.00;23.75;23.75;23.50;22.75;23.25;22.75]
120022-[25.25;24.50;24.75;26.25;26.50;25.00;24.25;24.50;25.00;25.00;25.75;32.75;33.00;25.75;24.75;25.00;24.50;24.75;26.25;37.75;38.00;26.50;24.75;24.50;24.25;24.75;26.50;39.00;39.25;26.00;24.75;24.00;24.25;24.75;26.00;40.25;39.25;26.00;24.50;23.25;23.75;24.25;25.50;37.00;34.75;25.00;23.50;24.00;23.25;23.50;24.75;30.75;28.75;24.00;23.50;22.50;24.00;23.50;23.50;24.00;23.75;23.25;23.00;23.25]
120507-[25.00;24.75;25.00;26.50;26.50;25.50;25.00;24.75;24.75;24.75;25.75;32.75;32.75;25.75;25.00;24.75;24.75;24.75;26.25;37.25;38.00;26.25;24.50;23.75;24.25;24.50;26.00;39.25;39.00;26.00;24.50;23.75;24.25;24.75;26.25;40.25;39.00;26.00;24.25;23.75;23.50;24.50;25.50;37.25;34.50;25.00;23.50;24.00;23.75;23.50;24.25;30.75;28.25;23.75;23.75;22.25;23.50;23.75;24.00;24.50;24.00;23.50;23.50;23.00]
120992-[24.75;24.25;24.75;26.50;26.75;24.75;25.50;24.50;24.75;24.75;25.50;32.50;33.25;25.50;24.25;25.00;24.75;24.75;25.75;37.50;38.00;26.25;25.25;24.25;24.75;24.50;26.00;39.50;38.75;25.75;24.50;24.50;24.50;24.75;26.00;39.75;39.00;26.25;24.25;23.75;23.75;24.50;25.75;36.50;35.00;24.25;23.50;23.25;23.25;23.75;24.75;30.75;28.50;23.75;23.50;23.00;23.75;23.50;24.50;24.25;23.75;23.25;23.50;23.00]
121477-[25.50;24.75;25.25;26.75;26.75;25.50;25.50;24.50;24.75;24.25;25.00;33.00;33.25;26.25;24.75;25.00;24.75;25.00;26.00;37.75;38.25;26.25;25.25;24.25;24.25;25.00;26.00;39.00;39.25;26.00;24.50;24.00;24.50;24.75;26.75;40.00;39.00;25.75;24.75;23.50;24.00;24.25;25.75;37.00;35.00;25.25;24.00;23.75;23.75;23.25;24.50;31.00;28.50;24.50;23.50;22.75;23.75;23.50;23.75;23.75;24.00;23.00;23.25;23.00]
121962-[25.25;24.75;25.25;26.25;26.25;25.25;25.00;24.25;25.25;25.00;25.50;32.75;33.50;25.50;24.75;24.75;24.75;25.00;26.00;37.50;38.25;26.75;25.25;24.50;24.25;24.50;26.00;39.25;39.00;26.25;24.75;23.75;24.75;25.00;26.75;40.50;39.00;26.00;24.75;24.00;24.25;24.25;26.00;37.00;35.00;24.75;24.00;23.50;24.00;24.25;23.75;31.00;28.50;24.00;23.50;23.25;23.50;23.50;24.00;24.25;24.25;23.25;23.25;23.75]
122447-[24.75;25.25;24.75;26.75;27.00;25.25;25.25;24.50;25.25;24.75;26.00;32.75;33.25;26.00;24.75;25.00;25.25;25.25;26.25;37.50;38.00;26.25;25.25;24.25;24.50;24.75;26.25;39.25;39.25;26.25;24.75;23.75;24.50;25.25;26.75;40.25;39.25;26.00;24.00;24.00;24.25;24.25;25.50;36.75;35.25;25.00;24.25;24.00;24.25;23.75;24.25;30.50;28.50;24.25;23.75;22.50;24.00;23.50;23.75;24.00;24.25;22.75;23.50;23.00]
122932-[25.25;24.75;25.00;26.50;26.50;25.25;25.00;25.00;25.00;24.75;25.50;32.50;33.25;25.75;25.00;25.25;24.50;25.00;26.00;38.00;38.00;26.25;25.00;24.25;24.75;24.50;26.50;39.25;39.00;26.00;24.75;24.00;24.25;24.50;26.75;40.25;39.25;25.75;24.50;23.75;24.75;24.00;25.75;37.00;35.00;25.00;24.00;24.25;23.25;23.50;24.25;30.75;28.25;23.75;23.50;23.25;24.25;23.50;24.00;24.25;24.75;23.25;23.25;23.25]
123417-[25.25;24.50;25.25;26.75;26.75;25.25;25.25;25.25;25.00;25.00;25.25;32.50;33.25;26.00;24.50;25.00;24.75;24.75;26.25;37.50;38.50;26.25;24.75;24.75;25.00;25.00;26.25;39.25;39.50;26.25;24.50;24.00;24.50;24.25;26.75;40.00;39.25;25.75;24.50;23.75;24.75;24.00;25.75;37.25;35.00;25.25;24.25;24.00;23.75;23.75;24.75;30.75;28.75;24.50;23.25;22.75;23.50;23.75;24.00;24.25;23.75;23.00;23.25;23.00]
123902-[25.50;24.50;25.50;26.75;26.50;26.00;25.25;25.00;24.75;24.75;25.50;32.75;33.50;25.75;24.75;24.75;24.75;25.00;26.25;38.00;38.50;26.25;25.00;24.75;25.25;24.75;26.00;39.50;38.75;26.00;24.75;24.75;25.00;25.00;26.50;40.50;39.25;26.00;24.25;24.00;24.00;24.75;25.50;37.25;34.50;25.25;23.75;24.00;23.75;23.75;24.75;31.00;28.75;24.50;23.25;23.00;23.50;23.75;23.75;24.50;24.25;23.50;23.50;23.25]
124387-[25.00;24.25;25.00;27.00;26.75;25.50;25.25;25.50;25.25;24.75;25.50;33.00;33.25;26.00;24.50;24.75;25.00;25.25;26.50;37.50;38.25;26.25;25.50;24.25;25.00;24.50;26.50;39.00;39.00;26.00;25.00;23.75;24.75;25.25;26.75;40.25;39.25;26.25;25.00;24.25;24.25;24.75;25.75;37.25;35.00;25.00;23.75;23.50;24.00;24.00;24.25;30.75;28.50;24.00;23.50;23.00;23.25;23.50;24.50;24.25;24.00;23.25;23.50;23.25]
124872-[25.25;24.50;25.00;26.50;26.75;25.25;25.25;25.25;24.75;25.00;25.25;32.75;33.25;26.00;24.75;24.75;25.00;24.75;26.25;37.75;38.25;26.50;24.50;24.25;24.75;24.50;26.25;39.25;39.25;26.25;24.75;24.00;24.25;25.00;26.50;40.25;39.00;26.25;24.50;23.25;24.50;25.00;26.00;37.00;34.75;25.25;24.25;24.00;23.50;23.75;24.25;30.75;29.00;24.25;24.00;22.75;23.25;23.75;23.50;24.00;24.25;23.25;23.00;23.00]
125357-[25.00;24.25;25.00;26.50;26.50;25.00;25.25;24.75;25.25;25.25;26.00;32.25;33.00;26.00;24.75;24.25;25.00;24.75;26.25;37.75;38.25;26.75;25.25;24.25;24.75;24.25;26.25;39.00;39.00;26.50;24.50;23.75;24.25;24.75;26.75;40.00;39.00;26.00;24.50;24.00;24.25;24.50;26.00;37.25;34.75;25.00;24.25;23.75;24.25;24.00;24.50;30.75;28.75;23.75;23.75;23.00;23.75;23.50;24.00;24.25;23.75;23.50;23.75;23.50]
125842-[25.00;24.75;25.25;26.50;26.00;25.00;25.50;24.75;25.00;24.75;25.75;32.50;33.00;25.75;24.25;24.75;24.50;25.00;26.00;37.25;38.00;26.25;24.75;24.00;24.75;24.00;26.25;39.00;39.00;26.00;24.25;24.00;24.25;24.75;26.75;40.00;38.75;25.25;24.75;23.50;23.75;23.75;25.50;36.75;34.75;24.50;24.00;23.50;24.00;23.25;24.00;30.50;28.25;24.00;23.25;22.50;23.50;23.75;24.00;24.25;24.00;22.75;23.50;23.00]
126327-[25.00;24.25;25.00;26.25;26.50;25.25;25.50;24.75;24.50;24.25;25.50;32.25;33.25;25.50;24.50;24.50;25.00;25.00;26.25;37.50;37.75;26.25;25.00;24.25;24.25;24.25;26.00;39.00;38.75;25.75;24.25;23.75;24.50;24.50;26.25;40.00;39.25;25.75;24.25;23.75;24.25;24.00;25.50;36.75;34.75;24.50;23.50;23.75;23.50;23.50;24.75;30.25;28.25;24.00;22.75;22.50;23.50;23.50;23.50;24.00;23.75;23.00;23.25;23.25]
126812-[25.00;23.75;24.75;26.25;26.00;24.75;24.75;24.50;24.75;24.50;25.25;32.25;32.75;25.50;24.50;24.25;24.50;24.50;25.75;37.25;38.00;26.25;25.00;24.25;23.75;24.25;26.00;38.75;38.50;25.75;24.25;24.00;24.25;24.50;26.25;40.50;39.00;25.75;24.25;23.50;24.00;24.00;25.50;37.00;34.75;24.50;23.50;23.50;23.50;23.25;24.50;30.50;28.50;24.00;23.50;22.50;23.00;23.25;23.50;24.25;23.75;23.00;23.00;22.50]
127297-[25.25;24.75;25.00;26.50;26.25;25.25;25.25;24.75;24.75;25.00;25.75;32.25;32.75;25.75;24.75;24.75;24.50;25.00;26.25;37.25;37.75;26.25;24.75;24.00;24.50;24.50;26.25;39.00;39.00;26.00;24.75;24.00;24.00;24.75;26.50;40.00;38.75;26.00;24.25;23.75;24.25;24.50;25.75;36.75;34.75;24.75;23.50;23.25;24.50;23.25;24.25;30.75;28.50;24.25;24.00;22.75;24.00;23.50;24.50;24.00;23.75;23.00;23.50;23.00]
127782-[24.50;24.25;25.50;26.50;26.50;24.50;24.75;24.50;24.75;25.00;25.50;32.25;32.75;26.00;24.50;24.25;24.75;25.00;26.00;37.50;37.75;26.50;25.00;23.75;24.25;24.75;26.50;39.00;39.00;26.00;24.25;24.25;24.50;24.75;26.50;40.25;39.00;25.75;24.25;23.50;24.00;24.25;25.50;37.00;34.75;25.00;23.50;23.50;23.75;23.75;24.25;30.50;28.00;24.50;23.25;22.50;23.25;23.50;24.00;24.25;24.00;22.75;23.00;23.00]
128267-[24.75;24.50;25.25;26.50;26.50;25.25;25.00;25.25;25.00;24.75;25.50;32.50;33.00;25.75;24.75;24.50;25.00;25.00;26.50;37.75;38.25;26.50;25.00;24.25;24.50;24.25;26.00;39.00;39.00;25.75;24.50;24.00;24.75;24.75;26.50;39.75;38.75;25.75;24.25;23.75;24.00;24.50;25.75;37.25;35.00;25.00;23.75;23.50;24.00;23.75;24.50;30.50;28.25;24.00;23.75;22.50;23.00;23.25;23.50;23.75;24.00;23.25;23.50;22.50]
128752-[25.00;24.25;25.25;26.25;26.50;25.75;25.50;25.00;25.00;25.00;25.00;32.25;33.00;26.00;24.75;24.75;24.75;25.00;26.00;37.50;37.75;26.25;25.00;23.75;24.25;24.25;26.00;39.00;38.50;26.25;24.75;23.75;24.00;24.75;26.75;40.00;38.75;26.00;24.50;23.25;24.25;24.25;25.75;36.75;35.25;24.75;24.00;24.00;23.75;23.50;24.25;30.50;28.75;24.00;23.50;23.00;23.50;23.25;23.75;24.25;24.00;22.75;23.25;23.00]
129237-[25.00;24.50;25.50;26.75;26.50;25.25;25.00;24.25;25.00;24.50;25.50;32.50;33.00;25.50;24.75;24.75;24.75;25.00;25.75;37.75;38.25;26.25;25.25;24.50;24.50;24.75;26.50;39.00;39.25;26.50;24.50;24.00;24.75;24.75;26.25;40.25;39.00;25.75;24.25;23.50;23.75;24.00;25.50;36.75;34.75;24.75;23.50;23.50;24.00;23.50;24.25;31.00;28.25;24.25;23.25;22.75;23.50;23.50;23.50;23.75;24.25;23.00;23.50;23.25]
129722-[25.00;24.25;25.00;26.50;26.75;25.25;25.00;24.50;24.75;25.00;25.50;32.75;32.75;25.75;25.00;24.75;24.50;24.75;26.25;37.75;38.00;26.50;24.25;24.50;24.25;24.50;26.00;39.00;39.25;26.25;24.25;23.50;24.50;25.00;27.25;40.25;39.00;25.75;24.75;23.50;24.00;24.50;25.75;36.75;35.00;24.75;23.50;23.50;23.75;23.50;24.50;30.50;28.50;24.25;23.25;22.75;23.00;23.50;24.25;24.00;24.25;22.75;23.50;22.75]
130207-[25.00;24.50;25.25;26.50;26.50;25.50;25.25;24.50;25.00;25.00;25.50;32.25;32.75;25.75;25.00;24.50;24.75;25.00;25.50;37.50;37.75;26.25;24.75;24.25;24.25;24.50;26.25;39.00;38.75;26.25;24.50;24.00;24.25;25.00;26.75;40.25;38.75;26.00;24.75;24.00;24.25;24.25;25.50;37.00;34.50;25.25;23.75;24.00;24.00;23.25;24.25;30.75;28.25;24.00;23.50;23.00;22.75;23.25;23.75;24.25;24.00;23.25;22.75;23.00]
130692-[25.25;24.75;25.00;26.25;26.25;25.00;25.25;25.00;24.75;25.00;25.75;32.25;33.00;25.75;24.75;25.00;25.00;24.50;25.75;37.50;37.75;26.25;25.00;24.25;24.50;24.75;26.25;39.25;38.75;26.25;24.50;24.50;24.50;24.75;26.50;40.00;38.75;25.75;24.75;23.75;24.50;24.50;25.75;37.00;34.50;24.75;23.75;23.75;23.50;24.00;24.00;30.50;28.75;24.25;23.25;22.75;23.50;24.00;24.00;23.75;24.25;23.25;23.50;23.00]
131177-[25.00;24.50;25.25;26.50;26.25;24.75;25.25;25.50;24.75;24.75;25.25;32.50;33.00;25.50;24.75;24.75;24.75;24.75;26.00;37.50;38.00;26.00;24.75;24.25;24.25;24.50;26.25;39.25;38.75;26.25;24.50;24.25;24.50;24.75;26.50;40.
