VidroLiquidopreto300mm
227-   [24.75;24.00;24.75;25.25;25.00;24.50;24.50;24.75;24.50;24.75;24.50;26.75;26.75;24.25;24.25;24.25;24.50;24.75;25.25;31.50;31.25;24.75;24.50;23.75;24.25;24.25;25.75;36.00;34.50;25.00;24.50;23.50;24.75;24.75;25.50;37.50;34.25;25.00;24.50;23.50;23.75;24.25;24.50;33.00;29.25;24.25;23.75;23.50;24.00;24.00;24.00;25.00;24.50;23.75;23.00;23.00;23.00;23.00;23.50;23.50;23.75;23.00;23.00;23.00]
712-   [24.00;24.00;24.25;25.00;25.25;24.00;24.50;24.50;24.75;24.25;24.75;26.25;26.25;24.75;24.25;24.00;24.50;25.00;25.25;31.50;31.00;25.25;24.25;24.25;24.50;24.25;25.25;36.00;34.25;25.00;24.50;23.50;24.50;24.50;25.50;37.50;34.25;25.00;24.00;23.25;24.25;24.25;25.25;32.75;29.50;24.25;23.25;24.00;23.50;23.25;23.75;24.75;24.50;24.00;23.25;22.50;24.00;23.25;23.50;23.50;23.50;22.50;23.25;23.25]
1197-  [24.50;23.50;24.50;25.00;25.00;24.25;24.75;24.00;24.50;24.25;24.50;26.50;26.00;24.50;24.00;24.00;24.25;24.50;24.75;31.50;31.25;24.75;24.25;24.00;24.00;24.00;25.25;35.50;34.25;24.75;23.75;23.50;24.00;24.50;25.50;37.25;34.00;24.75;24.00;23.25;23.75;24.00;24.75;32.75;29.50;24.00;23.25;23.50;23.00;23.50;23.25;24.75;24.00;23.25;23.00;22.50;23.25;23.25;23.25;23.25;23.25;22.25;22.75;22.50]
1682-  [24.25;23.75;24.50;25.00;25.25;24.25;24.50;24.25;24.50;24.00;24.25;26.25;26.25;24.50;24.25;24.25;24.25;24.75;25.00;31.50;31.00;24.75;24.50;23.50;24.00;24.50;25.00;36.00;34.00;25.00;24.25;23.50;24.25;24.50;26.00;37.50;34.25;24.25;24.00;23.25;24.00;23.50;24.75;32.75;29.50;24.00;23.75;23.00;23.25;23.50;24.00;24.50;24.25;23.50;22.75;22.25;22.75;23.00;23.00;23.25;23.25;22.75;22.50;22.50]
2167-  [24.25;24.00;24.00;24.50;24.75;24.00;24.50;24.25;24.50;24.25;24.75;26.50;26.25;24.25;24.00;24.50;24.00;24.00;25.00;31.25;31.00;24.75;24.25;23.25;24.25;24.25;25.25;35.75;34.25;25.00;24.00;23.25;24.25;24.25;25.50;37.25;34.25;24.75;24.25;23.00;24.00;23.75;24.75;32.50;29.00;24.25;23.75;23.75;23.25;23.00;23.25;24.75;24.50;23.50;23.25;22.75;23.25;23.50;23.00;23.00;23.00;22.50;23.25;22.25]
2652-  [25.00;24.00;24.00;25.00;24.75;24.50;24.75;24.50;24.75;24.50;24.75;26.50;26.50;24.50;24.25;24.00;24.50;24.75;24.75;31.75;31.00;25.50;24.50;24.25;24.50;24.00;25.25;35.50;34.25;25.00;23.75;23.50;24.25;24.50;25.50;37.00;34.50;25.00;24.50;23.25;24.25;24.00;24.75;32.50;28.75;24.00;23.50;23.25;23.25;23.25;23.50;25.00;24.25;23.75;23.25;23.00;22.75;23.00;23.25;23.25;23.25;22.75;23.00;22.50]
3137-  [25.00;24.25;24.50;25.00;25.00;24.75;24.25;23.75;25.00;24.25;24.75;26.50;26.50;25.00;24.75;24.75;24.50;24.75;25.25;32.00;31.25;24.75;24.25;23.75;24.75;24.25;25.25;35.75;34.25;24.75;23.75;23.50;24.25;24.50;25.75;37.50;34.25;25.50;24.25;23.25;23.75;23.75;24.75;33.25;29.25;24.00;23.50;23.50;23.75;23.50;23.75;25.25;24.75;24.25;23.50;22.50;23.00;23.75;23.50;23.75;23.50;22.75;23.25;23.25]
3622-  [24.75;24.50;24.50;25.25;25.00;24.75;24.75;24.00;24.75;24.25;24.75;26.25;26.75;24.75;24.50;24.75;24.25;24.50;25.25;31.75;31.25;25.25;24.75;23.75;24.25;24.25;25.00;36.00;34.25;25.25;24.00;23.50;24.25;24.75;25.75;37.75;34.75;24.75;24.50;23.25;23.75;24.25;25.00;33.25;29.25;24.25;23.75;23.50;23.50;23.75;23.75;25.50;24.75;24.00;23.25;23.50;23.25;23.50;23.75;23.25;23.50;23.00;22.75;23.00]
4107-  [24.50;24.25;24.75;25.00;25.25;24.75;24.75;24.75;24.25;24.25;24.75;26.25;26.50;25.00;24.25;23.75;24.50;24.50;25.00;32.00;31.25;25.25;24.25;23.75;24.25;24.25;25.50;36.25;34.50;24.75;24.25;23.25;24.00;24.75;25.25;37.50;34.25;24.75;24.25;23.50;24.00;24.00;25.00;32.75;29.00;24.50;23.25;23.75;23.50;23.50;24.00;25.25;24.50;23.75;23.00;22.50;23.50;23.75;23.50;23.00;23.50;22.50;22.75;23.00]
4592-  [25.00;24.25;24.75;25.50;25.00;24.25;25.00;24.50;24.25;24.50;24.75;26.25;26.50;24.75;23.75;24.00;24.00;24.50;25.00;31.75;31.25;25.50;24.50;23.75;23.75;24.25;25.50;36.00;34.25;25.25;24.00;23.25;24.50;24.50;25.75;37.75;34.25;24.75;24.25;23.75;23.50;23.50;25.00;32.75;29.25;24.75;24.00;23.75;23.50;23.25;23.75;25.25;24.50;24.50;23.00;23.00;23.00;23.25;23.50;23.50;23.50;23.25;23.50;22.75]
5077-  [25.00;24.00;24.25;25.50;25.00;24.75;24.75;24.75;24.75;24.50;25.25;26.50;26.50;24.50;24.25;24.25;24.50;24.75;25.25;32.00;31.50;25.00;24.75;24.00;24.50;24.25;25.25;35.75;34.25;25.00;24.50;23.25;24.25;24.50;26.00;38.00;34.50;25.25;24.25;23.00;23.75;24.25;25.00;32.50;29.25;24.25;23.50;23.75;23.25;23.25;24.00;25.00;24.75;24.00;23.50;22.75;23.25;24.00;23.25;23.75;23.50;23.00;23.25;23.25]
5562-  [24.75;25.00;25.00;25.50;25.25;24.25;24.50;24.25;25.00;24.25;25.25;26.50;26.75;24.75;24.00;24.75;24.50;25.00;25.25;32.25;31.25;25.50;24.75;23.75;24.75;24.50;25.50;36.00;34.50;25.00;24.25;24.00;24.50;24.75;25.75;38.00;34.50;24.75;24.00;23.75;23.75;24.25;25.00;33.00;29.25;24.00;23.75;23.75;23.75;23.50;24.00;25.25;24.50;23.75;23.25;23.00;23.00;23.75;23.50;23.75;24.00;23.50;23.50;23.00]
6047-  [24.75;24.25;25.25;25.25;25.50;24.50;25.25;24.50;24.75;24.25;25.00;26.25;26.50;25.00;24.25;24.50;24.75;24.50;25.25;32.25;31.75;24.75;24.50;24.25;24.50;24.50;25.75;35.75;34.50;25.00;24.00;24.00;25.00;25.00;25.50;37.75;34.75;25.00;24.25;23.25;24.25;24.50;24.50;33.25;29.00;24.50;23.50;24.00;23.25;23.50;24.00;25.50;24.50;24.00;23.25;23.25;23.50;23.50;23.50;23.75;24.00;23.25;23.25;23.00]
6532-  [25.00;24.25;24.50;25.50;25.25;24.50;24.50;24.00;24.75;24.75;25.00;26.75;26.75;24.50;24.00;24.50;24.75;24.50;25.25;32.00;31.50;25.25;25.00;24.00;24.25;24.50;25.50;36.00;34.75;25.25;24.50;24.00;24.50;24.50;26.00;37.50;34.75;25.00;24.25;23.50;23.50;24.00;25.25;33.25;29.50;24.50;23.75;23.50;23.75;23.50;23.75;24.75;24.75;24.25;23.50;22.25;23.50;23.50;24.00;23.75;23.75;23.25;23.25;22.75]
7017-  [24.50;24.75;24.50;25.25;25.25;24.50;24.50;24.25;24.75;24.50;25.00;26.50;26.00;24.75;24.00;24.25;24.50;24.75;25.25;31.75;31.25;25.25;25.00;24.25;24.25;24.75;25.50;35.75;34.50;24.75;24.25;23.75;24.50;24.75;25.75;38.00;34.50;25.25;24.25;23.50;24.00;24.25;25.50;32.75;29.75;24.50;24.00;23.75;23.75;23.75;24.00;25.00;25.00;23.75;23.00;22.50;23.75;23.25;24.00;24.00;23.75;22.50;23.00;23.25]
7502-  [24.75;24.50;24.50;25.25;25.50;24.50;25.00;24.25;24.75;24.25;25.00;26.50;26.50;24.25;24.50;24.25;24.75;25.00;25.50;32.25;31.50;25.00;24.50;24.25;24.00;24.75;25.50;36.00;34.50;25.50;24.25;23.75;24.75;24.50;26.00;37.25;34.75;25.00;24.25;23.25;24.25;23.75;25.00;33.00;29.50;24.00;23.50;23.75;24.00;23.50;24.00;25.50;25.00;23.75;23.25;23.00;23.50;23.75;23.75;23.25;23.25;23.25;23.50;23.25]
7987-  [25.00;24.25;25.00;25.25;25.00;24.75;25.50;24.75;24.75;24.00;25.25;26.75;26.75;24.75;24.25;24.25;24.00;24.50;25.00;32.00;31.25;25.00;24.75;24.25;24.50;24.50;25.50;36.25;34.50;25.00;24.25;23.50;24.75;24.50;25.75;37.50;34.50;25.00;24.25;23.25;23.50;24.25;25.00;33.00;29.25;24.50;23.75;23.75;23.75;23.50;24.25;25.25;25.00;23.75;23.50;22.75;23.25;23.25;23.50;23.75;23.50;22.50;23.25;23.25]
8472-  [24.25;24.25;24.50;25.50;25.00;24.25;24.75;24.50;24.75;24.00;24.50;26.25;27.00;24.75;24.25;24.25;24.25;24.50;25.00;32.00;31.25;25.00;24.50;23.50;24.50;24.25;25.25;35.75;34.25;25.00;24.00;23.50;24.00;24.50;25.25;37.25;34.25;24.50;24.00;23.25;24.00;24.50;25.00;33.00;29.25;23.75;23.50;23.50;23.75;23.50;23.75;25.50;24.50;23.75;22.75;22.75;23.00;23.50;23.75;23.50;23.25;23.50;23.25;23.00]
8957-  [24.50;24.00;24.50;25.50;24.75;24.50;24.75;24.00;24.50;24.00;24.50;26.50;26.00;24.50;24.50;24.25;24.25;24.75;25.00;31.75;31.25;25.25;24.75;24.25;24.25;24.00;25.00;36.00;34.25;25.00;24.00;23.75;24.25;24.50;25.75;37.75;34.50;25.00;24.00;23.25;23.75;24.00;24.75;33.00;29.50;24.50;23.75;24.00;23.50;23.00;23.50;25.25;24.75;23.75;23.00;22.25;23.25;23.00;23.50;23.50;23.00;22.50;23.00;23.25]
9442-  [24.50;24.00;24.00;24.75;25.25;24.25;24.50;24.50;24.25;24.50;24.75;26.00;26.75;24.25;23.75;24.50;24.25;24.50;25.50;32.00;31.25;25.25;24.50;23.75;24.50;24.25;25.25;35.75;34.25;25.00;24.25;23.50;24.75;24.75;26.00;37.50;34.50;24.75;24.25;23.25;23.75;24.00;24.75;32.50;29.25;24.75;23.75;23.50;23.75;23.50;24.00;25.25;24.75;23.75;23.00;22.50;22.75;23.25;23.50;23.25;23.75;22.50;23.00;23.00]
9927-  [24.75;24.25;24.75;25.25;25.00;24.25;24.75;24.25;24.75;24.50;25.00;26.50;27.00;24.50;24.25;24.50;24.25;24.75;25.50;32.00;31.25;25.25;24.75;23.75;24.25;24.50;25.75;36.25;34.50;25.00;24.00;23.75;24.25;24.50;25.75;37.75;34.50;25.00;24.25;24.00;24.25;24.00;25.25;32.50;29.50;24.75;23.75;23.50;23.75;24.00;24.00;25.50;24.75;24.00;23.50;22.50;23.00;23.50;23.75;23.25;23.50;23.00;23.25;22.75]
10412- [25.00;24.00;24.75;24.75;25.25;24.50;24.50;24.00;24.75;24.25;25.25;26.75;26.25;24.50;25.00;24.50;24.75;24.75;25.00;31.75;31.75;25.00;24.75;24.25;24.50;24.50;25.50;36.00;34.75;25.75;24.50;23.50;24.75;24.75;25.25;37.50;34.25;24.75;24.00;23.50;24.50;24.50;25.25;32.50;29.00;24.50;23.75;24.25;23.75;23.50;24.00;25.25;24.50;24.00;23.25;23.00;23.50;24.25;23.50;23.75;23.50;22.75;23.50;22.50]
10897- [24.50;24.00;24.75;25.00;25.25;24.50;25.00;24.50;24.50;24.50;24.75;26.50;26.50;24.75;24.25;24.50;24.75;24.75;25.25;32.00;31.50;25.00;24.50;23.75;24.25;24.75;25.25;36.00;34.50;25.25;24.25;23.75;24.25;24.75;25.50;37.75;34.50;24.75;24.50;23.50;24.00;24.50;24.75;32.75;29.00;24.25;24.00;23.75;23.75;23.25;24.00;25.25;24.75;23.75;23.25;23.00;23.50;23.50;23.75;23.75;23.75;23.25;23.00;23.00]
11382- [25.25;24.50;24.50;24.50;25.25;24.00;25.00;24.50;24.50;24.25;25.00;26.50;26.50;24.75;24.25;24.50;24.25;24.75;25.50;31.75;31.00;25.00;24.50;24.00;24.00;24.25;25.25;36.00;34.50;24.75;25.00;24.25;24.50;24.50;25.50;37.50;34.50;25.00;24.00;23.50;23.75;24.25;24.50;33.00;29.50;24.75;23.75;23.75;23.75;23.50;24.25;25.50;24.50;23.75;23.75;23.25;23.75;23.25;23.50;23.00;23.75;23.00;23.00;23.00]
11867- [24.75;24.25;24.00;25.00;25.25;25.00;24.50;24.50;24.50;24.25;25.00;26.50;26.25;25.00;24.75;24.75;24.25;24.50;25.50;31.75;31.25;25.25;24.50;24.25;24.50;24.25;25.50;35.75;34.50;25.25;24.25;23.50;24.25;25.00;25.75;37.75;34.50;24.50;24.25;23.75;24.50;24.25;24.75;33.00;29.25;24.50;23.75;23.75;23.75;24.00;24.00;25.50;24.50;24.00;23.75;23.25;23.00;23.50;23.50;23.25;23.50;23.00;23.00;23.00]
12352- [25.25;24.25;24.75;25.00;25.00;24.75;25.00;24.00;25.00;24.00;24.75;26.50;26.50;25.00;24.50;24.00;24.75;24.75;25.25;32.00;31.50;25.00;24.50;24.50;24.25;24.50;26.25;36.00;34.50;25.25;24.25;23.75;24.75;24.50;25.75;37.75;34.50;25.00;24.25;23.75;24.25;24.50;25.00;33.00;29.50;24.50;24.25;23.75;23.50;23.50;23.75;24.75;24.75;23.50;23.25;23.25;23.00;23.25;23.50;23.00;23.25;23.00;23.25;23.75]
12837- [24.75;24.25;24.75;25.50;25.25;24.75;24.50;24.00;24.75;24.50;25.00;26.50;26.75;24.75;24.50;24.25;24.75;24.75;25.50;31.75;31.50;24.75;24.75;23.75;24.25;24.25;25.25;36.00;34.50;25.00;24.25;23.75;24.50;24.00;25.75;37.50;35.00;25.00;24.50;23.75;24.25;24.25;25.00;33.00;29.75;24.50;24.00;24.00;24.00;23.25;23.75;25.00;24.75;24.50;23.50;23.00;23.50;23.25;23.50;23.25;24.00;23.00;23.50;22.50]
13322- [24.75;24.25;24.50;25.00;25.25;24.25;24.50;24.50;24.25;24.50;25.25;26.75;26.00;24.50;24.25;24.25;24.50;25.00;25.25;31.75;31.25;25.25;24.25;23.75;24.50;24.25;25.25;36.00;34.75;25.00;24.25;24.25;24.50;25.00;26.00;37.50;34.25;25.25;24.25;23.50;24.00;24.25;24.75;33.25;29.50;24.25;23.25;23.75;23.50;23.50;24.25;25.25;24.75;23.75;23.50;22.50;23.75;23.25;23.75;23.50;23.50;23.25;23.50;23.00]
13807- [24.75;24.25;25.00;25.25;25.00;24.75;24.50;24.50;24.75;24.25;24.50;26.75;26.50;24.75;24.75;25.00;24.75;24.75;25.50;32.00;31.50;25.25;24.75;24.00;24.25;24.50;26.00;36.00;34.50;25.25;24.00;23.50;24.75;24.50;25.75;37.75;34.50;25.25;24.50;23.75;23.75;24.50;25.25;33.00;29.25;24.00;24.00;23.75;23.75;23.25;23.75;25.00;25.00;23.25;23.25;23.00;23.50;23.50;23.75;23.75;23.75;23.00;23.25;23.25]
14292- [24.50;24.25;24.50;25.25;25.50;24.50;24.50;24.50;24.25;24.50;25.25;26.25;26.50;24.75;24.50;24.50;24.00;24.50;25.50;31.75;31.50;25.00;24.25;24.00;24.50;24.75;25.75;36.00;34.50;25.25;24.00;23.50;24.00;24.25;26.25;37.50;34.75;25.25;24.25;24.25;24.00;24.75;25.25;33.25;29.25;24.50;23.75;24.00;24.00;23.50;24.00;24.75;24.75;24.00;23.25;23.00;23.00;23.25;23.75;23.50;23.50;23.00;23.00;23.50]
14777- [25.00;24.50;24.75;25.00;25.50;25.00;24.75;24.75;24.50;24.50;24.75;26.75;26.75;24.75;24.50;24.50;24.25;24.50;25.50;31.75;31.25;25.25;24.25;24.00;24.25;24.25;25.75;36.00;34.25;25.25;24.00;24.00;25.25;24.50;26.00;37.75;34.75;25.00;24.25;23.50;24.50;24.00;25.25;33.00;29.75;24.50;24.25;23.50;23.75;23.50;24.00;25.00;24.50;23.75;23.50;22.75;23.25;22.75;23.25;23.25;23.75;23.00;23.00;22.75]
15262- [24.25;24.00;24.50;25.00;25.00;24.75;24.50;24.50;25.00;23.75;25.00;26.75;26.75;24.50;24.50;24.75;24.00;24.50;25.25;32.00;31.50;25.25;24.75;24.50;24.50;24.50;25.50;36.00;34.25;25.25;24.25;23.75;24.50;24.50;25.75;37.50;34.75;25.00;24.00;23.75;23.75;24.00;24.75;33.50;29.50;24.50;23.00;23.25;23.50;23.25;23.75;25.50;24.50;23.75;23.50;23.25;23.25;23.75;23.50;23.50;23.25;22.75;23.50;23.50]
15747- [25.00;24.75;24.75;25.25;25.50;24.75;24.75;24.25;25.00;24.25;24.75;26.75;26.75;24.75;24.25;24.50;24.25;24.50;25.50;32.00;31.50;25.25;24.75;23.75;24.50;24.75;25.25;35.75;34.50;25.00;24.50;24.00;24.25;24.50;26.00;38.00;34.75;25.00;24.25;24.00;24.00;24.00;25.25;33.00;30.00;24.50;23.75;23.75;23.50;23.50;24.00;25.25;25.00;24.00;23.75;23.00;23.25;23.50;24.00;23.50;23.50;23.00;23.00;23.00]
16232- [24.50;23.75;24.25;25.25;24.75;24.25;24.75;24.25;24.25;24.25;24.75;26.25;26.25;24.50;24.50;24.50;24.75;25.00;25.25;32.25;31.25;25.25;24.25;24.25;24.25;24.25;25.25;35.50;33.75;25.00;23.75;23.50;24.75;24.50;25.50;37.75;34.50;24.75;24.00;23.25;23.50;24.00;25.00;33.00;29.50;24.25;23.25;23.75;23.50;23.00;24.00;25.00;24.50;23.50;23.25;22.75;23.25;23.50;23.50;23.75;23.25;23.25;22.75;22.50]
16717- [24.25;23.75;24.00;24.50;24.50;24.00;24.50;24.25;24.50;24.25;24.75;26.50;26.25;24.50;24.25;24.25;24.00;24.75;24.75;32.00;31.25;24.75;24.25;23.75;24.50;24.00;25.25;35.75;34.00;25.00;24.00;23.50;24.25;24.50;25.50;37.00;34.00;24.75;24.25;23.50;23.50;24.25;24.50;32.75;29.00;24.25;23.25;23.50;23.25;23.50;23.75;25.00;24.50;23.75;23.25;22.50;23.00;23.50;23.25;23.00;23.00;23.00;23.00;23.50]
17202- [24.75;24.00;24.00;25.00;24.75;24.75;24.50;24.00;24.50;24.25;24.75;26.25;26.50;24.00;24.25;24.50;24.25;24.75;25.00;31.75;30.75;25.00;24.50;23.00;24.25;24.25;25.25;35.75;34.00;24.75;24.00;23.75;24.25;24.50;25.75;37.50;34.50;25.00;24.50;23.25;23.75;23.75;25.00;33.00;29.50;24.00;23.50;23.25;23.50;23.25;24.00;25.25;24.75;23.75;23.25;22.50;23.50;22.75;23.50;23.50;23.25;23.00;23.50;23.25]
17687- [25.00;24.25;24.50;25.50;25.25;24.50;24.75;24.25;24.75;24.75;24.75;26.75;26.75;25.00;24.25;24.25;24.50;24.50;25.50;31.75;31.25;25.25;24.75;24.25;24.50;24.75;25.50;36.25;34.25;25.00;24.50;23.75;24.25;25.00;25.75;37.50;34.50;25.00;24.25;23.75;24.25;24.50;25.50;33.00;29.50;24.25;23.75;23.50;23.25;23.25;24.25;25.25;24.75;24.00;23.50;22.75;23.25;23.75;24.00;23.50;23.50;23.25;23.25;23.00]
18172- [24.75;23.50;24.75;25.25;25.25;24.25;24.75;24.75;24.75;24.25;24.75;26.50;26.25;24.75;24.25;24.25;24.50;25.00;25.25;32.00;31.50;25.25;24.75;23.75;24.25;24.50;25.25;36.25;34.50;25.50;24.50;23.75;24.50;24.25;25.50;37.25;34.50;25.25;24.50;24.00;24.00;24.25;25.25;32.75;29.25;24.75;23.75;24.00;23.75;23.25;24.25;25.50;24.75;24.25;23.25;23.00;23.00;24.25;23.50;23.75;23.25;23.25;23.75;24.00]
18657- [24.50;24.50;24.25;25.00;25.25;24.50;24.50;24.50;24.25;24.50;25.00;26.50;26.50;25.00;25.00;24.25;24.75;24.75;25.50;32.00;31.25;25.25;24.50;24.25;24.75;24.75;26.00;36.00;34.25;25.00;24.25;23.75;24.50;24.75;25.50;37.50;34.50;25.25;24.25;23.75;24.00;24.25;24.75;32.50;29.25;24.50;23.75;23.75;23.75;23.75;24.50;25.00;24.75;24.00;23.75;23.00;23.25;23.50;23.75;23.25;23.00;23.00;23.50;22.75]
19142- [24.50;24.00;25.00;25.50;25.25;24.50;24.75;24.50;24.25;24.00;24.75;26.50;26.50;24.75;24.75;24.75;24.75;24.50;25.75;32.00;31.50;25.25;24.50;24.00;24.00;24.50;25.25;36.25;34.00;25.00;24.50;24.25;25.00;25.25;25.75;37.25;34.75;25.25;24.25;24.00;24.50;24.50;25.50;32.75;30.00;24.25;24.25;24.00;23.25;23.50;24.00;25.50;24.50;24.00;23.75;23.00;23.00;22.75;23.75;23.25;23.25;23.25;23.25;23.25]
19627- [25.25;24.00;24.50;25.50;25.25;24.50;25.00;24.50;24.25;24.25;24.75;26.75;26.25;24.50;24.25;24.50;24.75;24.75;25.00;32.00;31.25;25.25;24.75;24.00;24.75;24.50;25.50;36.00;34.25;25.00;24.25;24.00;24.25;24.75;25.50;37.50;34.50;25.25;24.25;23.50;24.00;24.25;25.00;33.00;29.50;24.50;23.75;24.00;24.25;23.75;24.00;25.25;24.75;24.25;23.50;22.50;23.25;23.25;24.00;24.00;23.75;23.50;23.25;23.50]
20112- [24.50;24.50;24.75;25.00;25.75;24.25;25.00;24.25;24.25;24.25;25.00;26.50;26.50;24.50;24.00;24.25;24.00;24.50;25.00;31.75;31.25;25.50;24.25;24.00;24.00;24.75;25.50;35.75;34.25;25.00;24.50;23.75;24.50;24.50;25.75;37.75;34.25;25.25;24.50;23.50;24.00;24.00;25.00;32.75;29.75;24.25;23.75;23.50;24.00;23.25;24.00;25.25;24.50;24.25;23.25;22.75;23.25;24.25;23.75;23.50;23.75;23.00;23.50;23.25]
20597- [24.75;24.25;24.75;25.50;25.50;24.75;24.75;24.00;25.25;24.50;25.25;26.50;26.50;24.75;25.00;24.50;24.50;24.75;25.50;31.75;31.25;25.25;24.75;24.00;24.25;24.00;25.50;36.00;34.25;25.00;24.50;24.00;24.50;24.50;25.75;37.50;34.50;25.00;24.50;23.75;23.75;24.25;24.75;32.75;29.00;24.25;23.50;23.50;23.25;23.50;23.75;25.25;24.50;23.75;23.25;22.75;23.25;23.75;23.50;23.25;23.50;23.00;23.75;23.50]
21082- [24.75;23.75;24.50;25.25;25.25;24.25;24.75;25.00;24.75;24.00;24.75;26.50;25.75;25.00;24.25;24.75;24.50;24.75;25.00;32.00;30.75;25.00;24.75;23.75;24.00;23.75;25.25;35.75;34.25;25.00;24.50;23.75;24.75;24.25;25.25;37.50;34.50;25.00;24.25;23.25;23.75;24.00;25.00;33.00;29.00;24.00;23.50;23.50;23.50;23.50;24.00;25.00;24.75;23.00;23.50;22.75;23.50;23.50;23.75;23.50;23.75;22.75;24.00;23.00]
21567- [24.50;24.00;24.75;25.50;24.75;24.25;25.00;24.25;24.75;24.25;25.00;26.25;26.50;25.00;24.75;24.75;24.25;24.25;25.25;31.75;31.50;24.75;24.00;24.00;24.00;24.25;25.25;35.50;34.00;25.00;24.25;23.75;24.75;24.25;25.75;37.50;34.25;25.00;24.00;23.75;24.00;23.75;25.00;32.75;29.50;24.00;24.00;23.50;23.50;23.75;23.75;25.25;24.75;23.75;23.00;22.75;23.50;23.25;23.25;23.75;23.75;23.25;23.25;23.00]
22052- [24.50;24.00;24.25;24.75;25.25;24.00;24.75;24.50;24.25;24.00;24.75;26.50;26.50;25.00;24.25;23.75;24.50;24.25;25.25;31.25;31.00;25.00;24.50;24.00;24.00;24.25;25.25;35.50;34.00;25.00;24.25;23.75;24.50;24.75;25.50;37.25;33.75;24.75;24.00;23.50;23.75;23.75;25.00;32.25;29.50;24.25;23.50;24.00;23.75;23.00;24.00;25.00;24.50;23.75;23.25;22.75;23.00;23.25;23.75;23.50;23.50;23.00;23.50;23.50]
22537- [24.50;24.25;24.25;25.00;25.25;24.75;24.50;24.50;24.50;24.00;25.00;26.25;26.75;24.50;24.00;24.50;24.25;24.25;24.75;31.75;31.25;25.00;24.50;24.00;23.75;24.00;25.25;35.75;34.00;24.75;24.00;24.00;24.25;24.00;25.75;37.25;34.25;24.75;24.00;23.50;23.75;23.50;25.25;33.25;29.25;24.25;23.75;23.50;23.25;22.75;24.00;25.00;24.25;23.50;22.75;22.75;23.50;23.50;23.50;23.75;23.50;22.50;23.00;23.00]
23022- [24.50;24.00;24.50;25.25;25.00;24.50;24.50;24.00;24.50;24.25;24.25;26.50;26.25;24.75;24.25;24.75;24.25;24.25;25.50;31.50;31.25;25.75;24.50;23.75;24.00;24.00;25.00;35.50;34.00;24.50;24.00;23.50;24.25;24.25;25.50;37.25;34.25;25.00;24.25;22.75;24.00;23.50;24.50;32.75;29.00;24.25;23.50;23.50;23.50;23.00;23.75;25.00;24.50;23.75;23.25;22.75;23.75;22.75;23.50;23.00;24.00;22.75;23.00;22.75]
23507- [24.25;23.50;23.75;25.00;24.50;24.00;24.50;24.25;24.25;24.75;24.75;26.25;26.00;24.25;23.75;24.00;24.25;24.75;25.00;31.75;31.25;24.75;24.50;23.25;24.00;24.00;25.25;35.50;34.25;24.25;24.00;23.25;24.25;24.50;25.25;37.25;34.25;24.75;24.00;23.25;23.50;24.00;24.75;32.50;29.25;23.75;23.50;23.75;23.25;22.75;23.50;25.00;24.50;23.50;23.00;22.00;23.25;23.25;23.00;23.50;23.25;22.50;23.00;22.75]
23992- [24.25;24.00;24.00;25.25;24.75;24.75;24.75;23.75;23.75;24.25;24.25;26.50;26.00;24.25;24.00;24.00;24.00;24.50;24.75;31.75;31.00;25.00;24.25;23.75;24.50;24.25;25.00;35.75;34.25;24.50;23.75;23.25;24.50;24.50;25.50;37.00;34.25;25.00;24.25;23.25;23.50;24.00;25.00;32.75;29.25;24.25;23.25;23.75;23.25;22.75;23.75;25.00;24.25;23.75;23.25;22.50;22.75;23.00;23.25;23.25;23.00;22.75;22.75;22.75]
24477- [24.25;24.00;23.75;25.00;25.00;24.50;24.50;24.25;24.50;24.00;25.00;26.25;26.25;24.25;24.00;24.75;23.75;24.50;24.75;31.75;31.00;24.75;24.00;23.75;24.25;24.50;25.00;35.75;34.00;25.25;24.25;24.25;24.25;24.00;25.25;37.00;34.25;24.75;24.25;23.25;23.75;24.25;24.50;32.50;28.75;24.00;23.50;23.75;23.75;23.75;24.00;25.00;24.50;23.75;23.25;22.75;23.00;23.50;23.50;23.00;23.50;23.75;23.25;22.75]
24962- [24.25;23.75;23.75;25.25;25.00;24.25;24.50;24.50;24.25;24.25;24.75;26.25;26.25;25.00;24.00;24.50;24.00;24.25;25.25;31.50;31.25;25.50;24.25;24.25;23.75;24.50;25.00;35.50;34.00;24.50;24.50;23.50;24.25;24.25;25.50;37.25;34.00;24.50;24.00;23.50;23.75;24.25;24.75;33.00;29.00;24.50;23.25;23.75;23.25;23.00;23.75;25.00;24.25;23.75;23.00;22.50;23.50;23.00;23.25;23.50;24.00;22.75;23.00;23.25]
25447- [24.75;24.00;24.50;25.00;25.25;25.00;24.75;25.00;24.50;24.00;24.75;26.50;26.75;24.50;24.50;24.50;23.50;24.75;25.50;32.00;31.25;25.25;24.25;23.75;24.75;24.50;25.50;35.50;34.25;25.25;24.75;23.75;24.25;24.50;25.75;37.50;34.00;25.00;24.00;23.75;23.75;24.25;24.75;33.00;29.25;24.50;23.50;23.75;24.00;23.50;24.00;25.25;24.50;23.50;23.50;22.50;23.00;23.25;23.25;23.75;23.25;23.00;23.25;23.25]
25932- [24.75;24.25;25.00;25.25;25.25;24.50;24.25;24.75;24.25;24.50;25.00;26.50;26.25;25.25;24.25;24.50;24.25;24.50;25.50;31.75;31.25;25.25;24.50;24.25;24.75;24.50;25.00;35.50;34.75;25.25;24.50;23.75;24.75;24.50;25.75;37.75;34.25;25.00;24.50;23.75;24.00;23.75;25.25;33.00;29.25;24.50;23.75;23.75;23.50;23.25;24.00;24.75;24.50;23.75;23.75;22.25;23.50;23.25;23.50;23.25;23.75;23.50;23.50;23.75]
26417- [24.75;24.25;24.50;25.50;25.25;24.50;25.25;24.50;24.75;24.75;24.75;26.25;26.50;25.00;24.00;24.50;24.50;25.00;25.25;32.00;31.00;25.25;24.75;24.50;24.50;24.25;25.50;35.75;34.50;24.50;24.00;24.00;24.50;24.75;26.00;37.50;34.50;25.25;24.50;23.75;24.00;24.25;25.00;32.75;29.50;24.50;23.75;23.50;23.75;23.50;24.25;25.25;24.75;23.50;23.25;23.00;24.00;23.25;23.75;23.50;23.50;23.00;23.50;23.50]
26902- [25.25;24.50;24.75;25.00;25.25;24.75;24.75;24.50;24.50;24.25;25.25;26.50;26.25;25.50;24.25;24.25;24.25;24.50;25.50;31.75;31.25;25.00;24.75;24.00;24.75;24.50;25.50;36.00;34.25;25.00;24.50;24.00;24.00;24.50;25.75;37.00;34.25;25.00;24.25;23.50;23.75;24.25;24.75;33.00;29.50;24.50;23.25;24.00;23.50;23.50;24.00;25.00;24.25;23.25;23.50;22.25;23.25;23.25;23.50;23.50;23.75;23.25;23.25;23.25]
27387- [25.00;24.50;24.50;25.50;25.25;24.75;24.75;24.50;24.50;24.25;25.00;26.00;26.50;25.00;24.00;24.00;24.75;24.75;25.50;32.00;31.50;25.25;24.75;24.25;24.75;24.75;25.50;36.00;34.25;25.00;24.25;23.75;24.00;24.50;25.75;37.50;34.50;25.00;24.25;23.75;24.25;23.75;25.00;33.00;29.50;24.25;24.00;24.00;23.75;23.75;23.75;24.75;24.25;23.50;23.50;23.00;23.25;23.00;23.50;23.25;23.50;23.50;23.25;23.25]
27872- [25.00;24.25;24.75;25.50;25.25;25.00;25.25;24.50;24.50;24.25;25.00;26.50;26.50;24.75;24.25;25.00;24.75;24.50;25.50;32.25;31.50;25.00;25.00;24.00;24.50;24.75;25.50;36.25;34.25;25.25;24.50;24.00;24.75;24.50;26.25;37.50;34.50;25.25;24.25;23.75;24.50;24.25;25.25;33.00;29.75;24.25;23.75;24.25;23.75;23.50;24.00;25.50;24.75;24.00;23.25;22.75;23.25;24.25;24.00;23.50;23.75;23.25;23.00;23.50]
28357- [24.50;24.00;24.25;25.25;25.25;24.50;24.75;24.25;24.25;24.25;25.00;26.75;26.50;25.00;24.25;24.25;24.75;24.50;25.25;31.75;31.25;25.50;24.75;23.75;24.00;24.25;25.25;35.50;34.50;25.00;24.25;24.00;24.25;24.75;25.75;37.25;34.25;24.75;24.50;23.75;24.25;24.25;24.75;32.75;29.50;24.50;23.50;24.00;24.00;23.75;24.00;25.25;24.50;23.75;23.25;23.25;23.25;23.25;23.25;23.50;23.50;23.00;23.50;23.00]
28842- [24.50;24.25;24.50;25.25;25.25;24.75;25.25;25.00;25.00;24.75;25.25;26.50;26.75;25.00;24.50;24.50;24.25;24.50;25.25;31.75;31.50;25.25;25.00;24.00;24.75;24.75;25.50;35.50;34.00;24.50;24.25;23.75;24.75;25.00;26.00;37.50;34.25;24.75;24.00;23.50;24.25;23.50;24.75;33.00;29.25;24.00;24.00;23.75;23.50;23.75;23.75;25.00;24.75;23.75;23.25;22.50;23.50;23.75;23.75;23.50;23.50;23.25;23.75;23.25]
29327- [24.50;24.00;24.50;25.50;25.00;24.75;25.00;24.50;24.50;25.00;24.75;26.50;26.50;24.75;24.50;24.75;24.25;24.75;25.00;32.25;31.25;25.75;24.75;24.25;24.75;24.50;25.75;36.00;34.75;25.50;24.50;23.50;24.25;24.25;25.75;37.50;34.50;24.75;24.25;23.75;24.00;24.75;25.25;33.00;29.00;24.25;23.75;23.50;23.75;23.75;24.00;25.25;24.75;24.25;23.50;23.00;22.75;23.25;24.00;23.75;24.00;23.00;23.50;23.25]
29812- [24.75;24.25;24.75;25.00;25.75;24.50;25.00;23.75;25.00;24.50;25.00;26.75;26.50;25.25;25.00;24.50;24.75;24.50;25.50;32.00;31.25;25.25;24.50;23.50;24.50;24.50;25.75;36.00;34.50;25.25;24.75;24.00;25.00;24.50;25.50;37.75;34.25;25.25;24.50;23.50;24.00;24.25;25.50;33.00;29.75;24.50;23.75;24.25;23.25;23.50;24.25;25.25;24.75;24.00;23.25;22.75;23.75;23.25;23.75;23.25;23.75;23.25;23.25;23.00]
30297- [24.75;24.25;24.75;25.25;25.25;24.25;25.00;24.75;25.00;24.25;25.00;26.50;27.00;24.50;24.75;24.50;24.75;24.75;25.50;32.00;31.75;25.50;24.50;24.00;24.50;24.00;25.75;35.75;34.25;25.25;24.25;24.25;24.50;25.00;26.25;37.75;34.50;25.00;24.50;23.25;23.75;24.25;25.00;33.25;29.75;24.25;23.75;24.25;23.75;23.50;24.25;25.25;24.50;24.25;23.75;23.25;23.50;23.25;24.25;23.50;23.50;23.00;23.00;23.25]
30782- [24.75;24.25;24.75;25.50;25.25;24.75;25.00;24.50;24.75;24.50;25.00;26.50;26.75;24.50;24.50;24.50;24.50;25.00;25.50;31.75;31.25;25.25;24.50;24.25;24.50;24.25;25.25;35.75;34.25;25.25;24.50;23.75;24.50;24.75;25.75;37.25;34.50;25.00;24.50;23.75;24.50;24.25;25.50;33.00;29.50;24.50;23.75;23.75;23.50;23.50;24.00;24.75;24.50;24.00;23.25;23.25;23.25;23.25;23.75;23.75;24.00;23.00;23.25;23.25]
31267- [24.50;24.25;24.25;25.50;25.00;24.75;25.00;24.25;24.75;23.75;25.00;26.75;26.25;24.50;24.50;24.00;24.50;24.50;25.50;32.00;31.50;25.25;25.00;24.25;24.50;24.00;25.50;35.50;34.50;25.25;24.00;23.75;24.75;24.75;25.75;37.50;34.00;25.00;24.50;23.50;23.75;24.25;25.25;33.00;29.50;24.50;23.50;23.50;23.50;23.50;24.00;25.50;24.75;23.50;23.75;22.50;23.25;23.50;23.50;23.50;23.25;22.75;22.75;22.75]
31752- [24.50;24.25;24.50;24.75;25.00;24.25;24.50;24.00;24.50;24.25;24.75;26.25;26.25;24.75;24.00;24.00;24.75;25.00;25.25;31.75;31.25;25.25;24.25;24.00;24.00;24.25;25.25;35.75;34.25;25.00;24.25;23.50;24.00;24.50;25.25;37.50;34.25;25.00;24.25;23.25;23.75;24.25;24.50;33.00;29.50;24.50;23.75;24.00;23.50;23.50;23.75;25.25;24.25;23.75;23.00;23.00;22.75;23.75;23.50;23.75;23.25;23.25;23.00;22.50]
32237- [25.25;24.50;24.75;25.25;25.50;24.25;24.75;24.50;24.25;24.75;24.50;26.50;26.50;24.75;24.00;24.50;24.50;24.75;25.50;31.50;31.25;25.00;25.00;24.25;24.75;24.50;25.25;35.75;34.25;25.00;24.00;23.50;24.50;24.50;25.50;37.25;34.25;25.00;24.00;23.50;23.75;24.25;25.25;32.75;29.00;24.00;23.25;23.50;23.25;23.75;24.00;25.25;24.50;23.75;23.25;23.25;23.00;23.50;24.00;23.50;23.50;23.25;23.25;23.25]
32722- [24.75;24.25;24.50;25.25;25.00;24.50;24.50;24.50;25.00;25.00;25.25;26.25;26.25;25.00;24.75;24.75;24.75;24.75;25.25;32.00;31.75;25.25;24.75;24.50;24.75;24.50;25.50;36.25;34.50;25.50;24.50;24.00;24.25;24.75;25.75;37.75;34.50;25.00;24.25;23.50;23.75;24.25;25.00;33.00;29.75;24.75;23.75;24.00;23.50;23.75;24.50;25.50;25.00;24.00;23.50;23.25;23.25;23.50;23.50;23.75;23.50;23.25;23.25;23.25]
33207- [24.50;24.25;25.00;25.50;25.50;24.50;24.75;25.00;25.25;24.25;25.00;26.50;26.75;24.75;24.50;24.25;24.75;25.00;25.50;32.00;31.25;25.50;24.75;23.75;24.25;24.75;25.00;36.00;34.25;25.50;24.25;23.75;24.50;25.00;25.50;37.25;34.25;25.25;24.25;23.50;24.00;24.50;25.50;33.00;29.75;24.50;23.75;23.75;23.50;23.50;24.50;25.25;25.00;24.25;23.75;22.50;23.00;23.50;23.50;23.50;23.75;22.75;23.50;23.25]
33692- [25.25;24.00;24.75;25.00;25.50;24.75;24.75;24.50;24.75;24.25;24.75;26.75;26.00;25.25;24.50;24.75;24.50;24.50;25.50;32.25;31.50;25.25;24.50;24.00;24.25;24.50;25.25;36.25;34.25;25.25;24.25;23.50;24.50;24.75;26.00;37.25;34.50;25.25;24.50;24.00;23.75;24.25;24.75;33.00;29.25;24.50;23.75;23.75;23.75;23.25;24.25;25.50;24.50;23.50;23.50;22.50;23.25;24.00;24.25;23.75;23.50;23.25;23.50;23.50]
34177- [24.25;24.25;24.75;25.50;25.25;24.50;25.00;24.25;24.25;24.25;24.75;27.00;26.50;25.00;24.25;25.00;24.75;24.50;25.25;32.00;31.50;25.25;24.25;24.75;24.00;24.50;25.75;35.75;34.25;25.25;24.00;23.75;24.50;24.75;25.75;37.50;34.50;25.00;24.25;24.00;23.50;24.00;25.25;33.00;29.25;24.50;23.75;24.00;23.75;23.75;24.00;25.50;24.50;24.00;23.50;23.00;23.50;23.50;24.25;23.75;23.75;23.25;23.25;23.00]
34662- [24.75;24.50;24.50;25.25;25.00;24.50;25.00;24.75;24.75;24.50;25.00;26.75;26.50;24.75;24.50;24.50;24.25;25.00;25.00;32.00;31.50;25.25;25.00;24.25;24.75;24.50;25.00;35.50;34.00;25.25;24.25;23.75;24.50;24.75;25.75;37.25;34.50;25.25;24.25;23.50;24.00;24.25;25.00;32.75;29.50;24.00;23.50;24.00;23.75;23.50;23.75;25.25;24.50;24.25;23.25;23.00;23.50;23.50;23.50;23.50;23.25;23.00;23.00;23.25]
35147- [25.00;24.00;24.75;25.00;25.75;24.50;25.00;24.25;24.75;24.75;25.25;26.50;26.50;24.25;24.50;24.00;24.25;24.50;25.00;31.75;31.50;25.00;24.25;24.00;24.25;24.25;25.00;35.50;34.25;25.00;24.00;23.75;24.25;24.50;26.00;37.25;34.25;24.75;24.25;23.75;23.75;24.25;25.00;33.00;29.25;24.50;23.25;23.25;23.50;23.50;24.00;25.00;24.25;23.50;23.00;22.50;23.50;23.75;24.00;23.25;23.25;22.75;23.25;23.00]
35632- [24.75;24.00;24.75;25.50;25.50;24.50;24.75;23.75;24.25;23.75;24.75;26.75;26.75;24.50;24.50;24.25;24.50;24.25;25.00;32.00;31.00;25.25;24.50;24.00;25.00;24.25;25.50;35.75;34.25;25.00;24.00;24.00;24.25;24.75;25.50;37.25;34.00;25.25;24.50;23.75;23.75;24.25;25.00;33.25;29.25;24.50;23.50;23.75;23.50;23.75;24.00;25.25;24.25;24.25;23.25;22.75;23.50;23.00;23.50;23.50;23.50;23.00;22.75;22.50]
36117- [25.00;24.25;24.50;25.00;24.75;24.25;24.50;24.00;24.75;24.25;25.00;26.25;26.50;24.25;24.50;24.50;24.50;24.50;25.25;31.50;31.25;25.25;24.50;23.75;24.25;24.50;25.00;35.50;33.75;25.25;24.25;23.75;24.50;24.75;25.75;37.00;34.25;24.75;24.25;23.75;24.00;24.00;24.50;32.75;29.00;24.50;23.25;23.50;23.25;23.50;23.75;25.00;24.75;23.75;23.50;22.75;23.50;23.00;23.75;23.00;23.25;23.25;23.00;23.00]
36602- [24.50;24.25;24.25;25.25;25.25;24.25;24.75;24.75;24.50;24.50;25.00;26.50;25.75;24.50;24.50;24.00;24.25;24.25;25.25;31.50;31.00;24.75;24.50;23.75;24.75;24.50;25.25;35.50;34.00;24.75;24.00;23.25;24.50;24.50;25.25;37.25;34.25;24.75;24.00;23.50;24.00;24.00;24.50;32.50;29.00;24.00;23.25;23.50;23.50;23.50;23.50;25.25;24.50;24.00;23.50;23.25;22.75;23.25;23.50;23.75;23.50;23.50;23.25;23.75]
37087- [25.00;24.00;24.50;25.00;25.00;24.75;24.75;24.50;25.00;24.25;24.75;26.50;26.25;25.00;24.25;24.25;24.00;24.75;25.25;31.75;31.25;25.00;24.25;23.75;24.25;24.00;25.50;35.25;34.00;25.00;24.25;23.50;24.25;24.50;25.75;37.50;34.25;24.75;24.00;23.50;23.75;24.50;25.00;32.50;28.75;24.00;23.25;23.50;24.00;23.50;24.00;25.00;24.50;24.00;23.00;23.00;23.75;23.00;23.75;23.25;23.50;23.00;23.00;23.00]
37572- [24.25;24.00;24.75;25.00;25.25;24.75;24.25;24.75;24.75;24.25;24.50;26.25;26.50;24.50;24.50;24.25;24.50;24.50;25.50;31.50;31.00;25.00;24.25;23.75;24.25;24.50;25.50;35.75;34.25;25.00;24.00;23.75;24.00;24.75;25.75;37.25;34.00;25.00;24.00;23.50;23.75;24.00;24.75;33.00;28.75;24.00;23.50;23.75;23.25;23.50;23.50;24.75;24.25;23.75;23.25;22.75;23.25;23.25;24.00;23.75;23.25;23.00;23.00;23.25]
38057- [24.50;23.75;24.50;25.00;25.25;24.75;24.50;24.25;24.50;24.50;25.00;26.50;26.25;25.00;24.50;24.25;24.50;24.75;25.50;31.75;31.25;25.50;24.75;24.25;24.25;24.00;25.25;36.00;34.50;25.00;23.75;23.50;24.00;24.50;25.50;37.50;34.00;25.00;24.25;23.75;24.00;24.25;25.00;32.75;29.00;24.50;23.50;24.00;23.75;23.50;24.00;24.75;24.50;23.50;23.75;22.25;23.25;23.50;23.25;23.50;23.50;22.75;23.00;23.00]
38542- [25.00;24.00;24.50;25.25;25.25;24.25;24.75;24.50;25.00;23.75;24.75;26.50;26.50;24.75;24.50;24.75;25.00;25.25;25.00;31.75;31.00;25.00;24.00;23.75;24.25;24.50;25.00;35.75;34.00;24.75;24.00;23.50;24.25;24.50;25.75;37.00;34.25;25.00;23.50;23.50;23.50;24.25;25.00;32.50;29.50;24.25;23.50;24.00;23.25;23.50;23.75;24.75;24.50;24.00;22.75;22.75;23.25;23.25;23.50;23.50;23.75;22.75;23.00;22.75]
39027- [24.50;24.00;24.25;24.75;24.75;24.00;24.00;24.00;23.75;24.00;24.50;26.25;25.75;24.75;24.00;24.75;24.25;24.50;25.00;32.00;31.00;24.75;24.00;24.00;24.25;24.25;25.00;35.50;34.25;24.75;24.00;23.50;24.00;24.25;25.25;37.25;34.00;24.75;24.50;23.00;23.75;23.75;24.75;32.00;28.75;24.00;23.25;23.25;23.50;23.50;23.50;25.25;24.25;23.00;23.00;22.00;23.00;23.50;23.25;23.25;23.00;22.75;22.50;22.25]
39512- [24.50;23.25;24.50;25.25;24.50;24.00;24.75;24.25;24.25;24.25;24.50;26.50;26.25;24.75;23.75;24.25;24.25;24.50;25.00;31.75;31.25;25.00;23.75;23.50;24.00;24.00;25.50;35.50;33.75;25.25;24.25;23.50;23.75;24.50;25.25;37.00;34.00;25.00;24.00;22.75;23.75;23.75;24.75;32.50;29.00;24.00;23.50;23.50;23.25;23.00;23.25;24.50;24.00;24.00;22.75;22.25;22.75;22.75;23.00;23.25;23.00;22.75;23.00;23.50]
39997- [24.00;23.75;24.50;25.25;25.25;24.25;24.50;24.25;24.75;23.50;24.50;26.75;26.50;24.50;24.25;24.25;24.25;24.50;24.75;31.75;31.00;24.75;24.25;23.75;24.50;24.00;25.00;35.75;33.75;24.75;24.25;24.00;24.50;24.50;25.50;37.00;34.25;24.75;24.00;23.50;23.75;24.00;24.50;32.25;29.00;24.00;23.25;23.50;23.00;23.25;23.75;24.75;24.25;23.50;23.00;22.75;22.75;23.00;23.50;23.50;23.00;22.50;23.00;23.00]
40482- [24.50;24.25;25.00;25.25;25.25;24.75;24.75;24.25;24.50;24.00;25.00;26.25;26.50;24.75;24.25;24.50;24.25;24.25;25.50;31.50;31.00;25.25;24.50;24.00;24.25;24.25;25.00;36.00;34.00;25.00;24.25;24.25;24.75;24.50;25.25;37.25;34.50;24.75;24.25;23.75;24.00;24.00;25.00;33.25;29.00;24.00;24.00;23.25;24.00;23.50;23.75;25.25;25.00;23.50;23.75;22.75;23.00;23.75;23.25;23.00;23.50;22.75;23.50;23.25]
40967- [24.75;24.00;24.50;25.25;25.50;24.75;25.25;24.50;24.00;24.00;24.75;26.25;27.00;24.50;24.00;24.50;24.25;24.50;25.25;31.75;31.00;25.25;24.75;24.00;24.25;24.00;25.50;35.50;34.00;24.75;24.25;23.75;24.75;24.75;26.00;37.50;34.50;24.75;24.50;23.25;24.00;24.00;25.00;33.00;29.00;24.25;24.00;23.75;23.75;24.25;23.75;25.50;24.75;23.50;23.25;22.25;23.25;23.50;23.50;23.25;23.50;23.25;23.25;22.75]
41452- [24.75;24.00;25.00;25.25;25.25;24.25;24.50;24.25;24.75;24.25;25.00;26.50;26.25;24.75;24.25;24.50;24.50;24.50;25.00;31.75;31.00;25.00;24.50;24.00;24.50;24.25;25.25;35.75;34.00;25.25;24.25;23.75;24.25;24.75;25.25;37.25;34.50;25.00;24.00;23.25;23.50;24.25;25.00;32.50;29.25;24.25;23.50;23.75;23.50;23.75;23.75;25.00;24.25;23.75;23.50;22.50;23.00;23.75;23.50;23.50;23.25;23.00;22.75;22.75]
41937- [24.75;23.75;24.50;24.75;25.25;24.00;24.50;24.00;24.75;24.75;25.00;26.25;26.50;24.25;24.50;24.75;24.25;24.75;25.25;31.75;31.25;25.00;24.25;24.25;23.75;24.25;25.25;35.75;34.00;25.25;24.75;23.75;24.25;24.25;25.50;37.25;34.25;24.50;24.50;24.00;23.75;24.50;25.00;32.75;29.50;24.25;23.50;23.50;23.50;23.50;24.25;25.00;24.75;23.75;23.25;23.25;23.00;23.50;23.50;23.25;23.25;23.50;23.75;23.50]
42422- [24.50;23.75;24.25;25.50;25.00;24.75;24.75;24.50;24.50;24.00;25.00;26.25;26.25;25.00;24.25;24.75;24.50;24.25;25.25;31.75;31.25;25.00;24.75;24.00;24.25;24.00;25.00;36.00;34.25;24.75;23.75;23.75;24.25;24.25;25.75;37.00;34.50;25.25;24.25;23.75;23.75;24.00;24.50;32.75;29.00;24.00;23.25;23.50;23.50;23.25;23.75;25.00;24.50;23.50;23.50;22.75;23.00;23.25;23.75;23.25;23.50;23.00;22.50;23.00]
42907- [25.00;24.25;24.75;25.50;25.25;24.25;24.75;24.00;24.50;24.25;24.50;26.75;26.50;24.75;24.25;24.50;24.00;24.75;25.00;31.75;31.25;25.25;24.25;23.75;24.00;24.50;25.00;35.50;34.00;24.75;24.00;23.25;24.00;24.75;25.25;37.25;34.00;24.75;24.00;23.75;23.75;24.00;25.00;32.25;29.25;24.00;23.50;23.50;24.00;23.25;24.00;25.00;24.25;23.50;23.00;22.50;23.50;23.00;23.75;23.50;23.25;23.00;23.25;23.00]
43392- [24.75;24.25;24.50;24.50;25.25;24.25;24.75;24.00;24.25;24.00;24.75;26.00;26.50;24.50;24.00;23.75;24.25;24.75;25.00;31.50;31.25;25.00;24.75;24.00;24.25;23.75;25.00;35.75;34.25;24.75;23.50;23.25;24.25;24.50;25.00;37.25;34.75;25.00;24.00;22.75;23.25;24.00;24.75;32.25;28.50;24.00;23.50;23.75;24.00;23.00;23.25;24.50;24.25;23.25;23.25;22.25;23.25;23.00;23.75;23.25;23.75;22.75;22.50;23.25]
43877- [24.50;24.25;24.75;25.00;24.75;24.50;24.75;24.25;24.50;24.00;24.75;26.25;26.25;24.00;24.25;24.25;24.00;24.50;25.00;31.75;31.00;25.00;24.00;24.25;24.00;24.25;25.00;35.75;34.00;25.25;24.00;23.50;24.25;24.50;25.50;37.00;34.50;25.00;24.00;23.50;23.50;23.75;24.50;32.75;28.75;24.00;23.75;23.50;23.25;23.75;23.50;24.75;24.75;23.75;23.25;22.75;22.75;23.75;23.00;23.50;23.00;23.25;23.00;22.75]
44362- [24.25;23.75;24.50;25.00;24.75;24.25;24.25;24.25;24.50;24.25;24.75;26.75;26.25;24.50;24.00;24.75;24.25;24.75;25.25;32.00;31.00;24.75;24.25;24.25;24.25;24.25;25.50;35.25;33.50;25.00;24.00;23.75;24.50;24.25;25.50;37.25;34.25;24.75;24.50;23.00;23.75;24.00;24.75;32.50;29.25;24.00;23.75;23.50;23.75;23.50;23.25;25.00;24.75;24.00;23.00;22.75;23.50;23.00;23.50;23.00;23.50;22.50;22.75;22.75]
44847- [24.75;24.25;24.50;25.25;24.75;24.25;24.50;24.00;24.50;24.00;24.75;26.25;26.50;24.75;24.25;24.50;24.00;24.50;25.00;32.00;31.25;25.25;24.50;23.75;24.00;24.50;24.75;35.50;34.50;24.75;24.00;23.75;24.50;24.25;24.75;37.25;34.25;24.75;24.00;23.25;23.75;23.75;24.75;32.50;29.25;24.50;23.25;24.00;23.50;23.25;23.75;24.75;24.25;23.75;23.25;23.25;23.25;23.25;23.75;23.00;23.75;23.00;23.25;23.00]
45332- [24.25;23.75;24.50;25.25;25.25;24.25;24.50;24.25;24.25;24.50;24.50;26.50;26.50;24.75;24.00;24.75;24.50;24.50;25.25;31.75;31.50;25.25;24.50;23.75;24.25;24.25;25.00;36.00;34.00;24.75;24.25;23.50;24.25;24.25;25.25;37.25;34.25;24.75;24.25;23.25;24.00;24.00;25.00;32.25;29.25;24.75;23.50;23.50;24.00;23.75;24.00;24.75;24.25;23.50;23.50;22.75;22.75;23.50;23.00;22.75;23.50;23.00;22.75;22.75]
45817- [24.50;24.00;24.25;25.00;25.25;24.25;24.25;24.50;24.25;24.00;24.75;26.25;25.75;24.25;24.00;24.25;24.25;24.50;25.25;31.75;31.00;25.25;24.75;23.75;24.00;24.25;25.50;35.75;33.75;24.75;24.00;23.75;24.00;24.50;25.50;36.75;34.25;24.75;24.25;23.50;23.75;24.25;24.75;32.00;29.00;24.00;23.50;23.75;23.50;23.50;23.50;24.75;24.00;23.75;23.00;23.00;23.25;23.25;23.00;23.25;23.50;23.00;23.25;22.75]
46302- [24.50;24.00;24.25;24.50;24.75;24.50;24.50;24.00;24.25;24.00;24.25;26.25;26.00;24.75;23.25;24.25;24.00;24.00;24.50;31.50;30.75;24.75;24.50;23.75;24.00;24.00;25.00;35.75;34.00;24.75;24.00;23.00;24.25;24.00;25.25;36.75;34.00;24.50;23.75;23.00;24.25;24.00;24.75;32.00;29.00;23.75;23.25;23.25;23.00;23.00;23.50;24.50;23.75;23.00;22.25;21.75;23.00;22.75;23.25;22.75;23.00;23.00;22.75;22.50]
46787- [24.50;23.25;24.25;24.50;25.00;24.25;24.25;24.25;24.75;23.75;24.25;26.00;26.50;24.50;24.00;24.25;24.25;24.25;25.25;31.50;31.25;24.75;24.25;23.75;23.75;24.00;25.00;35.50;34.00;24.50;23.75;23.50;23.75;24.00;25.25;37.25;34.00;24.50;23.75;22.75;23.75;24.00;24.50;32.25;28.75;24.25;23.25;23.50;23.25;23.50;23.25;24.25;24.50;23.50;22.75;22.25;22.75;23.50;23.25;23.50;23.00;22.75;22.75;22.75]
47272- [24.75;23.75;24.25;25.25;25.50;24.50;24.50;24.25;24.75;24.00;24.75;26.25;26.25;24.50;24.00;24.25;24.50;24.50;25.00;32.00;31.50;24.50;24.25;23.75;24.00;23.75;24.75;35.50;34.00;25.00;23.75;24.00;24.25;24.25;25.25;37.00;34.25;24.75;23.75;22.75;23.75;24.00;24.00;32.25;28.75;24.25;23.50;23.25;23.50;23.25;24.00;24.50;24.25;23.50;23.25;22.00;23.00;22.75;23.00;23.25;23.25;22.25;22.50;22.75]
47757- [24.50;24.00;24.25;24.75;25.00;24.25;24.75;25.00;24.50;24.25;24.75;26.25;26.50;24.25;24.25;24.25;24.25;24.50;24.75;31.50;31.25;24.75;24.50;23.50;24.00;24.00;25.25;35.75;34.00;25.00;24.25;24.00;24.50;24.25;25.50;36.75;34.50;25.00;24.00;23.25;23.75;24.25;24.75;32.25;29.00;24.25;23.50;23.75;23.50;23.25;23.75;25.00;24.00;23.50;23.50;22.25;23.00;23.25;23.00;23.25;23.25;23.00;23.25;23.50]
48242- [24.50;24.50;24.25;24.75;25.00;24.50;24.50;24.25;24.75;24.50;25.00;26.75;26.50;24.50;24.00;24.25;24.25;24.75;25.00;31.75;31.25;25.25;24.25;23.75;24.25;24.25;25.25;35.75;34.00;25.00;24.25;23.75;24.00;24.75;25.25;37.25;34.25;24.75;24.25;23.50;23.50;24.00;25.00;32.75;29.00;24.25;23.25;23.75;23.50;23.25;23.75;24.75;24.25;23.50;22.75;22.25;23.00;23.50;23.75;23.25;23.50;23.00;23.00;23.00]
48727- [24.75;24.25;24.50;25.25;24.50;24.75;24.75;24.25;24.50;23.75;24.75;26.00;26.50;25.00;24.75;24.25;24.75;24.25;25.00;32.25;31.50;24.75;24.75;23.75;24.00;24.25;25.50;35.50;34.25;25.25;24.25;23.75;24.50;24.75;25.75;37.25;34.50;25.00;24.00;23.50;24.00;24.25;24.75;32.75;29.25;24.00;23.75;24.25;23.00;23.25;23.75;25.00;24.75;23.75;23.25;22.75;23.25;23.25;23.00;23.50;23.25;23.00;23.00;22.75]
49212- [24.50;24.25;24.50;25.25;25.00;24.50;24.50;24.50;24.75;24.50;25.00;26.50;26.00;24.50;24.50;24.25;24.25;24.25;25.25;31.75;31.50;25.25;24.75;23.75;24.25;24.50;25.50;35.75;34.25;25.25;23.75;23.75;24.75;24.25;25.50;37.25;34.50;25.25;24.00;23.00;23.75;24.00;25.00;33.00;29.00;24.50;23.50;24.25;24.00;23.50;24.00;25.00;24.50;24.00;23.25;22.75;23.25;23.50;23.75;23.50;23.25;23.00;23.25;22.75]
49697- [24.75;24.25;24.75;25.00;25.25;24.25;24.75;24.50;24.50;24.25;24.50;26.50;26.25;24.75;24.00;24.00;24.50;24.50;25.00;32.00;31.25;25.00;24.25;24.00;24.25;24.25;25.25;35.75;34.00;25.00;24.25;23.75;24.50;24.50;25.75;37.50;34.50;24.75;24.00;23.50;23.75;23.50;25.25;32.75;29.50;24.00;23.75;23.50;23.50;23.50;24.00;25.25;24.50;23.75;23.75;22.50;23.25;23.50;24.00;23.25;23.50;22.75;23.50;22.75]
50182- [24.50;23.75;24.50;25.00;25.00;24.25;24.75;23.75;24.25;24.00;25.00;26.75;26.00;24.75;24.50;24.25;24.25;24.75;25.00;32.50;31.25;25.25;24.25;24.00;24.25;24.50;25.50;35.75;34.00;25.00;24.00;23.50;24.25;24.25;25.50;37.50;34.25;24.75;24.25;24.00;23.75;24.50;25.00;32.50;29.25;24.75;23.75;23.75;23.50;23.25;23.50;25.25;24.50;23.25;23.75;22.50;22.75;23.50;23.75;23.25;23.50;23.00;23.50;22.75]
50667- [25.00;24.25;24.25;25.50;25.00;24.75;24.25;24.25;24.25;24.00;24.75;27.00;26.50;24.50;24.50;24.75;24.25;24.75;25.00;32.00;31.25;25.00;24.75;24.25;24.25;24.25;25.25;35.75;34.25;24.75;24.50;23.50;24.00;24.50;25.25;37.25;34.50;25.00;24.25;23.50;23.75;24.00;25.25;32.50;29.00;24.50;23.00;23.75;23.50;23.25;23.75;25.00;24.50;24.00;23.00;23.00;23.50;23.50;23.00;23.50;23.75;22.75;23.25;23.25]
51152- [24.50;24.00;24.75;25.00;25.25;24.25;24.75;24.25;24.75;24.50;24.75;26.00;26.75;24.75;24.25;24.25;24.25;24.25;25.00;31.50;31.25;24.50;24.25;24.00;24.25;24.25;25.75;35.50;34.25;24.75;24.25;23.50;24.25;24.75;25.50;37.25;34.50;24.75;24.25;23.75;23.75;24.25;25.00;32.75;29.25;24.00;23.50;23.75;24.00;23.00;23.75;25.50;24.50;23.75;23.25;22.75;22.75;23.50;24.00;23.50;23.50;23.25;23.00;23.00]
51637- [24.75;24.00;24.50;25.00;25.25;24.50;25.00;24.25;24.50;24.50;25.00;26.50;26.25;24.50;24.25;24.50;24.25;24.50;25.00;31.50;31.00;25.00;24.50;24.00;24.25;24.50;25.75;36.00;34.50;24.50;24.25;24.00;24.25;24.25;25.75;37.00;34.50;24.75;24.25;23.75;23.75;24.00;25.00;32.75;29.25;24.50;23.50;23.75;23.50;23.50;23.75;25.00;24.25;23.50;23.50;22.25;23.25;23.25;23.75;23.25;23.25;23.25;23.25;22.75]
52122- [24.75;24.00;24.50;25.25;25.25;24.50;24.75;24.25;24.75;24.50;24.75;26.75;26.75;24.75;24.25;24.50;24.75;24.50;25.25;31.75;31.50;25.25;24.50;24.00;24.50;24.25;25.50;35.75;34.00;25.25;24.00;24.00;25.00;24.50;25.50;37.50;34.50;24.75;23.75;23.50;23.75;24.25;25.00;32.50;29.25;24.00;23.50;23.50;23.75;23.25;23.50;25.00;24.50;23.25;23.00;23.00;23.50;23.25;23.50;23.00;23.25;23.50;22.50;23.00]
52607- [24.50;24.00;24.50;25.00;25.00;24.50;24.25;24.25;24.50;24.00;24.50;26.00;26.50;25.00;24.00;24.25;24.75;24.25;25.00;31.75;31.50;25.50;24.50;23.25;24.25;24.25;25.25;35.75;34.25;25.00;24.25;23.75;24.50;24.50;25.75;37.75;34.50;25.25;24.25;23.50;23.75;24.00;24.75;32.75;29.00;24.25;23.50;23.75;23.50;23.50;23.75;25.25;24.50;23.50;23.00;22.75;23.00;23.50;23.50;23.50;23.25;23.00;23.50;23.00]
53092- [24.50;24.00;24.50;25.25;25.50;24.00;24.50;24.50;24.50;24.25;24.75;26.25;26.75;24.50;24.50;24.50;24.50;24.50;25.75;32.00;31.25;25.25;24.50;24.00;24.50;24.50;25.25;35.75;34.25;24.75;24.25;23.75;25.00;24.75;25.75;37.25;34.25;24.75;24.25;23.75;23.50;24.00;24.75;32.50;29.50;24.25;23.50;23.75;23.75;23.50;24.00;25.00;24.25;24.00;23.50;23.00;23.50;23.50;24.25;23.50;23.75;23.00;23.25;22.00]
53577- [25.25;24.00;24.75;25.00;25.00;24.50;25.00;24.50;24.25;24.50;25.25;27.00;26.50;24.75;24.50;24.75;24.50;25.00;25.50;32.00;31.50;25.25;24.75;24.25;24.25;24.75;25.75;35.75;34.25;25.00;24.50;24.25;24.50;24.75;25.75;37.25;34.50;25.25;24.00;24.00;24.00;24.75;25.00;32.75;29.25;24.25;24.00;24.25;23.50;23.25;24.25;25.25;25.00;23.75;23.25;22.75;23.50;23.75;23.50;23.50;24.00;22.75;23.25;23.50]
54062- [24.75;24.50;24.75;25.50;25.00;24.25;25.00;24.75;24.75;24.00;25.00;26.50;26.50;24.25;24.25;24.50;24.50;24.25;25.25;31.75;31.50;25.00;24.50;23.75;23.50;24.25;25.00;35.75;34.00;25.00;24.00;23.50;24.75;24.75;25.75;37.25;34.25;24.75;24.50;23.50;23.75;24.25;25.00;32.25;29.00;24.00;23.50;23.25;23.25;23.25;24.00;24.75;24.50;23.25;23.00;22.75;23.50;23.25;23.75;23.50;23.25;23.25;23.50;23.50]
54547- [24.25;24.00;24.50;25.50;25.00;25.00;24.50;24.25;24.75;24.00;24.75;26.75;26.50;24.75;24.25;24.25;24.00;24.25;25.50;31.75;31.25;24.75;24.50;24.00;24.25;24.00;25.25;35.50;34.25;25.25;24.00;23.75;24.50;24.50;25.50;37.50;34.25;25.25;24.00;23.75;24.25;24.25;25.00;33.00;29.50;23.75;23.50;23.50;23.25;23.50;24.00;25.00;24.25;24.00;23.25;22.50;23.25;23.00;23.75;22.75;23.25;22.75;23.25;22.50]
55032- [24.75;24.50;24.00;25.00;25.25;24.50;24.75;24.25;24.50;24.00;24.75;26.50;26.25;24.50;24.25;24.00;24.50;24.75;25.25;32.25;31.50;25.00;24.50;24.50;24.25;24.00;25.50;35.75;34.25;25.50;24.75;23.50;24.75;24.75;26.00;37.25;34.25;25.00;24.25;23.50;24.00;24.25;25.00;32.25;29.25;24.00;23.75;23.50;24.25;24.00;23.75;24.75;24.50;23.75;23.00;22.25;23.00;23.25;23.50;23.50;23.25;23.25;23.25;23.00]
55517- [25.00;24.00;24.75;25.50;25.00;24.75;24.75;24.50;24.75;24.50;25.00;26.50;26.75;25.00;24.50;24.50;24.00;24.75;25.50;32.00;31.50;25.00;24.75;24.00;24.50;24.50;25.50;35.75;34.50;25.00;24.50;23.50;24.75;24.75;25.75;37.25;34.50;25.50;24.50;23.75;24.00;23.75;25.00;32.25;29.25;24.25;24.00;23.50;23.50;23.50;23.50;24.75;24.25;23.75;23.25;22.50;23.00;23.75;23.75;23.75;23.25;23.25;23.00;23.00]
56002- [25.25;24.00;25.00;25.00;25.50;24.25;25.00;24.75;24.25;24.25;24.75;26.50;26.50;24.75;24.75;24.25;24.50;24.75;25.75;31.75;31.50;25.25;24.50;23.50;24.25;24.25;25.75;35.50;34.75;25.25;24.25;24.00;24.50;25.00;26.00;37.25;34.50;25.00;24.00;23.75;24.00;24.25;24.75;32.75;29.25;24.50;23.75;23.75;23.75;23.50;23.75;25.00;25.00;24.00;23.25;23.00;23.00;23.75;23.50;23.25;23.25;23.00;23.50;23.50]
56487- [24.75;24.25;24.75;25.50;25.25;24.75;25.00;24.75;24.50;24.50;25.00;26.50;26.00;24.75;24.75;24.50;24.75;25.25;25.50;32.25;31.50;25.50;24.75;24.25;24.50;24.25;25.50;36.00;34.50;25.25;24.50;24.25;24.50;25.00;25.75;37.25;34.50;25.00;24.25;23.50;24.50;24.50;25.00;33.25;29.50;24.75;24.50;24.00;23.50;23.50;24.00;25.00;25.00;23.50;23.75;22.75;22.75;23.75;23.00;23.50;23.75;23.25;23.00;23.00]
56972- [25.00;23.75;24.25;25.00;25.25;24.75;24.50;24.75;24.75;24.25;24.75;26.50;26.50;25.25;24.25;24.75;24.25;24.50;25.50;32.25;31.25;25.00;24.75;24.00;24.25;24.50;25.75;35.75;34.25;25.25;24.50;24.25;24.25;24.75;26.00;37.75;34.75;25.25;24.25;24.00;24.25;24.25;25.25;33.00;29.25;24.25;24.00;23.75;23.50;23.50;24.00;24.75;24.75;24.00;23.25;22.75;23.75;23.75;23.50;23.25;23.50;23.00;23.25;22.75]
57457- [25.00;24.25;25.25;25.50;25.50;24.75;25.25;24.75;24.75;24.25;25.25;26.25;26.75;25.00;24.25;24.50;24.25;24.75;25.50;31.50;31.00;25.25;24.75;24.50;24.25;24.50;25.50;36.00;34.50;25.50;24.25;23.75;24.25;24.75;25.75;37.25;34.25;25.00;24.50;23.50;24.00;24.25;24.75;33.00;29.50;24.50;23.75;24.25;24.00;23.50;24.25;25.25;24.75;23.50;23.50;22.75;23.50;23.25;24.00;23.75;23.75;23.50;23.50;23.00]
57942- [24.75;24.25;24.75;25.50;25.00;24.50;24.75;24.75;24.75;24.25;24.75;26.50;26.50;25.00;24.50;24.50;24.50;24.75;25.25;32.00;31.75;25.50;25.25;24.00;24.75;24.25;25.25;36.00;34.25;25.50;24.25;24.00;24.25;24.25;26.00;37.25;34.25;25.00;24.25;23.75;24.25;24.25;25.00;33.00;29.25;24.25;23.50;24.00;24.25;23.50;24.25;25.25;24.75;24.00;23.50;22.50;23.50;23.25;23.50;23.25;23.50;23.25;23.50;22.75]
58427- [25.00;24.50;24.75;25.50;25.00;24.50;24.75;24.50;24.75;24.25;25.00;26.75;26.25;25.00;24.50;24.75;24.25;24.25;25.50;32.00;31.50;25.00;24.25;23.75;24.25;24.50;25.25;36.00;34.00;25.25;24.50;24.00;24.25;24.75;25.75;37.50;34.25;25.25;24.25;23.75;24.00;24.25;25.00;33.25;29.00;24.50;24.00;23.75;23.50;23.75;24.00;25.00;24.75;23.75;23.25;23.00;23.25;23.25;23.75;23.75;23.75;23.00;22.75;23.25]
58912- [24.50;24.00;24.25;25.25;25.00;24.25;25.00;24.50;25.00;24.50;25.00;26.50;26.50;25.00;24.25;24.50;24.50;24.50;25.00;32.00;31.50;25.00;24.25;24.00;24.50;24.25;25.50;36.25;34.00;25.00;24.25;23.50;24.50;24.50;25.75;37.25;34.25;25.00;24.25;23.25;23.75;24.25;25.00;33.25;29.50;24.50;23.25;24.00;23.75;23.75;24.25;25.25;24.50;23.50;23.50;23.50;23.25;23.50;23.50;23.25;23.50;23.00;23.00;23.25]
59397- [24.75;24.00;24.50;25.75;25.25;24.50;25.00;24.25;25.00;24.75;25.25;26.50;26.25;25.00;24.25;24.75;24.00;24.75;25.75;31.75;31.25;25.50;24.50;23.75;24.25;24.50;25.75;35.75;34.00;25.25;24.25;23.75;24.50;24.50;25.75;37.50;34.25;25.00;24.00;23.75;23.75;24.00;25.00;32.75;29.00;24.25;23.50;24.00;23.75;23.75;23.75;25.00;24.25;24.00;24.00;22.75;23.25;23.00;23.50;23.25;23.25;23.00;23.50;23.00]
59882- [24.75;24.00;24.75;25.25;25.25;25.00;24.50;24.25;24.75;24.25;25.00;27.00;26.50;25.00;24.75;25.25;24.25;25.00;25.50;31.75;31.25;25.25;24.75;24.00;24.25;24.50;25.50;35.75;34.25;25.25;24.25;23.75;24.25;24.75;25.50;37.50;34.25;25.25;24.25;23.75;24.00;24.25;24.75;32.75;29.50;24.25;23.50;24.00;23.75;23.50;23.50;25.00;24.25;23.50;23.50;22.75;23.50;23.25;23.50;23.25;23.50;23.00;23.25;23.25]
60367- [24.25;24.25;24.50;25.00;25.00;24.25;24.75;25.25;25.00;24.50;25.00;26.50;26.50;25.25;24.50;24.50;24.25;25.00;25.25;31.75;31.00;25.50;24.50;23.75;24.25;24.50;25.50;36.00;34.25;25.00;23.75;24.00;24.75;24.75;25.50;37.25;34.50;25.00;24.50;23.00;24.25;24.25;25.25;32.75;29.75;24.25;23.50;23.50;23.50;23.50;23.75;25.25;24.50;23.75;23.50;22.50;22.75;23.25;23.50;23.50;23.50;23.50;23.50;22.75]
60852- [25.00;24.50;24.75;25.25;25.25;24.50;24.75;24.25;24.75;24.50;24.75;26.75;26.50;25.00;24.75;24.25;24.50;25.00;25.25;32.00;31.50;24.75;24.50;24.00;24.50;24.25;25.00;35.75;34.25;25.50;24.50;23.75;24.50;24.75;25.75;37.50;34.50;25.25;24.00;23.50;23.50;24.00;25.00;33.00;29.00;24.25;24.00;23.50;23.75;23.00;24.00;24.75;24.75;23.50;23.25;22.75;23.50;23.25;23.50;23.00;23.25;23.50;23.00;23.00]
61337- [24.50;24.25;24.25;25.25;24.75;24.50;24.25;24.25;24.00;24.25;24.75;26.25;26.25;24.75;23.75;24.50;24.25;24.25;25.50;31.75;31.00;25.00;24.00;23.50;24.50;24.50;25.25;35.50;34.00;25.00;24.00;23.50;24.75;24.50;25.50;37.00;34.25;24.75;23.75;23.50;23.50;24.25;24.50;32.25;29.00;24.25;23.75;23.50;23.50;23.50;24.00;24.75;24.25;23.75;23.00;23.00;22.75;23.25;24.00;23.00;23.25;23.00;22.75;23.25]
61822- [24.50;23.75;24.25;25.50;25.00;24.50;24.75;24.25;25.00;24.25;25.00;26.50;26.75;25.00;24.25;24.25;24.50;24.50;25.00;32.00;31.50;25.25;24.75;24.00;24.25;24.00;25.00;35.75;34.00;25.25;24.00;23.75;24.25;24.25;25.50;37.25;34.50;24.75;24.00;23.50;23.75;24.25;24.75;32.75;29.00;24.50;23.25;24.00;23.25;23.50;23.50;24.75;24.25;23.75;23.25;22.25;23.25;23.50;23.50;23.00;23.25;23.00;22.75;23.50]
62307- [24.50;23.50;24.75;25.00;25.00;24.75;24.25;24.00;24.50;24.50;25.00;26.25;26.00;25.00;24.25;24.75;24.50;24.75;25.00;31.50;30.75;24.75;24.25;23.50;24.00;24.50;25.50;36.00;34.50;25.00;24.25;24.00;24.25;24.25;25.25;37.25;34.25;24.75;24.25;23.25;23.50;23.75;24.25;32.50;29.00;23.75;23.50;23.50;23.50;23.25;23.50;25.00;24.75;24.00;23.75;22.75;22.50;23.50;23.25;23.00;23.00;22.75;23.25;22.50]
62792- [24.75;24.25;24.50;25.50;25.25;24.75;24.75;25.00;24.75;24.75;25.00;26.50;26.50;24.50;24.50;24.75;24.00;24.50;25.00;31.75;31.25;25.50;24.50;23.50;25.00;24.50;25.50;35.50;34.00;25.00;24.00;24.00;24.50;24.50;25.50;37.25;34.50;24.75;23.75;24.00;24.00;24.25;25.00;32.50;29.50;24.75;24.00;24.00;23.50;23.50;23.75;24.75;24.50;23.75;23.25;22.75;23.25;23.50;23.75;23.50;23.25;23.00;23.00;23.00]
63277- [24.25;24.25;24.50;25.00;25.50;25.00;25.00;24.75;24.75;24.50;25.00;26.50;26.25;25.00;24.25;24.25;24.50;25.00;25.25;32.00;31.50;24.75;24.50;24.00;24.50;24.25;25.50;35.75;34.25;25.25;24.25;23.75;24.50;24.50;25.50;37.25;34.50;24.75;24.00;24.00;24.25;24.00;25.00;32.50;29.25;24.50;23.75;23.75;24.00;23.50;24.25;24.75;24.50;23.75;23.25;22.25;23.25;23.50;23.50;23.75;23.75;23.50;23.00;23.00]
63762- [24.50;24.25;24.50;25.25;25.00;24.25;24.75;24.25;24.25;24.25;24.75;26.50;26.50;24.75;24.25;24.25;24.00;24.00;25.00;31.50;31.00;25.00;24.25;23.75;24.25;24.25;25.25;35.75;34.25;25.00;24.50;24.25;24.75;24.75;25.50;37.25;34.25;24.75;24.00;23.50;23.50;24.00;25.00;32.75;29.00;24.25;23.00;24.00;23.75;23.00;23.75;24.50;24.50;23.25;22.75;22.50;23.00;23.75;23.75;23.25;23.50;22.75;23.00;22.50]
64247- [24.75;24.50;24.75;25.00;25.25;24.50;24.50;24.50;24.50;24.50;25.00;26.75;26.25;24.50;24.25;24.50;24.50;24.75;25.00;32.00;31.25;25.25;24.25;23.75;24.00;24.50;25.50;35.75;34.25;25.00;24.50;23.75;24.50;24.50;26.00;37.25;34.50;25.00;24.25;23.50;23.75;24.25;24.50;32.75;29.25;24.50;23.50;23.50;23.75;23.25;23.75;24.75;24.50;24.25;23.50;22.50;23.50;23.75;23.75;23.00;23.00;23.00;23.00;22.75]
64732- [25.00;23.75;24.50;25.50;25.25;24.75;25.00;24.25;24.75;24.50;24.75;26.25;26.50;24.75;24.50;24.25;24.50;24.50;25.25;32.00;31.25;24.75;24.50;23.75;24.75;24.25;25.50;36.00;34.50;25.00;24.00;24.00;24.25;24.25;25.75;37.25;34.00;25.00;24.00;22.75;23.75;24.00;25.00;32.50;29.25;24.75;23.50;24.00;23.00;23.50;24.00;25.00;24.50;23.50;23.25;22.00;23.00;23.25;23.00;23.50;23.00;22.75;22.50;23.25]
65217- [24.75;24.00;24.50;25.25;25.25;24.75;24.25;24.50;24.50;24.75;24.75;26.25;26.50;24.50;23.75;24.00;24.50;24.50;25.25;31.75;31.25;25.00;24.75;24.25;24.25;24.50;25.25;35.75;34.25;25.00;24.00;24.00;24.75;24.50;25.75;37.25;34.25;24.75;24.25;23.25;23.50;24.50;25.00;32.50;29.00;24.25;23.50;24.00;23.75;23.75;23.75;25.25;24.50;24.00;22.75;22.50;23.50;23.25;23.50;23.25;23.00;23.00;23.00;23.00]
65702- [25.00;24.50;25.00;25.50;25.25;24.75;24.50;24.00;25.00;24.25;25.25;26.25;26.50;25.00;24.75;24.00;24.75;24.50;25.25;32.00;31.25;25.00;24.50;23.75;24.50;24.50;25.50;35.75;34.50;25.00;24.00;24.00;24.50;24.75;26.00;37.00;34.50;25.25;24.00;23.25;23.50;24.00;24.75;33.00;29.00;24.25;23.25;24.00;23.75;23.25;23.75;25.00;24.50;23.50;23.25;22.75;23.50;23.75;23.75;23.25;23.50;22.75;23.25;23.25]
66187- [24.75;24.00;24.50;25.25;25.00;24.50;24.75;24.25;25.00;24.00;25.00;26.50;26.75;24.75;24.50;24.75;24.50;24.75;25.25;31.75;31.50;25.25;24.50;23.75;24.25;24.25;25.50;35.75;34.00;25.00;24.00;23.75;24.50;24.00;25.75;37.25;34.50;25.00;24.25;23.75;24.00;23.50;25.25;32.50;29.00;24.25;23.25;23.75;23.75;23.50;23.75;25.25;24.25;23.50;22.75;23.00;23.50;23.75;23.25;23.00;23.25;22.75;23.25;23.00]
66672- [25.25;24.00;24.50;25.50;25.50;24.25;24.75;24.50;24.75;24.25;24.50;26.50;26.25;24.75;24.00;24.00;24.25;24.25;25.25;31.75;31.25;25.00;24.25;23.75;24.25;24.25;25.50;35.50;34.00;24.75;23.75;23.50;24.25;24.25;25.25;37.25;34.50;24.50;24.00;23.50;24.00;24.00;25.00;32.75;29.25;24.25;23.50;23.25;23.75;23.75;24.00;24.75;24.75;23.50;23.50;22.25;23.00;23.25;23.50;23.50;23.50;23.25;23.50;23.00]
67157- [25.00;24.25;24.50;25.00;25.25;24.75;24.50;24.75;24.75;24.50;24.75;26.25;26.00;24.75;24.00;24.50;24.75;24.75;25.25;32.00;31.25;25.00;24.75;24.00;24.50;24.50;25.25;35.75;34.25;25.00;24.25;23.50;24.50;24.50;25.50;37.25;34.50;25.00;24.25;23.75;24.00;24.00;24.75;33.00;29.50;24.50;23.50;23.50;23.25;23.75;23.50;25.00;24.75;23.75;23.50;23.25;23.00;23.50;23.50;23.25;23.75;23.50;22.50;23.50]
67642- [25.25;24.25;24.50;25.50;25.25;24.75;24.75;24.00;24.75;24.25;25.00;26.50;26.75;24.75;24.50;24.25;24.75;24.50;25.25;32.00;31.25;25.50;24.75;24.25;24.25;24.50;25.50;36.00;34.25;25.25;24.00;24.50;24.50;24.75;25.75;37.25;34.25;25.00;24.25;23.75;24.00;24.25;25.00;33.00;29.00;24.75;24.25;24.00;23.25;23.50;23.50;25.25;24.50;24.00;22.75;22.75;23.00;23.25;23.75;23.25;23.00;23.00;23.50;23.50]
68127- [24.75;24.00;25.00;25.00;25.25;25.00;24.75;24.75;25.00;24.75;25.00;26.50;26.50;24.75;24.00;24.75;24.50;24.75;25.25;32.00;31.50;25.00;24.50;24.25;24.25;24.25;25.50;35.75;34.50;25.00;23.75;23.75;24.25;24.75;25.75;37.00;34.25;25.25;24.25;23.75;23.50;24.25;24.75;33.00;29.00;24.50;23.75;23.75;24.00;23.75;24.00;25.00;24.50;23.75;23.50;22.50;23.25;23.25;23.25;23.25;23.50;22.75;23.25;22.50]
68612- [25.25;24.50;25.00;25.50;24.75;24.75;25.00;24.75;24.75;24.50;25.00;26.75;26.50;24.50;24.50;24.25;24.50;25.00;25.00;32.00;31.25;25.50;24.75;24.00;24.50;24.25;25.50;36.00;34.25;25.25;24.00;24.00;24.75;25.00;25.75;37.25;34.25;25.00;24.50;24.00;23.50;24.00;25.25;33.00;29.50;24.25;23.50;24.00;23.50;23.00;23.50;25.00;24.50;23.50;23.75;23.25;23.25;23.00;23.50;23.25;23.50;23.50;23.50;23.00]
69097- [24.50;24.25;24.00;25.25;25.00;24.50;24.50;24.00;24.50;24.00;24.75;26.25;26.25;25.50;24.75;24.50;24.50;24.50;25.00;31.50;31.25;25.00;24.75;23.50;24.00;24.00;25.25;35.25;34.25;25.00;24.25;23.50;24.75;24.75;25.50;37.25;34.50;24.75;23.75;24.00;23.25;23.75;24.75;33.00;29.00;24.00;23.50;24.00;23.75;23.00;23.75;25.00;24.75;23.75;23.25;22.25;23.00;23.25;23.75;23.00;23.25;22.75;23.25;23.25]
69582- [25.25;24.25;24.50;25.25;25.50;24.25;24.75;24.50;24.25;24.00;24.75;26.50;26.25;24.75;24.50;24.50;24.50;24.50;25.25;32.00;31.25;25.00;24.25;23.50;24.00;24.00;25.25;35.50;34.00;25.00;24.25;23.75;24.50;24.75;25.75;37.00;34.00;25.00;24.00;23.25;23.75;24.25;25.25;32.75;29.25;24.25;23.25;23.50;23.50;23.50;24.00;24.75;24.00;23.75;23.25;22.75;22.75;23.25;23.25;23.25;23.25;23.00;23.00;23.00]
70067- [24.25;24.25;24.25;25.00;25.00;24.50;25.00;24.25;24.75;24.75;24.75;26.50;26.50;25.00;24.25;24.25;24.50;24.75;25.75;31.50;31.25;25.25;24.25;24.00;23.75;24.50;25.00;35.75;34.50;25.00;24.25;23.25;24.25;24.50;25.50;37.00;34.25;25.00;24.50;23.00;24.00;24.00;25.00;32.75;29.00;24.50;23.75;23.50;23.50;23.75;24.25;25.00;25.00;23.75;23.00;22.75;23.25;23.00;23.50;23.25;23.25;23.00;22.75;23.00]
70552- [24.75;24.50;24.75;25.50;25.50;25.00;25.00;25.25;24.75;24.25;24.75;26.75;26.75;24.75;24.25;24.50;24.25;24.50;25.50;31.50;31.25;25.00;24.25;23.50;24.25;24.50;25.50;35.75;34.25;25.25;24.50;23.50;24.75;24.50;25.75;37.50;34.75;25.50;24.75;24.00;24.00;24.25;25.25;32.50;29.25;24.50;23.75;23.75;23.75;24.00;24.25;25.00;25.00;24.00;23.50;22.75;23.25;23.50;23.75;23.50;23.50;23.25;22.75;22.75]
71037- [25.00;24.25;25.25;25.50;25.25;24.75;25.25;24.50;24.50;24.50;25.00;26.50;26.50;24.75;24.25;24.75;24.50;24.50;25.50;32.00;31.50;25.00;25.00;23.75;24.75;24.50;25.50;36.00;34.25;25.50;24.25;24.00;24.75;24.75;26.25;37.50;34.25;25.00;24.25;23.75;24.00;24.25;25.00;32.75;29.25;24.25;24.00;24.00;23.25;23.50;24.00;25.00;24.25;24.00;23.25;22.75;23.75;23.50;24.00;23.25;23.75;23.25;23.50;23.50]
71522- [24.50;24.50;24.50;25.50;25.25;25.25;24.75;24.75;24.50;24.50;25.25;26.50;26.50;25.00;24.75;24.50;24.50;25.00;25.25;32.00;31.25;25.50;24.50;25.00;24.25;24.25;25.25;36.00;34.25;25.25;24.25;23.75;24.75;24.75;25.75;37.25;34.25;25.00;24.50;23.75;23.75;24.25;24.75;32.75;29.50;24.50;24.00;23.75;23.75;23.50;24.00;25.25;24.25;24.00;23.50;23.25;23.25;23.75;23.75;23.75;23.50;23.25;23.50;23.25]
72007- [24.75;24.50;24.75;25.75;25.25;25.00;24.75;24.75;24.50;24.50;24.75;26.50;26.00;24.50;24.50;24.50;24.75;24.50;25.25;32.00;31.50;25.25;24.75;24.25;24.50;24.50;25.50;36.25;34.50;25.00;24.25;24.00;24.75;24.75;25.75;37.50;34.75;25.00;24.25;23.25;24.25;24.50;25.25;33.00;29.75;24.50;23.25;24.00;24.00;23.50;24.00;25.00;24.75;23.75;23.25;22.75;23.25;23.50;23.75;23.25;23.50;22.50;23.25;23.00]
72492- [25.50;24.50;24.50;25.50;25.25;24.75;24.75;24.50;25.00;24.50;24.75;26.50;26.50;25.00;24.50;24.50;25.00;24.75;25.75;31.75;31.50;25.00;24.50;24.25;24.25;24.25;25.50;35.75;34.50;25.25;24.50;23.75;24.75;24.50;25.75;37.25;34.50;25.00;23.75;24.25;24.25;24.25;25.25;32.75;29.50;24.75;23.75;24.25;24.00;23.25;23.75;25.25;24.50;23.75;23.00;22.50;23.50;23.25;23.50;23.75;23.25;23.25;23.50;23.00]
72977- [24.25;24.25;24.50;25.25;25.25;25.00;24.50;24.50;24.50;24.50;25.25;27.00;26.50;25.00;24.50;24.25;24.50;25.00;25.50;32.00;31.25;25.00;24.75;23.75;24.50;24.75;25.25;35.50;34.00;25.25;24.25;24.00;24.50;25.00;25.75;37.50;34.50;25.00;24.25;23.75;24.00;24.00;25.50;33.00;29.50;24.50;23.50;24.00;23.50;23.50;24.25;25.50;24.75;23.75;23.75;23.25;23.25;23.75;23.75;23.50;23.50;22.75;23.25;23.00]
73462- [24.50;23.75;24.75;25.75;25.25;24.25;25.00;24.75;24.75;24.50;24.75;26.50;26.75;24.75;24.50;24.25;24.50;24.50;25.50;32.00;31.25;25.25;24.75;24.50;24.50;24.50;25.50;35.75;34.25;25.00;24.75;24.50;24.25;24.50;25.75;37.25;34.50;25.25;24.25;23.75;24.25;24.25;25.00;32.75;29.00;24.00;23.75;24.25;23.50;23.75;24.25;25.25;24.75;23.75;23.25;23.00;23.50;23.50;23.75;23.50;23.50;23.00;23.00;23.50]
73947- [25.00;24.25;24.50;25.25;25.00;24.75;25.00;24.25;25.00;24.25;25.25;27.00;27.00;25.00;24.75;24.50;24.75;24.75;25.25;31.75;31.25;25.50;24.25;24.25;24.25;24.50;25.25;35.75;34.25;25.00;24.50;24.00;24.50;24.75;25.75;37.25;34.75;25.00;24.00;23.75;24.00;24.00;25.00;32.50;29.00;24.50;23.75;24.00;23.75;23.50;24.00;24.75;24.50;24.00;23.75;22.75;23.50;23.25;24.00;23.25;23.00;23.25;23.25;23.25]
74432- [24.75;24.25;25.00;25.50;25.00;24.50;25.50;24.75;24.75;24.75;25.00;27.00;26.50;24.75;24.50;25.00;24.00;25.00;25.25;32.25;31.25;25.25;24.75;24.00;24.50;24.50;25.50;35.75;34.25;24.75;24.50;23.75;24.50;25.00;25.75;37.75;34.50;25.50;24.75;24.00;24.25;24.50;24.50;32.75;29.50;24.25;24.25;23.75;24.00;23.25;24.25;25.25;24.75;23.75;23.50;23.00;23.50;23.25;24.00;23.25;23.50;23.25;23.50;23.25]
74917- [24.75;24.25;24.50;25.25;25.50;24.50;25.25;24.00;24.75;24.50;24.75;26.75;26.75;24.50;24.50;24.25;24.75;24.50;25.25;31.75;31.50;25.25;25.00;24.00;24.50;24.25;25.50;35.75;34.25;25.25;24.50;23.75;24.50;24.50;26.00;37.25;34.50;25.00;24.00;23.75;24.25;24.25;25.25;33.00;29.50;24.50;24.00;24.00;23.50;23.25;24.00;25.50;24.75;24.00;23.25;23.50;23.25;23.50;23.50;23.25;23.50;23.00;23.75;23.25]
75402- [25.00;24.25;25.00;25.00;25.25;25.00;24.75;24.75;24.75;24.75;25.00;26.50;26.25;25.25;24.25;24.75;25.00;24.50;25.25;32.00;31.25;25.00;24.75;24.25;24.25;24.75;25.25;36.00;34.50;25.25;24.25;24.00;24.75;24.75;26.25;37.50;34.50;24.75;24.75;24.25;24.00;24.25;25.00;33.00;29.25;24.25;23.25;23.50;23.50;23.75;24.25;25.25;24.50;23.75;23.75;22.75;23.50;23.25;23.50;23.75;23.75;23.00;23.50;22.75]
75887- [24.75;24.25;24.50;25.50;25.00;24.50;24.50;24.50;24.75;24.75;25.00;26.50;26.50;25.00;24.25;24.25;24.25;25.00;25.75;31.75;31.75;25.75;24.75;24.25;25.00;24.50;25.25;35.75;34.50;25.25;24.75;23.50;24.50;25.50;25.50;37.75;34.00;25.00;24.50;23.75;24.50;24.25;25.25;33.00;29.00;24.50;24.25;24.00;23.75;23.25;23.75;25.25;24.75;23.75;23.00;23.00;23.75;23.50;23.50;23.50;23.50;23.25;23.25;23.50]
76372- [24.25;24.00;24.25;24.50;25.00;24.25;24.50;23.75;24.50;24.50;24.25;26.25;26.00;24.50;24.25;24.50;24.50;24.75;25.25;31.75;31.25;25.00;24.50;23.75;24.50;24.25;25.00;36.00;34.00;25.00;24.00;23.75;24.25;24.50;25.75;37.00;34.00;24.50;24.50;23.50;23.25;24.50;24.50;32.75;29.25;24.00;23.50;23.50;23.00;23.00;24.00;25.00;24.25;24.00;23.00;22.50;23.50;23.50;23.75;23.25;22.75;22.75;23.00;23.00]
76857- [24.50;24.50;24.00;25.00;24.75;24.50;24.50;24.50;24.25;24.00;24.75;26.50;26.00;24.25;24.25;24.25;24.25;24.75;25.00;31.75;31.25;25.00;24.00;23.75;24.50;24.00;25.50;35.50;34.00;25.00;24.25;24.00;24.50;24.50;25.75;37.00;34.00;24.75;24.25;23.25;24.00;24.00;24.75;32.25;29.25;24.25;23.25;23.00;23.50;23.00;23.50;24.75;24.25;23.75;23.25;22.50;23.25;23.25;23.50;23.00;23.50;22.75;23.00;22.50]
77342- [25.00;24.50;24.00;25.00;25.25;24.25;24.75;23.50;24.50;24.00;24.50;26.50;25.75;24.50;24.00;24.25;24.25;24.75;25.00;31.75;31.25;25.25;24.50;24.00;24.25;24.50;25.00;35.50;34.00;24.75;24.00;23.75;24.50;24.75;25.25;37.00;34.00;24.75;24.25;23.25;23.75;24.25;24.75;32.75;29.00;24.25;23.25;23.75;23.25;23.25;23.75;25.00;24.50;23.50;23.50;22.75;23.75;23.50;23.50;23.00;23.25;22.75;23.00;22.50]
77827- [25.00;24.00;24.25;25.25;24.75;24.50;24.50;24.00;24.25;24.25;24.50;26.25;26.25;24.50;24.25;24.50;24.25;24.00;24.75;31.25;31.00;25.00;24.25;23.50;24.25;24.25;25.25;35.50;34.00;25.00;24.25;23.75;24.50;24.50;25.50;36.75;33.75;24.75;24.50;23.75;23.75;24.25;25.25;32.25;29.25;24.25;23.50;23.75;23.50;23.50;23.50;25.00;24.25;23.00;23.25;22.50;22.75;23.50;23.00;23.25;23.50;22.50;22.75;23.50]
78312- [24.75;24.25;24.25;25.25;25.25;24.75;24.50;24.25;24.75;24.25;25.00;26.25;26.25;25.00;24.50;24.75;24.00;24.50;25.00;31.75;31.50;25.00;24.50;23.25;24.50;24.50;25.25;35.50;34.00;25.25;24.25;23.75;24.50;24.50;25.75;37.50;34.00;24.75;24.50;23.75;24.25;23.50;24.75;32.50;29.00;24.25;23.50;23.75;23.50;23.25;23.75;25.00;24.25;23.75;23.25;22.25;23.50;23.75;23.75;23.50;23.00;23.00;23.25;22.75]
78797- [24.25;24.00;24.25;25.00;24.75;24.50;24.50;24.25;24.00;24.00;24.75;26.50;26.50;24.75;24.25;24.50;24.25;24.50;25.25;31.50;31.25;25.00;24.50;24.00;24.25;24.25;25.50;35.50;34.00;25.50;24.25;23.75;24.25;24.75;25.75;37.00;34.00;25.00;24.00;23.50;24.00;24.25;25.25;32.75;29.50;24.25;23.25;23.25;23.75;23.25;23.75;25.00;24.50;23.25;23.25;23.00;23.25;23.25;23.00;23.50;23.75;22.75;23.50;23.25]
79282- [24.25;23.50;24.25;25.25;25.25;24.50;25.00;24.25;24.25;24.00;24.50;26.00;26.75;24.25;24.25;24.25;24.25;24.50;25.50;31.50;30.75;25.00;24.50;24.00;24.50;24.25;25.00;35.50;34.25;24.75;24.00;24.00;24.25;24.50;25.50;37.00;34.00;24.75;24.50;23.50;24.00;24.00;25.00;32.75;29.50;24.25;23.50;23.75;23.50;23.25;23.75;25.00;24.25;23.50;23.00;22.75;23.00;23.25;23.50;23.50;23.75;23.00;23.50;23.25]
79767- [24.00;23.75;24.00;24.75;25.00;24.75;24.50;24.50;24.50;23.75;24.50;25.75;26.25;24.75;24.00;24.50;24.25;24.25;25.00;31.75;31.25;25.00;24.25;23.75;24.25;24.00;25.25;35.75;33.75;25.00;24.25;23.50;24.25;24.25;25.50;36.75;34.00;24.75;24.25;23.50;23.50;24.00;24.75;32.25;28.75;24.25;23.75;23.00;23.25;23.25;23.75;25.00;24.75;23.25;23.00;22.50;23.25;23.50;24.00;23.50;23.75;22.75;23.00;22.75]
80252- [24.25;23.75;24.25;25.00;25.00;24.50;24.25;24.50;24.50;24.00;24.25;26.25;26.25;24.50;24.25;24.50;24.25;24.50;25.00;31.75;30.50;25.00;24.25;23.75;24.25;24.25;25.50;35.75;34.00;25.25;24.75;23.50;24.50;24.50;25.50;36.75;34.25;25.25;24.25;23.25;24.00;24.00;24.50;32.75;29.25;24.00;23.75;23.50;23.50;23.25;24.00;25.00;24.50;23.75;23.25;22.25;23.25;23.50;23.50;23.25;23.50;23.00;23.25;22.50]
80737- [24.50;23.75;24.00;25.00;25.00;24.00;25.00;24.25;24.75;24.00;24.50;26.25;26.50;24.75;24.25;24.25;24.50;24.25;25.00;31.50;31.25;25.25;25.00;23.75;24.00;24.25;25.25;35.75;34.25;24.75;24.00;24.00;24.75;24.75;25.50;37.00;34.50;25.00;24.25;23.00;24.00;23.75;25.50;32.50;29.25;24.00;23.50;23.75;23.50;23.50;24.25;24.75;24.50;23.50;23.25;22.50;23.25;23.25;23.75;23.75;22.75;23.00;23.00;23.25]
81222- [24.25;23.75;24.25;25.00;25.00;24.25;25.00;24.25;24.25;24.25;24.75;26.50;26.00;24.25;24.25;24.25;24.75;25.00;25.75;31.50;31.00;25.00;24.00;23.75;24.50;24.00;25.25;35.75;34.00;25.00;24.25;23.75;24.25;24.50;25.50;37.00;34.00;24.75;24.25;23.25;24.00;24.00;25.00;32.50;29.00;24.25;23.75;23.50;23.50;23.25;24.00;25.25;24.50;23.75;23.25;22.50;23.50;23.00;23.25;23.25;23.00;23.00;23.00;22.50]
81707- [24.25;24.25;25.00;25.00;24.75;24.25;24.75;24.50;25.00;24.00;24.75;26.00;26.50;24.50;24.25;24.75;24.00;24.50;25.50;31.75;31.00;25.25;24.50;24.00;24.25;24.75;25.25;35.75;34.25;24.75;24.00;23.25;24.50;24.75;26.00;37.25;34.25;24.75;24.25;23.75;24.00;24.25;24.50;33.00;29.25;24.00;23.50;23.75;23.75;23.25;24.00;25.00;25.25;23.50;23.00;22.50;23.75;23.25;23.50;23.00;23.25;22.50;23.50;23.25]
82192- [24.25;24.00;24.50;24.75;25.00;24.00;25.00;23.75;24.50;24.50;24.50;26.25;26.25;24.50;24.00;24.75;24.50;24.75;25.25;31.50;31.00;25.00;24.50;24.00;24.50;23.75;25.25;36.00;34.00;25.00;24.50;23.50;24.75;24.75;25.50;37.00;34.25;24.75;24.25;23.50;24.25;24.00;24.75;33.00;29.25;24.25;24.00;23.50;23.50;23.00;24.00;25.00;24.50;23.50;23.50;22.50;23.50;23.75;23.50;23.50;23.25;23.00;23.50;23.50]
82677- [24.50;24.25;24.25;25.50;25.00;24.25;24.25;24.75;24.75;24.25;24.50;26.00;26.25;24.50;24.00;24.25;24.00;24.75;25.25;31.75;31.50;24.75;24.50;23.75;24.25;24.25;25.00;35.50;34.00;25.00;24.00;23.50;24.50;24.50;25.75;37.25;34.25;24.75;24.00;23.50;23.75;24.00;25.00;32.75;29.00;24.25;23.75;23.75;23.75;23.25;24.00;25.00;24.50;24.00;23.00;22.75;23.25;23.25;23.75;23.25;23.50;23.25;23.25;23.25]
83162- [24.75;24.25;24.00;25.00;25.00;24.75;24.75;24.25;25.00;24.00;25.25;26.25;26.25;25.00;24.00;24.50;24.50;24.75;25.00;31.75;31.25;25.25;24.50;24.25;24.00;24.00;25.00;35.50;34.00;25.00;24.25;23.75;24.00;24.75;25.50;37.00;34.25;25.25;24.25;23.50;24.00;24.25;25.25;32.50;29.50;24.00;23.25;23.75;23.50;23.50;23.75;25.00;24.75;23.75;23.50;22.25;23.50;23.00;23.75;23.75;23.75;22.75;23.50;23.25]
83647- [24.50;24.25;24.25;25.00;25.00;24.50;24.25;24.00;24.25;23.50;24.25;26.25;25.75;24.75;24.00;24.00;24.00;24.50;25.00;31.50;31.00;25.00;24.25;24.25;23.75;24.50;25.25;35.50;33.50;24.75;24.25;23.50;24.00;24.50;25.50;37.25;34.25;24.50;24.00;23.50;23.25;24.25;24.75;32.75;29.00;24.50;23.50;23.25;23.25;23.50;24.25;24.75;24.50;23.75;22.75;22.50;23.00;23.25;23.50;23.50;23.50;23.00;23.00;22.75]
84132- [24.25;24.25;24.25;25.25;25.25;24.00;24.75;23.75;24.00;24.00;24.25;26.00;26.00;24.25;23.75;24.00;24.25;24.50;25.00;31.00;31.00;25.00;24.25;23.75;24.25;24.50;25.00;35.25;33.75;25.00;24.25;23.50;24.25;24.00;25.50;36.75;34.25;25.00;24.00;23.25;23.75;24.00;25.00;32.50;29.00;24.00;23.50;23.50;23.00;23.25;23.50;25.25;24.25;23.50;22.75;22.50;23.50;22.75;23.50;22.50;23.25;22.75;22.75;23.00]
84617- [24.00;23.25;24.50;25.25;24.50;24.25;24.50;23.75;24.75;24.00;25.00;26.00;25.50;24.25;24.00;24.00;24.25;24.00;25.25;31.50;30.75;24.75;24.25;23.50;24.00;24.25;25.25;35.50;33.75;24.75;23.75;23.50;24.00;24.25;25.50;36.75;34.25;24.50;24.25;23.00;23.25;24.50;24.75;32.00;28.75;23.75;22.75;23.00;23.00;23.00;24.00;24.75;24.00;23.50;23.00;22.25;23.00;23.25;23.25;23.25;22.75;22.50;23.00;22.25]
85102- [24.25;24.00;24.00;24.75;24.75;24.50;24.50;24.00;24.00;24.25;24.50;26.00;26.00;24.50;23.75;24.25;24.25;24.25;25.00;31.00;31.25;24.75;24.50;23.75;23.75;23.50;25.00;35.25;34.00;24.50;24.25;23.50;24.50;24.00;25.50;36.75;33.50;24.50;23.75;23.25;23.75;24.00;24.50;32.50;28.75;24.00;23.50;23.50;23.00;23.00;23.75;24.75;24.25;23.25;23.00;22.00;23.00;23.00;23.00;23.00;23.00;23.00;23.00;23.25]
85587- [24.50;24.00;24.25;25.00;25.00;24.50;24.50;24.50;24.75;24.25;24.50;26.00;26.25;24.50;24.25;24.25;24.50;24.50;25.25;31.75;31.00;25.00;24.25;23.50;24.25;24.00;25.25;35.25;34.00;24.75;24.00;24.00;24.50;24.25;25.75;37.00;34.25;24.75;23.75;23.25;23.50;24.00;25.00;32.50;28.75;24.50;23.75;23.75;23.75;23.75;23.50;25.00;24.25;24.00;23.25;23.00;23.25;23.00;23.00;23.25;23.75;22.75;22.75;22.75]
86072- [24.50;23.50;24.00;24.75;24.50;24.00;24.25;23.50;24.25;24.50;24.75;25.75;26.00;24.25;24.25;24.25;24.25;24.50;25.00;31.50;31.25;24.75;24.00;23.50;24.50;23.75;25.25;35.25;34.00;25.00;24.25;23.75;24.00;24.25;25.75;36.75;34.00;24.75;24.00;23.00;23.75;24.00;25.00;32.25;29.00;24.00;22.75;23.75;23.50;23.50;23.75;25.00;24.50;23.75;23.00;23.00;23.25;23.25;23.75;23.25;23.50;22.50;23.00;23.00]
86557- [24.50;24.00;24.25;24.75;25.00;24.00;24.25;24.50;25.00;24.25;25.00;26.50;26.25;24.50;24.25;24.25;24.25;24.25;25.50;31.75;31.25;24.75;24.00;23.75;24.25;24.50;25.50;35.25;33.50;24.75;23.75;23.75;24.25;24.25;25.25;37.25;34.00;24.50;24.25;23.50;23.75;24.25;25.00;32.25;29.00;24.00;23.75;23.75;24.00;23.75;23.75;24.75;24.25;23.50;23.00;22.75;23.50;23.25;23.25;23.75;23.25;22.75;23.00;23.25]
87042- [24.50;24.25;24.50;25.00;25.00;24.75;24.75;24.25;24.00;24.25;24.50;26.00;26.50;24.50;24.25;24.25;24.25;24.75;25.25;31.50;31.00;25.00;24.25;23.75;24.25;24.25;25.00;35.00;34.00;24.50;24.25;22.50;24.50;25.00;25.50;37.25;34.50;24.75;24.00;23.75;24.00;24.50;24.75;32.75;28.75;24.00;23.50;23.25;23.50;23.50;23.50;24.75;24.00;23.50;23.75;23.25;23.50;23.75;23.75;23.25;23.25;23.00;22.50;23.25]
87527- [24.75;24.00;24.50;25.00;25.00;24.50;25.00;24.50;24.25;24.50;24.75;26.25;26.25;24.50;24.00;24.50;24.50;24.75;25.00;31.50;31.25;25.25;24.50;24.00;24.25;24.25;25.25;35.50;34.00;24.75;24.25;24.00;24.25;24.25;25.75;37.25;33.75;25.00;24.25;23.75;24.00;23.75;24.75;32.75;29.00;24.00;23.50;23.75;24.00;23.25;24.25;25.25;24.25;23.75;23.25;22.75;23.25;22.75;23.50;24.00;23.50;22.75;23.75;23.00]
88012- [24.75;24.50;24.25;24.75;25.25;24.25;24.25;24.75;24.50;24.50;24.75;26.50;26.25;24.50;24.00;24.50;24.50;24.50;25.00;31.25;31.25;25.00;24.50;23.50;24.25;24.50;25.50;35.50;34.25;25.00;23.75;24.00;24.50;24.75;25.50;37.00;34.25;24.75;24.25;23.50;23.25;24.00;24.50;32.75;29.25;24.25;23.50;23.75;23.50;23.75;23.75;25.25;24.75;23.75;23.25;23.00;23.25;23.25;23.25;23.25;23.50;23.00;23.25;22.75]
88497- [24.75;24.00;24.50;25.00;25.25;24.00;25.00;24.25;24.50;24.25;24.25;26.25;26.50;24.50;25.00;24.75;24.25;24.75;25.00;31.75;31.00;25.00;24.50;24.00;24.50;24.25;25.25;35.75;34.00;24.75;24.00;24.25;24.50;24.75;25.50;37.00;34.50;25.00;24.25;23.00;23.75;24.00;25.00;32.50;29.00;24.25;23.50;24.00;23.25;23.50;24.00;25.00;24.50;23.75;23.25;23.25;23.75;23.25;23.75;23.50;23.75;22.75;23.00;23.00]
88982- [25.00;24.00;24.25;25.25;25.00;24.75;24.50;24.25;24.75;24.50;24.75;26.25;26.00;24.75;24.00;24.25;24.50;24.50;25.25;31.75;31.25;25.00;24.25;24.00;24.25;24.00;25.50;35.50;34.00;24.75;24.50;24.25;24.50;24.75;26.00;37.25;34.25;25.00;24.50;23.75;24.00;24.50;25.00;32.50;29.50;24.75;23.75;23.75;23.25;23.25;23.75;25.00;24.25;23.75;23.50;22.75;23.75;23.50;23.25;23.25;23.25;22.75;23.00;23.25]
89467- [24.25;24.25;24.25;25.25;24.75;24.50;25.00;25.00;25.25;24.25;24.25;26.25;26.75;24.50;24.25;24.25;24.75;24.50;25.00;31.50;31.00;24.75;24.50;24.00;24.00;24.50;25.25;35.75;34.00;24.75;24.25;23.75;24.75;24.75;25.75;37.00;34.00;25.25;24.50;23.75;24.00;24.00;25.25;32.75;29.00;24.25;23.50;23.75;23.00;23.00;23.75;24.75;25.00;23.75;23.25;23.00;23.25;23.00;24.00;23.00;23.50;23.00;23.25;23.00]
89952- [24.50;24.25;24.25;25.00;25.50;24.50;24.50;24.25;25.25;24.00;24.25;26.00;26.25;24.75;24.25;24.00;24.00;24.50;25.25;31.50;31.25;25.00;24.50;24.00;24.25;24.25;25.25;35.50;34.00;24.75;24.00;24.00;24.50;24.25;25.50;37.00;33.75;24.50;24.50;23.50;24.00;24.50;24.75;32.75;29.50;24.25;23.50;23.25;23.50;23.50;24.00;25.25;24.75;24.00;23.25;22.75;24.00;23.50;23.50;23.25;23.75;23.00;23.50;23.25]
90437- [24.50;24.00;24.25;25.25;25.00;24.50;24.50;25.00;24.75;24.50;24.75;26.00;26.50;24.75;24.00;24.25;24.50;24.75;25.25;31.75;31.25;25.00;24.75;24.00;24.50;24.25;25.50;35.50;33.75;25.25;24.25;23.75;24.00;24.50;25.50;36.75;34.00;25.00;24.25;23.75;23.75;24.25;25.00;32.50;28.75;24.00;23.75;23.75;23.50;23.25;23.50;25.00;24.00;23.50;23.25;22.75;22.75;23.50;23.75;23.25;23.50;22.75;23.00;23.00]
90922- [25.00;24.25;24.75;25.00;25.00;24.50;25.00;24.25;24.50;24.25;24.75;26.75;26.75;25.00;24.25;24.25;24.25;24.75;25.25;31.25;30.75;24.75;24.25;24.00;24.00;24.00;25.25;35.75;34.00;25.00;24.25;23.50;24.00;24.50;25.50;37.25;34.00;24.50;24.00;23.75;23.75;23.75;25.00;32.75;28.75;24.25;23.50;23.50;23.50;23.50;23.25;25.00;24.25;23.50;23.00;22.50;23.25;23.50;23.75;23.50;23.25;23.25;23.25;23.25]
91407- [24.50;23.75;24.50;25.25;25.25;24.00;24.75;24.00;24.25;24.25;24.50;26.00;26.25;24.50;23.75;24.50;24.25;24.25;25.25;31.50;30.75;25.25;24.50;23.75;24.50;24.00;25.25;35.25;33.75;25.00;23.75;23.75;24.75;24.50;25.75;37.00;34.25;25.00;24.25;23.50;24.00;24.00;25.00;32.50;29.00;24.25;23.75;23.75;23.25;23.25;23.75;25.00;24.75;23.75;23.50;22.75;23.25;23.50;23.50;23.25;23.75;22.50;23.75;23.00]
91892- [24.50;23.75;24.50;25.00;24.75;24.00;25.00;24.50;24.50;24.50;24.50;26.25;25.75;24.50;23.50;24.00;24.25;24.50;25.00;31.25;30.75;25.25;24.50;23.50;24.00;23.75;24.75;35.50;34.00;24.75;23.75;23.50;24.25;24.50;25.25;37.25;33.75;24.50;24.25;23.25;23.75;24.25;25.00;32.50;28.50;24.25;23.25;23.50;23.25;23.25;23.50;24.75;24.00;24.00;23.00;21.75;22.50;23.25;23.00;22.75;23.25;22.25;22.25;22.50]
92377- [24.50;24.00;24.00;24.75;24.75;24.50;24.25;24.50;24.50;24.25;24.25;25.50;25.75;24.00;23.75;24.25;24.00;24.50;25.00;31.25;30.50;25.25;24.50;23.50;24.00;23.75;25.25;35.50;33.75;24.50;24.00;23.50;23.50;24.25;25.50;36.75;34.00;24.50;24.25;23.00;24.00;23.75;24.25;32.00;29.00;23.50;23.50;23.50;23.25;23.50;23.25;24.75;24.25;23.50;23.25;22.25;22.50;23.50;23.00;22.75;22.75;22.00;22.75;22.25]
92862- [24.50;23.75;24.25;24.50;24.75;24.00;24.75;23.50;24.25;24.25;24.50;26.00;25.75;24.25;24.00;24.25;24.25;24.25;24.75;31.50;30.75;24.50;24.50;24.00;24.25;24.50;24.75;35.25;33.75;24.75;24.50;24.00;24.25;24.25;25.25;37.00;34.00;24.75;23.50;23.50;24.00;23.75;24.75;32.50;29.25;24.25;23.00;23.00;23.50;23.75;23.75;24.75;24.25;23.25;23.25;22.25;23.00;23.00;23.00;23.00;23.00;22.75;23.25;23.25]
93347- [24.25;23.75;24.50;25.00;25.50;24.25;24.25;24.75;24.25;24.25;24.50;26.00;25.75;24.50;24.25;24.00;24.25;24.25;24.75;31.50;31.00;25.00;24.00;23.75;24.00;24.25;25.50;35.50;34.00;25.00;24.00;23.75;24.50;24.75;25.75;37.00;34.00;24.75;24.25;23.25;24.00;24.25;24.75;32.75;28.50;24.50;23.25;23.25;23.50;23.25;24.00;25.25;24.25;23.75;23.00;22.50;23.00;23.25;23.50;23.50;23.00;22.75;22.75;23.00]
93832- [25.00;24.25;24.50;25.25;25.00;24.25;25.00;24.25;24.75;24.00;25.00;26.00;26.00;24.50;24.25;24.50;24.50;24.50;25.00;31.75;30.75;24.75;24.75;23.75;24.50;24.00;25.25;35.50;34.00;24.75;24.25;23.75;24.50;24.25;25.50;36.75;34.00;24.50;23.75;23.75;24.00;24.25;24.75;32.75;29.25;24.25;23.50;23.75;23.75;23.75;23.75;25.00;24.75;23.25;23.00;23.50;22.50;23.50;23.25;23.25;23.75;22.50;23.25;23.00]
94317- [23.75;24.25;24.75;25.25;24.75;24.00;24.75;24.25;24.25;24.00;24.75;26.00;26.00;25.00;24.25;24.50;23.50;24.75;25.00;31.25;31.25;25.00;24.25;24.25;24.00;24.50;25.25;35.75;33.75;25.00;24.00;23.75;24.50;24.75;25.75;36.75;34.25;25.00;24.25;23.50;24.00;24.50;24.50;32.75;29.00;24.00;23.75;23.75;23.25;23.75;23.75;24.75;24.50;23.25;23.25;22.50;23.50;23.25;23.75;23.50;23.25;23.00;23.25;23.50]
94802- [25.25;24.25;24.50;25.50;25.25;24.50;24.50;24.00;24.25;24.50;24.75;26.50;26.25;24.25;24.50;24.75;24.50;24.50;25.25;31.50;31.25;24.75;24.50;23.75;24.00;24.25;25.25;35.50;33.50;25.00;23.75;23.75;24.25;24.75;25.75;37.00;34.25;25.00;24.25;23.50;23.75;24.25;25.00;32.75;28.75;24.00;23.75;23.75;24.00;23.00;23.75;24.75;24.25;24.00;23.75;23.00;23.75;23.50;23.50;23.50;23.00;23.25;23.25;22.25]
95287- [24.50;24.00;24.50;25.25;24.75;24.50;24.50;24.75;24.50;24.50;24.75;26.50;26.25;24.50;24.25;24.00;24.25;24.50;25.00;31.50;31.00;25.25;24.25;23.75;24.25;24.00;25.00;35.25;33.75;25.00;24.25;23.75;24.25;24.25;25.75;37.00;34.00;25.25;24.50;23.50;23.75;23.75;25.00;32.75;29.00;24.00;23.00;23.75;23.75;23.50;24.00;25.00;24.25;23.75;23.00;22.50;23.25;23.75;23.25;23.25;23.00;23.25;22.75;22.50]
95772- [24.75;24.00;24.50;25.25;24.75;24.25;25.00;24.25;24.75;24.25;24.25;26.25;26.50;24.75;24.50;24.50;24.00;24.50;25.00;31.75;31.25;24.50;24.50;23.50;24.50;24.25;25.25;35.50;34.00;24.75;24.50;23.50;24.50;24.75;25.75;37.25;34.00;24.75;24.25;23.50;23.50;23.75;25.00;32.25;28.75;24.00;23.25;23.50;23.75;23.25;23.75;24.75;24.25;23.50;23.00;22.50;23.50;23.75;23.25;23.25;23.25;23.25;23.00;23.00]
96257- [24.25;23.50;24.50;25.25;25.00;24.00;25.00;24.50;24.50;24.25;24.25;26.00;26.00;24.25;24.25;24.75;24.50;24.00;25.25;31.50;30.50;25.00;24.50;23.25;24.50;23.75;25.25;35.50;33.75;24.75;24.25;23.75;24.50;24.50;25.50;37.25;34.25;25.00;24.25;23.00;24.00;24.00;24.75;32.50;28.75;23.75;23.50;23.50;23.00;23.25;23.25;25.00;24.25;23.50;22.75;22.25;23.75;23.25;23.50;23.25;23.25;22.75;22.75;22.25]
96742- [24.25;24.25;24.50;25.25;24.75;23.75;24.75;23.50;24.50;24.00;24.75;26.25;25.75;24.50;24.00;24.00;24.50;24.00;25.00;31.50;31.00;24.75;24.50;23.50;24.00;24.25;25.25;35.50;34.00;25.00;24.25;23.75;24.25;24.50;25.50;37.25;34.00;25.00;24.00;23.25;23.75;24.00;25.00;32.25;29.00;23.75;23.50;23.50;23.25;23.25;23.50;24.75;24.25;23.50;23.50;22.75;23.75;23.75;23.00;23.00;23.25;22.75;23.50;22.75]
97227- [24.50;24.00;24.75;25.00;24.75;24.00;24.50;24.50;24.00;24.00;24.75;25.75;26.25;24.00;24.25;24.00;24.25;24.25;24.75;31.75;30.75;24.75;24.25;23.50;24.00;24.00;25.00;35.50;34.00;24.25;24.25;23.75;24.25;24.75;25.50;36.75;34.00;24.50;24.00;23.25;24.00;24.00;25.00;32.75;28.75;24.25;23.50;23.50;23.50;23.00;23.50;24.75;24.50;23.50;23.25;22.50;22.75;23.25;23.50;23.50;22.75;22.75;23.50;23.00]
97712- [24.25;24.25;24.25;25.00;24.50;24.00;24.50;24.50;24.50;24.00;24.50;26.00;26.00;24.25;24.00;24.25;24.50;24.75;24.25;31.50;30.75;25.00;24.25;23.50;24.00;23.75;25.00;35.00;34.00;24.75;24.00;23.50;24.25;24.00;25.25;36.75;33.50;24.50;23.50;23.25;23.50;23.75;24.75;32.50;28.75;24.25;23.75;23.50;23.50;23.50;23.75;25.00;23.75;23.00;22.75;23.00;23.25;22.75;22.75;23.25;23.25;23.00;22.50;22.75]
98197- [24.50;23.75;23.75;24.50;24.50;24.25;24.25;24.25;24.00;24.50;24.75;26.00;26.00;24.50;24.00;24.00;24.25;24.50;24.75;31.25;30.25;24.75;24.25;23.50;24.00;24.00;25.00;35.00;33.75;24.50;24.00;23.50;24.25;24.50;25.25;36.75;33.75;25.00;24.00;23.25;23.25;23.75;24.75;32.50;28.50;24.00;23.00;23.25;23.25;22.75;23.75;24.50;24.25;23.50;23.25;22.25;23.25;22.75;23.00;22.75;22.25;22.75;23.50;22.75]
98682- [24.75;23.75;24.00;24.50;24.75;24.25;24.25;24.00;24.50;24.00;24.75;26.25;26.00;24.50;23.75;24.00;24.00;24.50;25.00;31.75;31.00;24.75;24.00;23.00;23.75;24.00;24.75;35.50;34.00;24.50;23.50;23.50;24.00;24.25;25.00;37.00;33.75;24.25;23.50;23.25;24.00;23.50;24.75;32.25;28.50;23.75;23.25;23.50;23.50;23.00;23.50;24.50;24.25;23.25;23.00;22.00;22.50;23.50;22.50;22.75;23.00;23.25;23.00;22.50]
99167- [24.25;23.75;23.75;24.75;24.75;24.25;24.25;24.25;24.50;24.00;24.25;26.00;25.75;24.25;23.75;24.25;24.00;24.00;24.75;31.00;30.75;24.50;24.25;23.75;24.00;23.50;24.75;35.00;33.50;24.50;23.75;23.50;24.00;24.00;25.25;36.75;33.50;24.75;23.75;22.75;23.25;24.00;24.50;32.25;28.25;23.75;23.25;23.00;23.25;23.50;23.50;24.75;24.00;23.25;22.75;22.25;23.00;23.00;22.75;23.25;22.75;22.50;22.50;22.75]
99652- [24.50;23.50;24.00;24.50;25.00;23.75;24.00;24.00;24.00;24.25;24.50;26.25;25.50;24.25;23.50;24.00;24.00;24.00;24.75;31.00;30.75;24.25;24.00;23.50;23.50;24.00;24.75;35.25;33.50;24.50;23.25;23.25;23.50;24.00;25.00;36.50;33.50;24.25;23.50;23.25;23.25;23.75;24.25;32.25;28.75;24.00;23.50;23.50;23.25;23.25;23.50;24.50;24.25;23.25;23.00;22.50;22.75;23.25;23.00;23.00;22.25;22.25;22.50;22.25]
100137-[23.75;24.00;24.00;24.25;24.75;23.75;24.25;23.75;24.25;24.00;24.25;26.00;26.00;24.50;23.75;23.50;23.75;24.25;24.75;31.25;30.50;24.75;23.75;23.25;24.50;23.75;25.25;35.50;33.50;24.75;24.00;23.50;24.25;24.50;25.00;36.75;33.50;24.50;23.75;23.00;23.75;23.50;24.75;32.25;28.75;24.00;23.50;23.25;23.00;23.00;23.50;24.50;24.00;23.25;23.25;22.75;22.75;23.25;23.25;23.25;22.50;22.25;23.00;22.50]
100622-[24.00;23.50;24.25;25.25;24.25;24.00;24.50;23.75;24.00;24.00;24.50;26.00;26.00;24.25;23.75;23.75;23.75;24.25;25.00;31.50;30.75;25.00;24.25;23.50;24.25;23.75;25.25;35.25;33.50;24.50;24.00;23.50;24.25;24.75;25.50;36.75;34.00;24.50;24.00;23.50;23.75;24.00;24.50;32.00;28.50;23.50;23.50;23.25;23.50;22.75;23.50;25.00;24.25;23.50;23.00;22.50;22.75;23.00;23.50;23.25;23.00;22.25;23.00;22.00]
101107-[24.00;23.50;24.25;25.00;24.75;24.00;24.50;24.25;24.50;24.00;24.50;26.00;25.75;24.25;24.25;24.25;24.00;24.50;24.75;31.25;30.75;24.75;24.50;23.75;24.50;24.00;25.25;35.25;33.75;24.50;23.25;23.50;24.75;24.25;25.50;36.75;34.25;25.00;23.75;23.25;23.75;23.50;25.00;32.50;28.50;23.75;23.00;23.25;23.50;23.00;23.75;24.75;24.25;24.00;23.00;22.75;23.25;23.00;23.25;23.00;23.00;22.50;23.25;23.00]
101592-[24.50;24.00;24.75;25.00;25.00;24.50;24.75;24.25;24.25;23.75;24.50;26.00;26.00;24.50;24.00;24.00;24.50;24.50;25.00;31.25;31.00;25.00;24.50;23.75;24.25;23.75;25.00;35.25;33.75;24.75;24.25;24.00;23.50;23.75;25.00;36.75;34.25;24.75;24.00;22.75;23.75;24.00;24.50;32.25;29.00;24.25;23.00;24.00;23.50;23.25;23.00;24.50;24.25;23.25;23.00;22.75;24.00;23.25;23.50;22.75;22.75;22.50;23.25;22.25]
102077-[24.75;24.00;24.00;25.00;24.75;24.50;24.50;24.25;24.75;24.00;24.50;26.25;26.25;24.50;24.00;24.00;24.75;24.50;24.75;31.50;31.00;24.50;24.50;24.00;24.00;24.00;24.75;35.50;34.00;24.75;24.25;24.00;24.50;24.00;25.50;36.75;34.00;24.75;24.25;23.50;23.75;23.75;24.75;32.25;28.50;23.75;23.50;23.50;23.00;23.25;23.75;24.75;24.50;23.50;23.50;22.25;23.00;23.00;23.50;23.25;22.75;23.25;23.00;22.75]
102562-[24.50;24.00;24.50;25.25;25.00;24.50;25.00;24.25;24.25;24.00;24.75;26.25;26.00;24.50;24.00;24.25;24.00;24.50;25.00;31.50;31.25;25.25;24.50;24.00;24.50;23.75;25.25;35.50;34.00;24.50;24.50;24.00;24.25;24.50;25.50;36.75;34.00;25.00;24.00;23.50;24.00;24.25;25.25;32.00;29.00;24.00;23.50;23.75;23.00;23.25;23.50;24.75;24.25;23.50;23.50;22.50;23.25;23.25;24.00;23.25;23.00;22.75;23.50;22.50]
103047-[24.75;24.00;24.25;25.75;25.00;24.00;24.75;24.50;24.25;24.25;24.75;26.50;26.75;24.50;24.25;24.50;24.25;24.75;25.00;31.75;31.25;25.00;24.50;23.50;24.25;24.50;25.50;35.25;34.25;24.75;24.00;23.75;24.25;24.50;25.50;37.00;34.00;24.50;24.00;23.50;23.75;23.75;25.00;32.50;29.25;24.50;23.75;24.00;23.75;23.75;24.00;25.25;24.50;23.75;23.25;22.50;23.25;23.00;23.25;23.50;23.25;23.00;23.00;22.75]
103532-[24.25;24.25;24.75;25.00;24.75;24.25;24.75;24.50;24.75;24.50;24.75;26.50;26.50;24.50;24.00;24.25;24.50;24.75;25.25;32.00;31.25;25.00;24.75;24.25;24.25;24.25;25.50;35.75;34.25;25.50;24.50;23.50;24.75;24.50;25.75;37.00;34.00;25.00;24.50;23.75;24.00;24.25;24.75;32.50;29.25;24.25;23.75;23.50;23.50;23.25;23.50;25.25;24.25;23.50;23.50;23.00;23.75;22.75;23.50;23.50;23.25;23.00;23.00;22.75]
104017-[24.00;24.50;24.50;25.50;25.25;24.50;24.75;24.50;24.50;24.50;24.50;26.00;26.50;24.50;24.25;25.00;24.75;24.50;25.25;31.75;31.25;25.25;24.25;23.75;24.25;24.50;25.75;35.75;34.00;25.00;24.00;23.75;24.75;24.50;25.75;37.00;34.50;25.00;24.00;24.00;24.00;24.25;25.00;32.50;29.00;24.00;24.00;24.00;23.25;23.50;24.00;25.00;24.75;23.50;23.25;22.75;23.00;23.25;23.25;23.25;23.50;22.75;23.25;22.75]
104502-[24.75;23.50;24.75;25.50;25.25;24.25;24.25;24.50;24.75;24.50;24.50;26.25;26.50;24.25;24.00;24.25;24.50;24.25;25.00;32.00;31.25;25.00;24.75;23.75;24.25;24.50;25.75;35.50;34.00;25.00;24.00;24.00;24.50;24.50;26.00;37.00;34.25;24.75;24.50;23.75;24.00;23.75;25.25;32.25;29.00;23.75;23.50;23.50;23.00;23.25;24.00;24.75;24.50;23.50;23.50;23.00;22.75;23.50;23.50;23.50;23.00;22.50;23.50;23.00]
104987-[24.75;23.75;24.25;25.25;25.00;24.50;24.50;24.50;24.25;24.50;25.00;26.25;26.50;25.00;24.50;24.25;24.50;24.50;25.25;31.75;31.25;25.00;24.50;23.75;24.25;24.25;25.00;35.75;34.00;24.75;24.00;23.50;24.25;24.50;25.50;37.00;34.25;24.50;24.75;23.75;24.00;24.00;25.00;32.50;29.00;24.25;23.25;23.25;23.25;23.50;23.75;25.00;24.25;23.50;23.00;22.75;23.50;23.50;23.50;23.25;23.25;23.00;23.25;22.50]
105472-[24.75;24.00;24.25;25.25;25.50;24.75;25.00;24.25;24.50;23.75;25.00;26.50;26.50;24.50;24.50;24.25;25.00;24.50;25.00;32.00;31.25;24.75;24.25;23.75;24.25;24.25;25.25;35.50;34.25;24.75;24.75;23.75;24.50;24.25;25.50;37.00;33.75;25.00;23.75;23.25;23.75;24.25;24.50;32.25;29.00;23.75;23.50;23.75;23.75;23.50;23.25;25.00;24.50;23.75;23.25;22.50;23.25;23.25;23.75;23.50;23.00;22.50;22.75;22.50]
105957-[24.75;23.75;25.00;25.00;25.00;24.50;24.50;25.00;25.50;24.25;25.00;26.00;26.50;24.75;24.50;24.00;24.25;25.00;25.50;31.75;31.00;25.00;24.50;24.00;24.50;24.00;25.25;35.75;34.00;24.75;24.00;24.00;24.75;24.50;25.75;36.75;33.75;24.50;24.25;23.50;23.75;24.50;24.50;32.25;29.00;23.75;23.75;23.50;23.50;23.25;24.00;25.00;24.25;24.00;23.50;22.00;24.00;23.50;23.50;23.25;23.00;23.00;23.50;23.00]
106442-[24.50;24.00;24.25;25.50;25.00;24.00;24.75;24.50;25.00;23.75;24.50;26.25;26.25;24.50;24.25;24.50;24.50;24.25;25.00;31.75;31.25;25.00;24.50;24.00;24.25;24.25;25.25;35.50;33.75;25.00;24.00;23.50;24.25;24.25;25.50;37.00;34.25;24.75;24.50;23.75;23.50;23.50;24.75;32.50;29.00;24.25;23.75;23.75;23.25;23.25;23.50;25.00;24.25;23.25;23.00;22.75;22.75;23.25;23.50;23.25;23.50;23.25;23.25;23.25]
106927-[24.25;23.75;24.25;25.00;25.00;24.50;24.75;24.25;24.00;24.00;24.50;26.25;26.00;24.25;24.50;24.00;24.50;24.25;24.50;31.50;31.00;24.75;24.50;23.75;24.00;24.25;25.00;35.50;34.00;24.50;24.00;23.50;24.00;24.25;25.75;36.75;33.75;24.50;23.75;23.00;23.75;23.75;24.50;32.25;28.75;24.00;23.25;23.00;23.50;23.50;24.00;24.75;24.00;23.00;23.00;22.25;22.75;22.75;23.50;22.75;23.00;22.50;23.25;22.75]
107412-[24.00;23.75;24.25;25.00;25.00;24.00;24.25;24.25;24.00;23.75;24.75;26.00;25.75;24.00;23.75;23.75;24.25;24.00;25.25;31.75;31.00;25.00;24.25;23.00;24.25;23.75;25.50;35.50;33.75;24.50;23.75;23.75;23.75;24.00;25.25;36.75;33.75;24.50;24.25;23.00;23.75;23.50;24.25;32.50;28.75;24.00;23.25;23.50;22.75;23.00;23.50;24.50;24.00;23.25;22.50;22.75;22.50;23.00;22.75;23.00;23.00;22.50;23.00;23.25]
107897-[24.00;23.75;24.25;24.75;24.75;24.25;24.50;24.50;24.00;24.25;24.50;26.00;26.00;24.25;23.75;24.00;23.75;24.25;25.00;31.25;30.50;24.75;24.00;23.50;24.00;24.00;25.00;35.25;33.75;24.25;23.75;23.75;24.25;23.75;25.75;36.75;33.75;24.25;24.00;22.75;23.75;23.75;24.75;32.25;28.75;23.50;23.25;23.75;23.25;23.00;23.25;25.00;24.00;23.50;22.75;22.25;23.00;23.25;23.25;23.00;23.25;22.50;22.75;22.50]
108382-[24.50;24.00;24.50;25.00;24.75;24.25;24.25;24.50;24.25;24.25;24.50;26.00;26.00;24.75;24.00;24.25;24.00;24.75;25.00;31.50;30.75;24.75;24.25;24.25;24.00;23.75;24.75;35.25;33.75;25.00;24.00;23.25;24.25;24.50;25.50;36.75;33.75;24.75;24.00;23.50;23.50;23.50;24.75;32.25;29.50;24.00;23.50;23.75;23.25;22.75;23.75;24.75;24.00;23.50;22.75;22.75;23.00;23.00;23.50;22.75;23.25;22.50;23.00;23.00]
108867-[24.25;23.50;24.25;24.50;24.50;24.50;24.25;24.25;24.00;23.75;24.50;26.00;26.25;24.00;23.75;24.75;24.50;24.25;25.25;31.25;31.00;24.50;24.25;23.50;23.50;24.00;25.25;35.00;34.00;25.00;24.25;23.50;24.00;24.50;25.25;36.75;33.75;24.50;23.50;23.00;23.50;23.75;24.50;32.00;28.75;24.00;23.00;23.00;23.00;23.00;23.75;24.50;23.75;23.00;23.25;22.50;23.50;23.00;23.25;23.00;23.00;22.25;23.00;23.25]
109352-[25.00;23.75;24.50;24.50;24.75;24.50;24.25;24.25;24.25;23.75;24.75;26.00;25.75;24.25;23.75;23.50;23.75;23.75;25.00;31.50;30.75;25.00;24.25;23.50;24.25;24.00;25.25;35.25;33.50;25.00;24.00;24.00;24.00;24.25;25.25;36.75;33.50;24.75;23.75;23.25;23.50;23.50;24.50;32.00;28.50;23.75;23.00;23.25;23.25;23.25;24.00;25.00;24.50;23.25;22.75;22.75;23.25;23.25;23.50;22.75;23.00;22.50;23.00;23.25]
109837-[24.25;23.50;24.00;24.75;25.00;23.75;24.25;24.00;24.25;24.00;24.25;26.00;26.00;24.25;24.25;24.00;24.25;24.00;25.00;31.50;30.75;24.75;24.25;23.50;24.25;23.75;24.75;35.50;34.00;24.50;24.00;24.00;23.75;24.00;25.00;36.75;34.25;24.75;23.50;23.00;23.75;23.75;24.25;32.25;28.75;23.75;23.75;23.25;23.25;23.00;23.50;24.25;24.00;23.25;23.25;22.25;23.75;23.25;23.00;23.25;23.00;22.25;22.50;22.50]
110322-[24.75;24.00;24.00;24.50;24.75;24.25;24.50;24.50;24.25;24.00;24.50;25.75;26.25;24.00;24.25;24.25;24.00;24.25;25.25;31.25;30.75;24.50;24.25;23.50;24.00;24.25;24.50;35.00;34.00;25.00;23.50;23.25;24.25;24.25;25.50;36.75;34.00;24.50;24.00;23.25;23.25;24.00;24.50;32.25;28.75;23.75;23.25;23.50;23.50;23.25;23.75;24.25;24.50;23.00;23.00;22.50;23.50;23.25;23.25;23.00;23.25;22.50;23.25;22.75]
110807-[24.25;23.75;24.25;24.75;24.75;24.25;24.25;24.00;24.25;24.25;24.75;26.00;26.50;24.50;24.00;24.25;24.25;24.50;24.75;31.50;31.00;24.50;24.00;23.50;24.25;24.25;25.00;35.50;33.75;25.00;24.00;23.50;24.25;24.00;25.75;36.75;34.00;25.00;23.75;23.75;23.75;23.75;24.75;32.25;29.00;23.50;23.50;23.50;23.25;22.75;23.75;24.75;24.25;23.25;23.25;22.50;23.25;23.25;23.25;23.00;23.25;23.00;23.50;23.00]
111292-[25.00;23.50;24.25;25.25;25.00;23.75;24.00;24.25;24.25;24.50;25.00;26.00;26.25;25.00;24.00;24.25;24.75;24.75;25.00;31.50;30.75;25.00;24.25;24.00;24.50;24.00;25.25;35.75;33.75;25.00;24.00;23.75;24.50;24.75;25.25;37.00;34.25;25.00;24.00;23.75;23.75;23.75;25.00;32.50;28.75;24.25;23.75;23.50;23.75;23.25;23.75;24.75;24.50;23.50;23.75;23.00;23.00;23.00;23.25;23.75;23.50;22.25;23.25;23.25]
111777-[24.25;24.25;24.75;25.50;25.25;24.50;24.50;25.00;24.50;24.50;25.00;26.25;25.75;24.50;24.25;24.50;24.50;24.50;24.75;32.00;31.00;25.00;24.50;24.25;24.50;24.25;25.25;35.75;34.00;25.00;24.25;23.75;24.25;24.75;25.50;37.00;34.00;25.00;24.25;23.25;24.00;24.00;25.00;32.75;28.75;24.25;23.75;23.75;24.25;23.25;24.25;25.00;24.25;23.50;23.25;22.50;23.50;23.75;23.75;23.25;23.25;23.25;23.25;23.25]
112262-[25.25;23.50;24.25;24.75;24.75;24.25;24.75;24.50;25.00;24.50;24.75;26.00;26.25;24.50;24.25;24.50;24.00;25.00;25.25;31.75;31.25;24.75;24.50;24.00;24.25;24.25;25.75;35.75;34.25;25.25;24.25;23.75;24.75;24.00;26.00;36.75;34.00;25.00;24.50;23.75;23.50;24.25;25.50;32.50;29.00;24.25;23.75;24.00;23.25;23.75;24.00;25.25;24.75;23.75;23.00;23.00;23.25;23.25;23.25;23.25;23.25;22.75;22.75;23.00]
112747-[25.00;24.50;24.75;24.75;25.25;24.50;24.75;24.50;24.50;24.25;24.75;26.25;26.25;24.50;24.25;24.25;24.25;24.75;25.75;31.75;31.25;25.00;24.25;24.00;24.50;24.50;25.50;35.25;34.00;25.00;24.50;23.50;24.50;24.50;25.50;37.50;34.25;25.00;23.75;24.00;23.75;24.00;25.00;32.25;29.00;24.50;23.75;24.00;23.75;23.75;24.00;25.50;25.00;23.50;23.75;22.25;23.50;23.50;23.50;23.25;23.25;23.00;23.25;23.00]
113232-[24.50;24.25;24.75;25.00;25.00;24.50;24.75;24.50;25.00;24.25;24.75;26.25;26.25;24.75;24.00;24.50;24.50;24.75;25.25;32.25;31.50;25.50;24.50;24.00;24.75;24.25;25.25;35.50;34.00;25.00;24.00;23.50;24.75;24.75;25.75;37.50;34.50;25.00;24.00;23.50;24.00;23.75;24.75;32.75;29.00;24.50;23.75;23.50;23.50;24.25;24.00;25.25;24.50;23.75;23.25;23.00;23.50;23.50;23.75;23.50;23.50;23.25;23.25;23.25]
113717-[24.50;24.50;24.75;25.00;25.25;24.25;25.00;25.25;24.75;24.50;25.00;26.75;26.50;24.75;24.25;24.75;24.50;24.50;25.25;31.75;31.25;25.25;24.50;24.00;24.75;24.50;25.25;35.75;34.50;25.25;24.50;24.00;24.75;24.75;25.50;37.25;34.25;24.75;24.50;24.00;24.00;24.50;25.00;32.75;29.25;24.50;23.50;24.25;23.75;23.50;24.00;25.50;24.25;23.75;23.25;22.50;23.75;23.00;23.50;23.25;23.25;23.00;23.00;23.25]
114202-[24.75;24.00;24.50;25.00;25.50;24.25;24.75;24.25;24.25;24.50;25.00;26.50;26.25;24.50;24.50;24.25;24.75;24.25;25.50;31.75;31.00;25.25;24.50;24.00;24.00;24.25;25.25;35.50;34.00;25.00;24.25;24.00;24.75;24.50;25.50;36.75;34.25;25.00;24.25;23.25;24.00;24.25;24.75;32.50;29.00;24.25;23.25;23.25;23.50;23.75;23.75;25.00;24.75;23.50;23.25;23.00;22.75;23.25;23.25;23.25;23.50;23.00;23.25;23.00]
114687-[24.50;23.75;24.25;25.00;25.00;24.25;24.50;24.50;24.00;24.25;24.50;26.50;26.25;24.50;24.50;24.50;24.50;24.75;25.00;31.50;30.75;25.00;24.00;23.50;24.25;23.75;25.00;35.25;34.00;25.00;24.00;24.00;24.00;24.25;25.25;36.75;33.75;25.00;24.25;23.25;23.50;23.50;25.00;32.25;29.00;24.00;23.25;23.25;23.25;23.00;23.50;25.25;24.25;23.50;23.50;23.00;23.00;23.75;23.50;23.25;23.50;22.75;22.75;23.00]
115172-[24.50;24.00;24.50;25.25;25.00;24.25;24.75;24.50;24.50;24.00;24.25;26.25;26.25;24.75;24.25;24.50;24.25;24.50;25.00;31.50;31.00;25.00;24.75;23.75;24.00;24.00;25.25;35.50;34.00;25.00;24.25;23.75;24.75;24.50;25.25;37.00;34.00;24.50;24.00;23.75;23.75;24.00;24.75;32.50;28.75;24.25;23.50;23.75;23.75;23.25;23.75;24.75;24.50;23.50;23.25;22.50;23.50;23.50;23.50;23.00;23.00;22.75;23.25;23.25]
115657-[24.75;24.00;24.25;25.25;25.00;24.25;24.50;24.00;25.00;24.25;25.00;26.75;26.50;24.75;24.50;24.50;24.50;24.50;25.50;31.75;31.50;25.25;24.25;24.25;24.75;24.25;25.25;35.75;34.25;25.00;24.00;24.25;24.50;24.50;25.75;37.00;34.25;24.50;24.25;23.25;24.00;24.25;25.00;32.00;29.00;24.25;24.25;23.50;23.75;23.00;24.00;25.25;24.25;23.75;23.25;23.00;24.00;23.50;23.00;23.50;23.25;22.75;23.50;23.00]
116142-[24.25;24.50;24.50;24.75;25.00;24.50;24.75;24.50;24.75;24.00;25.00;26.25;26.00;25.00;24.25;24.50;24.00;25.00;25.00;31.75;31.25;25.00;24.25;24.00;24.50;23.75;25.50;35.75;34.00;25.00;24.25;23.75;24.50;24.00;25.75;36.75;34.25;24.75;24.50;23.50;24.00;24.25;25.00;32.75;29.50;24.25;24.00;23.50;23.25;23.00;23.75;25.00;24.00;24.00;23.50;22.25;23.00;23.25;23.75;23.25;23.50;23.00;23.00;22.75]
116627-[24.50;23.75;24.25;25.25;25.00;24.50;24.75;25.00;24.00;24.50;25.00;26.50;26.00;24.50;24.00;24.75;24.50;24.50;25.25;31.50;31.25;25.25;24.75;24.25;24.00;24.50;25.25;35.50;33.75;24.75;24.00;24.00;24.25;25.00;25.75;37.00;34.25;25.00;24.00;23.00;23.25;24.00;24.50;32.75;29.00;24.00;23.75;23.25;23.50;23.25;23.50;25.00;24.25;24.00;23.50;23.00;23.00;23.00;23.25;23.00;23.25;22.75;23.00;23.00]
117112-[25.00;24.00;24.50;25.25;25.25;24.50;24.75;24.75;24.50;24.50;24.50;26.50;26.00;24.75;24.25;24.50;24.25;25.00;25.25;31.75;31.25;25.25;24.25;23.75;24.00;24.25;25.50;35.50;34.00;24.75;23.75;24.00;24.50;24.50;25.50;37.00;34.25;24.75;24.25;23.50;24.25;24.00;24.75;32.50;29.00;24.25;23.50;24.00;23.50;23.25;23.75;24.75;24.25;23.50;23.00;22.50;23.00;23.25;23.75;22.75;23.00;22.50;23.25;22.50]
117597-[24.75;24.25;24.25;25.00;25.00;24.25;24.50;23.75;24.50;24.50;24.75;26.50;26.00;24.25;24.50;24.75;24.75;24.50;25.00;31.50;31.25;25.00;24.25;23.75;24.00;23.75;25.00;35.50;34.00;24.75;24.25;23.75;24.25;24.25;25.25;36.75;33.75;24.50;24.25;23.75;24.00;24.00;24.25;32.50;28.75;24.25;23.50;23.00;23.50;23.00;24.00;25.00;24.25;23.50;22.75;22.75;22.75;23.00;23.00;23.00;23.25;23.00;22.75;22.75]
118082-[24.25;23.50;24.00;25.25;25.00;24.25;24.75;24.75;24.75;24.25;24.50;25.75;26.00;24.75;24.25;24.25;23.75;24.75;25.00;31.50;30.75;24.50;24.50;23.75;24.50;24.25;25.25;35.25;33.50;24.75;24.00;24.00;24.75;24.50;25.75;37.00;34.00;24.75;24.50;23.00;24.00;24.00;24.75;32.25;28.75;23.75;23.50;23.25;23.75;23.50;23.50;25.00;23.75;23.50;23.25;22.50;23.50;23.00;23.25;23.75;24.00;23.00;22.50;22.50]
118567-[25.00;23.75;24.25;25.00;25.00;23.75;24.50;24.25;24.25;24.00;24.25;26.25;26.00;24.00;24.25;24.25;24.50;24.50;25.00;31.75;31.00;24.50;24.75;23.75;24.25;24.00;25.00;35.25;34.00;25.00;24.00;23.50;24.00;24.50;25.75;36.75;34.00;25.00;24.50;23.50;23.50;24.00;24.75;32.50;28.75;23.50;23.25;23.75;23.25;23.50;23.50;24.75;24.00;23.50;22.75;22.75;23.50;23.75;23.50;23.25;23.25;22.75;23.25;23.00]
119052-[24.50;24.25;24.25;24.75;24.75;24.25;24.50;24.25;24.75;24.25;24.75;26.25;26.00;24.50;24.00;24.25;24.00;24.25;24.75;31.00;30.75;24.50;24.00;23.75;24.25;23.75;25.00;35.50;33.75;24.75;24.00;23.75;24.00;24.50;25.50;36.75;33.75;24.75;24.00;23.75;23.75;24.25;25.00;32.50;28.50;23.75;23.50;23.75;23.25;23.50;24.00;25.00;24.25;24.00;22.75;22.50;23.25;23.00;23.00;22.75;23.50;23.00;23.25;23.25]
119537-[24.25;24.00;24.50;24.75;24.75;24.50;24.50;24.25;25.00;24.25;25.00;26.25;26.25;24.50;24.25;24.00;24.50;24.50;24.75;31.50;31.00;25.00;24.50;24.00;24.50;24.25;25.50;35.25;33.75;24.50;24.25;23.50;24.25;24.75;25.50;37.00;34.25;24.75;24.25;23.50;23.75;23.75;25.00;32.25;28.75;24.25;23.25;24.00;23.50;22.75;23.75;24.75;23.75;23.75;23.25;22.75;23.50;23.50;23.25;24.00;23.25;22.75;22.75;23.25]
120022-[24.75;24.00;24.25;25.25;24.75;24.25;24.50;24.25;24.75;24.50;24.50;26.25;26.00;24.50;24.25;24.25;24.25;24.50;25.00;31.25;31.00;25.00;24.25;24.00;24.25;24.25;25.00;35.25;34.00;24.75;24.00;23.25;24.25;24.50;25.25;37.00;33.75;24.75;24.25;23.50;23.50;24.00;24.75;32.25;29.00;24.00;23.50;24.00;23.00;23.25;23.75;24.75;24.75;23.75;22.75;22.25;23.50;23.00;23.50;23.25;23.25;23.00;23.50;22.75]
120507-[24.00;23.75;24.00;25.00;24.25;24.50;24.50;24.00;24.75;24.25;24.25;26.25;26.25;24.50;24.50;24.50;24.00;24.25;25.00;31.50;31.00;24.75;24.00;23.50;24.50;24.25;25.25;35.50;33.75;24.75;24.00;23.75;24.50;24.25;25.75;37.00;34.25;24.75;24.25;23.25;24.25;24.00;25.00;32.25;28.75;24.50;23.50;23.75;23.25;23.50;24.00;25.00;24.00;23.25;22.75;22.00;23.50;23.25;23.50;23.00;23.25;22.75;23.25;22.50]
120992-[24.25;24.50;24.25;25.50;24.75;24.25;24.50;24.50;24.50;24.25;24.75;25.75;25.75;24.75;24.25;24.50;24.50;24.50;25.25;31.75;31.00;25.00;24.25;24.25;23.75;24.00;25.00;35.75;34.00;24.75;24.00;23.50;24.50;24.25;25.50;36.75;34.25;24.75;24.00;23.50;23.50;24.00;25.00;32.25;29.00;24.00;23.50;23.75;23.50;23.50;23.75;24.75;24.50;23.50;23.25;23.25;23.75;23.50;23.50;23.25;23.25;22.50;23.25;23.25]
121477-[24.50;24.25;24.75;25.25;25.25;24.75;24.25;24.50;24.50;24.50;24.50;26.00;26.00;24.50;24.00;24.50;24.25;24.25;24.75;31.50;31.00;25.00;23.75;23.75;24.00;24.25;25.50;35.25;34.00;25.00;24.50;24.00;24.50;24.50;25.50;37.25;34.00;24.75;24.25;23.25;23.75;24.00;24.75;32.00;28.50;24.25;23.50;23.75;23.00;23.75;24.00;25.00;24.50;24.00;23.00;22.75;23.50;23.25;23.75;22.50;22.75;23.00;23.25;23.25]
121962-[24.25;24.00;24.25;24.75;24.75;24.00;24.75;24.00;24.50;24.25;24.25;26.00;26.00;24.25;24.00;24.00;24.00;24.50;24.75;31.25;30.75;24.75;24.50;24.00;24.00;24.00;25.25;35.25;33.75;24.75;24.50;24.00;24.00;24.50;25.75;37.00;34.00;24.75;24.25;23.75;24.00;24.00;24.75;32.25;28.75;24.25;23.75;23.25;23.75;23.25;23.75;24.50;24.25;23.50;23.00;22.50;23.00;23.25;22.75;22.75;23.25;23.00;22.75;23.00]
122447-[24.75;24.00;24.00;24.50;25.00;24.25;25.00;24.25;24.25;24.25;24.75;26.25;26.25;24.25;24.00;24.25;24.25;24.50;25.25;31.75;30.75;24.75;24.00;23.75;24.25;24.25;25.25;35.75;34.00;24.75;24.25;23.50;24.00;24.25;25.50;36.75;33.75;24.50;24.00;23.25;23.25;23.50;24.75;32.25;29.00;24.25;24.00;23.25;23.25;23.25;23.75;25.00;24.50;23.50;22.75;22.75;23.25;23.50;23.25;23.75;23.00;22.50;23.00;22.75]
122932-[24.75;23.75;24.50;25.00;24.75;24.50;24.50;25.00;24.50;24.00;25.00;26.25;26.25;24.75;24.25;24.25;24.25;24.50;25.00;31.75;31.00;25.25;24.50;23.75;24.25;24.50;25.25;35.75;34.00;25.00;24.00;24.00;24.50;24.75;25.75;37.00;34.25;25.00;24.75;23.00;23.50;24.25;25.25;32.50;28.75;24.00;23.50;23.50;23.75;23.25;24.25;24.75;24.00;23.50;23.25;22.25;23.00;23.50;23.50;23.00;23.25;23.00;23.00;23.00]
123417-[25.00;24.00;24.50;25.25;25.25;24.50;24.75;24.50;24.50;24.25;24.75;27.00;26.00;24.50;24.25;25.25;24.50;24.25;25.00;31.50;31.25;25.00;25.00;24.25;24.25;24.25;25.50;35.75;33.75;25.25;24.50;23.50;24.75;24.75;25.50;37.00;34.25;25.00;24.00;23.75;24.25;24.00;25.00;32.75;29.00;24.50;23.75;23.50;23.75;23.25;23.50;24.50;24.50;23.50;23.25;22.75;23.25;23.25;23.75;23.50;23.25;22.75;23.00;23.00]
123902-[24.75;23.75;25.00;25.25;25.25;24.75;24.75;24.50;24.75;24.50;24.75;26.25;26.50;24.50;24.00;24.50;23.75;25.00;25.25;31.50;31.25;25.25;24.50;24.00;24.25;24.25;25.25;35.50;34.00;25.00;24.25;24.00;24.50;24.50;25.50;36.75;34.25;24.75;24.00;23.50;24.00;24.00;25.00;32.75;29.00;24.50;24.00;23.75;23.50;23.25;24.25;25.25;24.75;23.75;23.25;22.50;23.00;23.50;23.50;23.50;23.75;23.00;23.50;23.75]
124387-[25.00;24.50;24.50;25.25;24.75;24.50;24.50;24.75;24.25;24.25;24.75;26.50;26.25;24.50;24.50;24.25;24.75;24.25;25.25;31.75;30.75;25.50;24.50;24.25;24.50;24.00;25.50;35.50;34.00;25.00;24.50;23.50;24.75;24.50;26.00;37.00;34.25;24.75;24.00;24.00;23.75;24.25;25.00;32.50;29.50;23.75;24.00;23.50;23.50;23.25;23.50;25.00;24.25;23.75;23.25;22.50;23.75;23.50;23.75;23.75;23.25;23.25;23.25;23.00]
124872-[24.50;24.25;24.75;25.00;25.00;24.75;24.50;24.75;24.75;24.25;25.00;26.75;26.50;25.00;24.25;24.50;24.25;24.75;25.50;31.75;31.00;25.25;24.25;24.25;24.25;24.50;25.75;35.25;34.00;25.25;24.25;24.00;24.25;24.50;25.50;37.25;34.00;24.75;24.25;23.50;24.50;24.00;24.75;33.00;28.75;24.25;23.50;23.50;24.00;23.25;23.75;24.75;24.25;23.25;23.25;23.00;23.25;23.25;23.75;23.50;23.25;23.25;23.25;23.25]
125357-[24.75;24.00;25.00;25.00;25.25;24.50;24.50;23.75;24.50;24.00;24.50;26.25;26.00;24.50;24.50;24.00;24.75;24.50;25.00;31.50;31.00;25.00;24.50;24.00;24.25;24.25;25.00;35.75;33.75;24.75;24.25;23.50;24.75;24.50;25.00;37.00;34.00;25.00;24.00;23.50;23.75;23.75;25.25;32.50;29.25;24.00;24.25;23.50;23.75;23.75;23.75;25.25;24.25;24.00;23.25;22.50;23.50;24.00;23.25;23.00;23.25;23.25;23.25;23.25]
125842-[24.50;24.25;24.50;25.50;25.50;24.75;25.00;24.25;24.50;24.50;25.00;26.50;26.25;24.75;24.50;24.50;24.25;24.50;25.25;31.50;31.00;25.00;24.25;24.00;24.25;24.25;25.25;35.25;34.25;25.25;24.00;23.50;24.50;24.75;25.75;36.75;34.25;24.75;24.50;23.50;24.50;24.00;25.50;32.50;28.75;24.00;23.75;24.00;24.00;23.25;23.50;24.75;24.75;23.75;23.25;22.75;23.25;23.50;23.50;23.50;23.75;22.75;23.00;23.00]
126327-[24.50;24.00;24.75;25.00;25.25;24.50;25.00;24.25;24.50;24.25;25.00;26.75;26.00;25.25;24.25;24.25;24.75;24.75;24.75;31.75;31.25;25.00;24.25;24.25;24.25;24.75;25.25;35.50;34.00;25.00;23.50;24.00;24.75;24.25;25.50;36.75;34.25;24.75;24.25;23.50;24.00;24.75;25.00;32.50;29.25;24.25;23.25;23.50;23.75;23.25;24.00;25.25;24.50;23.75;23.25;23.00;22.75;23.25;23.50;23.50;23.25;22.75;23.50;22.50]
126812-[24.25;24.00;24.50;25.25;24.75;24.25;24.75;24.00;24.25;24.50;24.25;26.00;26.00;24.50;24.00;23.75;24.75;25.00;25.25;31.50;31.25;24.75;24.50;24.00;24.00;23.75;25.50;35.75;33.75;24.75;24.25;24.00;23.75;24.25;25.25;37.00;34.00;24.75;23.75;23.50;23.75;24.00;24.50;32.25;29.00;24.25;23.50;23.50;23.75;22.75;23.50;24.75;24.50;23.50;23.25;23.00;23.00;23.50;23.75;23.00;23.25;23.00;23.00;22.75]
127297-[24.25;24.00;24.50;24.75;24.75;24.50;24.50;24.50;23.75;23.75;24.25;26.00;26.00;24.75;23.75;24.25;24.25;24.25;24.75;31.50;31.00;24.75;24.25;23.75;24.50;24.50;25.25;35.25;33.50;24.75;24.00;23.75;24.00;24.25;25.25;36.75;33.75;24.50;24.25;24.00;23.50;23.75;24.50;32.75;29.00;24.00;23.50;23.75;23.50;23.25;23.50;25.00;24.75;23.50;23.25;22.25;23.00;23.25;23.50;23.25;23.25;22.75;23.25;22.50]
127782-[24.25;24.00;24.75;25.00;24.50;24.25;24.75;24.25;24.50;24.25;24.25;26.25;26.50;24.50;24.25;24.50;24.25;24.25;25.00;31.50;31.00;24.75;24.50;23.75;23.75;23.75;24.75;35.50;33.50;24.50;24.50;23.25;24.25;24.00;25.75;36.75;33.75;24.75;24.00;23.75;24.00;24.00;24.75;32.75;28.75;24.25;23.25;23.50;23.00;23.50;23.50;24.75;24.25;23.00;23.25;22.50;23.00;23.00;23.75;23.25;23.25;22.25;23.00;23.25]
128267-[24.25;24.00;24.25;24.75;25.00;24.25;24.50;24.00;24.75;24.00;24.75;26.25;26.00;24.25;24.25;24.25;24.50;24.25;25.25;31.25;31.00;24.50;24.50;23.50;24.50;24.25;25.00;35.50;33.75;24.75;24.25;24.25;24.25;24.25;25.50;36.25;34.25;24.50;23.75;23.75;24.00;23.75;24.75;32.75;29.25;24.25;23.50;23.25;23.25;23.00;23.75;25.00;24.25;23.75;23.25;22.50;23.00;23.50;23.50;22.75;23.50;23.00;23.00;22.25]
128752-[25.00;24.25;24.50;24.75;25.00;24.00;24.75;24.00;24.75;24.25;24.50;26.25;26.00;24.50;24.00;24.75;24.00;24.50;25.00;31.50;31.25;24.50;24.75;23.75;24.25;24.50;24.75;35.50;34.00;25.00;24.25;24.00;24.50;24.50;25.25;37.00;34.00;24.50;24.00;23.00;23.75;24.00;24.25;32.75;29.00;23.50;23.00;23.75;23.25;23.00;23.50;25.00;24.75;23.50;22.75;22.50;23.25;23.25;23.25;23.50;23.25;23.25;23.25;22.50]
129237-[24.75;23.75;24.50;24.75;24.75;24.25;24.50;24.00;24.25;24.00;25.00;26.25;26.25;24.50;24.50;23.75;24.25;24.50;25.25;31.50;31.00;25.00;24.50;23.75;24.50;24.25;25.00;35.50;34.00;24.50;24.25;24.00;24.25;24.25;25.00;37.00;34.00;24.50;24.00;23.50;24.25;23.50;24.75;32.50;28.50;24.00;23.50;23.50;23.75;23.25;23.75;25.00;24.25;23.50;23.00;21.75;23.25;23.75;22.75;23.25;23.50;22.75;23.00;22.50]
129722-[24.75;24.25;24.25;24.50;24.25;24.25;24.00;24.25;24.50;23.75;24.50;25.50;26.25;24.00;24.25;23.75;23.75;24.50;25.00;31.25;30.50;24.75;24.50;23.50;24.50;23.75;25.00;35.25;33.75;24.50;24.00;23.25;24.25;24.25;25.25;36.75;33.75;24.75;24.25;23.75;23.25;23.75;24.50;31.75;28.75;23.75;23.00;23.00;23.50;23.25;24.25;24.50;24.00;23.75;23.00;22.50;22.75;23.25;23.25;23.25;23.50;23.00;22.75;22.75]
130207-[24.00;23.75;24.25;24.75;24.75;24.50;24.50;24.25;24.00;24.25;24.50;26.25;26.00;24.25;24.00;23.75;24.50;24.25;25.00;31.25;31.00;25.00;24.75;23.50;24.25;24.25;25.00;35.25;33.50;25.00;24.00;23.25;24.00;24.00;25.25;37.00;33.75;24.75;24.25;23.00;23.75;23.75;25.00;32.50;28.75;23.75;23.25;23.50;23.25;23.25;23.50;24.50;24.25;23.00;22.75;22.75;22.75;23.25;23.50;22.75;23.25;22.50;22.75;22.50]
130692-[24.00;23.50;24.50;24.50;24.75;24.25;24.25;24.00;24.25;23.75;24.25;25.75;25.75;24.50;23.75;24.00;24.50;24.50;24.75;31.25;31.25;25.00;24.50;24.25;24.25;24.00;25.00;35.25;33.75;24.75;23.75;23.25;24.25;24.25;25.75;36.50;34.00;24.75;24.00;23.50;23.50;23.75;24.75;32.25;28.75;24.25;22.75;23.50;23.25;23.25;23.75;24.25;24.00;23.75;23.00;22.25;22.50;22.75;23.00;22.75;22.75;22.50;23.25;22.75]
131177-[24.25;24.00;24.50;24.50;24.75;24.25;24.50;24.00;24.75;24.75;24.50;26.50;26.25;25.00;24.00;24.25;24.25;24.50;25.00;31.75;31.25;24.75;24.25;24.50;24.75;24.25;25.25;35.50;34.00;25.00;24.00;23.75;24.25;24.50;25.50;37.00;34.00;24.50;24.25;23.50;23.50;24.25;24.75;32.25;28.75;23.75;23.50;23.75;23.00;23.75;23.50;24.75;24.50;23.75;22.75;23.00;23.00;23.25;23.50;23.00;23.25;23.00;23.00;22.50]
131662-[24.25;23.75;24.25;24.75;25.00;24.25;24.75;24.75;24.25;24.25;24.75;26.50;26.00;24.50;24.25;24.50;24.25;24.25;25.00;31.50;30.75;25.25;24.50;23.75;24.25;24.25;25.25;35.50;34.00;25.00;24.00;23.75;24.50;24.75;25.50;37.00;34.00;25.00;24.00;23.25;23.50;23.75;24.75;32.50;29.50;24.25;23.75;23.25;23.50;23.25;24.00;25.00;24.25;23.75;23.50;22.50;23.25;23.00;24.25;23.50;23.50;23.00;23.00;23.00]
132147-[24.25;23.75;24.50;24.75;25.00;24.50;25.25;24.25;24.25;24.50;24.50;26.25;25.75;24.50;24.50;24.50;24.25;24.75;25.00;31.50;31.00;25.50;24.50;23.75;24.00;24.00;25.50;35.25;33.75;24.75;24.00;24.25;24.25;24.50;25.50;36.75;34.00;25.00;24.00;23.50;23.50;23.75;25.00;32.25;28.75;23.75;23.75;23.25;23.25;23.50;23.75;25.00;24.00;23.50;23.25;22.75;23.00;23.25;23.50;23.00;23.25;23.00;22.75;23.00]
132632-[24.50;24.00;24.00;25.25;25.00;24.25;25.00;24.50;24.75;24.25;24.75;26.00;26.25;24.50;24.25;24.25;24.25;24.25;25.25;31.50;31.00;25.00;24.75;24.00;24.50;24.00;25.25;35.50;34.50;24.50;24.50;23.75;24.50;24.50;25.25;37.00;34.25;24.75;24.50;23.75;23.75;24.25;24.75;32.75;29.25;24.25;23.25;23.75;23.75;23.50;24.00;25.25;24.25;24.00;23.25;22.75;23.50;23.50;23.75;23.25;24.00;22.75;23.25;23.00]
133117-[24.75;23.50;24.75;25.00;25.00;24.00;24.25;24.25;24.75;24.50;25.00;26.25;26.25;24.50;24.50;24.25;24.50;24.50;25.50;31.50;31.25;25.00;24.50;23.50;24.25;24.25;25.25;35.25;33.75;25.00;24.25;24.00;24.50;25.00;25.50;36.75;34.50;25.25;24.50;23.75;23.50;24.00;25.00;32.75;29.00;24.50;23.25;23.75;24.00;23.75;23.75;25.00;25.00;23.75;23.00;23.00;23.75;23.00;23.25;22.75;23.25;23.25;23.75;23.00]
133602-[24.50;24.25;24.75;25.00;24.50;24.25;25.00;24.50;24.50;24.25;24.50;26.00;26.00;24.50;24.75;24.25;24.75;24.50;25.25;31.50;31.25;25.25;24.50;24.00;24.25;24.25;25.25;35.25;34.00;25.00;24.25;23.75;24.75;24.50;25.75;37.00;34.00;24.75;24.25;23.75;23.75;24.25;25.25;32.50;29.00;24.00;24.00;24.00;23.25;23.25;24.00;25.00;23.75;23.75;23.50;22.50;23.50;23.50;23.50;23.00;23.75;23.00;23.50;22.75]
134087-[24.75;24.00;24.00;25.25;24.75;24.00;24.50;24.50;24.50;24.00;24.75;25.75;26.25;24.50;24.25;24.25;24.25;24.50;25.00;31.50;30.75;25.00;24.50;23.75;24.00;24.00;25.00;35.25;34.00;24.75;24.25;24.00;24.50;24.50;25.75;37.00;33.75;25.00;24.50;23.75;23.75;24.00;24.50;32.50;29.25;24.25;23.25;23.50;23.50;23.25;23.75;25.00;24.00;24.00;23.25;23.00;22.75;23.50;23.50;23.50;23.25;22.75;23.50;23.00]
134572-[24.50;24.50;24.50;25.25;24.75;24.25;24.75;24.75;24.50;23.75;25.00;26.25;26.00;24.75;24.00;24.25;24.50;24.50;25.25;31.75;31.00;25.00;24.25;23.50;24.25;24.00;25.25;35.50;33.75;25.00;24.25;23.75;24.50;24.50;26.00;36.75;34.25;24.50;24.25;23.50;23.75;24.00;24.75;32.50;29.00;24.25;23.50;23.50;23.25;23.50;23.75;24.50;24.75;24.00;23.50;22.75;23.50;22.75;23.25;23.00;23.25;23.25;23.25;23.50]
135057-[24.75;24.25;24.00;25.00;24.75;24.00;24.50;24.50;24.25;24.25;24.75;25.75;26.00;24.50;24.00;24.50;24.00;24.50;24.75;31.75;30.75;25.00;24.50;24.00;24.00;24.25;25.00;35.25;33.50;25.25;24.25;23.75;24.25;24.50;25.50;36.75;34.00;25.25;24.50;23.25;24.00;24.00;24.75;32.50;28.75;24.00;23.00;23.50;23.25;23.25;23.50;24.75;24.25;23.50;23.00;22.25;23.00;23.00;23.25;23.25;23.25;23.25;23.00;22.75]
135542-[25.00;24.25;24.25;25.00;24.75;24.25;24.75;24.00;24.75;24.50;24.75;26.25;25.75;24.75;24.00;24.25;24.25;24.50;24.75;31.75;31.00;25.00;24.75;24.50;24.50;24.00;25.25;35.00;33.75;25.00;24.00;23.75;23.75;24.25;25.25;36.75;34.00;25.00;23.75;23.50;24.00;24.25;25.00;32.50;28.50;24.00;23.50;23.50;23.50;23.50;23.50;25.00;24.50;24.00;23.25;22.75;23.25;23.50;23.75;23.25;23.25;22.75;23.25;23.00]
136027-[24.25;24.00;24.25;25.00;24.75;24.25;24.75;24.75;24.50;23.75;24.75;26.00;26.00;24.50;24.00;24.50;24.25;24.75;25.00;31.50;31.00;24.75;24.50;24.00;24.00;24.50;25.25;35.25;34.00;24.75;24.25;24.00;24.50;24.50;25.50;36.75;33.75;24.50;24.00;23.50;24.25;24.00;24.75;32.50;28.75;24.50;23.50;23.50;22.75;23.75;23.75;24.50;24.25;23.50;23.25;22.50;22.50;23.50;23.25;23.25;23.25;22.75;23.00;23.00]
136512-[24.50;23.75;24.25;25.00;24.75;24.00;24.50;24.25;24.25;24.25;24.25;26.25;26.00;24.25;24.25;24.50;24.25;24.50;24.75;31.00;30.75;25.25;24.50;23.75;24.25;24.00;25.25;35.25;34.00;25.00;24.25;24.00;24.25;24.50;25.50;36.50;33.50;24.75;24.00;
