Plastico Liquido Preto 200mm
227 - [25.00; 24.50; 25.25; 26.50; 26.00; 24.50; 24.75; 24.00; 25.25; 25.00; 26.                                                                                                                                                                                                                                             00; 34.75; 33.75; 25.25; 24.00; 24.50; 24.75; 25.00; 27.25; 40.75; 39.75; 26.25;                                                                                                                                                                                                                                              24.75; 23.75; 24.50; 24.50; 27.00; 42.00; 40.00; 25.75; 24.00; 23.75; 24.50; 24                                                                                                                                                                                                                                             .25; 27.25; 42.00; 38.50; 25.50; 24.25; 23.00; 23.75; 24.25; 26.50; 41.50; 36.50                                                                                                                                                                                                                                             ; 24.75; 23.25; 23.25; 23.25; 23.50; 26.00; 41.00; 34.25; 24.50; 23.25; 22.75; 2                                                                                                                                                                                                                                             4.00; 23.75; 24.50; 31.00; 26.75; 23.00; 23.25; 22.00]
712 - [24.75; 24.00; 25.00; 26.50; 26.50; 24.75; 24.75; 23.75; 24.50; 24.50; 25.                                                                                                                                                                                                                                             75; 35.00; 33.75; 25.75; 24.25; 24.00; 24.50; 25.00; 27.50; 40.75; 39.50; 26.25; 24.50; 23.75; 24.50; 24.75; 27.25; 42.00; 39.75; 26.00; 24.00; 23.25; 24.00; 24.50; 27.50; 42.00; 38.50; 25.25; 24.25; 23.25; 23.75; 24.25; 26.50; 41.50; 37.00; 25.00; 23.50; 22.75; 23.75; 23.50; 25.75; 41.00; 34.50; 24.50; 23.25; 22.00; 23.50; 23.50; 24.75; 31.00; 27.25; 22.75; 23.25; 23.00]
1197 - [25.00; 24.25; 24.50; 26.50; 27.00; 24.75; 25.25; 24.50; 25.25; 24.75; 26.25; 35.00; 33.75; 26.00; 24.75; 24.75; 24.50; 25.25; 27.50; 41.25; 40.00; 26.50; 24.75; 23.75; 24.50; 24.50; 27.50; 42.25; 39.75; 26.00; 25.00; 23.25; 24.25; 24.50; 27.50; 42.25; 39.00; 25.75; 24.25; 23.25; 23.75; 24.50; 26.75; 41.75; 37.00; 25.00; 23.50; 23.00; 23.50; 23.75; 25.50; 41.00; 34.75; 24.75; 23.25; 22.00; 22.75; 23.75; 24.75; 31.00; 27.50; 23.50; 23.00; 22.75]
1682 - [24.50; 24.00; 24.50; 26.75; 26.50; 25.25; 25.00; 24.50; 25.25; 24.75; 26.00; 34.75; 34.25; 25.50; 25.00; 24.75; 24.75; 24.75; 27.00; 41.00; 39.50; 26.25; 24.75; 23.75; 24.75; 24.75; 27.75; 42.00; 39.50; 26.25; 24.50; 23.75; 24.00; 25.00; 27.25; 42.50; 38.75; 25.75; 24.50; 23.00; 24.25; 24.25; 26.75; 41.75; 37.00; 24.75; 24.00; 23.00; 23.25; 23.50; 25.75; 41.25; 35.00; 24.00; 23.50; 22.75; 23.00; 23.75; 25.00; 31.00; 28.00; 24.00; 23.50; 22.75]
2167 - [24.75; 24.25; 25.25; 26.75; 26.50; 25.50; 25.00; 24.50; 25.00; 24.50; 26.25; 35.00; 33.25; 25.75; 24.75; 24.25; 24.75; 24.75; 27.00; 41.00; 39.75; 26.25; 25.00; 24.00; 24.50; 24.50; 27.25; 42.00; 40.00; 26.00; 24.00; 24.00; 24.75; 24.75; 27.25; 42.00; 38.75; 25.50; 24.50; 23.50; 23.75; 24.75; 27.00; 42.25; 36.75; 25.00; 23.75; 23.75; 23.50; 24.00; 25.75; 40.75; 35.00; 24.75; 23.25; 22.25; 23.50; 23.75; 24.25; 31.25; 27.50; 23.25; 23.25; 22.50]
2652 - [24.75; 24.50; 25.25; 27.25; 27.00; 25.00; 25.00; 24.00; 24.75; 25.00; 26.00; 35.00; 33.75; 25.50; 24.50; 24.25; 25.00; 24.75; 27.00; 41.00; 39.50; 26.50; 25.00; 23.75; 24.50; 24.75; 27.25; 41.75; 40.00; 26.25; 24.75; 23.75; 24.25; 24.75; 27.50; 42.25; 38.50; 25.50; 24.25; 23.00; 23.75; 24.25; 26.75; 41.50; 36.75; 24.75; 23.75; 23.25; 23.50; 24.25; 26.00; 41.25; 34.75; 24.75; 23.25; 22.50; 23.25; 23.50; 24.50; 31.25; 27.50; 23.00; 23.25; 23.00]
3137 - [24.75; 24.00; 25.25; 26.75; 26.50; 24.75; 25.00; 24.50; 25.25; 24.75; 26.00; 34.75; 33.75; 25.75; 24.75; 24.25; 24.50; 25.00; 27.00; 41.00; 39.75; 26.25; 25.00; 24.00; 24.75; 24.50; 27.25; 41.75; 39.75; 26.25; 24.25; 24.00; 24.75; 25.00; 27.50; 42.25; 39.00; 25.25; 24.25; 23.25; 24.00; 24.50; 27.00; 41.75; 37.00; 25.00; 23.50; 23.50; 24.00; 24.00; 25.50; 40.75; 34.75; 24.25; 23.25; 22.75; 23.25; 24.25; 24.25; 31.00; 27.50; 23.75; 23.00; 23.00]
3622 - [25.00; 24.50; 25.00; 26.50; 26.50; 25.00; 25.25; 24.50; 24.75; 25.00; 26.25; 35.00; 33.50; 26.00; 24.50; 24.25; 24.75; 24.75; 27.25; 41.00; 39.75; 26.25; 25.00; 24.00; 24.00; 24.50; 27.50; 42.00; 39.75; 26.25; 24.50; 24.00; 24.25; 25.00; 27.75; 42.25; 38.75; 25.50; 24.25; 23.25; 23.50; 24.50; 27.25; 41.75; 37.00; 25.00; 23.25; 23.50; 23.75; 24.25; 26.00; 40.75; 35.25; 24.50; 23.50; 22.50; 23.50; 24.00; 25.25; 31.25; 27.50; 23.50; 23.50; 22.75]
4107 - [24.75; 24.50; 25.25; 27.00; 26.50; 25.00; 25.00; 24.00; 25.00; 24.75; 25.75; 35.00; 34.00; 25.75; 24.75; 24.75; 24.75; 24.75; 27.25; 41.00; 40.00; 26.50; 25.25; 24.25; 24.75; 24.50; 27.50; 42.00; 39.50; 26.00; 24.50; 23.50; 24.75; 24.50; 27.50; 42.00; 39.25; 25.75; 24.25; 23.50; 24.25; 24.00; 26.75; 41.75; 36.75; 24.75; 24.00; 23.00; 23.75; 23.75; 25.75; 41.00; 35.25; 24.75; 23.25; 22.50; 23.00; 23.75; 24.75; 31.25; 27.75; 23.50; 23.25; 23.00]
4592 - [25.00; 24.00; 25.00; 26.75; 26.75; 25.00; 24.75; 24.50; 25.00; 24.75; 25.50; 35.00; 33.75; 25.50; 24.75; 24.50; 25.00; 25.00; 27.00; 41.25; 39.75; 26.75; 25.00; 24.50; 24.25; 24.75; 27.75; 41.75; 39.75; 25.75; 24.75; 23.75; 24.50; 25.00; 27.50; 42.50; 38.50; 26.00; 24.50; 23.50; 24.25; 24.50; 27.00; 42.00; 37.00; 25.00; 23.50; 23.75; 23.75; 24.00; 26.00; 41.00; 35.00; 24.25; 23.00; 22.75; 23.50; 24.00; 24.75; 31.00; 27.25; 23.75; 23.50; 23.00]
5077 - [25.25; 24.50; 25.00; 26.75; 26.75; 25.50; 25.50; 24.75; 25.25; 25.25; 26.50; 35.00; 34.00; 26.00; 25.00; 24.25; 24.75; 25.00; 26.75; 41.00; 39.75; 26.75; 25.00; 24.00; 24.75; 25.00; 27.50; 41.75; 39.75; 26.50; 24.75; 24.00; 24.25; 25.00; 27.50; 42.50; 39.00; 26.00; 24.75; 23.75; 24.50; 24.25; 27.25; 41.75; 37.25; 25.00; 24.25; 24.00; 24.00; 24.00; 26.50; 41.25; 35.25; 24.75; 24.00; 23.00; 23.75; 24.25; 24.50; 31.25; 28.00; 23.50; 24.00; 23.25]
5562 - [25.25; 24.25; 25.00; 26.75; 26.75; 25.00; 25.25; 25.25; 25.00; 24.25; 26.00; 34.75; 34.25; 26.25; 24.75; 25.00; 25.00; 25.50; 27.25; 41.25; 40.00; 26.50; 25.00; 24.25; 24.50; 24.25; 27.00; 41.75; 40.00; 26.00; 24.50; 24.00; 24.50; 25.00; 27.50; 42.25; 39.00; 25.50; 24.75; 23.75; 24.00; 24.50; 27.00; 42.00; 37.00; 25.00; 23.75; 24.00; 23.75; 24.25; 25.75; 40.75; 35.00; 25.00; 23.50; 22.75; 24.00; 24.00; 25.00; 31.50; 27.75; 23.25; 23.25; 23.25]
6047 - [25.00; 24.75; 25.50; 27.00; 26.00; 25.25; 25.25; 24.75; 25.25; 24.75; 26.25; 35.00; 33.75; 25.75; 25.25; 24.75; 24.75; 25.00; 27.25; 41.50; 40.00; 27.00; 25.50; 24.00; 24.75; 24.75; 27.50; 42.00; 40.00; 26.25; 25.00; 23.75; 24.25; 25.25; 27.50; 42.25; 38.75; 26.25; 24.75; 23.25; 24.25; 24.50; 27.25; 41.50; 36.50; 25.00; 23.75; 24.00; 24.00; 24.00; 26.75; 41.25; 35.00; 24.75; 23.50; 22.50; 23.75; 23.75; 24.50; 31.25; 27.75; 23.75; 23.75; 24.00]
6532 - [25.00; 24.50; 25.25; 26.50; 26.75; 25.00; 25.50; 25.25; 24.75; 25.00; 26.25; 35.25; 34.00; 26.00; 25.00; 24.50; 25.00; 24.75; 27.25; 41.00; 39.75; 27.00; 24.75; 24.00; 24.75; 24.75; 27.25; 41.75; 39.50; 26.00; 24.75; 23.50; 25.00; 25.00; 27.50; 42.25; 39.00; 25.75; 24.00; 23.50; 24.00; 25.00; 26.75; 42.00; 36.50; 25.25; 23.75; 24.00; 23.75; 24.25; 26.50; 41.00; 34.75; 24.50; 23.50; 23.00; 24.25; 24.50; 25.00; 31.50; 27.75; 24.00; 23.50; 23.75]
7017 - [24.75; 23.75; 25.50; 26.75; 26.50; 25.50; 25.25; 24.25; 24.50; 25.00; 26.25; 35.00; 33.50; 25.75; 24.50; 25.00; 24.75; 24.75; 27.00; 41.00; 39.50; 26.25; 25.00; 24.25; 24.75; 24.50; 27.75; 42.00; 40.00; 26.00; 24.50; 24.00; 24.50; 24.75; 27.50; 42.00; 38.75; 25.50; 24.50; 23.50; 23.50; 24.75; 27.00; 41.75; 36.75; 25.25; 23.75; 23.00; 23.50; 24.00; 25.75; 41.00; 35.00; 24.50; 23.50; 23.25; 23.25; 23.50; 24.50; 31.25; 26.75; 23.75; 23.50; 22.75]
7502 - [24.75; 23.75; 25.00; 26.50; 26.25; 24.75; 24.75; 24.25; 24.75; 24.75; 26.00; 34.75; 33.75; 25.75; 24.75; 24.25; 24.75; 25.25; 26.75; 40.75; 39.50; 26.25; 24.75; 24.50; 25.00; 24.50; 27.25; 41.75; 40.00; 26.00; 24.25; 23.25; 24.75; 24.75; 27.25; 42.00; 38.75; 25.75; 24.50; 23.25; 24.50; 24.50; 26.75; 41.50; 36.50; 25.25; 24.00; 23.75; 23.75; 24.00; 25.75; 41.00; 34.50; 24.50; 23.75; 23.25; 23.75; 23.25; 24.25; 31.25; 27.50; 23.50; 23.25; 22.75]
7987 - [25.00; 24.25; 25.00; 26.50; 26.50; 25.00; 24.75; 24.25; 24.75; 24.50; 25.75; 34.75; 33.50; 25.75; 24.50; 25.00; 24.50; 25.00; 27.00; 41.25; 39.50; 26.75; 25.00; 24.00; 24.50; 24.75; 27.25; 41.50; 39.25; 26.00; 24.00; 24.25; 24.75; 25.00; 27.25; 42.25; 38.50; 25.50; 24.25; 23.00; 24.00; 24.25; 26.75; 41.50; 36.50; 24.75; 23.00; 23.25; 24.00; 23.75; 25.75; 40.75; 34.75; 24.25; 23.50; 23.00; 23.25; 24.00; 24.75; 31.25; 27.50; 23.50; 23.75; 22.50]
8472 - [24.75; 24.50; 24.75; 26.75; 26.50; 25.25; 24.75; 25.00; 24.50; 24.25; 26.00; 34.75; 33.75; 25.50; 24.75; 24.75; 24.25; 24.75; 26.75; 41.00; 39.25; 26.50; 24.75; 24.00; 24.25; 24.50; 27.25; 41.75; 39.75; 26.25; 24.25; 24.00; 24.25; 24.25; 27.50; 42.00; 38.50; 26.00; 24.50; 23.00; 23.75; 24.50; 27.00; 41.75; 37.00; 25.00; 24.00; 23.50; 24.00; 24.00; 26.00; 41.25; 34.75; 25.00; 23.50; 22.50; 22.75; 23.75; 24.50; 31.00; 27.75; 23.75; 24.00; 22.50]
8957 - [25.00; 24.50; 25.25; 27.00; 26.75; 24.75; 25.25; 24.50; 25.00; 25.00; 26.00; 35.00; 33.75; 26.25; 24.50; 24.75; 24.50; 25.50; 27.00; 41.00; 39.50; 26.00; 24.75; 24.75; 25.00; 24.75; 27.25; 41.50; 39.50; 26.00; 24.75; 24.00; 24.75; 25.00; 27.25; 42.50; 38.75; 25.75; 24.00; 24.00; 23.75; 24.25; 27.00; 41.75; 36.75; 24.50; 23.75; 23.25; 24.00; 24.00; 26.25; 41.00; 34.75; 25.00; 23.75; 23.25; 24.25; 24.25; 25.00; 31.25; 27.50; 23.25; 23.50; 23.25]
9442 - [25.25; 24.50; 25.25; 26.75; 26.50; 24.75; 25.25; 24.75; 25.00; 24.75; 26.25; 35.25; 33.50; 26.00; 24.50; 24.50; 25.00; 25.25; 27.00; 40.75; 39.75; 26.00; 24.75; 24.25; 25.00; 24.50; 27.25; 41.50; 39.75; 26.50; 24.75; 24.00; 24.75; 25.00; 27.25; 42.25; 39.00; 25.75; 24.25; 23.75; 24.50; 24.50; 27.00; 42.00; 37.00; 25.00; 23.75; 24.00; 24.00; 24.25; 26.25; 41.00; 34.75; 24.75; 23.25; 23.00; 23.75; 23.75; 24.75; 31.25; 27.25; 23.50; 24.25; 23.25]
9927 - [25.25; 24.50; 25.75; 27.00; 26.50; 25.00; 25.25; 25.25; 25.25; 24.75; 26.75; 35.00; 33.75; 26.00; 25.25; 25.00; 24.75; 25.25; 27.25; 41.50; 39.75; 27.00; 25.00; 24.25; 24.75; 24.75; 27.50; 42.00; 39.75; 26.25; 24.75; 24.25; 24.75; 24.50; 27.50; 42.25; 38.75; 25.75; 25.00; 23.50; 24.25; 24.75; 27.00; 41.75; 37.00; 25.50; 23.50; 24.00; 24.00; 23.75; 26.00; 41.25; 34.75; 24.75; 23.75; 23.00; 23.75; 24.00; 25.00; 31.25; 27.75; 23.75; 23.75; 23.50]
10412 - [24.75; 24.50; 25.75; 27.25; 26.50; 25.50; 25.00; 24.50; 24.75; 25.00; 26.50; 34.75; 34.00; 25.75; 24.75; 25.00; 24.75; 25.00; 26.75; 41.25; 39.75; 27.00; 25.00; 24.50; 24.75; 24.75; 27.00; 41.75; 39.75; 26.50; 24.75; 24.00; 24.50; 25.00; 27.50; 42.00; 38.50; 25.75; 24.25; 24.00; 24.00; 24.25; 27.00; 42.00; 37.00; 25.25; 23.75; 23.75; 23.50; 24.00; 26.00; 41.25; 35.00; 25.00; 23.75; 22.50; 23.25; 24.00; 24.75; 31.75; 27.75; 24.25; 24.00; 23.50]
10897 - [25.00; 24.50; 25.25; 26.75; 26.75; 25.25; 25.25; 24.50; 25.50; 24.75; 26.00; 35.00; 33.75; 26.25; 24.50; 24.75; 25.00; 25.00; 27.50; 40.75; 39.75; 26.75; 25.25; 24.25; 24.50; 24.75; 27.25; 41.75; 40.00; 26.50; 24.75; 24.25; 25.00; 25.00; 27.75; 42.00; 38.75; 26.00; 24.75; 23.50; 24.50; 25.25; 27.00; 41.75; 36.50; 25.25; 24.25; 23.25; 23.75; 24.25; 26.25; 41.00; 35.00; 25.00; 23.50; 23.00; 23.00; 23.50; 24.75; 31.50; 27.75; 24.00; 23.75; 23.00]
11382 - [25.25; 24.75; 25.25; 26.75; 26.50; 25.50; 24.75; 24.75; 24.75; 24.25; 26.25; 35.00; 34.25; 26.00; 24.75; 24.75; 24.75; 25.25; 27.25; 41.00; 39.50; 26.75; 25.25; 24.25; 24.75; 24.50; 27.50; 41.75; 40.00; 26.25; 24.75; 24.00; 24.75; 25.00; 27.50; 42.25; 39.00; 26.00; 24.50; 23.50; 24.25; 24.50; 26.75; 41.75; 37.00; 25.25; 24.00; 23.75; 24.00; 23.75; 26.00; 41.00; 35.00; 24.75; 23.75; 22.75; 23.75; 24.00; 25.00; 32.00; 27.25; 24.00; 24.00; 23.00]
11867 - [25.25; 24.75; 25.50; 26.75; 27.00; 25.25; 25.25; 25.00; 25.00; 25.00; 26.00; 35.75; 34.00; 26.00; 24.75; 24.75; 25.00; 25.25; 27.75; 41.00; 39.75; 26.50; 25.25; 24.50; 24.75; 25.00; 27.25; 41.75; 39.75; 26.50; 24.75; 24.25; 24.75; 25.25; 27.75; 42.25; 39.00; 26.00; 24.25; 24.00; 24.50; 24.50; 27.25; 41.75; 37.00; 25.25; 24.25; 23.75; 23.75; 24.00; 26.00; 41.00; 34.75; 25.00; 23.75; 23.00; 24.75; 24.00; 24.75; 31.50; 27.75; 24.25; 23.25; 23.50]
12352 - [25.25; 24.25; 26.00; 26.75; 27.00; 25.50; 25.75; 25.00; 25.25; 25.50; 26.25; 35.00; 34.00; 26.00; 25.00; 25.00; 25.00; 25.50; 27.50; 41.25; 39.75; 26.75; 25.00; 24.25; 24.50; 25.00; 27.75; 42.25; 39.75; 26.25; 24.75; 24.25; 25.25; 25.50; 27.50; 42.25; 38.75; 26.00; 24.75; 23.75; 24.75; 24.25; 27.00; 41.75; 37.00; 25.50; 24.00; 23.75; 23.75; 23.75; 26.00; 41.00; 35.00; 24.75; 23.50; 23.00; 23.75; 24.25; 25.00; 31.00; 27.75; 24.00; 23.75; 23.00]
12837 - [25.50; 24.75; 25.75; 27.00; 26.75; 25.25; 25.25; 25.25; 25.25; 25.25; 26.25; 35.25; 34.00; 26.25; 25.00; 25.00; 25.25; 25.50; 27.50; 41.00; 40.00; 27.00; 25.25; 24.50; 25.25; 25.00; 28.00; 42.25; 40.00; 26.50; 25.00; 24.50; 24.75; 25.25; 27.75; 42.50; 39.25; 26.00; 25.00; 24.00; 24.50; 24.75; 27.00; 42.00; 37.25; 25.50; 24.25; 24.00; 24.25; 24.25; 26.50; 41.00; 35.00; 25.00; 24.00; 23.00; 23.50; 24.50; 25.00; 31.50; 27.50; 23.50; 24.25; 23.25]
13322 - [25.00; 24.50; 25.25; 27.00; 26.75; 25.50; 25.25; 25.25; 25.25; 25.00; 26.50; 35.25; 34.25; 26.25; 25.00; 25.00; 25.25; 25.50; 27.00; 41.25; 39.50; 26.75; 25.00; 24.25; 24.75; 24.75; 27.50; 42.25; 40.00; 26.25; 25.00; 24.25; 24.75; 25.25; 28.00; 42.50; 39.25; 26.00; 24.50; 24.25; 24.00; 24.75; 26.75; 42.25; 37.00; 25.25; 24.50; 24.25; 23.75; 24.25; 26.25; 41.25; 35.00; 25.00; 23.50; 22.75; 23.50; 24.50; 24.75; 31.50; 27.75; 24.25; 24.00; 23.50]
13807 - [25.75; 25.00; 25.25; 26.75; 27.25; 25.75; 25.75; 25.50; 24.75; 25.25; 26.25; 35.50; 34.25; 26.50; 24.50; 24.50; 25.25; 25.25; 27.50; 41.25; 40.00; 26.75; 25.25; 24.75; 25.25; 25.00; 27.75; 42.25; 40.00; 26.50; 24.50; 24.00; 25.25; 25.50; 28.00; 42.50; 39.00; 26.50; 24.75; 23.75; 24.25; 24.75; 27.25; 42.50; 37.25; 25.50; 24.00; 24.00; 24.25; 24.25; 26.50; 41.25; 35.25; 24.75; 24.00; 23.25; 24.25; 24.25; 24.75; 31.50; 28.00; 23.50; 23.50; 23.75]
14292 - [25.00; 24.75; 25.75; 27.00; 27.00; 25.25; 25.50; 25.00; 25.00; 25.75; 26.50; 35.50; 34.25; 26.00; 25.00; 25.25; 25.00; 25.25; 27.25; 41.25; 40.25; 27.25; 25.00; 24.75; 25.25; 24.75; 27.50; 42.50; 39.75; 26.50; 24.75; 24.25; 24.75; 25.50; 27.75; 42.25; 39.00; 26.25; 24.50; 23.75; 24.75; 25.00; 27.00; 42.25; 37.00; 25.50; 24.25; 23.75; 24.00; 24.50; 26.00; 41.00; 35.25; 25.00; 23.75; 23.50; 23.75; 24.25; 25.00; 31.50; 27.75; 24.00; 23.75; 23.50]
14777 - [24.75; 24.25; 25.50; 26.75; 26.75; 25.25; 25.25; 24.50; 25.00; 25.00; 26.00; 35.00; 33.50; 26.50; 25.50; 24.50; 25.25; 25.25; 27.25; 41.25; 40.00; 27.00; 25.00; 24.50; 24.75; 24.75; 27.75; 41.75; 39.75; 26.25; 24.50; 23.75; 24.75; 24.50; 28.00; 42.50; 38.75; 26.00; 24.50; 23.75; 24.00; 25.00; 26.75; 42.00; 36.75; 25.00; 24.00; 23.25; 24.25; 24.50; 26.25; 41.50; 35.00; 24.75; 23.50; 23.00; 23.50; 24.00; 25.00; 31.25; 27.75; 24.00; 23.75; 22.75]
15262 - [25.00; 24.25; 25.50; 26.75; 27.00; 25.25; 25.25; 25.00; 24.75; 25.00; 26.00; 35.00; 33.75; 26.50; 25.00; 25.00; 25.25; 25.00; 27.25; 41.00; 40.50; 26.75; 25.00; 24.50; 24.75; 25.00; 27.50; 42.25; 39.75; 26.50; 24.25; 24.00; 24.25; 25.25; 27.50; 42.50; 38.75; 25.75; 24.50; 23.50; 23.75; 24.75; 27.25; 41.75; 36.75; 25.25; 23.75; 23.75; 24.00; 24.00; 25.75; 41.00; 34.75; 24.50; 23.75; 23.00; 23.00; 23.75; 24.50; 31.25; 27.50; 23.50; 23.25; 23.00]
15747 - [24.75; 24.25; 25.75; 26.75; 26.75; 25.25; 25.00; 24.75; 25.00; 25.00; 26.25; 35.25; 34.00; 26.00; 25.00; 24.75; 25.25; 25.50; 27.50; 41.00; 39.75; 26.75; 25.00; 24.50; 24.25; 24.75; 27.50; 42.00; 39.75; 26.50; 24.75; 24.00; 24.25; 24.75; 27.75; 42.50; 39.00; 25.50; 24.75; 23.75; 24.25; 24.75; 27.25; 42.00; 37.00; 25.50; 23.75; 23.75; 24.25; 24.25; 26.00; 41.00; 34.50; 24.50; 23.25; 23.00; 24.25; 24.00; 24.25; 31.00; 27.75; 23.50; 24.00; 23.00]
16232 - [25.50; 25.00; 25.50; 27.25; 27.00; 25.25; 25.50; 25.25; 25.00; 25.00; 26.50; 35.00; 34.25; 26.25; 25.25; 25.00; 25.25; 25.25; 27.50; 41.25; 40.00; 27.00; 25.25; 24.75; 24.75; 25.00; 27.50; 42.25; 39.75; 26.25; 25.00; 24.25; 24.75; 25.25; 28.00; 42.50; 39.25; 26.00; 24.75; 23.75; 24.25; 24.75; 27.25; 42.00; 37.00; 25.75; 24.25; 24.25; 23.75; 24.00; 26.25; 40.50; 34.75; 24.50; 23.50; 23.50; 23.75; 24.25; 25.50; 31.50; 27.50; 24.00; 23.75; 23.00]
16717 - [25.25; 24.75; 25.50; 27.00; 27.25; 25.25; 25.25; 25.25; 25.25; 25.25; 26.75; 35.25; 34.00; 26.25; 25.50; 25.00; 24.75; 25.50; 27.50; 41.75; 39.75; 27.00; 25.50; 24.50; 25.00; 24.75; 27.75; 42.25; 40.25; 26.50; 25.25; 24.50; 25.00; 25.25; 28.00; 42.50; 39.25; 26.00; 25.00; 24.00; 24.75; 24.75; 27.25; 42.25; 37.00; 25.25; 24.25; 24.25; 24.25; 24.25; 26.25; 41.00; 34.75; 24.50; 23.75; 23.75; 24.00; 24.00; 25.00; 31.50; 28.00; 23.50; 23.75; 23.25]
17202 - [25.25; 24.50; 25.50; 27.50; 26.75; 25.50; 25.25; 25.50; 25.25; 24.50; 26.50; 35.00; 34.00; 26.25; 25.50; 25.00; 25.00; 25.50; 27.50; 41.50; 40.00; 27.00; 25.00; 24.50; 25.00; 25.00; 27.75; 42.50; 40.00; 26.75; 25.00; 24.25; 25.25; 25.25; 28.00; 42.50; 39.00; 26.50; 24.75; 23.75; 24.25; 24.50; 26.75; 42.25; 37.00; 25.25; 24.25; 24.00; 24.00; 24.00; 26.25; 41.50; 35.00; 25.00; 23.75; 23.00; 24.25; 24.25; 25.00; 31.50; 28.00; 23.75; 24.00; 23.75]
17687 - [25.25; 24.50; 25.50; 27.00; 26.50; 25.50; 25.25; 24.50; 25.25; 24.75; 26.25; 35.25; 34.25; 26.00; 25.00; 24.75; 25.25; 25.25; 27.50; 41.25; 40.00; 27.00; 25.00; 24.25; 25.00; 25.00; 27.50; 42.25; 40.00; 26.25; 25.00; 23.75; 25.00; 25.00; 27.75; 42.50; 38.75; 26.00; 24.75; 24.25; 24.50; 24.75; 27.00; 41.75; 37.00; 25.50; 24.00; 23.75; 24.50; 24.25; 26.00; 40.75; 35.00; 24.75; 23.50; 23.25; 24.25; 24.25; 25.75; 31.50; 28.00; 23.50; 24.50; 23.00]
18172 - [24.50; 24.50; 25.75; 27.00; 26.75; 25.00; 25.25; 25.25; 25.25; 24.75; 26.50; 35.25; 34.00; 26.50; 25.25; 25.00; 24.75; 25.25; 27.25; 41.25; 40.00; 27.00; 25.25; 24.50; 24.75; 25.00; 27.50; 42.00; 40.00; 25.75; 25.00; 24.25; 24.75; 25.50; 27.75; 42.50; 39.00; 26.25; 25.00; 24.00; 24.50; 25.00; 27.00; 42.00; 37.25; 25.25; 23.50; 24.00; 23.75; 23.75; 26.25; 41.00; 35.00; 24.50; 23.75; 23.25; 24.00; 24.00; 24.75; 31.50; 27.50; 23.75; 23.75; 23.25]
18657 - [25.50; 24.50; 25.50; 27.00; 26.50; 25.50; 25.00; 25.00; 25.25; 25.00; 26.50; 35.25; 33.75; 26.00; 24.50; 24.75; 25.00; 25.25; 27.25; 41.50; 40.00; 26.25; 25.25; 24.25; 24.75; 25.00; 27.25; 42.25; 39.75; 26.00; 25.00; 24.25; 25.00; 25.00; 27.50; 42.00; 38.75; 25.75; 25.00; 23.75; 24.50; 24.50; 27.25; 42.00; 37.00; 25.00; 24.00; 23.50; 24.25; 24.25; 26.25; 41.00; 35.25; 24.50; 24.00; 23.00; 23.50; 24.00; 25.25; 31.50; 28.00; 24.25; 23.50; 22.75]
19142 - [24.75; 24.75; 25.25; 26.75; 26.75; 25.50; 25.25; 25.25; 25.50; 24.50; 26.25; 35.00; 33.75; 25.75; 24.75; 24.75; 24.50; 24.75; 27.50; 41.50; 39.75; 26.75; 24.50; 24.75; 24.50; 24.75; 27.50; 41.75; 39.75; 26.25; 24.75; 24.00; 24.50; 25.00; 27.75; 42.50; 38.75; 26.00; 24.75; 24.00; 24.00; 24.50; 26.75; 41.75; 36.75; 25.00; 23.75; 24.25; 24.00; 24.00; 25.75; 41.00; 34.50; 24.75; 23.75; 23.50; 24.00; 24.00; 25.00; 31.25; 27.50; 24.00; 23.50; 23.50]
19627 - [25.25; 24.50; 25.25; 26.75; 27.00; 25.00; 25.50; 24.75; 25.50; 25.00; 26.00; 34.75; 34.00; 25.75; 25.00; 25.00; 25.25; 25.25; 27.75; 41.25; 39.50; 26.50; 25.00; 24.75; 24.75; 25.00; 27.00; 42.00; 39.75; 26.50; 24.75; 24.25; 24.25; 24.75; 27.50; 42.25; 39.00; 26.00; 24.50; 23.75; 24.00; 25.00; 27.25; 42.00; 37.00; 25.50; 24.00; 23.50; 23.75; 23.75; 26.25; 41.50; 35.00; 24.25; 24.00; 23.25; 23.25; 23.75; 24.75; 30.75; 28.00; 24.00; 24.00; 23.75]
20112 - [25.50; 24.50; 25.00; 26.75; 26.75; 25.00; 25.25; 25.00; 25.25; 25.00; 26.25; 34.75; 33.50; 26.00; 25.25; 25.25; 25.00; 25.50; 27.25; 41.25; 39.75; 26.75; 25.25; 24.75; 24.75; 24.50; 27.00; 41.75; 39.75; 25.75; 24.50; 24.25; 24.75; 25.00; 27.75; 42.00; 38.75; 25.50; 24.50; 23.50; 24.00; 25.25; 27.00; 41.75; 36.75; 25.25; 24.00; 23.75; 24.00; 23.75; 26.25; 41.25; 35.00; 24.50; 23.00; 22.75; 24.25; 24.00; 25.25; 31.50; 28.00; 24.25; 23.50; 23.00]
20597 - [25.25; 24.50; 25.25; 27.00; 26.50; 25.25; 25.25; 24.50; 25.00; 25.00; 26.25; 35.00; 33.75; 25.75; 24.50; 25.00; 24.75; 24.75; 27.00; 41.00; 39.50; 26.25; 25.00; 24.25; 24.50; 24.50; 27.25; 41.75; 39.75; 26.00; 24.75; 24.00; 24.50; 25.25; 27.75; 42.50; 38.50; 25.50; 24.75; 23.75; 24.25; 24.75; 27.00; 41.75; 37.00; 25.25; 24.25; 23.75; 23.50; 23.25; 26.25; 41.00; 35.00; 24.75; 23.50; 22.75; 23.75; 23.75; 25.00; 31.00; 28.00; 24.00; 23.50; 23.50]
21082 - [25.25; 24.75; 25.50; 27.00; 27.00; 25.50; 25.75; 24.25; 24.75; 25.00; 26.25; 35.25; 34.00; 26.00; 25.00; 24.50; 25.00; 25.50; 27.25; 40.75; 39.75; 26.75; 25.00; 24.50; 24.50; 24.75; 27.25; 42.00; 39.75; 26.25; 25.00; 24.00; 24.75; 25.25; 27.75; 42.25; 38.75; 25.75; 24.75; 23.75; 24.50; 24.75; 27.00; 42.00; 37.00; 25.50; 24.00; 23.75; 23.75; 24.25; 26.00; 41.25; 34.75; 24.50; 23.75; 22.50; 24.00; 24.00; 25.50; 31.75; 27.75; 24.00; 23.75; 23.25]
21567 - [25.00; 25.00; 25.50; 26.50; 26.75; 25.50; 25.25; 25.25; 25.50; 25.00; 25.75; 35.00; 33.75; 25.75; 25.00; 25.25; 25.00; 25.00; 27.50; 41.25; 40.00; 26.75; 25.00; 24.75; 25.00; 24.75; 27.50; 41.75; 39.75; 26.25; 24.75; 24.00; 24.75; 25.00; 27.75; 42.25; 38.75; 25.75; 24.75; 23.25; 24.50; 24.50; 27.00; 42.00; 37.00; 25.25; 24.00; 24.25; 24.25; 24.00; 26.00; 41.00; 35.25; 24.50; 23.75; 22.75; 24.50; 24.25; 25.00; 31.25; 27.50; 23.25; 23.75; 23.25]
22052 - [24.50; 24.50; 25.75; 26.75; 26.75; 25.25; 25.00; 24.50; 25.00; 24.75; 26.25; 35.00; 34.00; 25.75; 24.75; 25.00; 25.00; 25.25; 27.25; 41.00; 39.75; 26.50; 25.00; 24.75; 24.50; 24.50; 27.75; 42.00; 39.75; 26.25; 24.75; 24.25; 25.00; 24.75; 27.50; 42.00; 38.75; 26.00; 24.75; 24.00; 24.50; 24.75; 27.00; 41.50; 37.00; 25.25; 24.25; 23.50; 24.25; 24.25; 26.00; 41.25; 35.00; 24.75; 23.75; 22.75; 24.00; 24.00; 25.25; 31.50; 28.00; 24.00; 24.00; 23.50]
22537 - [24.75; 24.50; 25.25; 26.50; 26.50; 25.00; 25.25; 24.50; 24.75; 24.25; 25.75; 34.75; 34.00; 25.75; 24.75; 25.00; 24.75; 25.00; 27.25; 41.25; 39.50; 26.75; 25.00; 24.25; 24.50; 24.75; 27.25; 41.75; 39.75; 26.25; 24.25; 24.25; 24.50; 24.50; 27.25; 42.50; 38.75; 25.25; 24.75; 23.00; 24.00; 24.50; 27.00; 42.00; 36.75; 24.75; 23.50; 23.75; 23.50; 24.00; 25.75; 40.75; 34.75; 24.75; 22.75; 22.25; 23.75; 23.75; 25.00; 31.25; 27.75; 23.75; 23.50; 23.00]
23022 - [25.50; 24.25; 25.50; 26.50; 26.50; 25.50; 25.25; 24.50; 25.00; 25.25; 26.00; 35.00; 33.50; 25.75; 24.75; 24.75; 24.75; 25.00; 27.00; 41.25; 39.75; 26.25; 25.00; 24.25; 24.50; 24.75; 27.25; 41.75; 39.75; 26.50; 24.50; 24.25; 24.50; 24.75; 27.75; 42.00; 38.75; 25.75; 24.75; 23.75; 23.75; 23.75; 27.00; 41.75; 36.75; 25.25; 24.00; 23.75; 24.25; 23.75; 25.75; 41.00; 34.75; 24.75; 23.75; 23.00; 24.00; 23.75; 24.75; 31.00; 27.25; 23.50; 23.75; 23.25]
23507 - [25.00; 24.25; 24.75; 26.50; 27.00; 25.25; 25.25; 24.75; 24.75; 25.00; 25.75; 35.25; 33.75; 26.00; 25.00; 24.75; 25.25; 25.00; 27.50; 41.00; 40.00; 27.00; 25.75; 24.25; 25.00; 24.50; 27.75; 41.75; 39.75; 26.25; 24.50; 24.00; 24.25; 25.00; 27.25; 41.75; 39.00; 26.00; 24.00; 23.75; 24.00; 24.50; 27.00; 41.50; 36.75; 25.25; 24.00; 23.75; 23.75; 23.25; 26.00; 41.00; 34.75; 24.25; 23.25; 23.25; 23.25; 24.25; 24.75; 31.50; 27.50; 24.00; 23.25; 22.75]
23992 - [25.25; 25.00; 25.50; 27.50; 27.00; 25.25; 25.75; 24.75; 25.25; 25.00; 26.50; 35.25; 34.00; 25.75; 25.00; 24.75; 25.25; 25.25; 27.25; 41.25; 39.75; 26.75; 25.25; 24.75; 25.00; 24.50; 27.50; 42.25; 40.25; 26.25; 24.75; 24.25; 25.00; 25.00; 27.50; 42.25; 38.75; 26.00; 24.75; 23.75; 24.50; 25.00; 27.25; 42.00; 37.00; 25.50; 24.25; 23.75; 24.75; 24.00; 26.00; 40.75; 35.25; 24.75; 24.00; 23.00; 24.25; 24.25; 24.75; 31.50; 28.00; 23.50; 23.50; 23.50]
24477 - [25.00; 24.50; 25.25; 26.75; 27.25; 25.00; 25.00; 25.25; 25.25; 25.25; 26.75; 35.50; 34.00; 25.75; 25.25; 25.25; 24.75; 25.25; 27.25; 41.25; 39.75; 26.75; 25.00; 24.25; 25.00; 24.75; 27.50; 42.25; 40.00; 26.50; 24.75; 24.25; 24.75; 25.50; 27.75; 42.25; 39.00; 25.75; 24.75; 24.00; 24.25; 25.25; 27.00; 42.00; 37.00; 25.25; 24.75; 24.25; 24.00; 23.75; 26.00; 41.25; 35.00; 25.00; 23.50; 22.75; 24.25; 24.50; 24.75; 31.50; 28.00; 24.00; 24.00; 23.75]
24962 - [25.25; 25.25; 25.50; 27.25; 26.75; 25.75; 25.50; 24.50; 25.50; 24.50; 26.50; 35.25; 34.00; 26.00; 24.75; 25.00; 25.00; 25.50; 27.00; 41.25; 39.75; 26.75; 25.25; 25.00; 25.25; 25.00; 27.75; 42.00; 40.00; 26.50; 24.75; 24.25; 25.00; 25.25; 27.75; 42.50; 39.00; 26.00; 24.50; 24.00; 24.25; 24.75; 27.00; 42.25; 36.75; 25.25; 24.25; 24.00; 24.25; 24.25; 26.75; 41.50; 34.75; 25.00; 23.75; 23.25; 24.25; 24.50; 24.50; 31.25; 27.50; 24.00; 23.75; 23.50]
25447 - [25.25; 24.75; 25.75; 27.25; 27.00; 25.50; 25.25; 25.25; 25.00; 25.00; 26.50; 35.25; 34.00; 26.00; 25.00; 25.00; 24.75; 25.25; 27.25; 41.50; 39.75; 26.50; 25.50; 24.25; 24.75; 24.75; 27.75; 42.00; 40.00; 26.00; 25.00; 24.25; 24.75; 25.25; 28.00; 42.75; 38.75; 26.00; 24.50; 24.00; 24.50; 25.00; 27.25; 42.00; 37.00; 24.75; 24.50; 23.75; 24.25; 24.25; 25.75; 41.25; 35.50; 25.00; 23.50; 23.00; 24.00; 24.00; 25.25; 31.75; 28.00; 24.00; 23.50; 24.00]
25932 - [25.25; 25.00; 25.50; 27.25; 26.75; 25.25; 25.75; 25.00; 25.25; 25.00; 26.50; 35.25; 34.25; 26.25; 25.25; 25.00; 24.50; 25.75; 27.50; 41.50; 39.50; 26.75; 25.25; 25.00; 24.75; 24.75; 27.50; 41.75; 39.75; 26.25; 25.00; 24.00; 24.75; 25.00; 28.00; 42.50; 39.00; 26.00; 24.75; 23.75; 24.00; 24.50; 27.25; 42.00; 37.00; 25.00; 24.00; 24.25; 24.25; 24.25; 26.00; 41.25; 34.75; 24.50; 23.75; 22.75; 23.50; 24.00; 25.25; 32.00; 27.75; 24.25; 23.75; 23.75]
26417 - [25.00; 24.75; 25.75; 27.50; 27.00; 25.00; 25.75; 25.25; 25.00; 24.75; 26.00; 35.25; 34.00; 26.25; 25.00; 24.75; 25.25; 25.25; 27.50; 41.50; 39.75; 26.75; 25.25; 24.75; 25.00; 24.75; 27.25; 42.25; 39.75; 26.25; 24.50; 24.00; 25.00; 24.75; 27.75; 42.75; 39.25; 26.00; 24.75; 23.75; 24.25; 24.50; 27.00; 41.50; 37.25; 25.50; 24.25; 23.75; 23.75; 24.00; 26.25; 41.25; 35.25; 24.75; 24.00; 23.00; 23.75; 23.50; 25.25; 32.25; 28.00; 24.25; 23.50; 23.25]
26902 - [25.50; 25.00; 25.50; 27.00; 27.00; 25.50; 25.50; 25.25; 25.25; 24.75; 26.25; 35.00; 34.25; 26.00; 24.75; 25.50; 25.00; 25.25; 27.25; 41.25; 40.00; 26.75; 25.25; 24.25; 25.00; 25.00; 27.75; 42.25; 40.25; 26.25; 25.00; 24.25; 24.75; 25.00; 27.75; 42.50; 39.00; 26.00; 24.25; 24.00; 24.25; 24.75; 27.00; 42.00; 36.75; 25.25; 24.25; 24.00; 24.00; 24.50; 26.50; 41.25; 35.00; 24.75; 24.25; 23.25; 23.75; 24.00; 25.25; 31.50; 27.75; 24.00; 23.75; 24.00]
27387 - [25.25; 24.75; 25.50; 27.25; 26.50; 25.25; 25.50; 25.00; 25.00; 24.50; 26.25; 35.00; 34.25; 26.00; 25.00; 25.25; 25.25; 25.00; 27.25; 41.25; 39.50; 26.50; 25.00; 24.75; 25.00; 24.75; 27.50; 42.00; 39.75; 26.75; 24.75; 24.00; 25.00; 25.25; 27.50; 42.50; 38.75; 25.75; 24.25; 24.00; 24.50; 24.75; 27.00; 41.75; 37.25; 25.75; 24.00; 23.75; 24.00; 24.25; 26.00; 41.25; 35.00; 25.00; 23.75; 23.00; 23.50; 24.25; 25.25; 31.25; 27.75; 24.00; 23.50; 23.50]
27872 - [25.25; 24.75; 25.75; 27.25; 27.25; 25.00; 25.25; 25.00; 25.50; 24.75; 26.25; 35.25; 33.75; 26.00; 25.25; 25.00; 24.50; 25.50; 27.25; 41.50; 39.75; 26.50; 25.50; 24.50; 24.75; 24.50; 27.50; 42.25; 40.00; 26.25; 24.75; 24.50; 24.75; 24.50; 28.00; 42.25; 39.00; 26.00; 25.00; 23.50; 24.25; 24.50; 27.50; 42.00; 37.00; 25.25; 24.25; 23.50; 24.25; 24.50; 26.50; 41.00; 34.75; 24.75; 24.00; 23.50; 24.00; 24.00; 25.25; 31.50; 28.00; 23.75; 24.00; 23.50]
28357 - [25.25; 24.75; 26.00; 27.00; 26.75; 25.25; 25.00; 25.00; 25.50; 25.25; 26.50; 35.00; 34.00; 26.00; 25.50; 25.00; 25.00; 25.00; 27.25; 41.25; 40.25; 27.00; 25.75; 24.25; 24.75; 25.00; 27.75; 42.00; 40.00; 26.50; 24.75; 24.25; 24.75; 25.25; 27.50; 42.50; 38.75; 26.00; 24.25; 23.75; 24.50; 24.50; 27.00; 42.25; 37.00; 25.25; 24.00; 24.00; 24.25; 24.00; 26.00; 41.00; 34.75; 25.00; 24.00; 23.25; 24.00; 24.00; 25.00; 31.25; 27.75; 23.50; 24.00; 23.50]
28842 - [25.50; 25.00; 25.50; 27.25; 26.75; 25.25; 25.25; 24.75; 25.25; 24.75; 26.25; 35.50; 33.75; 26.00; 25.25; 25.25; 24.75; 25.25; 27.25; 41.00; 39.75; 27.00; 25.25; 24.25; 25.00; 24.25; 27.25; 42.00; 40.00; 26.25; 24.50; 24.00; 24.50; 25.25; 27.75; 42.25; 38.75; 26.25; 24.75; 23.75; 24.00; 24.75; 27.25; 42.00; 37.00; 25.25; 24.25; 24.00; 24.25; 24.00; 26.00; 41.00; 35.25; 24.50; 24.00; 22.75; 23.75; 24.25; 25.00; 31.50; 28.00; 23.75; 23.25; 23.25]
29327 - [25.25; 24.50; 25.25; 26.75; 27.00; 25.25; 25.50; 24.75; 25.25; 24.75; 26.25; 35.25; 34.25; 25.75; 25.00; 24.75; 25.00; 25.25; 27.25; 41.25; 39.75; 26.50; 25.00; 25.00; 24.50; 25.00; 27.75; 42.00; 39.75; 26.50; 24.50; 23.75; 24.75; 25.00; 27.50; 42.25; 38.75; 26.00; 24.75; 24.00; 24.25; 24.50; 27.25; 41.50; 36.75; 25.25; 24.00; 24.25; 24.00; 24.50; 26.50; 41.25; 35.00; 25.00; 23.25; 23.00; 24.50; 24.00; 25.00; 31.25; 28.00; 23.75; 23.25; 23.50]
29812 - [24.75; 24.50; 25.00; 27.25; 26.50; 25.50; 25.00; 24.75; 24.75; 24.50; 25.75; 34.75; 33.75; 26.00; 24.50; 24.50; 24.75; 25.25; 26.75; 41.25; 39.75; 26.50; 24.50; 24.75; 24.75; 24.50; 27.25; 42.00; 39.75; 25.75; 24.50; 24.25; 24.75; 25.00; 27.50; 42.00; 38.75; 25.75; 24.25; 23.25; 24.00; 24.00; 26.75; 41.50; 36.75; 25.50; 24.00; 23.75; 23.50; 23.75; 25.75; 41.00; 34.75; 24.50; 23.25; 22.75; 23.75; 24.00; 24.75; 31.50; 27.00; 23.25; 24.00; 23.50]
30297 - [25.25; 24.25; 25.50; 26.50; 26.75; 25.25; 24.75; 24.50; 24.50; 24.75; 26.25; 35.00; 33.75; 26.25; 24.50; 25.00; 24.75; 25.00; 27.50; 41.25; 40.00; 27.00; 24.75; 24.75; 24.25; 24.50; 27.25; 42.00; 40.00; 26.25; 24.50; 24.00; 24.75; 24.75; 27.25; 42.00; 39.00; 25.75; 24.50; 24.00; 24.00; 24.75; 27.25; 41.75; 37.00; 25.50; 24.25; 23.50; 23.75; 23.50; 26.00; 40.75; 34.75; 24.75; 23.75; 22.50; 24.00; 24.00; 24.50; 31.00; 27.50; 23.50; 23.25; 23.00]
30782 - [25.00; 24.75; 25.25; 26.50; 26.75; 25.00; 25.25; 24.50; 25.00; 24.75; 26.25; 35.00; 33.75; 25.75; 25.25; 24.75; 25.25; 25.50; 27.25; 41.25; 40.25; 26.50; 25.00; 24.50; 24.50; 24.50; 27.25; 41.50; 40.00; 26.25; 24.25; 23.50; 24.50; 24.75; 27.50; 42.25; 38.75; 26.00; 24.50; 23.25; 23.75; 24.50; 26.75; 41.50; 37.00; 25.50; 24.00; 23.75; 24.00; 24.00; 26.00; 41.00; 34.50; 24.25; 23.50; 23.25; 23.25; 24.00; 24.25; 31.00; 27.75; 23.75; 23.00; 22.50]
31267 - [25.50; 24.75; 25.50; 27.50; 27.00; 25.50; 25.50; 24.75; 25.00; 24.75; 26.50; 35.00; 34.25; 25.75; 25.00; 24.75; 25.25; 25.25; 27.50; 41.25; 40.00; 26.50; 25.25; 24.50; 25.00; 24.75; 27.50; 42.00; 40.00; 26.00; 24.75; 23.75; 24.50; 24.75; 28.00; 42.25; 39.00; 26.00; 24.75; 23.75; 24.25; 24.75; 27.00; 42.25; 37.50; 25.75; 24.25; 23.75; 23.75; 24.00; 26.25; 41.00; 35.00; 25.00; 23.75; 22.75; 23.75; 24.25; 25.00; 31.75; 28.00; 23.50; 23.50; 24.00]
31752 - [25.50; 25.00; 25.50; 27.25; 27.00; 25.50; 25.50; 24.50; 25.50; 25.25; 26.75; 35.25; 34.25; 26.00; 25.25; 25.00; 25.00; 25.25; 27.25; 41.25; 39.75; 26.50; 25.25; 25.00; 24.75; 25.00; 27.50; 42.25; 40.00; 26.75; 25.00; 24.25; 25.25; 24.75; 28.00; 42.50; 39.25; 26.00; 25.00; 24.00; 24.25; 25.00; 27.00; 42.00; 37.25; 25.50; 24.50; 24.00; 23.75; 24.25; 26.25; 41.00; 35.00; 25.00; 24.50; 23.25; 24.25; 24.50; 25.00; 31.50; 27.75; 23.75; 23.25; 23.00]
32237 - [25.25; 24.50; 25.50; 26.50; 27.00; 24.50; 25.25; 25.25; 25.25; 25.00; 26.75; 35.25; 34.00; 26.00; 25.00; 25.00; 25.25; 25.25; 27.25; 41.75; 40.00; 26.75; 25.00; 25.00; 25.25; 24.75; 27.25; 42.00; 40.25; 26.25; 24.75; 23.75; 24.75; 25.00; 27.50; 42.50; 38.50; 26.00; 24.75; 23.25; 24.25; 24.75; 27.25; 41.75; 37.25; 25.75; 23.75; 23.75; 24.00; 24.00; 26.25; 41.00; 34.75; 25.00; 24.00; 23.25; 24.00; 24.25; 25.00; 31.25; 28.00; 23.50; 23.75; 23.50]
32722 - [25.25; 25.00; 25.75; 27.00; 26.50; 25.00; 25.50; 25.25; 25.25; 25.25; 26.50; 35.00; 33.75; 25.75; 25.25; 24.75; 25.25; 25.25; 27.00; 41.25; 39.75; 26.75; 25.25; 24.75; 24.50; 24.50; 27.25; 42.25; 40.00; 26.00; 25.00; 23.75; 24.75; 25.25; 27.75; 42.25; 39.00; 26.00; 24.50; 23.75; 24.25; 24.25; 27.25; 42.00; 37.00; 25.25; 24.25; 24.00; 23.75; 24.00; 26.00; 41.00; 35.00; 24.50; 23.75; 23.25; 24.00; 24.00; 24.75; 31.75; 28.25; 23.75; 23.50; 23.25]
33207 - [25.25; 24.50; 25.50; 26.75; 26.75; 25.50; 25.00; 25.00; 25.75; 25.00; 26.00; 34.75; 33.75; 26.00; 25.00; 25.25; 25.50; 25.25; 27.50; 41.25; 40.00; 26.75; 25.25; 24.75; 24.25; 24.75; 27.25; 42.25; 40.00; 26.50; 24.75; 24.50; 24.50; 25.00; 27.75; 42.25; 39.00; 26.00; 24.50; 23.75; 24.00; 24.50; 26.75; 41.75; 37.00; 25.25; 23.75; 24.00; 24.00; 24.50; 26.25; 41.00; 35.00; 24.75; 23.75; 23.25; 24.00; 24.00; 24.50; 31.50; 28.00; 24.00; 23.25; 23.50]
33692 - [25.25; 24.75; 25.25; 27.00; 26.75; 25.75; 25.50; 25.25; 24.75; 25.25; 26.50; 35.25; 34.00; 25.75; 25.00; 25.00; 25.25; 25.00; 27.50; 41.50; 40.00; 27.00; 25.25; 24.75; 24.25; 25.25; 27.50; 42.00; 40.25; 26.50; 25.00; 24.50; 24.75; 25.00; 27.75; 42.25; 38.75; 26.00; 24.75; 24.00; 24.25; 24.50; 27.50; 41.50; 37.25; 25.25; 24.50; 24.00; 24.00; 23.75; 25.75; 41.00; 35.00; 24.75; 24.00; 23.00; 24.25; 24.25; 25.25; 31.25; 27.25; 23.50; 23.25; 23.25]
34177 - [25.00; 25.00; 25.50; 27.25; 27.00; 25.50; 25.50; 24.75; 25.50; 25.00; 26.75; 35.00; 33.75; 26.25; 25.00; 25.50; 25.25; 25.25; 27.50; 41.25; 40.25; 26.50; 25.00; 24.75; 24.50; 25.00; 27.75; 42.25; 40.00; 26.50; 25.00; 24.50; 24.75; 25.00; 27.75; 42.00; 39.25; 26.25; 24.50; 24.00; 24.25; 24.75; 27.00; 41.75; 37.00; 25.00; 23.75; 23.75; 24.50; 24.00; 26.75; 40.75; 35.00; 24.75; 23.50; 22.75; 24.00; 23.75; 24.50; 31.25; 27.75; 23.75; 23.75; 23.00]
34662 - [25.25; 24.25; 25.50; 27.00; 26.75; 25.25; 25.75; 25.50; 25.25; 24.50; 26.25; 34.75; 33.50; 26.00; 25.00; 25.00; 25.00; 25.75; 27.25; 41.00; 40.00; 26.50; 25.00; 24.50; 24.25; 24.75; 27.75; 42.00; 40.00; 26.00; 24.75; 24.50; 25.00; 24.75; 27.75; 42.75; 38.75; 25.75; 24.75; 24.00; 25.00; 24.75; 27.25; 41.75; 37.25; 25.25; 24.00; 24.25; 24.00; 24.00; 26.25; 41.00; 35.00; 25.00; 24.00; 22.75; 24.00; 24.25; 24.75; 31.50; 27.75; 23.50; 23.75; 23.25]
35147 - [24.75; 24.75; 25.25; 26.75; 26.75; 25.75; 25.50; 25.00; 25.25; 24.75; 26.25; 34.75; 33.75; 26.00; 24.75; 25.25; 25.50; 25.25; 27.25; 41.25; 40.00; 26.50; 25.25; 24.50; 24.75; 24.75; 27.50; 42.25; 40.00; 26.25; 24.75; 24.25; 24.25; 25.25; 27.75; 42.50; 39.00; 26.00; 24.50; 23.50; 24.00; 24.50; 27.25; 42.00; 37.25; 25.25; 23.75; 24.00; 24.25; 24.00; 26.25; 41.00; 35.25; 24.75; 23.25; 23.25; 23.25; 24.50; 25.00; 31.00; 27.75; 24.00; 23.50; 23.00]
35632 - [25.00; 24.50; 25.25; 27.00; 26.75; 25.00; 26.00; 24.75; 25.50; 25.00; 26.25; 34.75; 34.00; 26.25; 25.00; 25.25; 25.50; 25.75; 27.25; 41.50; 40.00; 27.00; 25.25; 24.50; 25.00; 24.75; 27.50; 42.50; 40.25; 26.50; 24.75; 24.25; 24.75; 25.25; 27.50; 42.25; 39.00; 26.00; 24.75; 23.50; 24.50; 25.00; 27.00; 41.50; 37.00; 25.25; 24.00; 23.50; 24.50; 24.50; 26.00; 41.25; 35.00; 25.00; 23.25; 23.00; 24.25; 24.50; 25.00; 31.75; 28.00; 24.25; 24.00; 23.25]
36117 - [25.50; 25.00; 26.00; 27.50; 27.00; 25.50; 25.50; 25.25; 25.25; 24.50; 26.50; 35.25; 34.00; 26.25; 25.00; 25.50; 25.00; 25.75; 27.50; 41.50; 40.00; 27.00; 25.00; 24.50; 25.00; 24.75; 27.75; 42.25; 40.25; 26.50; 24.75; 24.25; 25.00; 25.00; 27.75; 42.50; 39.25; 25.75; 24.50; 23.75; 24.75; 24.75; 27.25; 41.75; 37.00; 25.25; 24.25; 23.75; 23.75; 24.25; 26.00; 41.00; 35.25; 25.00; 24.00; 23.25; 24.00; 23.00; 25.00; 31.50; 28.00; 24.25; 23.75; 23.50]
36602 - [25.50; 25.00; 25.50; 27.00; 26.75; 25.75; 25.75; 25.00; 25.00; 24.75; 26.50; 35.00; 34.00; 26.00; 25.25; 25.25; 25.00; 25.75; 27.25; 41.25; 40.00; 26.75; 25.00; 24.50; 24.50; 24.75; 27.25; 42.00; 40.50; 26.50; 24.75; 24.75; 24.50; 25.25; 27.50; 42.25; 39.00; 26.00; 24.75; 24.00; 24.25; 25.00; 27.25; 42.00; 37.25; 25.50; 24.25; 24.00; 24.25; 24.25; 26.25; 41.00; 35.25; 25.00; 23.25; 22.75; 24.00; 24.00; 25.00; 31.25; 28.25; 24.00; 23.75; 23.50]
37087 - [25.25; 24.50; 25.75; 27.25; 26.75; 25.50; 25.75; 25.00; 25.25; 25.00; 26.25; 35.00; 34.00; 26.00; 25.00; 25.50; 25.25; 25.50; 27.50; 41.50; 40.00; 27.00; 25.00; 25.00; 25.25; 25.00; 27.25; 42.25; 40.25; 26.50; 24.50; 23.75; 24.50; 25.00; 27.50; 42.25; 38.75; 25.50; 24.50; 23.50; 24.50; 24.50; 27.25; 42.00; 37.25; 25.75; 24.25; 24.00; 23.75; 24.25; 26.25; 41.25; 35.50; 25.50; 24.00; 23.50; 24.00; 24.25; 25.00; 31.25; 27.75; 24.00; 23.75; 23.25]
37572 - [25.00; 24.75; 25.00; 27.00; 27.00; 25.25; 25.00; 25.00; 25.25; 25.00; 26.50; 35.00; 34.00; 26.25; 25.25; 24.75; 25.00; 25.25; 27.25; 41.25; 39.50; 26.75; 24.75; 24.25; 24.50; 25.00; 27.75; 42.00; 40.25; 26.50; 24.25; 24.00; 24.50; 24.75; 27.75; 42.25; 39.25; 26.25; 24.75; 23.75; 24.00; 24.75; 27.00; 41.75; 37.25; 25.25; 24.25; 24.00; 23.75; 24.00; 25.75; 41.25; 34.75; 25.25; 23.75; 22.50; 24.25; 23.50; 24.75; 31.50; 28.25; 23.75; 23.75; 23.25]
38057 - [25.50; 25.00; 25.00; 26.75; 27.00; 25.25; 25.50; 25.00; 25.25; 24.75; 26.00; 35.25; 33.75; 25.75; 25.00; 24.50; 25.00; 24.75; 27.50; 41.00; 39.75; 26.50; 25.50; 24.50; 25.00; 24.75; 27.50; 42.00; 39.75; 26.50; 24.75; 24.25; 24.50; 25.00; 27.75; 42.25; 39.00; 25.75; 24.50; 23.50; 24.50; 24.50; 27.25; 41.75; 37.00; 25.25; 24.00; 23.75; 24.00; 24.25; 25.50; 41.25; 35.00; 24.75; 23.75; 22.75; 23.75; 23.75; 24.75; 31.75; 27.75; 24.00; 23.25; 22.75]
38542 - [25.25; 24.75; 25.75; 26.50; 27.00; 25.50; 25.25; 25.00; 25.25; 24.25; 25.75; 35.00; 33.75; 26.25; 25.00; 24.75; 24.75; 25.25; 27.50; 40.75; 40.00; 26.50; 25.00; 24.50; 24.50; 24.75; 27.50; 41.75; 39.75; 26.25; 24.75; 24.00; 24.50; 25.00; 27.50; 42.25; 38.50; 25.50; 24.25; 23.50; 24.25; 25.00; 27.00; 41.75; 36.75; 25.00; 23.75; 23.75; 24.00; 24.25; 25.75; 41.25; 35.00; 24.75; 24.25; 23.00; 24.00; 23.75; 24.75; 31.50; 27.75; 23.50; 24.00; 22.75]
39027 - [25.50; 24.75; 25.75; 27.25; 27.00; 25.25; 25.50; 24.50; 25.75; 25.25; 26.50; 35.00; 34.25; 26.00; 25.00; 25.00; 25.00; 25.50; 27.50; 41.25; 40.00; 26.75; 25.25; 24.50; 24.50; 24.50; 27.50; 42.25; 40.00; 26.25; 24.75; 24.50; 24.75; 25.00; 27.25; 42.25; 38.50; 26.25; 24.75; 24.25; 23.75; 24.50; 27.25; 41.75; 37.25; 25.00; 23.75; 23.75; 24.00; 23.75; 26.25; 40.75; 35.25; 24.75; 24.00; 23.00; 24.50; 24.25; 24.75; 31.50; 27.75; 23.75; 24.00; 23.50]
39512 - [25.00; 24.25; 25.50; 27.25; 26.75; 25.00; 26.00; 25.00; 25.00; 25.00; 26.25; 35.00; 33.75; 26.25; 25.25; 24.75; 24.75; 25.25; 27.50; 41.00; 40.00; 26.50; 25.25; 24.50; 24.75; 25.00; 27.50; 41.75; 39.75; 26.50; 24.75; 24.25; 24.75; 25.00; 27.75; 42.25; 39.00; 25.75; 25.00; 24.00; 24.00; 24.75; 26.75; 42.00; 37.00; 25.50; 24.25; 23.75; 24.25; 24.25; 25.75; 41.25; 34.50; 25.00; 24.00; 23.00; 23.50; 24.25; 25.50; 31.75; 27.25; 23.75; 23.50; 23.50]
39997 - [25.00; 25.00; 25.50; 27.50; 27.00; 25.25; 25.25; 24.75; 25.25; 24.75; 26.50; 35.00; 34.25; 26.25; 25.25; 25.25; 25.00; 25.25; 27.50; 41.25; 39.75; 26.75; 25.25; 24.50; 25.25; 25.00; 27.50; 42.00; 40.00; 26.75; 24.50; 24.50; 25.00; 25.25; 28.00; 42.25; 38.75; 26.00; 24.75; 23.75; 24.50; 25.00; 26.75; 41.75; 36.50; 25.00; 24.00; 24.25; 23.75; 24.50; 25.75; 41.25; 35.00; 25.00; 23.75; 23.50; 24.00; 24.00; 24.50; 31.75; 27.75; 24.25; 24.00; 23.50]
40482 - [25.25; 25.00; 26.00; 27.25; 26.75; 25.75; 25.75; 25.00; 25.25; 24.75; 26.00; 35.25; 33.75; 26.00; 24.75; 25.50; 25.00; 25.75; 27.50; 41.00; 39.75; 26.25; 25.25; 24.50; 24.75; 25.00; 27.25; 41.75; 39.75; 26.00; 24.25; 23.75; 25.00; 25.25; 28.00; 42.25; 38.75; 25.75; 24.75; 24.00; 24.00; 24.50; 27.00; 41.75; 36.75; 25.50; 24.50; 24.00; 23.50; 23.75; 26.50; 40.75; 34.75; 24.50; 24.00; 23.00; 23.50; 24.25; 25.00; 31.25; 27.50; 24.00; 23.75; 23.75]
40967 - [25.75; 24.75; 25.25; 27.25; 26.50; 25.75; 25.50; 25.00; 25.25; 25.00; 26.50; 35.00; 34.25; 26.00; 25.00; 25.50; 25.25; 25.25; 27.50; 41.25; 39.75; 26.50; 25.00; 24.75; 25.00; 25.00; 27.25; 42.00; 40.00; 26.25; 24.75; 24.50; 24.75; 25.25; 28.00; 42.00; 38.75; 26.00; 24.50; 24.25; 24.00; 24.75; 27.00; 42.25; 36.75; 25.25; 23.50; 24.50; 24.25; 24.75; 26.25; 40.75; 34.75; 25.25; 24.00; 23.25; 24.00; 24.25; 25.25; 31.25; 27.75; 24.00; 23.75; 23.25]
41452 - [25.50; 25.00; 25.50; 26.75; 27.25; 25.00; 26.00; 24.75; 25.25; 25.00; 26.50; 35.75; 34.00; 26.75; 25.00; 24.75; 25.25; 25.50; 27.50; 41.50; 40.00; 26.75; 25.00; 25.00; 24.75; 24.75; 27.50; 41.75; 39.75; 26.25; 24.75; 24.25; 25.00; 25.25; 27.50; 42.00; 38.75; 26.00; 25.00; 23.50; 24.25; 25.00; 27.00; 42.00; 36.50; 25.25; 24.00; 23.75; 24.00; 24.00; 26.00; 40.75; 35.00; 25.00; 23.75; 23.00; 23.00; 24.25; 24.75; 31.50; 27.75; 24.25; 23.75; 23.50]
41937 - [25.75; 24.50; 25.50; 27.25; 27.00; 25.50; 25.25; 25.00; 25.50; 25.25; 26.50; 35.25; 34.00; 26.50; 25.25; 25.25; 25.25; 25.25; 27.75; 41.25; 39.50; 27.00; 25.50; 24.75; 25.00; 25.00; 27.50; 42.00; 40.00; 26.25; 24.50; 24.25; 24.75; 25.00; 27.75; 42.00; 38.50; 26.25; 24.75; 24.00; 24.50; 24.25; 27.25; 41.75; 37.00; 25.50; 24.00; 23.75; 24.25; 24.00; 26.25; 40.50; 35.00; 25.00; 24.00; 23.00; 23.50; 23.75; 25.50; 31.25; 27.75; 24.00; 24.00; 23.00]
42422 - [25.25; 24.50; 25.50; 27.25; 27.00; 25.50; 25.75; 25.00; 25.25; 24.75; 26.75; 35.25; 34.25; 26.50; 25.00; 25.00; 25.25; 25.25; 27.50; 40.75; 40.00; 27.00; 25.00; 24.50; 24.25; 24.75; 28.00; 42.25; 40.00; 26.50; 25.00; 24.00; 24.50; 25.00; 28.00; 42.00; 38.75; 26.25; 25.00; 23.75; 24.75; 24.75; 27.00; 41.75; 36.75; 25.50; 24.25; 24.25; 24.25; 24.25; 26.75; 41.00; 35.00; 24.75; 24.25; 22.75; 24.75; 24.25; 25.75; 31.25; 28.00; 23.75; 24.25; 23.50]
42907 - [25.25; 25.00; 25.75; 27.00; 27.25; 25.75; 25.75; 25.00; 25.50; 25.50; 27.00; 35.25; 34.25; 26.25; 25.00; 25.25; 25.50; 25.75; 27.75; 41.25; 40.00; 27.00; 25.50; 24.50; 25.00; 25.00; 27.75; 42.00; 40.00; 26.50; 25.00; 24.50; 24.50; 25.00; 27.75; 42.50; 39.00; 26.00; 25.25; 24.00; 24.50; 24.75; 27.25; 41.75; 37.00; 25.25; 24.25; 24.00; 24.25; 24.50; 26.50; 41.00; 35.00; 24.75; 24.00; 23.25; 23.50; 24.50; 25.00; 31.75; 27.50; 23.75; 23.75; 24.00]
43392 - [25.25; 24.75; 26.00; 27.50; 27.00; 25.75; 25.50; 25.00; 25.50; 25.25; 26.75; 35.25; 34.00; 26.25; 25.25; 25.00; 24.75; 25.50; 28.00; 41.25; 39.75; 26.75; 25.75; 24.75; 24.75; 25.25; 27.50; 41.75; 39.75; 26.50; 25.00; 24.50; 24.75; 25.25; 28.00; 42.00; 38.75; 26.25; 25.00; 23.75; 24.50; 24.50; 27.50; 42.00; 37.25; 25.75; 24.25; 24.25; 24.25; 24.25; 26.75; 40.75; 35.25; 25.00; 24.00; 23.50; 24.00; 24.00; 25.50; 31.75; 28.00; 24.25; 24.25; 23.50]
43877 - [24.75; 25.00; 26.00; 27.25; 27.50; 26.00; 25.50; 25.75; 25.50; 25.00; 26.50; 35.25; 34.25; 26.00; 25.25; 25.50; 25.50; 25.50; 27.75; 41.00; 40.00; 26.50; 25.50; 24.75; 25.00; 25.00; 27.75; 42.00; 40.00; 26.75; 24.75; 24.50; 25.25; 25.25; 28.25; 42.25; 39.00; 26.25; 24.50; 24.00; 25.00; 24.75; 26.75; 41.75; 37.25; 25.25; 24.00; 24.00; 24.00; 24.25; 26.25; 41.00; 35.00; 24.75; 23.75; 23.50; 24.00; 24.25; 25.00; 31.25; 28.25; 24.50; 23.75; 23.25]
44362 - [25.50; 25.00; 26.00; 27.25; 27.00; 25.25; 26.00; 25.50; 25.25; 25.25; 26.50; 35.25; 34.50; 26.50; 25.25; 25.25; 25.25; 25.75; 27.75; 41.25; 39.50; 26.75; 25.50; 24.25; 25.00; 24.75; 27.75; 42.00; 40.00; 26.25; 25.00; 24.25; 24.75; 25.75; 28.00; 42.50; 38.75; 25.50; 24.75; 24.00; 24.50; 25.00; 27.50; 42.00; 37.00; 25.50; 25.00; 24.00; 24.25; 24.00; 26.50; 41.00; 35.00; 25.00; 23.75; 23.50; 24.00; 24.25; 25.00; 31.25; 28.25; 23.75; 23.75; 23.50]
44847 - [25.25; 25.00; 25.50; 26.75; 27.00; 25.75; 25.75; 24.50; 24.75; 25.25; 26.25; 35.25; 34.00; 26.00; 25.25; 25.25; 25.00; 25.25; 27.50; 41.75; 40.00; 26.75; 25.50; 24.50; 24.25; 25.00; 27.25; 42.00; 40.00; 26.25; 24.75; 24.75; 24.50; 25.25; 28.00; 42.25; 39.00; 26.25; 24.75; 24.25; 24.25; 24.50; 27.25; 41.50; 37.00; 25.00; 23.75; 23.50; 24.25; 24.25; 26.00; 40.75; 34.75; 24.25; 24.00; 23.25; 24.25; 23.75; 24.50; 31.00; 28.00; 24.00; 23.75; 22.75]
45332 - [24.75; 25.00; 25.75; 27.00; 27.00; 25.50; 25.00; 25.25; 25.50; 25.00; 26.50; 35.00; 34.25; 26.25; 25.25; 25.00; 25.00; 25.25; 27.50; 41.75; 39.75; 26.75; 24.75; 24.75; 24.75; 25.00; 27.75; 42.25; 40.00; 26.25; 24.50; 24.25; 24.75; 25.25; 27.75; 42.25; 39.25; 26.25; 24.75; 24.00; 24.00; 24.75; 27.25; 41.50; 36.75; 25.50; 23.75; 23.50; 23.75; 24.25; 26.50; 41.00; 35.00; 24.50; 24.25; 23.25; 23.50; 24.00; 25.00; 31.00; 28.00; 23.75; 23.50; 23.50]
45817 - [25.75; 24.25; 25.75; 26.75; 27.50; 25.50; 25.50; 25.00; 25.25; 25.00; 26.50; 35.25; 33.75; 26.25; 25.00; 25.00; 25.50; 25.00; 27.50; 41.25; 39.75; 26.75; 25.50; 24.75; 24.75; 24.50; 27.75; 41.75; 40.00; 26.25; 25.00; 24.25; 24.75; 25.25; 28.00; 42.25; 38.75; 26.25; 25.00; 23.50; 24.25; 24.50; 27.25; 41.25; 36.75; 25.50; 24.00; 24.25; 24.25; 23.75; 26.25; 41.25; 34.75; 24.75; 24.00; 22.50; 24.50; 24.00; 25.25; 31.00; 27.75; 23.00; 24.00; 23.25]
46302 - [25.75; 24.75; 26.00; 27.50; 27.50; 26.00; 25.75; 25.75; 25.50; 25.50; 26.75; 35.25; 34.25; 27.00; 25.25; 25.00; 25.25; 25.75; 28.00; 41.50; 40.00; 27.00; 25.75; 24.75; 25.00; 25.25; 28.00; 42.25; 40.25; 26.75; 25.00; 24.50; 24.75; 25.25; 28.00; 42.25; 38.75; 26.50; 25.00; 24.00; 24.25; 25.00; 27.00; 42.00; 37.00; 25.25; 24.50; 23.75; 24.50; 24.75; 26.50; 41.00; 34.75; 25.00; 24.25; 23.25; 24.00; 25.00; 25.75; 31.50; 27.75; 24.25; 24.25; 23.50]
46787 - [25.50; 25.25; 26.00; 27.50; 27.25; 25.50; 25.50; 25.25; 25.50; 25.50; 26.75; 35.50; 34.25; 26.25; 25.25; 25.75; 25.00; 25.50; 27.50; 41.50; 40.25; 27.00; 25.25; 24.75; 25.00; 25.00; 27.50; 42.25; 40.00; 26.50; 24.75; 24.00; 25.00; 25.25; 28.25; 42.50; 38.75; 26.50; 25.00; 23.75; 24.50; 25.25; 27.50; 42.00; 37.00; 25.25; 24.25; 24.50; 24.00; 24.25; 26.50; 41.25; 35.25; 25.25; 24.25; 23.25; 23.75; 24.25; 24.75; 31.50; 27.50; 24.75; 24.25; 24.00]
47272 - [25.50; 25.00; 25.75; 27.25; 27.00; 25.75; 26.00; 25.75; 25.50; 25.50; 26.75; 35.50; 34.50; 26.25; 25.50; 25.00; 25.25; 25.50; 27.50; 41.50; 40.25; 27.25; 25.25; 25.00; 25.00; 25.00; 27.75; 42.50; 40.25; 26.75; 24.75; 24.50; 24.75; 25.50; 28.00; 42.25; 39.25; 26.25; 25.25; 24.00; 24.75; 25.00; 27.75; 41.50; 37.25; 25.75; 24.25; 24.25; 23.75; 24.75; 26.25; 41.00; 35.25; 25.00; 24.25; 23.50; 24.00; 24.50; 24.75; 31.25; 28.25; 24.00; 23.75; 23.50]
47757 - [25.75; 25.25; 25.75; 27.25; 27.50; 26.00; 26.25; 25.75; 25.25; 25.00; 26.75; 35.50; 34.25; 26.50; 25.50; 25.50; 25.25; 25.25; 27.50; 41.25; 40.00; 27.00; 25.50; 24.50; 25.50; 25.00; 27.50; 42.00; 39.75; 26.50; 25.00; 24.50; 25.00; 25.25; 28.00; 42.50; 39.00; 26.25; 25.00; 24.00; 24.75; 25.00; 27.25; 41.75; 37.00; 25.50; 24.25; 24.25; 23.75; 24.00; 26.50; 41.00; 35.25; 24.75; 24.25; 23.00; 23.75; 24.25; 25.50; 31.50; 27.50; 24.25; 24.00; 24.00]
48242 - [25.25; 25.00; 25.50; 28.00; 27.50; 25.75; 26.00; 25.00; 25.25; 25.50; 26.00; 35.25; 34.50; 26.50; 25.75; 25.50; 25.50; 25.50; 27.75; 41.50; 40.25; 27.25; 25.75; 24.75; 25.25; 25.00; 28.00; 42.00; 40.00; 26.75; 24.75; 24.25; 25.00; 25.50; 27.75; 42.50; 39.00; 26.25; 24.75; 23.75; 25.00; 24.75; 27.50; 41.50; 37.50; 25.75; 24.25; 23.75; 24.00; 24.25; 26.50; 41.00; 35.25; 25.00; 23.75; 23.25; 23.75; 24.50; 25.00; 31.50; 28.00; 24.00; 23.75; 23.50]
48727 - [25.50; 25.00; 25.75; 27.50; 27.75; 26.00; 25.75; 25.50; 25.75; 25.50; 26.50; 35.50; 34.50; 26.50; 25.50; 25.50; 25.50; 25.75; 27.75; 41.50; 40.00; 27.00; 25.25; 24.75; 25.25; 25.00; 27.75; 42.25; 40.00; 26.50; 25.00; 24.25; 25.25; 25.25; 28.00; 42.25; 39.25; 26.50; 25.25; 24.00; 24.75; 25.00; 27.25; 42.00; 37.00; 25.75; 24.75; 24.00; 24.50; 24.25; 26.00; 41.00; 35.00; 25.25; 24.00; 23.50; 23.00; 24.00; 25.25; 31.00; 28.00; 24.50; 24.00; 24.00]
49212 - [25.50; 25.25; 26.00; 27.50; 27.25; 25.00; 25.25; 25.75; 25.50; 25.25; 26.75; 35.50; 34.25; 26.25; 25.50; 25.50; 25.50; 25.75; 27.75; 41.50; 40.00; 27.00; 25.25; 24.75; 24.75; 25.00; 28.00; 42.25; 40.00; 26.75; 25.00; 24.75; 25.25; 25.50; 28.25; 42.25; 39.00; 26.00; 25.00; 24.00; 24.75; 25.25; 27.50; 42.25; 37.25; 25.75; 24.00; 24.75; 24.25; 24.50; 26.50; 41.25; 35.00; 25.25; 24.00; 23.75; 24.25; 24.25; 25.00; 31.25; 27.50; 24.25; 24.00; 23.75]
49697 - [25.25; 24.75; 26.00; 27.25; 27.00; 25.75; 25.75; 25.50; 25.75; 25.25; 26.75; 35.50; 34.50; 26.50; 25.25; 25.75; 25.50; 25.50; 27.75; 41.75; 40.00; 27.00; 25.50; 25.25; 25.00; 24.75; 27.75; 42.25; 39.75; 26.50; 25.25; 24.50; 25.25; 25.00; 28.00; 42.50; 39.25; 26.25; 25.25; 24.00; 24.25; 24.75; 27.25; 42.00; 36.75; 25.50; 24.25; 24.00; 24.25; 24.50; 26.50; 41.00; 35.25; 25.00; 24.00; 23.25; 24.25; 24.25; 25.00; 31.25; 28.25; 24.25; 24.00; 24.25]
50182 - [26.00; 24.75; 26.00; 27.50; 27.25; 26.25; 26.00; 25.50; 25.00; 25.25; 26.75; 35.25; 34.50; 26.50; 25.25; 25.75; 25.75; 25.50; 28.00; 41.00; 40.00; 26.75; 25.75; 25.00; 24.50; 24.75; 27.75; 42.50; 39.75; 26.50; 24.75; 24.00; 25.25; 25.50; 28.00; 42.50; 39.00; 26.00; 25.00; 24.25; 24.50; 25.75; 27.25; 41.75; 37.00; 25.50; 24.50; 24.25; 24.00; 24.50; 26.50; 41.00; 35.00; 25.25; 24.00; 23.50; 23.75; 24.25; 25.25; 31.50; 28.25; 24.25; 24.00; 22.75]
50667 - [25.25; 24.75; 25.25; 27.25; 27.00; 26.00; 26.00; 25.75; 25.75; 25.00; 26.50; 35.50; 34.50; 26.50; 24.75; 24.75; 25.75; 25.25; 27.25; 41.50; 40.00; 26.75; 25.25; 24.25; 25.25; 24.75; 27.50; 42.25; 40.00; 26.25; 24.75; 24.00; 24.75; 25.50; 27.50; 42.25; 38.75; 26.25; 25.00; 24.25; 24.50; 24.75; 27.50; 42.00; 37.25; 25.25; 24.00; 24.00; 24.00; 24.25; 26.25; 41.00; 34.75; 24.50; 23.75; 23.00; 23.75; 24.25; 25.25; 31.50; 28.00; 24.00; 23.75; 23.75]
51152 - [25.50; 25.25; 26.00; 27.00; 27.25; 25.75; 26.00; 25.75; 25.75; 25.25; 27.00; 35.50; 34.25; 26.25; 25.00; 25.25; 25.00; 25.25; 27.75; 41.75; 40.25; 26.75; 25.50; 25.00; 24.75; 25.25; 27.50; 42.25; 40.00; 26.50; 24.75; 24.75; 24.75; 25.00; 27.75; 42.50; 38.75; 26.50; 24.75; 24.50; 24.50; 25.00; 27.25; 42.00; 37.00; 25.25; 24.25; 24.00; 24.00; 24.25; 26.25; 41.00; 35.00; 25.00; 24.00; 22.75; 24.00; 24.00; 25.50; 31.25; 27.75; 24.00; 24.00; 23.25]
51637 - [25.25; 25.00; 26.00; 27.00; 27.25; 26.00; 25.75; 25.50; 25.50; 25.00; 26.75; 35.00; 34.50; 26.50; 25.50; 25.50; 25.50; 25.75; 28.00; 41.50; 40.00; 26.75; 25.50; 24.50; 24.75; 25.25; 27.75; 42.00; 40.00; 26.75; 24.75; 24.50; 25.00; 25.25; 28.00; 42.25; 39.00; 26.00; 24.75; 24.25; 24.50; 24.75; 27.50; 42.00; 37.00; 25.50; 24.25; 24.00; 24.00; 24.00; 26.25; 40.50; 35.25; 25.00; 24.00; 22.75; 24.50; 24.75; 25.25; 31.75; 27.50; 23.75; 23.75; 23.50]
52122 - [25.50; 25.25; 25.75; 27.25; 27.50; 25.75; 25.50; 25.00; 25.50; 25.00; 26.50; 35.25; 34.00; 26.50; 25.25; 25.25; 25.50; 25.50; 27.50; 41.25; 40.00; 26.75; 25.00; 24.50; 25.00; 24.75; 27.75; 42.25; 40.25; 26.50; 24.75; 24.25; 25.00; 25.00; 28.00; 42.25; 39.00; 26.00; 25.00; 24.00; 24.75; 24.75; 27.50; 41.50; 37.00; 25.50; 24.00; 24.00; 23.75; 24.50; 26.50; 41.00; 35.00; 24.75; 24.50; 23.00; 23.25; 24.00; 25.00; 31.25; 27.75; 23.75; 24.00; 22.75]
52607 - [25.50; 25.25; 25.50; 27.00; 27.00; 25.50; 25.00; 24.75; 25.25; 24.75; 26.50; 35.25; 33.75; 26.50; 25.00; 25.50; 25.25; 25.50; 27.25; 41.25; 39.75; 26.50; 25.25; 24.50; 24.75; 24.75; 27.25; 41.75; 39.75; 26.25; 24.75; 24.25; 24.50; 24.75; 27.75; 42.25; 38.75; 26.00; 24.50; 24.00; 24.25; 24.50; 27.00; 41.75; 36.75; 25.25; 24.00; 24.00; 24.00; 23.75; 26.00; 40.75; 34.75; 25.00; 24.00; 23.25; 23.75; 24.25; 24.75; 31.25; 27.50; 23.75; 23.75; 22.75]
53092 - [25.25; 25.00; 25.50; 26.75; 27.25; 25.50; 24.75; 24.50; 25.00; 25.00; 26.50; 35.25; 33.50; 26.00; 25.25; 25.00; 25.25; 25.25; 27.25; 41.00; 39.75; 26.75; 25.00; 24.25; 24.25; 25.00; 27.75; 41.75; 39.75; 26.25; 24.50; 24.25; 25.00; 25.00; 27.50; 42.00; 38.75; 26.00; 24.75; 23.50; 24.25; 24.75; 27.25; 42.00; 36.75; 25.50; 23.75; 24.25; 23.75; 24.00; 26.00; 41.00; 35.00; 24.75; 23.75; 23.25; 23.25; 24.25; 24.25; 31.00; 28.00; 23.75; 23.50; 23.50]
53577 - [25.00; 24.50; 25.75; 27.00; 26.75; 25.25; 25.50; 25.25; 25.00; 25.00; 26.25; 35.25; 33.75; 26.25; 25.50; 25.25; 25.50; 25.25; 27.50; 41.25; 39.75; 26.75; 25.00; 24.00; 24.75; 24.75; 27.75; 42.00; 39.75; 26.00; 24.75; 23.75; 24.75; 25.00; 27.50; 42.00; 38.75; 25.75; 24.75; 23.75; 24.00; 24.75; 27.50; 41.75; 37.00; 25.00; 24.25; 23.25; 24.00; 24.00; 26.00; 41.25; 34.50; 24.75; 23.75; 22.75; 23.75; 24.00; 24.75; 31.00; 27.00; 23.75; 23.75; 23.25]
54062 - [25.50; 25.00; 25.50; 27.25; 27.25; 25.75; 25.50; 25.00; 25.75; 25.00; 26.50; 35.25; 34.00; 26.00; 25.25; 24.75; 25.50; 25.25; 27.50; 41.25; 39.75; 26.50; 25.50; 24.50; 24.75; 25.00; 27.50; 41.50; 39.75; 26.25; 24.50; 24.25; 25.00; 25.25; 28.00; 42.25; 38.50; 26.00; 24.50; 24.00; 24.50; 24.75; 27.25; 42.00; 37.00; 25.50; 23.75; 24.00; 24.25; 24.50; 26.25; 41.00; 35.00; 24.75; 24.00; 23.25; 24.00; 24.25; 25.25; 31.25; 27.50; 23.75; 23.75; 23.50]
54547 - [25.50; 24.25; 25.50; 27.25; 26.25; 25.25; 25.50; 25.25; 25.25; 24.75; 26.50; 35.00; 34.00; 26.00; 25.00; 25.25; 25.00; 25.50; 27.75; 41.25; 39.75; 26.50; 25.00; 25.00; 24.75; 24.75; 27.50; 42.25; 40.00; 26.25; 24.25; 24.25; 24.75; 25.25; 27.75; 42.50; 39.00; 26.00; 24.75; 23.25; 24.00; 24.75; 27.00; 42.00; 36.50; 25.25; 24.00; 24.00; 24.25; 24.00; 26.00; 40.75; 35.00; 24.75; 24.25; 23.00; 23.25; 24.00; 25.00; 31.00; 27.50; 23.75; 23.50; 23.50]
55032 - [25.00; 25.00; 25.75; 27.25; 27.00; 25.50; 25.25; 25.25; 25.25; 25.25; 26.00; 35.00; 34.25; 26.25; 25.00; 24.50; 25.25; 25.25; 27.50; 41.00; 39.75; 26.75; 25.50; 24.50; 25.00; 24.75; 27.25; 42.25; 39.75; 26.50; 24.75; 24.25; 24.50; 25.00; 27.25; 42.25; 39.00; 26.00; 24.50; 23.75; 24.00; 24.75; 27.00; 41.25; 36.75; 25.50; 23.75; 24.00; 24.25; 24.25; 26.50; 41.00; 34.75; 25.00; 24.00; 22.75; 23.50; 24.00; 24.75; 31.25; 27.75; 23.75; 24.00; 23.00]
55517 - [25.25; 24.75; 25.75; 27.00; 27.00; 25.75; 25.75; 24.75; 25.25; 25.25; 26.75; 35.25; 34.25; 25.75; 25.25; 25.25; 25.25; 25.25; 27.00; 41.00; 40.00; 26.50; 25.00; 24.50; 24.50; 24.75; 27.00; 41.75; 39.50; 26.25; 24.75; 24.25; 25.00; 25.00; 28.00; 42.00; 39.00; 26.00; 24.75; 23.25; 23.50; 24.50; 27.25; 41.75; 37.00; 25.25; 24.00; 23.75; 23.75; 24.00; 26.00; 40.75; 35.00; 24.75; 23.75; 23.25; 24.25; 24.25; 24.50; 31.00; 27.75; 23.75; 23.50; 23.00]
56002 - [25.50; 24.25; 25.50; 27.25; 27.00; 25.25; 25.25; 24.75; 25.25; 24.75; 26.25; 35.00; 33.75; 26.00; 25.25; 25.00; 25.25; 25.25; 27.50; 41.25; 39.75; 26.50; 25.50; 24.75; 24.50; 25.25; 27.25; 41.75; 39.75; 26.00; 24.75; 24.25; 25.00; 25.25; 27.75; 42.00; 38.75; 26.00; 24.50; 23.75; 24.00; 24.75; 27.25; 41.75; 37.00; 25.50; 24.25; 23.75; 23.50; 24.50; 26.75; 41.00; 34.50; 24.75; 23.50; 22.75; 23.75; 24.00; 25.25; 31.25; 28.00; 23.25; 23.25; 23.00]
56487 - [25.50; 25.25; 25.75; 27.25; 27.25; 25.75; 25.25; 25.25; 25.25; 25.00; 26.50; 35.00; 34.00; 26.25; 25.25; 25.00; 25.25; 25.50; 27.25; 41.25; 39.75; 26.75; 25.75; 25.00; 25.00; 25.25; 27.25; 42.25; 39.50; 26.50; 25.00; 24.25; 24.75; 25.25; 27.75; 42.50; 38.75; 26.00; 25.00; 23.50; 24.50; 25.00; 27.00; 41.75; 37.00; 25.25; 23.75; 24.25; 24.00; 24.25; 26.25; 41.00; 34.75; 25.25; 23.75; 23.25; 23.25; 24.25; 25.00; 31.75; 27.75; 24.25; 23.25; 23.00]
56972 - [25.25; 24.50; 25.25; 26.50; 26.75; 25.00; 25.25; 25.00; 25.25; 24.75; 26.50; 35.25; 33.75; 26.75; 25.00; 25.25; 24.75; 25.50; 27.50; 41.25; 39.50; 26.75; 24.75; 25.00; 24.50; 25.00; 27.50; 42.00; 39.50; 25.75; 24.75; 24.25; 24.75; 25.50; 27.50; 41.75; 39.00; 25.75; 25.00; 23.50; 24.00; 24.75; 27.25; 42.00; 37.25; 25.50; 24.00; 23.75; 24.00; 24.25; 26.25; 40.75; 34.50; 24.75; 23.50; 23.00; 23.50; 24.00; 25.00; 31.50; 27.75; 23.75; 23.25; 23.00]
57457 - [25.25; 24.50; 25.00; 27.00; 27.00; 25.75; 25.25; 25.50; 25.50; 24.75; 26.50; 35.25; 34.25; 25.75; 25.25; 25.00; 24.75; 25.25; 27.50; 41.50; 39.75; 26.75; 25.00; 24.00; 24.50; 24.75; 27.50; 42.00; 39.75; 26.00; 25.00; 24.75; 25.00; 25.25; 27.50; 42.25; 38.75; 25.75; 24.75; 23.75; 24.50; 24.75; 27.25; 41.75; 36.75; 25.25; 24.00; 24.00; 24.50; 24.00; 26.00; 41.00; 35.25; 25.00; 23.50; 22.75; 23.75; 24.25; 24.75; 31.25; 28.00; 23.75; 23.75; 23.25]
57942 - [25.75; 24.75; 25.75; 27.25; 26.75; 25.00; 25.50; 24.75; 25.25; 24.75; 26.00; 35.00; 33.75; 26.25; 25.25; 25.00; 25.25; 25.25; 27.00; 41.00; 39.50; 26.75; 25.25; 24.50; 24.50; 24.75; 27.50; 42.25; 39.50; 26.25; 25.00; 24.25; 24.50; 25.00; 27.50; 42.00; 38.50; 26.00; 24.25; 23.50; 24.50; 24.50; 26.75; 41.50; 37.00; 25.50; 24.50; 24.00; 24.00; 23.75; 26.00; 40.75; 35.00; 25.25; 23.75; 23.00; 23.25; 24.25; 25.00; 31.50; 27.75; 24.00; 23.25; 23.50]
58427 - [25.00; 24.50; 25.25; 27.25; 26.75; 25.25; 25.25; 24.75; 25.00; 25.00; 26.50; 35.00; 33.75; 26.25; 25.50; 24.75; 25.00; 24.50; 27.25; 41.00; 39.75; 26.50; 25.00; 25.00; 25.25; 24.75; 27.50; 42.00; 39.75; 26.25; 24.50; 24.00; 24.50; 25.00; 27.50; 42.00; 38.75; 26.00; 24.75; 23.75; 24.00; 25.00; 27.25; 41.75; 36.50; 25.00; 23.75; 23.50; 23.75; 24.00; 25.75; 40.75; 34.50; 24.50; 24.00; 23.00; 24.00; 24.00; 24.75; 31.50; 27.25; 23.75; 23.50; 23.25]
58912 - [24.75; 24.75; 25.50; 26.75; 26.75; 25.75; 25.25; 25.00; 25.25; 24.75; 25.75; 34.75; 33.75; 26.00; 24.75; 25.25; 25.00; 25.50; 27.50; 41.00; 39.75; 26.50; 24.75; 24.25; 24.75; 25.00; 27.50; 41.50; 39.75; 26.00; 24.50; 24.25; 24.50; 25.00; 27.50; 41.75; 39.00; 25.50; 24.50; 23.75; 24.25; 24.50; 27.50; 41.50; 36.75; 25.25; 24.25; 23.75; 24.00; 24.00; 26.00; 40.75; 35.00; 24.50; 23.75; 23.00; 24.00; 23.75; 24.75; 31.00; 27.75; 23.75; 23.50; 23.50]
59397 - [25.50; 24.75; 25.25; 27.25; 26.75; 25.50; 25.25; 24.75; 25.00; 24.75; 26.50; 35.25; 34.25; 25.75; 24.50; 24.75; 24.75; 25.25; 27.50; 41.25; 39.75; 26.75; 25.00; 24.75; 24.50; 24.75; 27.50; 41.75; 39.50; 25.75; 24.75; 24.00; 24.50; 24.75; 27.50; 42.00; 38.50; 25.50; 24.50; 23.50; 24.00; 24.75; 27.25; 41.75; 37.00; 25.50; 24.00; 23.75; 23.75; 24.00; 26.25; 40.75; 34.75; 24.75; 23.25; 23.25; 24.00; 24.00; 24.75; 31.50; 27.00; 23.75; 23.75; 23.25]
59882 - [25.00; 24.25; 25.00; 27.00; 26.75; 25.00; 24.75; 24.50; 25.00; 24.50; 26.50; 35.00; 33.75; 25.25; 25.00; 24.75; 25.00; 25.00; 27.50; 40.75; 39.75; 26.50; 25.25; 24.25; 24.50; 24.75; 27.25; 41.75; 39.75; 26.25; 24.50; 23.75; 23.75; 24.75; 27.25; 41.50; 38.50; 25.75; 24.50; 23.25; 24.00; 24.25; 27.00; 41.50; 36.75; 25.25; 24.00; 23.75; 23.50; 24.25; 25.75; 40.75; 34.50; 24.25; 23.25; 22.75; 23.75; 23.75; 24.75; 31.25; 27.25; 23.50; 23.75; 23.75]
60367 - [24.75; 24.25; 24.75; 27.00; 26.75; 25.25; 25.25; 24.50; 25.00; 24.50; 26.00; 34.75; 33.50; 25.50; 24.25; 25.00; 24.50; 24.75; 27.00; 40.75; 39.50; 26.25; 25.00; 23.75; 24.75; 24.75; 27.00; 42.00; 39.50; 26.00; 24.75; 23.75; 24.75; 25.00; 27.50; 41.50; 38.50; 26.00; 24.50; 23.25; 24.00; 24.50; 26.50; 41.25; 37.00; 25.00; 24.00; 23.25; 23.50; 23.25; 25.75; 40.50; 35.00; 24.50; 23.50; 23.00; 23.25; 23.50; 24.75; 31.25; 27.50; 23.50; 23.25; 23.50]
60852 - [25.25; 24.50; 25.25; 26.75; 27.00; 25.25; 25.00; 24.75; 25.25; 24.50; 26.00; 35.00; 34.00; 25.75; 24.50; 24.75; 24.75; 24.75; 27.00; 40.75; 39.50; 26.25; 24.50; 24.25; 24.25; 24.75; 27.25; 41.50; 39.50; 26.00; 24.50; 24.00; 24.50; 24.75; 27.50; 41.75; 38.50; 25.50; 24.00; 23.25; 24.25; 24.75; 26.75; 41.75; 36.75; 25.00; 24.00; 23.25; 24.00; 23.75; 25.75; 40.25; 34.50; 24.25; 23.50; 23.00; 23.50; 24.00; 24.50; 31.25; 27.25; 23.25; 23.25; 23.00]
61337 - [25.25; 24.75; 25.00; 26.75; 27.25; 25.50; 25.00; 24.50; 25.50; 24.75; 26.00; 35.00; 33.75; 26.25; 25.00; 25.00; 25.00; 25.25; 27.00; 41.00; 39.25; 26.50; 25.00; 24.75; 25.00; 25.00; 27.00; 41.75; 39.50; 26.25; 24.75; 24.00; 24.75; 25.00; 27.50; 42.25; 39.00; 25.50; 24.75; 23.25; 24.25; 24.75; 27.25; 41.75; 36.50; 25.25; 24.00; 24.00; 23.75; 23.50; 26.25; 40.75; 34.50; 24.50; 24.00; 23.00; 24.25; 23.75; 24.75; 31.25; 27.50; 24.00; 23.50; 23.25]
61822 - [25.00; 24.75; 25.00; 26.75; 26.75; 25.25; 25.00; 25.00; 25.25; 24.75; 26.50; 34.50; 33.50; 26.25; 25.00; 25.00; 25.00; 25.25; 27.25; 41.25; 39.75; 27.00; 25.00; 24.00; 24.50; 24.75; 27.25; 41.50; 39.50; 26.25; 24.75; 24.25; 24.25; 25.25; 27.50; 41.75; 38.75; 26.00; 24.75; 23.25; 24.50; 24.75; 26.75; 41.50; 37.00; 25.25; 24.00; 23.75; 24.00; 24.00; 26.25; 40.75; 35.00; 25.00; 24.00; 23.00; 23.75; 24.25; 25.00; 31.25; 27.50; 24.00; 23.25; 23.75]
62307 - [25.00; 24.50; 25.25; 27.00; 26.25; 25.00; 25.50; 24.75; 25.50; 24.50; 26.00; 34.75; 33.50; 26.00; 25.00; 25.00; 24.50; 25.00; 27.00; 41.00; 39.25; 26.50; 25.25; 24.50; 25.00; 24.50; 27.25; 41.75; 39.75; 26.25; 24.25; 24.00; 24.50; 24.75; 27.25; 42.00; 38.50; 26.00; 24.25; 23.50; 24.00; 24.50; 27.00; 41.50; 36.75; 25.00; 24.00; 23.75; 24.25; 23.75; 26.00; 40.25; 34.50; 24.50; 24.00; 23.00; 23.50; 24.00; 25.00; 31.25; 27.75; 23.50; 23.75; 23.00]
62792 - [24.50; 24.50; 25.50; 27.00; 27.00; 25.00; 25.50; 25.50; 25.50; 25.25; 26.50; 35.00; 33.75; 26.00; 25.00; 25.25; 25.00; 24.75; 27.00; 40.75; 39.75; 26.50; 25.00; 24.75; 24.75; 25.00; 27.50; 41.75; 39.50; 26.25; 24.50; 24.25; 25.00; 24.75; 27.50; 42.00; 39.00; 25.75; 24.25; 23.50; 24.50; 24.50; 27.00; 41.75; 36.75; 25.25; 23.75; 23.75; 24.00; 24.00; 26.25; 41.00; 35.00; 24.75; 23.75; 23.00; 24.00; 23.50; 24.75; 31.25; 27.50; 23.75; 23.00; 23.25]
63277 - [25.00; 24.50; 25.00; 26.50; 26.75; 25.25; 25.25; 25.00; 25.25; 24.50; 26.00; 35.00; 33.75; 26.00; 24.50; 24.50; 25.00; 25.00; 27.00; 40.75; 39.75; 26.75; 25.00; 24.25; 24.75; 24.25; 27.00; 41.50; 39.50; 26.00; 24.75; 24.00; 24.50; 24.50; 27.50; 41.75; 38.50; 26.00; 24.25; 23.50; 23.75; 24.25; 27.25; 41.50; 36.50; 24.75; 23.75; 23.25; 23.75; 23.50; 25.50; 40.75; 34.25; 24.75; 23.25; 22.75; 23.75; 24.25; 24.50; 31.25; 27.50; 23.50; 23.75; 23.50]
63762 - [25.25; 24.25; 25.25; 27.00; 26.25; 25.00; 25.00; 25.00; 25.00; 24.50; 26.50; 34.75; 34.00; 26.00; 25.00; 25.00; 25.00; 25.00; 27.25; 41.00; 39.50; 26.25; 24.50; 24.00; 24.50; 24.75; 27.00; 41.75; 39.75; 26.25; 25.00; 23.75; 24.50; 24.50; 27.75; 42.00; 38.25; 26.00; 24.50; 24.00; 24.00; 24.75; 26.50; 41.75; 36.75; 24.75; 23.75; 23.50; 23.50; 23.50; 25.50; 40.50; 34.50; 24.50; 23.75; 23.00; 23.25; 24.00; 24.50; 31.25; 27.50; 23.75; 23.25; 23.50]
64247 - [25.50; 24.75; 25.25; 27.00; 27.00; 25.25; 25.00; 25.25; 25.00; 24.75; 25.75; 34.75; 34.25; 25.50; 24.75; 25.50; 25.00; 25.00; 27.50; 41.00; 39.75; 26.75; 25.25; 24.25; 24.75; 24.50; 27.50; 42.00; 39.50; 26.25; 24.25; 24.25; 24.50; 24.75; 27.50; 42.00; 38.75; 25.75; 24.50; 23.75; 24.00; 25.00; 26.75; 41.75; 37.00; 25.25; 23.75; 23.75; 24.50; 24.00; 26.25; 40.50; 34.75; 24.50; 23.75; 23.25; 24.75; 23.75; 24.75; 31.50; 27.50; 23.75; 24.00; 23.25]
64732 - [25.25; 24.75; 25.75; 27.00; 26.75; 25.00; 25.50; 25.00; 25.25; 25.00; 26.25; 35.00; 34.00; 26.00; 25.25; 25.00; 25.25; 25.00; 27.50; 40.75; 39.75; 26.75; 25.25; 24.50; 24.75; 24.75; 27.75; 41.75; 40.00; 26.25; 24.25; 24.50; 24.50; 25.25; 27.75; 42.25; 38.75; 26.25; 25.00; 23.75; 24.25; 24.75; 27.00; 41.75; 36.75; 25.50; 24.00; 24.25; 24.00; 24.25; 26.25; 40.75; 34.75; 25.00; 24.25; 23.50; 24.25; 23.75; 24.50; 31.50; 28.00; 23.75; 24.00; 23.25]
65217 - [25.50; 25.00; 25.25; 26.75; 26.75; 25.25; 25.25; 25.00; 25.25; 24.75; 26.50; 35.00; 34.25; 25.75; 25.25; 25.00; 25.00; 25.50; 27.25; 40.75; 40.00; 26.50; 25.25; 24.25; 24.50; 24.75; 27.75; 42.25; 40.00; 26.25; 24.25; 24.50; 24.50; 25.50; 27.25; 42.00; 38.75; 26.00; 24.75; 24.50; 24.75; 25.25; 27.25; 41.75; 37.25; 25.75; 23.75; 24.00; 24.50; 24.00; 26.00; 40.75; 35.00; 24.75; 23.75; 23.00; 24.50; 24.00; 25.25; 31.00; 27.50; 24.00; 24.25; 23.00]
65702 - [25.00; 24.75; 25.50; 27.25; 27.25; 25.75; 25.25; 25.50; 25.25; 24.75; 26.25; 34.75; 34.25; 26.50; 25.50; 25.25; 25.25; 25.00; 27.50; 41.25; 39.75; 26.75; 25.00; 24.50; 25.00; 25.50; 27.75; 42.00; 40.00; 26.50; 24.50; 24.50; 25.00; 25.00; 27.50; 42.00; 39.00; 26.00; 24.75; 23.75; 24.25; 25.00; 27.00; 41.75; 37.25; 25.25; 24.25; 23.75; 23.75; 24.00; 26.00; 41.00; 35.25; 24.75; 23.75; 23.25; 24.50; 24.00; 25.00; 31.50; 27.50; 24.00; 24.00; 24.00]
66187 - [25.50; 25.00; 25.50; 27.25; 27.00; 25.50; 25.75; 25.50; 25.25; 25.25; 26.75; 35.25; 34.25; 26.25; 25.25; 25.00; 25.00; 25.25; 27.25; 41.00; 39.75; 27.00; 25.00; 24.50; 25.00; 25.00; 27.50; 42.00; 39.75; 26.25; 25.00; 24.50; 24.75; 25.00; 28.00; 42.50; 39.00; 26.25; 24.75; 24.00; 24.25; 24.75; 27.25; 41.75; 37.25; 25.25; 24.25; 23.75; 24.25; 24.50; 26.25; 41.00; 35.25; 25.25; 23.75; 23.75; 24.00; 24.75; 25.00; 31.25; 27.75; 24.00; 23.75; 23.75]
66672 - [25.50; 25.25; 25.50; 27.50; 27.50; 25.50; 25.50; 25.25; 25.50; 25.25; 26.50; 35.50; 34.00; 26.50; 25.25; 25.25; 25.25; 25.25; 27.75; 41.25; 39.75; 27.00; 25.00; 25.00; 24.75; 25.25; 27.75; 42.00; 40.00; 26.50; 25.00; 24.25; 25.25; 25.50; 28.00; 42.25; 39.00; 26.00; 25.25; 23.75; 24.50; 24.75; 27.00; 42.00; 37.25; 25.25; 24.00; 23.75; 24.50; 24.25; 26.25; 41.25; 34.75; 25.00; 24.00; 23.25; 24.00; 24.25; 25.25; 31.25; 27.75; 23.75; 24.00; 23.00]
67157 - [25.50; 25.00; 25.50; 27.75; 26.75; 25.50; 25.50; 25.25; 25.50; 24.75; 26.75; 35.75; 34.25; 26.25; 25.25; 25.25; 25.00; 25.50; 27.50; 41.50; 40.25; 26.75; 25.50; 24.75; 25.00; 25.25; 27.50; 42.00; 40.00; 26.50; 25.25; 24.00; 25.25; 25.50; 28.00; 42.25; 39.25; 26.25; 24.75; 24.25; 24.50; 25.25; 27.50; 42.00; 37.50; 25.75; 24.25; 24.25; 24.25; 24.00; 26.25; 41.50; 35.00; 25.00; 23.75; 23.25; 23.75; 24.25; 25.25; 31.50; 27.75; 24.25; 24.00; 23.75]
67642 - [25.25; 24.75; 25.25; 27.00; 27.00; 25.25; 25.50; 25.00; 25.50; 25.25; 27.00; 35.25; 34.00; 26.00; 25.25; 25.50; 25.25; 25.25; 27.50; 41.00; 40.00; 26.75; 25.75; 25.00; 25.00; 25.00; 27.50; 42.00; 40.50; 26.50; 24.75; 24.50; 24.75; 25.00; 27.75; 42.25; 39.00; 26.00; 25.00; 23.75; 24.25; 24.75; 26.75; 41.75; 36.75; 25.75; 23.75; 24.00; 24.50; 24.25; 26.00; 40.75; 35.25; 24.75; 23.75; 23.00; 23.75; 23.75; 25.00; 31.75; 28.25; 24.00; 23.75; 23.50]
68127 - [25.50; 24.50; 25.75; 27.25; 27.00; 25.00; 26.00; 25.75; 25.50; 25.00; 26.75; 35.00; 34.00; 26.25; 25.75; 25.25; 25.25; 25.50; 27.50; 41.00; 40.00; 27.25; 25.50; 24.75; 25.00; 25.25; 27.50; 41.75; 39.50; 26.00; 24.75; 24.00; 24.50; 25.25; 27.50; 42.25; 39.25; 26.00; 25.00; 24.75; 24.00; 24.75; 27.00; 42.00; 37.25; 25.75; 24.50; 24.25; 24.00; 24.50; 25.75; 41.00; 34.75; 25.00; 23.75; 23.25; 24.50; 24.75; 25.00; 31.50; 27.75; 24.00; 23.75; 23.50]
68612 - [25.00; 25.25; 25.50; 27.25; 27.50; 25.75; 25.75; 25.25; 25.25; 25.50; 26.50; 35.25; 34.50; 26.00; 25.25; 24.75; 25.25; 25.75; 27.50; 41.75; 40.25; 27.00; 25.50; 24.25; 25.00; 25.00; 27.50; 42.25; 40.00; 26.50; 25.00; 24.50; 24.75; 25.50; 28.00; 42.25; 38.75; 26.25; 25.00; 24.50; 24.25; 25.00; 27.25; 41.75; 37.25; 25.75; 24.50; 24.25; 24.25; 24.25; 26.00; 41.25; 35.00; 25.25; 24.25; 22.75; 23.75; 23.75; 25.75; 31.25; 28.25; 24.00; 24.00; 23.50]
69097 - [25.75; 25.50; 26.00; 27.50; 27.75; 26.50; 25.50; 25.50; 25.50; 25.00; 26.75; 35.25; 34.25; 26.75; 25.75; 25.75; 25.50; 26.25; 27.50; 41.75; 40.25; 26.75; 25.50; 25.00; 25.50; 25.50; 27.75; 42.25; 40.25; 26.75; 25.25; 24.75; 25.00; 25.50; 28.00; 42.50; 39.00; 26.25; 25.25; 24.50; 24.50; 24.75; 28.00; 42.00; 37.50; 26.00; 24.50; 24.75; 24.75; 24.25; 26.50; 41.00; 35.25; 25.25; 24.00; 23.75; 24.50; 23.75; 25.50; 31.50; 28.25; 24.25; 24.25; 23.25]
69582 - [25.50; 25.00; 25.75; 27.25; 27.50; 26.00; 25.50; 25.75; 25.50; 25.50; 26.50; 35.50; 34.50; 26.75; 25.75; 25.25; 25.75; 25.75; 28.00; 41.75; 40.25; 27.00; 25.75; 25.00; 25.00; 25.25; 27.75; 42.50; 40.25; 27.00; 25.00; 24.50; 25.50; 25.25; 28.00; 42.50; 39.00; 26.25; 25.50; 24.25; 24.75; 25.00; 27.50; 42.25; 37.50; 26.00; 24.50; 24.50; 24.25; 24.75; 26.75; 41.00; 35.50; 25.00; 24.25; 23.75; 24.00; 24.50; 25.00; 32.00; 28.00; 24.25; 24.00; 23.75]
70067 - [25.50; 25.00; 25.75; 28.00; 27.25; 26.00; 26.00; 25.25; 25.50; 25.00; 27.00; 35.75; 34.50; 26.50; 25.25; 25.25; 24.75; 25.50; 27.50; 41.50; 40.50; 27.25; 25.75; 25.25; 25.00; 25.25; 27.75; 42.25; 40.00; 26.50; 25.00; 24.25; 25.00; 25.50; 28.00; 42.25; 39.00; 26.25; 25.25; 24.25; 24.50; 25.00; 27.50; 42.25; 37.50; 25.75; 24.25; 24.25; 24.50; 24.75; 26.50; 41.25; 35.50; 25.00; 24.00; 23.25; 24.25; 24.25; 25.25; 31.25; 28.00; 24.00; 23.75; 23.50]
70552 - [25.25; 25.25; 25.50; 27.25; 27.00; 25.75; 25.25; 25.50; 25.25; 25.25; 26.50; 35.25; 34.25; 26.25; 25.50; 25.25; 24.75; 25.25; 28.00; 41.25; 40.00; 27.00; 25.75; 24.50; 24.75; 25.25; 27.75; 42.00; 40.00; 26.50; 25.00; 24.75; 24.75; 25.25; 27.75; 42.25; 39.00; 26.25; 25.25; 24.00; 24.25; 25.00; 27.25; 42.00; 37.25; 25.25; 24.25; 24.25; 24.00; 24.25; 26.25; 41.25; 35.00; 25.00; 24.00; 23.00; 24.50; 24.50; 25.50; 31.75; 27.50; 24.00; 23.75; 23.50]
71037 - [25.00; 25.00; 25.50; 27.00; 27.00; 25.00; 25.75; 25.25; 25.25; 25.25; 26.75; 35.50; 34.00; 26.50; 25.25; 24.75; 25.25; 25.25; 27.50; 41.25; 40.00; 27.25; 26.00; 24.75; 25.50; 24.75; 27.75; 42.00; 39.75; 26.25; 25.00; 24.50; 24.50; 25.50; 27.75; 42.25; 39.00; 26.00; 25.00; 23.50; 24.50; 24.50; 27.25; 41.75; 37.25; 25.25; 24.00; 23.75; 24.00; 24.00; 26.25; 41.00; 35.00; 24.75; 24.00; 23.25; 24.00; 24.75; 25.50; 31.75; 28.00; 24.00; 23.75; 23.25]
71522 - [25.50; 24.50; 26.00; 27.00; 26.75; 25.25; 25.75; 25.00; 25.25; 24.75; 26.50; 35.00; 33.75; 26.75; 25.00; 25.25; 25.25; 25.00; 27.00; 41.00; 39.75; 26.25; 25.00; 24.75; 25.00; 24.75; 27.50; 41.50; 39.75; 26.25; 24.75; 24.25; 24.50; 25.00; 27.50; 41.75; 38.75; 26.00; 24.50; 24.00; 24.00; 24.75; 26.50; 41.75; 37.00; 25.00; 24.50; 23.25; 24.00; 24.00; 26.50; 41.00; 34.75; 24.50; 23.75; 23.50; 23.75; 24.00; 25.25; 31.25; 27.50; 23.75; 23.75; 23.25]
72007 - [25.25; 24.25; 25.75; 27.00; 26.75; 25.25; 25.50; 24.50; 25.25; 24.75; 25.75; 35.25; 34.00; 26.00; 25.25; 25.25; 25.00; 25.25; 27.50; 41.00; 39.50; 26.50; 25.50; 24.75; 24.75; 24.75; 27.50; 41.50; 39.75; 26.25; 24.75; 24.25; 24.75; 24.75; 27.50; 42.25; 38.50; 26.00; 24.75; 24.25; 24.00; 24.75; 27.00; 41.50; 37.00; 25.00; 24.00; 24.00; 24.00; 24.00; 26.25; 41.00; 34.50; 24.50; 24.00; 23.00; 23.50; 24.50; 25.00; 31.25; 27.50; 24.00; 23.25; 23.75]
72492 - [25.25; 24.75; 25.25; 26.75; 26.50; 25.25; 25.00; 25.25; 24.75; 25.00; 25.75; 35.25; 34.00; 26.25; 25.50; 25.25; 24.75; 25.75; 27.25; 41.00; 40.00; 26.25; 25.25; 24.50; 25.00; 24.50; 27.25; 41.75; 39.75; 25.75; 24.50; 24.25; 24.75; 25.25; 27.50; 42.00; 38.75; 25.50; 24.25; 23.50; 24.00; 24.25; 26.75; 41.50; 37.00; 24.75; 24.00; 24.00; 23.25; 24.00; 26.25; 40.75; 35.00; 24.50; 23.50; 23.25; 23.75; 24.00; 24.75; 31.50; 27.50; 24.00; 23.50; 23.50]
72977 - [24.75; 24.25; 25.50; 27.00; 27.00; 25.25; 25.00; 24.75; 25.25; 24.75; 26.50; 35.00; 33.75; 25.75; 24.75; 25.25; 25.25; 25.00; 27.25; 41.00; 39.50; 26.75; 25.00; 24.50; 24.25; 24.75; 27.25; 41.50; 39.50; 26.25; 25.00; 24.25; 25.00; 25.00; 27.50; 42.00; 38.50; 26.00; 24.50; 23.50; 24.75; 24.50; 26.75; 41.50; 37.00; 25.25; 24.00; 23.50; 24.00; 24.00; 26.25; 41.00; 35.00; 25.00; 24.00; 23.00; 24.25; 24.25; 25.00; 31.25; 27.75; 23.75; 23.75; 23.75]
73462 - [24.50; 24.75; 25.50; 26.75; 27.00; 25.25; 25.75; 25.25; 24.75; 25.00; 26.00; 35.00; 34.00; 26.00; 25.25; 24.75; 25.00; 25.00; 27.25; 41.00; 39.50; 27.00; 25.25; 24.75; 24.50; 24.75; 27.50; 42.00; 39.75; 26.50; 24.75; 23.75; 24.50; 25.25; 27.75; 42.00; 38.75; 25.75; 25.00; 24.00; 24.25; 25.00; 27.00; 41.50; 37.00; 25.00; 24.25; 24.00; 23.75; 24.00; 26.25; 41.00; 35.25; 25.00; 23.75; 23.25; 24.25; 24.00; 24.75; 31.50; 27.25; 23.50; 24.00; 23.50]
73947 - [25.00; 24.75; 25.50; 27.00; 26.50; 25.25; 25.25; 25.00; 25.25; 24.75; 26.50; 35.25; 34.00; 26.25; 25.25; 25.00; 25.00; 25.00; 27.25; 40.75; 40.00; 26.75; 25.25; 24.25; 24.50; 25.00; 27.50; 41.50; 39.75; 25.75; 25.50; 24.25; 24.75; 25.00; 27.50; 42.25; 38.75; 26.00; 24.50; 23.75; 24.50; 25.00; 27.00; 41.75; 36.75; 25.50; 24.25; 24.25; 23.75; 24.00; 26.25; 40.75; 35.25; 24.50; 24.25; 23.00; 24.25; 24.00; 24.75; 31.25; 27.25; 24.00; 23.50; 23.25]
74432 - [25.00; 24.50; 25.25; 27.00; 27.00; 25.50; 25.00; 24.75; 25.25; 25.00; 26.25; 34.75; 34.00; 25.75; 24.75; 25.00; 25.50; 25.25; 27.00; 41.25; 39.50; 26.50; 25.50; 24.25; 25.00; 25.00; 27.50; 41.75; 39.50; 26.75; 24.75; 24.25; 24.75; 24.75; 27.25; 42.00; 38.75; 25.75; 24.75; 23.75; 24.00; 24.50; 27.00; 41.75; 37.00; 25.25; 23.75; 23.75; 24.00; 24.00; 26.25; 40.75; 34.75; 24.75; 24.00; 23.25; 24.25; 24.00; 24.50; 30.75; 27.25; 24.00; 24.00; 23.25]
74917 - [24.75; 24.50; 25.25; 27.00; 26.50; 25.25; 25.00; 25.00; 24.75; 25.00; 26.00; 34.75; 33.75; 25.75; 25.00; 25.00; 24.75; 25.25; 27.25; 41.00; 39.75; 26.75; 24.75; 24.25; 24.75; 24.25; 27.25; 41.75; 39.75; 26.25; 24.25; 24.00; 24.50; 24.75; 27.50; 41.75; 38.50; 25.75; 24.25; 23.50; 24.00; 24.25; 26.75; 41.50; 36.75; 25.00; 24.00; 23.75; 23.75; 23.75; 25.75; 40.75; 34.75; 24.75; 23.75; 22.50; 23.25; 24.25; 24.50; 30.75; 27.25; 23.75; 23.25; 23.50]
75402 - [25.25; 24.25; 25.50; 26.50; 26.75; 25.00; 25.00; 24.25; 25.25; 24.50; 26.00; 34.75; 34.00; 25.75; 24.75; 25.25; 25.00; 25.50; 27.75; 40.75; 39.75; 26.75; 25.00; 24.25; 24.25; 24.50; 27.25; 41.50; 39.75; 26.00; 24.50; 24.00; 24.50; 24.75; 27.50; 42.25; 38.75; 26.00; 24.75; 23.50; 24.00; 24.25; 27.00; 41.50; 37.00; 24.75; 23.50; 23.75; 24.00; 24.25; 25.75; 41.00; 34.75; 24.50; 23.75; 23.00; 23.25; 24.25; 25.00; 31.00; 27.75; 23.50; 23.00; 23.00]
75887 - [24.75; 24.00; 25.50; 26.75; 26.75; 25.50; 25.50; 24.75; 25.00; 24.75; 26.25; 35.00; 33.50; 26.25; 25.00; 24.75; 25.25; 24.75; 27.00; 40.75; 39.50; 26.75; 24.75; 24.75; 24.50; 24.50; 27.25; 41.75; 39.25; 26.00; 24.50; 24.00; 24.25; 24.75; 27.50; 42.00; 38.50; 26.00; 24.25; 23.50; 24.25; 24.25; 27.00; 41.50; 37.00; 25.25; 24.00; 23.75; 23.75; 24.00; 25.75; 40.50; 34.75; 24.50; 23.50; 23.50; 23.50; 24.00; 24.50; 30.75; 27.75; 23.50; 23.25; 23.00]
76372 - [25.25; 24.25; 25.50; 26.50; 26.75; 25.00; 25.50; 24.75; 25.00; 24.75; 26.25; 34.75; 33.75; 25.75; 24.75; 24.50; 25.00; 25.00; 27.00; 40.75; 39.50; 26.50; 25.00; 24.25; 24.75; 25.00; 27.50; 41.75; 40.00; 26.25; 24.50; 24.00; 24.25; 25.00; 27.25; 41.75; 38.25; 25.75; 24.00; 22.75; 24.25; 24.25; 27.00; 41.00; 36.75; 24.75; 24.00; 23.50; 24.00; 23.75; 25.75; 40.50; 34.50; 24.75; 23.75; 22.75; 23.25; 24.25; 24.75; 31.50; 27.50; 23.25; 23.00; 23.50]
76857 - [25.00; 24.25; 25.50; 27.00; 27.00; 25.25; 25.75; 24.75; 25.25; 25.00; 26.25; 35.00; 33.75; 26.25; 25.25; 24.75; 25.00; 25.25; 27.50; 41.00; 39.50; 26.75; 25.25; 24.25; 24.50; 25.00; 27.25; 41.75; 40.00; 26.00; 24.75; 24.25; 25.00; 25.00; 27.75; 42.25; 38.75; 26.00; 24.50; 23.75; 24.00; 24.50; 27.00; 41.75; 36.75; 25.50; 24.25; 24.25; 23.75; 24.25; 26.00; 41.00; 34.75; 25.00; 23.50; 22.50; 24.25; 23.75; 25.00; 31.25; 28.00; 23.50; 23.75; 23.25]
77342 - [25.25; 25.00; 25.50; 26.50; 26.75; 25.50; 25.50; 24.75; 25.50; 24.75; 26.00; 35.00; 33.75; 26.00; 24.75; 25.00; 24.75; 25.00; 27.25; 41.00; 39.75; 26.75; 25.00; 24.50; 24.50; 24.75; 27.25; 41.75; 39.75; 26.00; 24.75; 23.50; 24.75; 24.75; 27.50; 41.75; 38.75; 25.25; 24.75; 23.75; 24.00; 24.50; 26.75; 41.50; 36.75; 25.25; 24.25; 23.75; 24.00; 23.75; 26.00; 40.50; 34.75; 24.50; 23.75; 22.50; 23.50; 24.25; 24.75; 31.25; 27.25; 24.25; 23.50; 23.25]
77827 - [24.25; 24.25; 25.00; 26.75; 26.50; 25.00; 25.00; 25.00; 24.75; 25.00; 26.25; 34.75; 33.75; 26.00; 24.75; 25.00; 24.75; 24.75; 27.00; 40.50; 39.25; 26.50; 25.00; 24.50; 24.50; 24.25; 27.50; 41.50; 39.25; 25.50; 24.50; 23.75; 24.50; 25.00; 27.25; 42.00; 38.75; 25.75; 24.00; 23.25; 24.25; 24.50; 26.75; 41.50; 36.75; 25.00; 24.00; 23.50; 23.50; 24.00; 26.00; 40.75; 34.50; 24.25; 23.75; 23.00; 23.75; 24.25; 24.75; 31.00; 27.50; 23.50; 23.75; 22.75]
78312 - [24.50; 24.00; 25.25; 26.75; 26.75; 25.00; 25.00; 25.00; 25.00; 24.50; 26.00; 34.25; 33.25; 25.50; 24.75; 24.50; 25.00; 24.75; 27.00; 41.00; 39.25; 26.50; 25.25; 24.25; 24.25; 24.75; 26.75; 41.50; 39.50; 25.75; 24.25; 24.25; 24.25; 24.75; 27.00; 41.50; 38.25; 25.50; 24.25; 23.50; 24.25; 24.50; 26.75; 41.25; 36.25; 24.75; 24.00; 24.25; 23.50; 23.75; 25.75; 41.00; 34.50; 24.50; 23.25; 22.75; 23.25; 24.00; 24.50; 31.00; 27.75; 23.75; 24.25; 22.75]
78797 - [25.00; 24.50; 25.25; 26.75; 26.75; 25.25; 25.25; 24.75; 25.00; 24.50; 26.50; 34.75; 33.50; 25.75; 24.75; 24.25; 25.00; 25.25; 26.50; 40.75; 39.50; 26.50; 25.00; 24.25; 24.50; 24.50; 27.75; 41.75; 39.75; 25.50; 24.50; 24.00; 24.25; 24.50; 27.50; 41.50; 38.50; 25.50; 24.50; 23.00; 24.00; 24.75; 26.50; 41.50; 36.50; 25.25; 23.75; 23.75; 24.00; 24.25; 26.00; 41.00; 34.50; 24.25; 23.50; 23.25; 23.50; 23.75; 24.50; 31.00; 28.00; 23.50; 24.00; 22.75]
79282 - [24.75; 24.25; 24.75; 26.75; 26.50; 25.00; 25.00; 24.25; 25.25; 24.50; 25.75; 34.75; 34.00; 26.25; 25.25; 24.75; 24.75; 25.25; 26.75; 41.00; 39.50; 26.50; 24.50; 24.50; 24.25; 24.75; 27.00; 41.75; 39.25; 26.00; 24.50; 24.00; 24.50; 25.00; 27.00; 41.75; 38.25; 25.50; 24.25; 23.25; 24.25; 24.00; 26.50; 41.00; 36.50; 25.00; 23.75; 23.50; 23.50; 23.75; 25.75; 40.75; 34.50; 24.50; 23.25; 23.00; 23.25; 24.00; 24.75; 31.25; 27.25; 23.50; 23.50; 23.00]
79767 - [25.00; 24.75; 25.25; 26.50; 27.00; 25.00; 25.25; 24.50; 25.25; 24.50; 26.00; 35.00; 33.75; 26.00; 25.25; 24.50; 24.75; 24.75; 27.00; 41.00; 39.50; 26.25; 25.00; 24.00; 24.75; 24.50; 27.25; 41.75; 39.75; 26.25; 24.50; 24.00; 24.25; 24.75; 27.50; 41.75; 38.75; 25.25; 24.25; 23.50; 24.25; 24.25; 27.00; 41.50; 36.75; 24.75; 23.50; 23.75; 24.25; 24.00; 26.00; 41.00; 34.75; 24.50; 23.75; 22.75; 23.50; 24.00; 25.25; 31.25; 27.25; 23.75; 23.50; 23.25]
80252 - [24.75; 24.50; 25.50; 26.75; 26.50; 25.25; 25.00; 25.00; 25.25; 24.75; 25.75; 35.00; 33.50; 25.50; 24.75; 24.25; 25.00; 24.75; 27.00; 40.50; 39.25; 26.50; 24.75; 24.25; 24.25; 24.50; 27.00; 41.50; 39.50; 25.75; 24.75; 24.00; 25.00; 24.75; 27.50; 42.00; 38.50; 25.50; 24.50; 23.00; 24.00; 24.25; 26.50; 41.50; 36.75; 25.00; 23.75; 23.75; 23.75; 24.25; 26.00; 40.50; 34.50; 24.50; 23.50; 22.25; 23.75; 23.75; 24.75; 31.00; 27.25; 24.25; 23.25; 23.00]
80737 - [24.75; 24.75; 24.75; 26.50; 26.50; 25.00; 25.00; 24.25; 25.25; 24.50; 26.00; 35.00; 33.50; 25.75; 25.00; 24.75; 24.50; 25.25; 27.00; 40.75; 39.25; 26.25; 24.75; 24.50; 24.00; 24.50; 27.00; 41.25; 39.50; 25.75; 24.50; 24.00; 24.50; 24.75; 27.25; 41.50; 38.50; 25.50; 24.75; 23.50; 24.25; 24.50; 26.50; 41.00; 36.25; 24.75; 23.50; 23.75; 23.75; 23.50; 26.25; 40.75; 34.50; 24.25; 23.50; 23.00; 23.25; 23.75; 25.25; 31.50; 27.25; 23.50; 23.25; 22.75]
81222 - [25.25; 24.25; 25.25; 27.00; 26.75; 25.00; 25.00; 24.75; 25.25; 24.50; 26.00; 34.50; 33.75; 26.25; 25.00; 24.75; 24.75; 24.75; 27.00; 40.75; 39.50; 26.50; 24.75; 24.50; 24.75; 24.25; 27.00; 41.50; 39.25; 25.50; 24.25; 23.75; 24.75; 25.00; 27.25; 41.75; 38.50; 25.50; 24.25; 23.75; 24.00; 24.25; 26.50; 41.25; 36.75; 24.75; 23.50; 23.75; 24.00; 24.00; 26.00; 40.75; 34.75; 24.75; 23.50; 22.50; 24.00; 24.00; 24.25; 31.00; 27.75; 23.50; 23.75; 23.00]
81707 - [25.25; 24.00; 25.25; 26.25; 26.75; 25.00; 24.75; 24.75; 25.00; 24.75; 26.00; 35.00; 33.50; 26.00; 24.50; 24.75; 24.75; 25.00; 27.25; 40.75; 39.50; 26.25; 24.50; 24.25; 24.75; 24.50; 27.50; 41.25; 39.50; 25.75; 24.25; 23.75; 24.25; 24.75; 27.00; 41.75; 38.50; 25.25; 24.00; 23.50; 24.50; 24.25; 26.75; 41.50; 36.50; 25.00; 24.00; 24.00; 24.00; 23.75; 25.75; 40.75; 34.25; 24.75; 23.50; 22.25; 24.00; 24.25; 24.50; 31.00; 27.75; 23.50; 23.50; 23.25]
82192 - [24.75; 24.00; 25.25; 26.50; 26.75; 25.00; 25.00; 24.75; 24.75; 24.75; 26.25; 35.00; 33.50; 25.75; 25.00; 24.50; 24.50; 25.25; 27.25; 41.00; 39.50; 26.25; 25.25; 24.25; 24.50; 24.50; 27.00; 41.50; 39.50; 26.00; 24.00; 24.00; 24.50; 24.75; 27.50; 41.75; 38.50; 25.75; 24.50; 23.25; 23.75; 24.50; 26.25; 41.50; 36.75; 25.25; 23.75; 23.50; 24.25; 24.00; 25.75; 40.75; 34.50; 24.25; 23.50; 22.50; 23.50; 24.00; 24.75; 30.75; 27.25; 23.50; 23.25; 22.75]
82677 - [25.00; 24.25; 25.25; 26.50; 26.75; 25.00; 25.00; 24.75; 25.00; 24.75; 25.75; 34.75; 33.50; 25.75; 24.25; 24.25; 24.50; 24.50; 27.00; 40.50; 39.50; 26.25; 25.00; 24.00; 24.50; 24.25; 26.75; 41.75; 39.25; 25.75; 24.50; 23.75; 24.00; 24.50; 27.50; 41.75; 38.50; 25.50; 24.50; 23.25; 24.00; 24.00; 26.25; 41.25; 36.25; 24.50; 24.00; 23.50; 23.75; 23.75; 25.75; 40.75; 34.50; 24.25; 23.50; 22.75; 23.00; 24.25; 24.25; 31.00; 27.25; 23.50; 23.50; 23.50]
83162 - [24.75; 24.00; 25.00; 26.25; 26.75; 24.75; 25.00; 24.25; 24.75; 24.25; 26.00; 34.75; 33.75; 25.75; 24.50; 24.50; 24.75; 24.50; 26.75; 40.75; 39.25; 25.75; 25.00; 24.00; 24.25; 24.25; 26.50; 41.75; 39.75; 25.75; 24.00; 24.00; 24.75; 24.50; 27.50; 41.75; 38.25; 25.50; 23.75; 23.50; 24.00; 24.50; 26.50; 41.25; 36.50; 24.50; 23.25; 23.75; 23.50; 24.00; 25.25; 40.25; 34.50; 24.50; 23.25; 23.00; 23.50; 23.50; 24.75; 30.75; 27.25; 23.75; 23.25; 23.00]
83647 - [24.75; 24.50; 25.25; 26.50; 26.75; 25.25; 25.25; 24.75; 25.25; 24.50; 26.25; 35.00; 33.50; 25.50; 24.25; 24.25; 24.50; 24.75; 26.75; 40.75; 39.50; 26.25; 24.75; 24.25; 24.75; 24.50; 27.00; 41.50; 39.50; 25.75; 24.50; 24.00; 24.75; 24.50; 27.00; 41.75; 38.25; 25.50; 24.50; 23.25; 23.75; 24.00; 26.25; 41.50; 36.50; 25.00; 24.00; 23.25; 23.75; 23.75; 25.75; 40.50; 34.25; 24.25; 23.50; 22.50; 23.50; 24.00; 24.50; 31.25; 27.25; 23.50; 23.00; 22.75]
84132 - [25.00; 24.50; 25.50; 27.00; 27.25; 25.00; 25.25; 25.00; 25.00; 24.50; 26.25; 35.00; 33.75; 25.75; 25.00; 24.75; 24.75; 24.25; 26.75; 40.75; 39.75; 26.50; 25.00; 24.50; 24.50; 24.50; 27.25; 41.75; 39.25; 25.75; 24.25; 23.75; 24.75; 25.25; 27.25; 41.75; 38.75; 25.50; 24.75; 23.25; 24.00; 24.25; 27.00; 41.50; 36.50; 24.75; 24.00; 23.75; 24.00; 24.00; 25.75; 40.50; 35.00; 24.75; 24.00; 22.75; 23.25; 24.00; 24.75; 31.25; 27.75; 23.50; 23.50; 23.50]
84617 - [25.00; 24.75; 25.75; 26.50; 26.75; 25.00; 25.00; 24.50; 25.25; 24.75; 26.25; 35.00; 34.25; 26.00; 24.50; 24.50; 24.75; 25.25; 27.00; 40.75; 39.50; 26.50; 25.00; 24.00; 24.50; 24.25; 27.25; 41.50; 39.50; 25.75; 24.50; 24.00; 24.00; 25.00; 27.25; 41.75; 38.75; 25.75; 24.00; 23.75; 24.25; 24.25; 26.25; 41.50; 36.75; 24.75; 23.75; 23.75; 23.75; 23.75; 25.75; 40.50; 34.75; 24.50; 23.50; 23.00; 23.50; 24.25; 24.75; 31.00; 27.50; 24.00; 23.50; 23.75]
85102 - [25.25; 24.25; 25.25; 27.00; 27.00; 25.25; 25.75; 25.00; 25.00; 24.75; 26.25; 35.25; 33.75; 25.75; 24.50; 25.00; 24.75; 25.00; 26.75; 40.75; 39.75; 26.50; 25.00; 24.25; 24.25; 24.25; 27.00; 41.75; 39.75; 25.75; 24.25; 23.75; 24.50; 24.75; 27.00; 41.75; 38.75; 25.75; 24.25; 23.25; 23.75; 24.50; 26.75; 41.25; 36.50; 25.00; 23.75; 23.50; 24.00; 23.75; 25.75; 40.50; 34.75; 24.50; 23.25; 22.75; 23.00; 24.75; 24.50; 31.00; 27.50; 23.75; 23.75; 23.25]
85587 - [25.00; 24.50; 25.00; 27.00; 26.50; 25.25; 25.25; 24.25; 24.75; 25.00; 26.00; 34.75; 34.00; 26.25; 24.75; 24.75; 24.50; 25.25; 26.75; 41.00; 39.50; 26.50; 24.75; 24.50; 24.50; 24.75; 27.00; 41.75; 39.50; 26.00; 24.25; 24.00; 24.25; 24.50; 27.25; 41.75; 38.25; 25.50; 24.50; 23.25; 24.50; 24.25; 26.50; 41.25; 36.75; 24.50; 24.00; 23.25; 24.00; 24.00; 25.75; 40.50; 34.50; 24.25; 23.25; 22.75; 24.25; 24.00; 24.75; 30.75; 28.00; 23.75; 23.50; 23.25]
86072 - [25.25; 24.25; 25.25; 27.00; 26.75; 25.25; 25.00; 24.50; 25.25; 25.00; 26.00; 35.25; 34.00; 25.75; 25.00; 24.75; 25.00; 24.75; 27.00; 41.00; 39.50; 26.50; 24.75; 24.25; 24.25; 24.25; 26.75; 41.50; 39.75; 26.00; 24.00; 24.00; 25.00; 25.00; 27.25; 41.75; 38.75; 25.75; 24.25; 23.75; 24.25; 24.25; 26.50; 41.50; 36.75; 24.50; 23.75; 23.75; 24.00; 24.00; 25.50; 40.75; 34.50; 24.50; 23.75; 22.75; 23.50; 23.75; 24.50; 31.25; 27.50; 23.50; 23.00; 23.00]
86557 - [25.25; 24.50; 25.00; 26.75; 26.75; 25.00; 25.00; 25.00; 24.50; 25.00; 26.00; 35.00; 34.00; 25.75; 25.00; 25.00; 24.75; 25.00; 27.00; 41.00; 39.25; 26.50; 24.75; 24.00; 24.25; 24.50; 27.25; 41.50; 39.75; 25.75; 24.25; 24.00; 24.50; 24.75; 27.25; 42.00; 38.75; 25.50; 24.50; 23.75; 24.00; 24.25; 26.75; 41.50; 36.75; 25.00; 23.75; 23.50; 24.00; 23.75; 25.50; 40.75; 34.25; 25.00; 23.25; 23.00; 23.50; 23.50; 24.50; 30.75; 27.50; 23.75; 23.75; 22.75]
87042 - [25.25; 24.50; 25.00; 27.00; 27.25; 25.25; 25.25; 24.50; 24.75; 24.75; 25.50; 34.75; 33.50; 26.00; 24.50; 25.00; 24.75; 25.00; 27.00; 40.50; 39.50; 26.25; 24.75; 24.00; 24.75; 24.50; 27.00; 41.75; 39.50; 25.75; 24.00; 23.50; 24.00; 24.50; 27.50; 41.75; 38.25; 25.75; 24.25; 23.25; 23.50; 24.25; 26.75; 41.25; 36.50; 24.75; 23.50; 24.00; 23.25; 24.00; 25.75; 40.50; 34.50; 24.25; 23.75; 22.75; 23.50; 23.00; 24.50; 31.00; 27.00; 23.75; 23.75; 23.25]
87527 - [25.00; 24.25; 25.25; 27.00; 26.25; 25.25; 25.00; 25.00; 25.00; 24.75; 26.00; 34.75; 33.25; 25.75; 24.25; 24.50; 24.75; 25.00; 27.00; 40.50; 39.00; 26.25; 25.00; 24.00; 24.25; 24.75; 27.00; 41.50; 39.50; 26.25; 24.50; 24.25; 24.25; 24.50; 27.25; 41.75; 38.50; 25.50; 24.50; 23.25; 24.00; 24.50; 26.75; 41.00; 36.50; 24.50; 23.75; 23.75; 23.50; 23.50; 25.50; 40.50; 34.50; 24.50; 23.50; 22.75; 23.25; 23.50; 24.75; 30.50; 27.25; 23.50; 23.25; 23.25]
88012 - [25.00; 24.25; 24.75; 27.00; 26.50; 25.00; 24.75; 24.25; 25.00; 24.50; 25.75; 34.75; 33.75; 25.50; 24.50; 24.75; 24.75; 25.50; 26.75; 40.75; 39.00; 26.25; 24.50; 24.50; 24.25; 24.50; 26.75; 41.50; 39.25; 25.75; 24.25; 23.50; 24.25; 25.00; 27.25; 41.75; 38.25; 25.75; 24.50; 23.00; 23.75; 24.25; 26.25; 41.00; 36.50; 24.75; 23.50; 23.75; 23.75; 23.75; 25.75; 40.50; 34.50; 24.25; 23.25; 22.75; 23.50; 23.75; 25.00; 30.50; 27.00; 23.25; 23.50; 23.00]
88497 - [24.75; 24.50; 25.00; 26.75; 26.25; 24.75; 25.00; 25.00; 24.75; 24.50; 25.75; 35.00; 33.50; 25.50; 25.00; 24.50; 24.75; 25.00; 26.50; 40.75; 39.25; 26.25; 24.50; 24.00; 24.25; 24.50; 26.50; 41.75; 39.25; 25.75; 23.75; 23.75; 24.75; 24.25; 27.25; 41.75; 38.75; 25.25; 24.00; 23.25; 23.50; 24.00; 26.50; 41.00; 36.50; 24.75; 23.50; 23.50; 23.75; 23.75; 25.75; 40.75; 34.50; 24.75; 23.25; 22.50; 23.75; 24.25; 24.75; 30.75; 26.75; 23.50; 23.50; 22.75]
88982 - [24.75; 24.25; 24.75; 27.00; 26.50; 25.50; 24.75; 24.50; 24.75; 24.75; 26.00; 35.00; 33.75; 25.75; 24.50; 24.75; 24.75; 24.75; 26.75; 41.00; 39.25; 26.75; 24.50; 24.50; 24.25; 24.50; 27.00; 41.50; 39.75; 26.00; 24.00; 23.75; 24.25; 24.50; 27.00; 42.00; 38.50; 25.50; 24.00; 23.25; 24.00; 24.25; 26.75; 41.25; 36.50; 24.75; 23.75; 23.50; 23.75; 23.50; 25.75; 40.50; 34.50; 24.25; 23.75; 22.50; 23.75; 24.00; 24.25; 31.00; 27.50; 23.25; 23.00; 23.50]
89467 - [25.00; 24.75; 25.25; 26.75; 26.75; 25.75; 25.25; 25.25; 25.00; 24.50; 26.25; 34.75; 33.75; 25.75; 24.75; 24.75; 24.75; 25.00; 26.75; 41.00; 39.25; 26.25; 24.50; 24.25; 24.25; 24.00; 27.25; 41.75; 39.50; 25.75; 24.25; 23.50; 24.25; 25.00; 27.00; 41.50; 38.75; 25.50; 24.50; 23.75; 24.25; 24.50; 26.75; 41.50; 36.75; 25.00; 23.75; 23.50; 24.00; 23.75; 26.00; 40.75; 35.00; 24.50; 23.50; 23.00; 23.75; 23.50; 24.75; 30.50; 27.25; 23.50; 23.50; 23.50]
89952 - [24.75; 24.25; 25.00; 27.00; 26.50; 25.25; 25.25; 24.25; 25.25; 24.75; 26.00; 35.25; 33.75; 26.25; 25.00; 25.50; 24.50; 24.75; 26.75; 40.75; 39.50; 26.25; 25.00; 25.00; 24.25; 24.25; 27.25; 41.25; 39.50; 26.00; 24.50; 24.25; 24.00; 25.25; 27.50; 41.50; 38.50; 26.25; 24.50; 23.50; 24.50; 24.25; 26.75; 41.50; 37.00; 25.50; 24.25; 23.50; 24.00; 24.00; 25.75; 40.50; 34.75; 24.75; 23.50; 22.75; 23.25; 24.25; 24.50; 31.00; 27.75; 23.50; 23.50; 23.25]
90437 - [25.25; 24.75; 25.50; 26.75; 26.75; 24.75; 25.50; 24.75; 24.75; 24.50; 25.75; 35.00; 34.00; 26.25; 24.50; 25.00; 24.75; 24.75; 27.25; 41.00; 39.25; 26.25; 25.25; 24.00; 24.25; 24.00; 27.00; 41.25; 39.00; 25.75; 24.00; 23.75; 24.00; 24.75; 27.00; 41.75; 38.00; 25.25; 24.25; 23.00; 23.75; 24.50; 26.50; 41.00; 36.75; 25.25; 23.50; 23.50; 23.75; 23.75; 26.00; 40.75; 34.25; 24.25; 23.25; 23.00; 23.00; 23.50; 24.75; 30.75; 27.25; 23.50; 23.25; 22.75]
90922 - [24.75; 24.50; 25.00; 26.75; 26.75; 25.00; 25.25; 24.75; 25.25; 24.50; 26.00; 35.00; 33.75; 25.50; 24.50; 24.75; 24.75; 24.75; 26.75; 40.50; 39.50; 26.50; 25.00; 24.00; 24.25; 24.50; 27.25; 41.50; 39.75; 25.75; 24.25; 23.50; 24.75; 24.25; 27.25; 42.00; 38.25; 25.25; 24.50; 23.25; 23.75; 24.50; 26.50; 41.00; 36.75; 25.00; 23.75; 23.00; 23.75; 24.00; 26.00; 40.25; 35.00; 24.25; 22.75; 22.50; 23.50; 23.50; 24.25; 31.00; 27.00; 23.50; 23.25; 23.00]
91407 - [25.25; 24.50; 25.25; 27.00; 27.00; 25.50; 25.00; 24.25; 24.75; 24.50; 26.00; 34.75; 34.00; 25.75; 24.75; 24.25; 24.50; 25.00; 27.00; 40.75; 39.25; 26.50; 24.75; 24.25; 24.25; 24.25; 27.00; 42.00; 39.25; 25.75; 24.50; 23.75; 24.00; 24.75; 27.25; 42.00; 38.25; 25.50; 24.00; 24.00; 23.75; 24.25; 26.75; 41.25; 36.50; 25.00; 23.75; 23.50; 23.75; 23.75; 25.50; 40.50; 34.75; 24.00; 23.25; 22.50; 23.75; 23.75; 24.50; 30.75; 27.50; 23.50; 23.75; 22.75]
91892 - [24.75; 24.75; 25.50; 27.25; 27.00; 25.50; 25.50; 25.25; 24.75; 24.50; 26.00; 35.25; 33.75; 26.00; 24.75; 24.75; 24.75; 25.50; 27.00; 41.00; 39.50; 26.50; 25.25; 24.25; 24.25; 24.75; 27.25; 41.50; 39.50; 26.25; 24.50; 24.25; 24.50; 25.00; 27.50; 41.75; 38.50; 25.75; 24.75; 23.75; 24.00; 24.25; 26.75; 41.50; 37.00; 25.25; 23.75; 24.00; 23.75; 24.25; 26.00; 40.50; 35.00; 24.75; 23.75; 22.75; 23.75; 24.00; 24.75; 31.00; 27.75; 23.75; 23.75; 23.25]
92377 - [25.50; 24.25; 25.50; 27.00; 26.75; 25.00; 25.25; 25.00; 25.25; 24.75; 26.00; 35.50; 34.00; 26.25; 25.00; 24.75; 24.75; 24.75; 27.25; 41.25; 39.75; 27.00; 25.00; 24.50; 24.50; 24.75; 27.00; 41.75; 40.00; 26.25; 24.00; 24.00; 24.50; 24.75; 27.75; 41.75; 38.50; 26.00; 24.50; 23.50; 23.75; 24.75; 26.75; 41.50; 37.25; 25.25; 24.00; 24.25; 24.25; 24.00; 26.25; 40.50; 35.00; 24.50; 23.50; 22.50; 23.75; 24.00; 24.75; 30.50; 27.75; 23.50; 23.50; 23.25]
92862 - [25.00; 24.75; 25.25; 27.00; 26.50; 25.50; 25.25; 24.75; 25.50; 25.25; 27.00; 35.25; 34.00; 26.25; 25.25; 25.00; 25.00; 25.50; 27.25; 41.25; 39.75; 26.25; 25.25; 24.25; 25.00; 25.25; 27.50; 41.50; 40.00; 26.25; 25.00; 24.25; 24.50; 25.25; 27.75; 42.00; 38.75; 26.00; 24.50; 23.75; 24.00; 24.75; 26.50; 41.75; 36.75; 25.50; 23.75; 23.75; 24.25; 24.25; 26.00; 40.50; 34.75; 24.75; 23.75; 23.25; 23.75; 23.75; 24.25; 30.75; 27.50; 24.00; 23.50; 23.75]
93347 - [25.50; 25.00; 25.50; 27.25; 26.75; 25.25; 25.25; 25.25; 25.00; 24.75; 26.50; 35.00; 33.75; 26.25; 25.25; 25.00; 24.75; 25.25; 27.25; 41.00; 39.75; 26.50; 25.00; 24.75; 24.50; 24.75; 27.50; 42.00; 39.75; 26.00; 25.00; 24.00; 25.00; 25.00; 27.50; 42.25; 38.75; 26.00; 24.50; 23.75; 24.00; 24.75; 27.00; 41.75; 37.00; 25.25; 23.75; 23.75; 23.75; 24.25; 26.00; 40.75; 34.75; 24.75; 23.50; 23.25; 23.75; 24.25; 25.00; 31.25; 27.50; 23.50; 24.00; 23.50]
93832 - [25.00; 24.75; 26.00; 27.25; 27.25; 25.50; 25.25; 24.75; 25.00; 25.00; 26.25; 35.25; 34.00; 26.00; 24.50; 25.25; 25.00; 24.75; 27.50; 41.00; 39.75; 26.25; 24.75; 24.75; 24.75; 25.25; 27.50; 41.75; 39.75; 26.25; 25.00; 23.75; 24.50; 25.00; 27.25; 41.75; 38.75; 25.50; 24.25; 23.50; 24.00; 24.25; 27.00; 41.75; 36.50; 25.25; 24.00; 23.75; 24.00; 24.50; 25.75; 41.00; 34.75; 24.75; 23.75; 23.25; 23.50; 23.75; 25.25; 31.50; 28.00; 24.00; 23.25; 23.50]
94317 - [25.25; 24.75; 25.75; 27.25; 27.00; 25.50; 25.75; 25.25; 25.00; 25.00; 26.25; 35.25; 34.00; 26.25; 25.00; 25.00; 25.00; 25.25; 27.50; 41.25; 39.50; 27.00; 25.25; 24.75; 24.50; 25.25; 27.50; 42.25; 39.50; 26.25; 25.00; 24.50; 24.75; 25.00; 28.00; 42.25; 38.75; 26.25; 25.00; 23.50; 24.00; 24.25; 27.00; 41.75; 36.75; 25.25; 24.25; 23.50; 23.75; 24.00; 26.25; 41.00; 35.00; 24.50; 23.75; 23.00; 23.75; 24.50; 24.75; 31.50; 28.00; 24.25; 24.25; 23.25]
94802 - [25.00; 25.00; 26.00; 27.00; 27.00; 25.25; 25.75; 24.75; 24.75; 25.00; 26.50; 35.50; 34.25; 26.25; 25.25; 25.00; 24.75; 25.00; 26.75; 40.75; 39.50; 26.50; 25.25; 24.00; 24.75; 24.75; 27.25; 42.00; 39.75; 26.00; 24.75; 24.50; 24.25; 25.00; 27.75; 42.00; 38.50; 26.25; 24.50; 24.00; 24.25; 24.75; 26.75; 41.50; 37.50; 25.25; 24.25; 23.50; 23.50; 23.75; 26.25; 40.25; 35.25; 24.75; 23.25; 23.00; 23.75; 23.75; 25.00; 31.00; 27.50; 23.50; 23.50; 23.25]
95287 - [25.25; 25.25; 25.00; 27.25; 27.25; 25.75; 25.25; 25.25; 24.75; 24.75; 26.50; 35.50; 34.25; 26.50; 25.25; 25.25; 24.75; 25.00; 27.00; 41.00; 40.00; 26.25; 25.25; 24.50; 24.25; 25.00; 27.50; 42.00; 39.75; 26.25; 24.50; 24.00; 24.25; 25.25; 27.50; 42.00; 38.50; 25.75; 25.00; 23.75; 24.25; 25.00; 27.00; 41.25; 36.75; 25.00; 24.25; 23.75; 23.75; 24.00; 26.00; 40.50; 34.75; 24.50; 23.50; 22.50; 23.75; 23.75; 24.75; 30.75; 27.50; 23.75; 23.75; 23.25]
95772 - [25.25; 24.75; 25.50; 27.25; 26.75; 25.50; 25.50; 24.75; 25.75; 25.00; 26.25; 35.25; 34.50; 26.50; 25.25; 25.00; 24.75; 25.25; 27.25; 40.50; 39.75; 26.50; 25.00; 24.25; 24.75; 24.75; 27.25; 42.00; 40.00; 26.25; 24.75; 23.75; 24.25; 25.25; 27.25; 42.00; 38.75; 25.50; 25.00; 23.75; 24.25; 24.50; 27.00; 41.75; 36.75; 25.25; 24.25; 24.00; 23.75; 24.00; 25.75; 40.75; 34.50; 24.50; 23.75; 22.75; 23.50; 23.75; 25.25; 30.50; 27.25; 23.25; 23.50; 23.50]
96257 - [25.25; 25.25; 25.25; 27.25; 27.00; 25.50; 25.00; 25.50; 25.50; 25.00; 26.50; 35.25; 34.25; 26.25; 25.00; 25.00; 25.25; 25.25; 27.50; 41.00; 39.75; 26.75; 25.50; 24.75; 24.50; 25.00; 27.75; 42.00; 39.50; 26.25; 25.00; 23.75; 24.50; 25.00; 27.50; 41.75; 38.75; 25.75; 25.00; 23.50; 24.50; 24.75; 26.75; 41.50; 37.00; 24.75; 24.25; 24.25; 24.50; 23.75; 25.50; 40.50; 35.00; 24.75; 23.75; 23.00; 23.75; 24.25; 24.75; 31.00; 27.25; 23.75; 23.25; 23.50]
96742 - [25.25; 24.50; 25.75; 27.00; 26.75; 25.25; 25.00; 25.00; 25.00; 24.75; 26.00; 35.00; 34.00; 26.00; 25.50; 25.00; 24.75; 24.75; 27.00; 41.00; 39.75; 26.75; 25.25; 24.50; 24.50; 25.00; 27.25; 42.00; 39.75; 25.75; 24.75; 24.25; 24.50; 24.75; 27.50; 41.75; 38.75; 25.75; 24.50; 23.50; 24.50; 24.75; 26.75; 41.75; 36.75; 25.00; 24.25; 24.00; 24.00; 23.75; 26.00; 40.50; 34.75; 24.75; 23.50; 22.50; 23.75; 24.00; 24.75; 30.50; 27.00; 23.75; 23.75; 23.50]
97227 - [25.50; 24.50; 25.75; 26.75; 26.75; 25.50; 25.25; 24.75; 25.25; 25.00; 26.50; 35.00; 34.00; 26.25; 25.25; 24.75; 24.75; 25.25; 27.25; 41.00; 39.50; 26.25; 25.25; 24.25; 24.50; 24.50; 27.50; 41.75; 40.00; 26.00; 24.50; 24.00; 24.50; 24.75; 27.50; 41.75; 38.75; 25.75; 24.50; 23.50; 24.50; 24.50; 27.25; 41.25; 37.00; 25.00; 24.00; 23.75; 23.75; 23.75; 26.00; 40.75; 34.75; 24.75; 23.25; 23.25; 23.75; 24.00; 25.25; 30.75; 27.50; 23.50; 24.00; 23.00]
97712 - [25.25; 25.00; 25.25; 27.25; 26.50; 24.75; 25.50; 25.00; 25.00; 24.75; 26.25; 35.25; 34.25; 25.75; 24.75; 24.50; 24.75; 25.25; 26.75; 40.75; 39.25; 26.50; 25.25; 24.50; 24.50; 24.50; 27.25; 41.75; 39.50; 26.25; 24.25; 24.00; 24.75; 25.00; 27.50; 41.75; 39.00; 25.50; 24.50; 23.50; 24.50; 24.25; 26.75; 41.50; 36.50; 25.00; 24.25; 23.75; 23.50; 23.50; 25.75; 40.00; 35.00; 24.25; 23.50; 22.50; 23.00; 23.75; 25.25; 30.00; 27.50; 23.25; 23.75; 23.25]
98197 - [25.50; 24.50; 25.25; 26.75; 26.75; 25.50; 25.00; 24.75; 25.00; 25.00; 26.25; 35.25; 34.00; 25.75; 25.25; 24.75; 24.50; 25.00; 26.75; 40.75; 39.25; 26.50; 24.50; 24.75; 24.50; 24.75; 27.50; 41.50; 39.50; 26.00; 24.50; 23.50; 24.50; 24.50; 27.50; 41.75; 38.50; 25.75; 24.00; 23.75; 24.00; 24.00; 26.75; 41.50; 36.75; 25.00; 24.00; 24.00; 24.00; 24.00; 25.50; 40.25; 34.50; 24.00; 23.25; 22.25; 23.75; 23.75; 24.50; 30.00; 27.25; 23.75; 24.00; 23.00]
98682 - [24.75; 25.00; 25.25; 27.00; 27.00; 25.25; 25.25; 24.75; 24.75; 25.00; 26.25; 35.25; 33.75; 26.00; 25.00; 25.00; 24.75; 25.00; 27.00; 40.75; 39.50; 26.25; 25.00; 24.00; 23.75; 24.50; 27.25; 42.00; 39.50; 25.75; 24.25; 24.00; 24.25; 24.75; 27.50; 41.75; 38.50; 25.50; 24.50; 23.50; 24.00; 24.00; 26.50; 41.25; 36.75; 24.50; 23.50; 23.25; 23.75; 24.00; 25.50; 40.50; 34.75; 24.50; 23.50; 23.00; 23.75; 23.75; 24.50; 30.25; 27.50; 24.00; 23.25; 22.50]
99167 - [25.00; 24.75; 25.50; 27.00; 27.00; 25.25; 25.25; 24.75; 25.00; 25.00; 26.50; 35.25; 34.00; 26.25; 25.00; 25.25; 25.00; 25.00; 27.25; 41.25; 39.50; 26.50; 25.00; 24.50; 24.25; 24.75; 27.25; 41.25; 39.50; 26.00; 24.75; 23.75; 25.00; 24.75; 27.50; 42.00; 39.00; 25.75; 24.25; 23.75; 24.25; 24.50; 26.50; 41.75; 37.00; 25.25; 24.00; 23.50; 23.75; 24.25; 25.75; 40.50; 34.75; 24.50; 23.50; 22.50; 23.00; 23.75; 24.50; 30.50; 27.00; 23.50; 23.00; 23.25]
99652 - [25.00; 24.75; 25.75; 27.50; 27.00; 25.25; 25.75; 24.75; 25.50; 24.75; 26.00; 35.25; 34.25; 26.00; 25.00; 25.25; 24.75; 25.00; 27.00; 41.00; 39.50; 26.25; 25.00; 24.50; 25.00; 24.75; 27.75; 41.25; 39.50; 26.00; 24.75; 24.00; 24.50; 25.00; 27.25; 42.00; 38.50; 25.75; 24.50; 23.50; 24.25; 24.25; 26.75; 41.50; 37.00; 25.00; 23.75; 23.75; 24.00; 23.75; 26.00; 40.50; 35.00; 24.50; 23.50; 23.25; 23.50; 23.75; 25.00; 31.00; 27.50; 23.50; 23.00; 23.50]
100137 - [25.50; 25.00; 25.75; 27.00; 27.25; 25.50; 25.25; 25.00; 25.25; 25.00; 26.25; 35.00; 34.00; 26.25; 25.25; 25.00; 24.75; 25.00; 27.50; 40.75; 39.25; 26.50; 25.00; 24.75; 24.50; 25.00; 27.00; 42.00; 39.75; 26.00; 24.75; 24.00; 24.75; 25.25; 27.50; 42.00; 38.50; 25.75; 24.25; 23.50; 24.25; 24.50; 27.00; 41.50; 37.00; 25.50; 24.00; 24.00; 23.75; 24.00; 26.00; 40.25; 34.50; 25.00; 23.50; 24.00; 23.50; 23.50; 24.75; 31.25; 27.25; 23.50; 23.25; 23.25]
100622 - [25.00; 24.25; 25.00; 27.00; 26.75; 25.00; 25.50; 25.00; 25.00; 24.75; 26.25; 35.25; 34.00; 26.25; 25.25; 25.00; 24.75; 24.75; 27.25; 41.00; 39.50; 26.75; 25.25; 24.25; 24.50; 25.00; 27.25; 41.75; 39.50; 26.00; 24.75; 24.00; 24.50; 24.50; 27.50; 42.00; 38.50; 25.50; 24.25; 23.50; 24.00; 24.75; 26.75; 41.50; 37.00; 25.25; 24.00; 23.25; 24.25; 23.75; 25.50; 40.50; 34.50; 25.00; 23.75; 22.75; 23.75; 23.50; 24.75; 30.00; 27.25; 23.50; 23.50; 22.75]
101107 - [25.00; 24.75; 25.00; 27.00; 27.00; 25.75; 25.50; 24.50; 25.00; 25.00; 26.25; 35.25; 34.25; 26.00; 25.00; 24.75; 25.00; 25.25; 27.25; 41.25; 39.75; 27.00; 25.00; 24.75; 24.50; 25.00; 27.25; 41.50; 39.75; 26.00; 24.50; 24.25; 24.75; 25.00; 27.75; 41.75; 38.75; 25.75; 24.75; 24.00; 24.50; 24.50; 27.00; 41.25; 37.00; 25.00; 24.00; 24.00; 24.25; 24.00; 25.75; 40.50; 35.00; 24.75; 23.50; 23.00; 23.75; 23.50; 24.75; 31.25; 27.50; 24.00; 23.75; 23.50]
101592 - [24.75; 24.50; 25.75; 26.75; 27.00; 25.00; 25.25; 24.75; 25.25; 24.50; 26.00; 35.25; 34.00; 26.00; 24.50; 24.50; 25.25; 25.00; 27.00; 41.00; 39.50; 26.00; 24.50; 24.00; 24.75; 24.50; 27.00; 41.50; 39.75; 25.75; 24.25; 24.00; 24.50; 24.75; 27.50; 41.50; 38.50; 25.75; 24.50; 24.00; 24.00; 24.25; 26.50; 41.25; 36.25; 24.75; 23.75; 23.75; 23.75; 24.00; 25.75; 40.25; 34.75; 24.75; 23.25; 22.75; 24.25; 23.75; 24.75; 30.75; 27.50; 23.25; 23.25; 22.75]
102077 - [25.00; 24.50; 25.25; 26.75; 26.75; 25.00; 25.25; 24.75; 24.50; 24.75; 26.00; 35.25; 34.00; 26.25; 24.25; 25.00; 25.00; 24.75; 27.25; 40.50; 39.50; 26.00; 24.75; 24.50; 24.00; 24.50; 26.75; 41.50; 39.50; 26.25; 24.50; 24.00; 24.00; 24.75; 27.25; 42.00; 38.50; 25.50; 24.25; 23.75; 24.00; 24.50; 26.75; 41.25; 36.75; 24.50; 24.00; 23.75; 23.75; 24.00; 25.75; 40.25; 34.50; 24.75; 23.50; 22.75; 23.00; 23.50; 24.25; 30.25; 27.00; 23.50; 24.25; 23.25]
102562 - [25.00; 24.25; 25.00; 27.25; 26.50; 24.75; 24.75; 24.75; 25.00; 24.50; 26.00; 35.00; 33.75; 25.75; 24.75; 24.75; 24.75; 24.75; 26.75; 40.75; 39.25; 26.50; 25.00; 24.25; 24.25; 24.75; 26.75; 41.25; 39.50; 26.00; 24.25; 23.25; 24.25; 24.50; 27.25; 41.75; 38.50; 25.75; 24.00; 23.50; 24.00; 24.00; 26.75; 41.25; 36.75; 24.75; 23.75; 23.50; 23.75; 23.75; 26.25; 40.25; 34.50; 24.00; 24.00; 23.00; 23.50; 23.75; 24.75; 30.50; 27.25; 23.00; 23.25; 23.00]
103047 - [25.25; 24.25; 25.25; 26.75; 26.25; 25.25; 24.75; 24.75; 25.00; 24.75; 26.50; 35.00; 33.75; 26.00; 24.50; 25.00; 24.25; 25.00; 26.75; 40.75; 39.50; 26.50; 24.75; 24.25; 24.00; 24.50; 27.25; 41.75; 39.50; 26.00; 24.50; 23.75; 24.50; 24.50; 27.50; 41.75; 38.25; 25.50; 24.50; 23.25; 23.25; 24.75; 26.75; 41.25; 36.50; 25.00; 23.75; 24.00; 23.50; 24.00; 25.75; 40.50; 35.00; 24.50; 23.50; 22.50; 23.75; 24.25; 25.00; 30.75; 27.50; 24.25; 23.25; 23.00]
103532 - [24.75; 24.00; 25.25; 26.75; 26.75; 24.75; 25.00; 24.50; 25.00; 24.75; 25.75; 34.75; 34.00; 26.00; 24.50; 24.75; 24.75; 24.50; 27.00; 41.00; 39.50; 26.50; 24.50; 24.50; 24.00; 24.50; 27.25; 41.75; 39.50; 26.00; 24.00; 23.75; 24.50; 24.75; 27.00; 41.75; 38.75; 25.75; 24.25; 23.75; 24.00; 24.50; 27.00; 41.25; 37.00; 24.75; 24.00; 23.75; 23.75; 24.25; 26.25; 40.25; 34.75; 24.25; 23.75; 22.75; 24.00; 23.50; 25.00; 30.75; 27.25; 23.50; 23.50; 22.75]
104017 - [24.75; 24.50; 25.25; 26.75; 26.50; 25.25; 25.25; 25.00; 25.00; 24.50; 26.25; 35.25; 33.75; 26.00; 24.75; 25.00; 24.75; 24.75; 26.75; 40.75; 39.50; 26.25; 25.00; 24.25; 24.50; 24.75; 27.25; 41.75; 39.50; 26.00; 24.50; 24.50; 25.00; 25.00; 27.50; 41.75; 38.50; 25.75; 24.25; 23.50; 23.75; 24.50; 26.50; 41.00; 36.75; 25.25; 23.75; 23.75; 24.00; 23.50; 26.00; 40.50; 34.75; 24.75; 23.50; 23.00; 23.25; 24.00; 25.00; 31.00; 27.25; 23.50; 23.50; 23.25]
104502 - [25.00; 24.25; 25.25; 26.75; 26.75; 25.50; 25.50; 24.75; 25.00; 24.75; 26.00; 34.75; 33.75; 26.00; 24.50; 25.00; 24.75; 24.75; 27.00; 40.75; 39.50; 26.50; 25.00; 24.00; 24.50; 24.50; 27.25; 41.50; 39.50; 25.75; 24.25; 24.00; 24.25; 25.00; 27.25; 41.75; 38.25; 25.50; 24.25; 23.75; 23.75; 24.25; 26.50; 41.50; 36.50; 25.00; 23.25; 23.75; 24.00; 24.00; 25.75; 40.50; 35.00; 24.50; 24.00; 22.25; 23.75; 24.25; 24.25; 30.75; 27.25; 24.00; 23.50; 23.75]
104987 - [24.75; 24.50; 25.75; 26.75; 26.50; 25.25; 25.25; 24.75; 25.25; 24.75; 26.25; 35.25; 33.75; 25.75; 25.25; 25.00; 24.75; 25.00; 27.00; 40.75; 39.50; 26.50; 24.75; 24.25; 24.50; 24.50; 27.25; 41.25; 39.75; 26.00; 24.50; 24.00; 24.50; 24.75; 27.25; 41.50; 38.75; 25.75; 24.50; 23.50; 23.75; 24.25; 27.00; 41.25; 37.00; 25.00; 24.00; 23.50; 24.00; 24.00; 25.25; 40.50; 34.75; 24.50; 23.75; 23.25; 23.25; 24.25; 24.75; 30.25; 28.00; 23.75; 24.00; 23.00]
105472 - [25.25; 24.50; 25.25; 26.75; 26.75; 25.25; 25.00; 24.75; 24.50; 24.75; 26.25; 35.25; 34.25; 26.25; 25.00; 24.75; 24.50; 24.75; 27.00; 40.75; 39.50; 26.25; 25.00; 24.00; 24.75; 24.75; 27.00; 41.75; 39.50; 26.00; 24.25; 24.00; 24.50; 24.50; 27.25; 41.75; 38.50; 25.50; 24.25; 23.25; 24.00; 24.50; 26.75; 41.25; 36.75; 24.75; 23.75; 23.75; 23.75; 23.50; 25.50; 40.25; 35.00; 24.75; 24.00; 23.00; 23.75; 23.75; 24.50; 30.50; 27.25; 23.75; 23.75; 22.75]
105957 - [24.50; 24.50; 25.25; 26.75; 26.75; 24.75; 25.25; 25.25; 25.00; 24.75; 26.00; 35.50; 34.00; 25.50; 24.25; 25.25; 25.25; 24.75; 27.00; 40.50; 39.00; 26.50; 24.75; 24.25; 24.50; 24.50; 27.25; 41.50; 39.50; 26.00; 24.50; 23.75; 24.50; 24.50; 27.25; 41.75; 38.25; 25.75; 24.00; 23.50; 23.75; 24.25; 26.25; 41.50; 36.75; 25.00; 23.50; 23.75; 23.50; 23.75; 26.00; 40.25; 34.75; 24.75; 23.25; 22.75; 23.50; 23.50; 24.50; 30.50; 27.00; 23.75; 23.00; 23.00]
106442 - [25.25; 24.00; 25.25; 26.75; 26.50; 25.25; 25.25; 24.75; 24.75; 24.75; 26.50; 35.00; 34.00; 25.75; 25.00; 24.50; 24.75; 25.25; 27.00; 41.00; 39.25; 26.50; 24.75; 24.75; 24.50; 24.75; 27.00; 41.75; 39.25; 26.00; 24.25; 23.75; 24.25; 24.75; 27.00; 41.75; 38.25; 25.50; 24.00; 23.25; 24.00; 24.25; 26.75; 41.25; 36.50; 24.50; 24.00; 23.75; 23.50; 23.75; 26.00; 40.50; 35.25; 24.50; 23.75; 23.00; 23.75; 23.75; 24.50; 30.00; 27.50; 23.00; 23.50; 23.25]
106927 - [25.25; 24.50; 25.25; 27.00; 26.75; 25.50; 25.50; 25.25; 25.00; 24.50; 25.75; 35.25; 34.00; 26.00; 25.25; 25.25; 25.00; 25.25; 27.00; 40.75; 39.50; 26.50; 25.00; 24.50; 24.75; 24.50; 27.50; 41.75; 39.50; 26.25; 24.25; 24.50; 24.75; 25.25; 27.25; 42.00; 38.75; 26.00; 24.25; 24.25; 24.00; 24.25; 26.50; 41.25; 36.75; 25.00; 24.25; 24.00; 24.00; 24.25; 26.25; 40.50; 34.75; 24.50; 23.50; 23.00; 23.75; 24.00; 24.75; 31.00; 27.25; 23.75; 23.75; 23.50]
107412 - [25.00; 25.25; 25.25; 27.00; 27.00; 25.50; 25.50; 24.50; 25.25; 25.00; 26.25; 35.00; 33.75; 26.25; 24.75; 24.75; 25.00; 25.00; 27.00; 40.75; 39.75; 27.00; 25.25; 25.00; 24.75; 24.25; 27.00; 41.50; 39.50; 25.75; 24.75; 23.75; 24.75; 24.50; 27.50; 42.00; 38.75; 25.75; 24.50; 24.00; 24.25; 24.50; 26.75; 41.50; 36.75; 25.25; 23.75; 23.50; 23.75; 24.00; 26.00; 40.25; 35.00; 24.50; 24.00; 23.25; 23.75; 24.25; 24.75; 30.50; 27.75; 23.75; 23.25; 23.75]
107897 - [24.75; 24.50; 25.75; 27.00; 27.00; 25.25; 25.00; 25.00; 25.00; 25.00; 26.25; 34.75; 34.00; 25.75; 25.00; 25.00; 25.00; 24.75; 27.00; 40.75; 39.50; 26.25; 25.25; 24.25; 24.25; 24.25; 27.25; 41.50; 39.50; 26.00; 24.50; 23.75; 24.25; 24.75; 27.50; 41.75; 38.50; 25.75; 24.50; 23.75; 24.25; 24.25; 26.75; 41.50; 36.50; 25.00; 24.00; 23.75; 24.00; 24.25; 26.00; 40.50; 35.00; 25.00; 23.75; 23.00; 23.75; 23.75; 24.50; 30.50; 27.50; 24.00; 23.50; 23.00]
108382 - [25.50; 24.75; 25.25; 27.00; 26.75; 25.25; 25.25; 25.00; 25.25; 24.50; 26.25; 35.00; 34.25; 26.25; 24.75; 25.00; 25.50; 25.25; 27.25; 40.50; 39.25; 26.50; 25.25; 24.50; 24.75; 24.50; 27.00; 41.50; 39.50; 26.00; 24.50; 23.75; 25.00; 25.00; 27.25; 41.75; 38.75; 26.00; 24.75; 23.50; 24.00; 24.75; 26.25; 41.75; 37.00; 24.75; 24.00; 23.50; 24.00; 23.75; 26.00; 40.25; 35.25; 24.25; 24.25; 22.75; 24.00; 23.75; 25.00; 30.75; 27.75; 23.75; 23.50; 23.75]
108867 - [25.00; 24.25; 25.50; 27.00; 26.75; 25.25; 25.50; 24.50; 25.25; 24.50; 26.25; 35.00; 34.50; 26.25; 25.00; 25.00; 25.00; 25.00; 27.25; 41.25; 39.75; 26.75; 24.75; 24.25; 24.75; 24.75; 27.50; 41.75; 39.75; 26.00; 24.75; 24.50; 24.50; 25.00; 27.50; 41.75; 38.50; 25.50; 24.50; 23.75; 24.25; 24.75; 26.75; 41.50; 37.00; 25.00; 24.00; 24.00; 24.25; 24.25; 26.25; 40.25; 35.00; 25.00; 23.50; 23.25; 24.00; 23.75; 24.75; 30.75; 27.50; 23.75; 24.00; 23.25]
109352 - [25.00; 24.50; 25.50; 27.25; 26.75; 25.50; 25.25; 25.00; 25.25; 25.00; 26.00; 35.25; 34.25; 26.00; 25.00; 25.25; 25.00; 25.25; 27.00; 41.00; 39.50; 26.75; 25.00; 24.75; 24.75; 24.75; 27.50; 41.50; 39.50; 26.25; 24.50; 24.25; 24.50; 25.00; 27.25; 42.00; 38.75; 25.75; 24.50; 23.50; 24.50; 24.50; 26.75; 41.25; 36.75; 25.50; 23.75; 23.75; 24.25; 23.75; 26.25; 40.25; 35.25; 24.50; 24.00; 23.00; 24.75; 24.50; 24.75; 30.75; 27.25; 23.75; 23.50; 24.00]
109837 - [25.50; 24.75; 25.50; 26.75; 27.00; 25.75; 25.50; 25.00; 25.00; 25.00; 26.50; 35.25; 34.25; 26.00; 25.00; 24.75; 25.25; 25.00; 27.00; 41.00; 39.50; 26.75; 25.25; 24.50; 24.50; 25.00; 27.50; 41.75; 40.00; 26.25; 24.75; 24.25; 25.00; 25.25; 27.50; 41.75; 38.50; 25.75; 24.50; 24.25; 24.50; 24.75; 27.00; 41.75; 36.75; 25.00; 24.25; 24.00; 24.00; 24.50; 26.00; 40.75; 35.25; 24.50; 23.75; 23.00; 23.50; 24.25; 25.00; 31.00; 28.25; 23.75; 23.75; 23.25]
110322 - [25.00; 24.75; 25.50; 27.25; 27.25; 25.75; 25.00; 25.00; 25.00; 25.25; 26.50; 35.25; 34.25; 26.25; 25.00; 25.25; 25.00; 25.00; 27.25; 41.25; 39.50; 26.50; 25.25; 24.75; 24.75; 24.75; 27.25; 41.50; 39.75; 26.25; 24.50; 24.25; 24.75; 25.00; 27.50; 41.50; 38.75; 25.75; 25.00; 23.75; 24.00; 24.50; 26.75; 41.00; 36.75; 25.25; 24.00; 24.00; 24.25; 23.75; 26.25; 40.75; 35.00; 24.50; 23.50; 23.00; 23.75; 24.00; 24.50; 30.75; 28.00; 24.00; 23.25; 23.75]
110807 - [25.00; 24.50; 25.75; 27.25; 27.00; 25.50; 24.75; 25.00; 25.50; 25.00; 26.75; 35.50; 34.25; 26.50; 25.00; 25.25; 25.00; 25.25; 27.25; 40.50; 39.50; 26.50; 25.00; 25.00; 24.75; 25.00; 27.75; 41.25; 39.75; 26.25; 24.50; 23.75; 24.50; 24.75; 27.50; 42.00; 38.75; 26.25; 24.50; 24.00; 24.25; 24.50; 26.75; 41.50; 37.00; 24.50; 24.25; 23.75; 23.75; 24.50; 26.00; 40.50; 35.00; 24.25; 23.50; 23.25; 23.75; 23.75; 25.00; 30.75; 27.25; 24.00; 23.50; 23.50]
111292 - [25.25; 24.50; 25.75; 26.75; 27.25; 25.75; 25.75; 25.50; 25.25; 24.75; 26.50; 35.25; 34.25; 25.75; 25.50; 25.00; 24.75; 25.00; 27.00; 40.50; 39.50; 26.75; 25.00; 24.50; 24.25; 24.75; 27.25; 41.25; 39.50; 26.25; 24.50; 24.25; 24.50; 24.75; 27.25; 41.75; 38.50; 25.75; 24.50; 23.75; 24.50; 24.75; 26.75; 41.25; 37.00; 25.50; 24.25; 23.75; 23.75; 24.25; 26.25; 40.50; 34.75; 24.00; 24.25; 23.25; 24.25; 24.00; 25.00; 30.75; 27.25; 23.75; 23.50; 23.00]
111777 - [26.00; 24.50; 26.00; 27.25; 27.25; 25.75; 25.25; 25.75; 25.50; 25.50; 26.00; 35.25; 34.00; 26.50; 25.25; 24.75; 25.25; 25.00; 27.00; 41.00; 39.75; 26.50; 25.25; 24.25; 24.75; 24.75; 27.50; 42.00; 39.75; 26.25; 24.50; 23.75; 24.75; 25.00; 27.00; 41.50; 38.50; 25.75; 24.50; 24.00; 24.00; 24.75; 26.50; 41.25; 37.00; 25.00; 24.25; 24.00; 24.00; 24.00; 26.00; 40.75; 34.75; 25.00; 23.75; 23.25; 23.50; 24.25; 25.25; 31.00; 27.25; 24.00; 23.50; 23.00]
112262 - [25.25; 25.00; 25.50; 27.25; 26.75; 25.50; 25.25; 25.00; 25.00; 25.25; 26.50; 35.50; 34.25; 26.50; 24.75; 24.75; 25.00; 25.50; 27.50; 41.00; 39.75; 26.75; 25.75; 24.50; 24.50; 25.00; 27.25; 41.75; 39.75; 26.25; 24.50; 24.25; 24.50; 24.75; 27.75; 41.75; 39.00; 26.00; 25.00; 23.50; 24.50; 24.50; 26.75; 41.50; 37.00; 25.50; 24.00; 23.75; 24.50; 24.25; 26.25; 40.50; 35.00; 25.00; 24.00; 22.75; 24.25; 24.25; 24.75; 30.75; 27.50; 24.00; 24.00; 23.50]
112747 - [25.25; 24.50; 25.50; 26.75; 26.75; 25.50; 25.00; 24.25; 25.25; 24.75; 26.25; 35.25; 34.25; 26.25; 25.00; 25.00; 24.75; 25.25; 27.25; 40.50; 39.50; 26.50; 25.00; 24.25; 24.75; 24.75; 27.25; 41.50; 39.75; 26.00; 24.75; 24.00; 24.25; 25.00; 27.75; 42.00; 38.50; 26.25; 24.25; 24.00; 24.25; 24.50; 27.00; 41.25; 37.00; 25.25; 23.75; 23.75; 24.25; 24.00; 26.00; 40.50; 35.00; 24.75; 23.75; 23.00; 23.50; 23.50; 25.00; 30.50; 27.50; 23.50; 23.50; 23.25]
113232 - [25.00; 24.75; 25.00; 27.00; 26.75; 25.25; 25.50; 25.00; 25.00; 24.50; 26.00; 35.50; 34.25; 26.50; 25.00; 25.00; 25.50; 25.00; 27.25; 41.00; 39.50; 26.75; 25.25; 25.00; 24.50; 25.00; 27.25; 41.50; 39.75; 26.25; 24.75; 24.25; 24.50; 25.00; 27.50; 41.50; 38.75; 25.50; 24.75; 23.25; 24.75; 24.75; 26.75; 41.25; 36.75; 25.25; 24.00; 23.25; 23.50; 24.25; 26.00; 40.75; 35.00; 24.25; 23.75; 22.50; 23.75; 24.25; 25.00; 30.25; 27.00; 23.75; 23.50; 23.00]
113717 - [25.00; 24.50; 25.50; 26.75; 27.00; 25.75; 25.00; 24.75; 25.00; 24.75; 26.50; 35.00; 34.00; 25.75; 25.00; 24.75; 24.75; 25.25; 26.75; 41.00; 39.50; 26.75; 25.25; 24.50; 24.75; 24.25; 26.75; 41.50; 40.00; 25.75; 24.25; 23.75; 24.75; 25.25; 27.50; 41.75; 38.50; 26.00; 24.50; 24.25; 24.25; 24.00; 26.50; 41.25; 36.75; 25.00; 23.75; 23.75; 23.50; 24.00; 26.25; 40.50; 34.75; 24.50; 24.00; 23.00; 23.50; 23.75; 24.50; 30.25; 27.50; 24.00; 23.50; 23.00]
114202 - [25.50; 24.50; 25.50; 27.00; 27.25; 26.00; 25.50; 25.25; 25.00; 25.00; 26.25; 35.25; 34.25; 26.25; 25.00; 24.75; 25.50; 25.75; 27.25; 41.00; 39.50; 26.50; 25.00; 24.75; 25.25; 25.00; 27.75; 41.50; 39.75; 26.50; 24.50; 24.00; 24.75; 25.25; 27.50; 41.75; 38.75; 26.00; 24.75; 24.25; 24.00; 24.75; 27.25; 41.25; 36.75; 25.25; 24.25; 24.25; 24.25; 24.50; 25.75; 40.75; 35.25; 25.50; 24.00; 23.25; 23.50; 24.00; 25.00; 31.00; 27.75; 24.00; 24.00; 23.50]
114687 - [24.50; 24.75; 25.50; 27.25; 27.00; 25.50; 25.50; 25.50; 25.25; 25.00; 26.50; 35.50; 34.50; 26.25; 25.25; 25.00; 25.25; 25.50; 27.25; 41.25; 40.00; 27.00; 25.00; 24.25; 24.75; 24.75; 27.50; 42.00; 40.00; 26.50; 24.75; 24.25; 24.75; 25.50; 27.50; 41.75; 38.75; 26.25; 24.75; 24.00; 24.50; 24.75; 27.00; 41.25; 37.25; 25.50; 24.25; 23.75; 24.75; 24.25; 26.00; 40.75; 35.25; 24.75; 24.25; 23.50; 24.25; 24.50; 25.00; 31.00; 27.75; 24.00; 23.75; 23.50]
115172 - [25.25; 24.75; 26.00; 27.00; 27.00; 25.25; 25.25; 25.50; 25.25; 24.75; 26.50; 35.25; 34.25; 26.25; 25.25; 25.50; 25.25; 25.25; 27.25; 41.25; 39.50; 26.75; 25.75; 24.75; 25.00; 25.00; 27.50; 42.00; 39.75; 26.75; 24.75; 24.50; 24.75; 25.25; 27.75; 41.75; 39.00; 26.25; 24.50; 24.00; 24.50; 25.00; 27.00; 41.50; 37.00; 25.25; 24.25; 24.25; 24.25; 24.25; 26.25; 41.00; 35.00; 25.25; 24.00; 23.25; 23.75; 24.25; 25.25; 31.00; 28.00; 23.75; 23.75; 23.25]
115657 - [25.50; 25.25; 25.50; 27.75; 27.50; 26.00; 25.50; 25.75; 25.75; 25.25; 26.25; 35.50; 34.75; 26.50; 25.25; 25.25; 25.50; 25.75; 27.50; 41.25; 40.00; 27.00; 25.25; 24.75; 24.75; 24.75; 27.50; 41.75; 40.00; 26.50; 25.25; 25.00; 24.75; 25.25; 27.75; 42.25; 39.25; 26.00; 25.00; 24.00; 24.75; 25.00; 27.25; 41.75; 37.25; 25.75; 24.50; 24.50; 24.25; 24.00; 26.25; 40.75; 35.00; 25.25; 24.00; 23.50; 24.25; 25.00; 25.25; 30.75; 28.25; 24.25; 24.25; 24.00]
116142 - [25.00; 25.00; 26.00; 27.50; 27.25; 25.50; 26.00; 25.25; 25.75; 25.50; 26.25; 35.75; 34.25; 26.75; 25.50; 25.25; 25.50; 25.25; 27.25; 41.25; 39.75; 26.50; 25.25; 24.75; 25.25; 25.00; 27.50; 41.75; 39.75; 26.50; 24.50; 24.25; 24.50; 25.25; 27.75; 42.00; 39.00; 25.75; 25.00; 23.75; 24.25; 24.75; 27.50; 41.25; 36.75; 25.25; 24.00; 24.50; 24.00; 24.50; 26.00; 40.75; 35.25; 24.75; 23.75; 22.75; 24.25; 23.50; 25.25; 31.00; 28.00; 23.75; 24.00; 23.50]
116627 - [25.00; 25.00; 25.75; 27.50; 27.00; 25.50; 25.50; 25.25; 25.50; 25.50; 26.75; 36.00; 34.75; 26.50; 25.25; 25.50; 25.50; 25.25; 27.50; 41.00; 40.00; 27.00; 25.50; 25.25; 25.25; 25.00; 27.50; 42.00; 39.75; 26.50; 25.00; 24.50; 25.00; 25.75; 27.75; 41.75; 39.00; 26.00; 24.50; 23.75; 24.50; 25.25; 26.75; 41.75; 37.00; 25.50; 24.50; 24.50; 25.00; 24.50; 26.50; 40.50; 35.25; 25.00; 24.00; 23.50; 23.75; 24.25; 25.25; 31.00; 28.00; 24.00; 24.00; 24.00]
117112 - [25.00; 24.75; 25.50; 27.00; 27.00; 25.75; 25.50; 25.50; 25.00; 25.00; 26.50; 35.25; 34.50; 26.25; 25.25; 25.25; 25.00; 25.25; 27.50; 40.75; 40.00; 27.00; 25.50; 24.75; 25.00; 25.00; 27.50; 42.00; 40.25; 26.50; 24.75; 24.00; 24.50; 25.25; 27.75; 42.50; 39.25; 26.25; 25.00; 23.75; 24.50; 25.00; 27.50; 41.50; 37.25; 25.25; 24.50; 24.00; 24.00; 24.25; 26.25; 40.50; 35.00; 24.75; 23.75; 23.00; 23.50; 24.50; 25.00; 30.75; 28.25; 24.25; 24.00; 23.25]
117597 - [25.25; 25.25; 25.75; 27.25; 26.75; 26.00; 25.75; 25.00; 25.50; 25.00; 26.75; 35.50; 34.50; 26.25; 25.25; 25.50; 25.25; 25.50; 27.75; 41.00; 39.75; 26.75; 25.25; 24.75; 25.00; 25.50; 27.25; 41.75; 40.00; 26.25; 25.00; 24.50; 25.25; 25.25; 27.75; 42.00; 39.00; 26.00; 25.00; 24.00; 24.50; 25.25; 26.75; 41.75; 37.25; 25.25; 23.75; 24.00; 24.00; 24.25; 26.25; 40.75; 35.25; 24.50; 24.00; 22.75; 24.75; 24.50; 25.00; 31.25; 27.75; 24.00; 24.00; 24.00]
118082 - [25.00; 25.00; 25.50; 27.00; 27.50; 25.75; 25.75; 25.25; 24.75; 25.25; 26.25; 35.25; 34.50; 25.75; 25.25; 25.00; 25.25; 25.25; 27.50; 40.75; 39.50; 27.00; 25.50; 25.00; 25.25; 25.00; 27.75; 41.50; 39.50; 26.50; 24.75; 24.25; 24.75; 25.25; 27.50; 41.75; 39.00; 26.00; 24.75; 24.00; 24.25; 24.50; 27.00; 41.50; 36.75; 25.25; 24.25; 24.00; 24.00; 24.00; 26.25; 40.50; 35.25; 24.50; 24.00; 23.00; 24.00; 24.25; 25.00; 31.00; 27.25; 23.75; 23.25; 23.75]
118567 - [25.50; 25.00; 25.75; 27.75; 27.00; 25.25; 26.00; 25.75; 25.25; 25.25; 27.25; 35.50; 34.25; 26.50; 25.25; 24.50; 25.25; 25.75; 27.25; 41.25; 39.75; 26.75; 25.25; 24.75; 24.75; 25.00; 27.50; 41.75; 39.75; 26.25; 25.00; 24.25; 24.75; 25.25; 28.00; 42.00; 38.75; 26.00; 25.00; 23.75; 24.25; 24.75; 27.00; 41.50; 37.00; 25.75; 24.25; 24.00; 24.00; 24.50; 26.00; 40.75; 35.00; 25.25; 24.25; 23.75; 24.75; 24.25; 25.50; 30.50; 27.75; 24.25; 24.00; 23.50]
119052 - [25.50; 25.00; 26.00; 27.25; 27.25; 25.50; 25.25; 25.25; 25.25; 24.75; 26.25; 35.75; 34.25; 26.50; 25.25; 24.75; 25.25; 25.50; 27.75; 41.00; 39.75; 27.00; 25.25; 24.75; 24.75; 25.00; 27.50; 42.00; 40.00; 26.50; 24.75; 24.25; 24.75; 25.25; 27.75; 42.00; 38.75; 26.25; 24.75; 23.75; 24.00; 24.75; 27.25; 41.75; 37.25; 25.50; 24.00; 24.50; 24.25; 24.25; 25.75; 40.50; 35.25; 25.00; 23.25; 23.00; 23.75; 24.25; 25.00; 30.75; 28.25; 24.00; 23.75; 23.25]
119537 - [25.25; 24.75; 25.25; 27.25; 26.75; 25.50; 25.50; 25.00; 25.25; 25.00; 26.25; 35.50; 34.50; 26.25; 25.00; 24.75; 25.00; 25.50; 27.50; 41.00; 39.75; 26.75; 25.25; 25.00; 25.00; 25.00; 27.50; 42.00; 39.75; 26.00; 25.00; 24.25; 25.00; 25.25; 28.00; 41.75; 39.00; 26.25; 24.50; 24.00; 24.00; 24.75; 27.25; 41.75; 37.00; 25.25; 24.00; 24.25; 24.00; 24.50; 26.00; 40.50; 35.00; 24.75; 24.25; 23.00; 24.25; 24.00; 24.50; 31.00; 27.50; 24.00; 23.75; 23.50]
120022 - [25.50; 24.75; 26.00; 27.25; 26.75; 25.75; 25.25; 25.25; 25.50; 25.00; 26.75; 35.50; 34.25; 26.50; 25.25; 25.00; 25.25; 25.00; 27.75; 41.25; 40.00; 26.75; 25.75; 25.00; 25.00; 25.00; 28.25; 42.00; 39.75; 26.25; 25.25; 24.50; 25.25; 25.00; 27.75; 42.00; 38.75; 26.00; 25.00; 24.00; 24.25; 25.00; 26.75; 41.50; 36.75; 25.50; 24.25; 24.25; 24.50; 24.25; 26.00; 40.75; 35.00; 24.75; 24.00; 23.00; 24.50; 24.25; 25.25; 30.75; 28.00; 24.25; 23.75; 23.75]
120507 - [24.75; 24.75; 25.75; 27.00; 26.75; 25.25; 25.50; 25.00; 25.00; 25.25; 26.50; 35.25; 34.25; 26.50; 25.25; 25.25; 25.00; 25.00; 27.25; 41.00; 39.50; 26.75; 25.00; 24.75; 25.00; 24.50; 27.50; 41.75; 39.75; 26.50; 24.50; 24.00; 24.75; 25.00; 27.50; 41.75; 38.50; 25.75; 24.50; 24.00; 24.25; 24.75; 27.25; 41.50; 36.75; 25.25; 24.00; 23.75; 23.75; 24.00; 26.00; 40.75; 35.00; 25.00; 24.00; 22.75; 23.75; 24.25; 25.00; 30.75; 27.50; 24.00; 23.25; 23.25]
120992 - [24.50; 24.50; 25.75; 27.25; 27.00; 25.25; 25.50; 24.50; 25.00; 25.00; 26.25; 35.00; 34.25; 26.25; 25.00; 24.75; 25.00; 25.25; 27.25; 41.00; 39.50; 26.50; 25.25; 24.50; 24.25; 24.75; 27.25; 41.50; 39.75; 26.25; 24.75; 24.25; 24.50; 25.25; 27.50; 41.75; 38.75; 26.00; 24.75; 24.25; 24.50; 24.50; 26.75; 41.50; 37.00; 25.50; 24.50; 24.00; 24.00; 23.50; 25.75; 40.25; 35.00; 24.50; 23.75; 23.00; 23.75; 23.75; 25.00; 30.25; 27.50; 24.25; 23.75; 23.00]
121477 - [25.50; 24.50; 25.75; 26.50; 27.50; 25.75; 25.50; 24.75; 25.00; 24.75; 26.50; 35.00; 34.25; 25.75; 24.75; 24.75; 25.00; 25.00; 27.00; 40.75; 39.75; 26.75; 25.25; 24.50; 25.00; 24.75; 27.25; 41.50; 40.00; 26.25; 24.75; 24.00; 25.00; 25.00; 27.25; 41.75; 38.50; 26.00; 24.75; 23.50; 23.75; 24.25; 26.75; 41.25; 37.25; 25.25; 24.25; 24.00; 23.75; 24.00; 26.00; 40.50; 34.50; 25.00; 23.75; 23.00; 23.75; 23.75; 25.00; 30.75; 27.50; 24.00; 23.75; 23.75]
121962 - [25.75; 24.75; 25.75; 27.25; 27.25; 25.75; 25.25; 25.25; 25.00; 25.25; 26.25; 35.75; 34.25; 26.00; 25.00; 25.00; 25.25; 25.50; 27.25; 41.25; 39.75; 27.00; 25.25; 24.50; 24.75; 24.50; 27.50; 41.75; 39.75; 25.75; 24.75; 24.50; 25.00; 25.25; 27.75; 41.75; 38.75; 26.00; 24.75; 24.00; 24.50; 24.75; 27.00; 41.75; 37.25; 25.50; 24.25; 23.75; 23.75; 24.25; 26.25; 40.25; 35.00; 24.75; 24.00; 23.00; 24.00; 24.25; 25.50; 30.50; 27.50; 24.25; 23.50; 23.25]
122447 - [25.25; 24.75; 25.75; 27.25; 27.25; 25.25; 25.25; 25.00; 25.00; 25.50; 26.75; 35.50; 34.00; 26.50; 25.25; 25.00; 25.25; 25.50; 27.50; 41.25; 39.50; 27.00; 25.25; 24.75; 25.00; 25.00; 27.50; 42.00; 39.50; 26.25; 24.75; 24.25; 25.25; 24.75; 27.50; 41.75; 39.00; 25.75; 24.75; 24.00; 24.50; 24.75; 27.00; 41.75; 37.25; 25.50; 24.00; 23.50; 24.00; 23.75; 26.25; 41.00; 35.00; 25.00; 24.00; 23.50; 23.75; 24.25; 24.75; 30.50; 27.75; 24.00; 24.00; 23.75]
122932 - [25.50; 24.50; 25.75; 27.50; 27.00; 25.75; 25.50; 25.50; 25.50; 25.50; 26.50; 35.50; 34.75; 26.50; 25.50; 25.50; 25.25; 25.25; 27.25; 41.00; 40.00; 26.75; 25.25; 24.75; 24.75; 24.50; 27.75; 41.75; 39.75; 26.50; 24.75; 24.50; 24.50; 25.25; 27.75; 42.25; 38.75; 25.75; 24.75; 24.50; 24.00; 24.75; 27.25; 41.50; 37.25; 25.25; 24.00; 24.25; 24.50; 23.75; 26.25; 40.75; 34.75; 24.75; 23.50; 23.25; 23.75; 24.00; 24.75; 30.75; 27.50; 24.00; 23.75; 23.25]
123417 - [25.75; 24.50; 25.25; 27.25; 27.25; 25.75; 25.50; 25.00; 25.50; 25.00; 26.50; 35.25; 34.25; 26.00; 25.00; 25.25; 25.00; 25.50; 27.00; 41.25; 40.00; 26.50; 25.50; 24.50; 24.75; 25.00; 27.25; 41.50; 39.75; 26.50; 24.75; 24.25; 24.75; 25.25; 27.50; 41.75; 38.50; 26.00; 25.00; 23.75; 24.50; 25.00; 27.00; 41.75; 37.00; 25.25; 24.25; 23.75; 24.25; 24.75; 26.50; 40.50; 35.00; 25.00; 23.75; 23.25; 24.75; 24.00; 24.50; 30.75; 28.00; 23.50; 23.75; 23.75]
123902 - [24.75; 24.75; 26.25; 27.25; 26.50; 25.25; 25.25; 25.25; 25.25; 25.00; 26.50; 35.25; 34.25; 26.00; 25.25; 25.50; 24.75; 25.50; 27.50; 40.75; 39.50; 27.25; 25.00; 25.00; 25.00; 25.25; 27.25; 41.50; 39.75; 26.25; 25.00; 24.25; 25.00; 25.50; 27.75; 42.25; 39.00; 25.75; 24.75; 23.75; 24.50; 24.50; 27.00; 41.50; 36.50; 25.25; 24.50; 24.00; 24.00; 24.50; 26.25; 40.75; 35.00; 24.50; 24.00; 23.25; 23.75; 24.50; 24.75; 31.25; 27.50; 23.75; 23.50; 23.25]
124387 - [25.50; 25.00; 25.50; 27.00; 27.00; 25.75; 25.50; 25.00; 25.00; 25.25; 26.50; 35.50; 34.25; 26.25; 25.25; 25.25; 25.00; 25.25; 27.50; 41.25; 39.75; 27.00; 25.00; 25.00; 24.75; 24.75; 27.75; 41.75; 39.75; 26.50; 24.75; 24.00; 25.00; 24.75; 28.00; 42.25; 38.75; 26.25; 24.25; 24.00; 24.25; 24.75; 26.75; 41.25; 36.75; 25.50; 24.00; 24.25; 24.25; 24.50; 26.00; 40.75; 35.25; 24.50; 24.00; 22.75; 24.00; 24.25; 25.25; 31.25; 27.50; 24.50; 23.50; 23.50]
124872 - [25.25; 25.00; 25.50; 27.25; 27.00; 25.50; 25.00; 25.00; 25.25; 25.25; 26.50; 35.00; 34.00; 26.00; 25.00; 24.75; 24.75; 25.25; 27.50; 40.75; 40.00; 26.50; 25.00; 24.50; 25.25; 24.75; 27.50; 42.00; 39.75; 26.25; 24.75; 24.25; 24.75; 25.50; 27.50; 42.00; 39.00; 25.75; 24.50; 24.25; 24.50; 24.50; 26.75; 41.75; 37.00; 25.00; 24.25; 24.25; 24.00; 24.00; 26.00; 40.75; 35.00; 25.00; 23.50; 23.25; 23.75; 24.00; 25.25; 30.75; 27.00; 23.25; 24.25; 23.25]
125357 - [25.25; 24.75; 25.50; 27.25; 26.75; 25.75; 25.75; 25.25; 25.50; 25.00; 26.50; 35.25; 34.00; 26.25; 25.00; 25.25; 25.00; 25.25; 27.00; 40.75; 39.75; 27.00; 25.25; 24.75; 25.00; 25.00; 27.50; 41.50; 39.50; 26.25; 25.00; 24.75; 24.75; 25.00; 27.50; 42.00; 38.50; 26.25; 24.75; 24.00; 24.50; 24.50; 27.00; 41.50; 37.00; 25.00; 23.75; 24.25; 24.00; 24.25; 26.00; 40.75; 34.75; 25.00; 23.75; 23.00; 23.75; 24.25; 25.50; 31.50; 27.50; 24.00; 23.50; 23.50]
125842 - [25.25; 24.75; 26.00; 27.25; 27.25; 26.00; 26.00; 24.75; 25.50; 25.25; 26.50; 35.25; 33.75; 26.50; 25.25; 25.25; 24.75; 25.50; 27.50; 40.75; 39.75; 27.00; 25.00; 25.00; 25.00; 24.75; 27.25; 41.75; 39.75; 26.25; 25.00; 24.50; 24.75; 25.25; 28.00; 41.75; 39.00; 26.00; 25.00; 24.00; 24.25; 24.50; 27.25; 41.50; 36.75; 25.50; 24.25; 24.50; 24.25; 24.25; 26.00; 41.00; 35.00; 25.00; 24.00; 23.50; 23.75; 23.50; 25.00; 31.25; 27.75; 23.75; 23.75; 22.75]
126327 - [25.00; 25.25; 25.75; 27.75; 26.75; 25.75; 25.25; 25.25; 25.00; 25.25; 26.50; 35.00; 34.00; 26.25; 25.25; 25.25; 25.00; 25.00; 27.50; 41.00; 40.00; 26.75; 25.25; 24.50; 24.75; 25.00; 27.50; 41.75; 39.75; 26.25; 24.75; 24.50; 24.75; 25.00; 27.75; 42.25; 38.75; 26.50; 24.50; 23.75; 24.00; 24.75; 27.00; 41.75; 36.75; 25.00; 24.25; 24.50; 24.00; 24.25; 26.00; 41.00; 35.25; 25.25; 24.00; 23.25; 24.00; 24.25; 25.00; 31.25; 27.50; 24.50; 23.50; 23.25]
126812 - [25.00; 24.50; 25.50; 27.25; 27.00; 25.75; 25.50; 25.00; 25.25; 25.25; 26.25; 35.00; 34.25; 26.75; 24.75; 25.25; 24.75; 25.50; 27.50; 40.50; 39.50; 26.75; 25.00; 24.50; 24.75; 25.00; 27.25; 41.50; 39.75; 26.50; 24.50; 24.50; 24.50; 25.00; 27.75; 42.25; 38.50; 26.25; 24.75; 24.00; 24.25; 24.75; 27.00; 41.50; 37.00; 25.25; 24.25; 24.25; 24.25; 24.25; 26.25; 40.50; 35.00; 25.00; 23.75; 23.00; 24.00; 24.25; 25.00; 31.50; 28.00; 24.00; 24.25; 23.50]
127297 - [25.25; 25.00; 25.50; 27.25; 27.25; 25.75; 25.50; 25.25; 25.75; 25.25; 26.50; 35.25; 34.50; 26.75; 25.50; 25.50; 25.25; 25.75; 27.25; 40.75; 39.75; 27.00; 25.50; 24.75; 25.00; 25.00; 27.25; 41.50; 40.00; 26.25; 24.25; 24.50; 25.00; 25.00; 27.75; 41.75; 38.75; 26.00; 24.50; 24.00; 24.00; 24.75; 26.75; 41.50; 37.00; 25.25; 24.25; 24.75; 24.25; 24.50; 26.00; 40.50; 35.50; 25.00; 24.00; 23.00; 24.75; 23.50; 24.75; 31.00; 27.75; 24.00; 24.00; 23.00]
127782 - [25.25; 24.50; 25.75; 27.25; 27.25; 26.00; 25.75; 25.00; 25.75; 25.50; 27.00; 35.25; 34.00; 26.75; 25.50; 25.75; 25.25; 25.25; 27.75; 41.00; 40.00; 26.50; 25.75; 24.50; 24.50; 25.00; 27.25; 41.75; 39.75; 26.75; 24.75; 24.25; 24.50; 25.25; 27.75; 42.00; 39.00; 26.50; 24.75; 23.75; 24.75; 24.75; 27.25; 41.25; 37.25; 25.00; 24.50; 24.25; 24.00; 24.25; 26.00; 40.25; 35.00; 25.25; 24.00; 22.50; 23.25; 24.25; 25.00; 30.25; 28.00; 23.75; 23.75; 23.50]
128267 - [25.25; 25.00; 25.25; 27.25; 26.75; 25.75; 25.50; 25.25; 25.75; 25.25; 26.50; 35.50; 34.00; 26.00; 25.25; 25.00; 25.00; 25.75; 27.50; 41.00; 39.75; 26.75; 25.25; 24.25; 24.25; 24.75; 27.50; 41.75; 39.75; 26.25; 25.50; 24.00; 24.75; 25.00; 27.25; 41.75; 38.75; 26.00; 24.75; 23.75; 24.25; 24.50; 26.75; 41.50; 37.00; 25.25; 24.25; 23.75; 24.00; 24.25; 26.25; 40.75; 34.75; 25.00; 23.75; 22.50; 23.50; 24.00; 24.75; 31.00; 27.75; 23.75; 23.75; 23.25]
128752 - [25.50; 25.00; 26.00; 27.25; 27.00; 26.00; 25.75; 25.00; 25.75; 25.25; 26.25; 35.00; 34.50; 26.25; 25.50; 25.00; 25.50; 25.25; 27.25; 40.75; 39.50; 26.50; 25.25; 24.50; 25.00; 25.00; 27.50; 41.50; 39.75; 26.50; 24.75; 24.25; 24.75; 25.50; 27.75; 41.75; 39.00; 26.25; 24.75; 24.25; 24.25; 24.75; 26.75; 41.50; 37.00; 25.25; 24.25; 24.50; 24.50; 24.25; 26.00; 40.50; 35.00; 25.00; 24.00; 23.00; 23.50; 23.75; 25.25; 30.50; 27.75; 23.50; 24.25; 22.75]
129237 - [25.50; 24.75; 25.75; 27.25; 27.00; 25.50; 25.50; 24.75; 25.00; 25.25; 26.50; 35.25; 34.25; 26.00; 26.00; 25.00; 25.25; 25.50; 27.50; 41.00; 39.75; 26.75; 25.50; 24.75; 24.50; 25.00; 27.25; 41.75; 39.75; 26.50; 25.00; 24.25; 24.50; 25.50; 27.25; 41.75; 38.75; 26.00; 24.50; 24.25; 24.50; 24.50; 27.25; 41.25; 37.25; 25.50; 24.25; 23.50; 24.25; 24.00; 26.25; 40.50; 34.75; 24.75; 23.50; 22.75; 23.75; 23.50; 25.00; 30.50; 27.75; 23.50; 23.75; 23.50]
129722 - [25.25; 25.25; 25.50; 27.50; 26.75; 26.00; 25.75; 26.00; 25.25; 24.75; 27.00; 35.75; 34.50; 26.50; 25.50; 25.50; 25.00; 25.50; 27.25; 41.00; 40.00; 27.00; 25.00; 25.25; 25.25; 25.00; 27.50; 41.75; 40.25; 26.50; 25.25; 24.25; 24.75; 25.75; 27.75; 42.00; 38.75; 26.00; 24.75; 24.25; 24.50; 25.00; 27.25; 41.50; 37.00; 26.00; 24.25; 24.25; 24.25; 24.00; 26.00; 40.75; 35.25; 24.75; 24.00; 23.75; 23.75; 24.75; 25.00; 30.75; 27.50; 24.00; 24.00; 23.50]
130207 - [25.00; 25.00; 25.75; 27.50; 27.25; 26.00; 26.00; 25.50; 25.25; 25.25; 26.50; 35.50; 34.25; 27.00; 25.50; 25.00; 25.25; 25.50; 27.50; 40.75; 40.00; 27.00; 25.00; 24.75; 24.75; 25.00; 27.75; 42.00; 39.75; 26.25; 25.25; 24.50; 25.00; 25.50; 27.75; 42.25; 38.75; 26.25; 24.75; 24.25; 24.25; 25.00; 27.25; 41.50; 37.25; 25.50; 24.50; 24.25; 24.25; 24.75; 26.25; 40.75; 35.00; 24.50; 24.00; 23.50; 23.75; 24.00; 25.25; 31.25; 27.75; 24.25; 24.00; 23.50]
130692 - [25.50; 25.00; 26.25; 27.50; 27.50; 26.00; 25.75; 25.00; 25.50; 25.50
