PlasticoLiquidoPreto300mm
227-  [25.00;24.50;25.00;25.25;25.75;24.50;25.00;24.50;24.50;24.75;25.25;27.50;26.75;25.25;24.25;24.75;24.75;24.75;25.50;33.25;32.75;25.75;25.00;24.00;24.25;24.50;25.50;37.75;36.25;25.25;24.00;23.25;24.25;24.50;26.00;38.25;35.25;25.00;24.00;23.00;23.50;23.75;25.25;37.50;32.50;24.25;23.00;23.25;23.00;23.75;24.00;31.00;27.75;24.25;22.75;22.25;23.25;23.25;23.50;23.25;23.50;23.00;22.75;22.50]
712-  [24.75;24.25;24.75;26.00;25.50;24.75;24.50;24.50;24.50;24.25;25.00;26.75;27.00;25.00;24.50;24.50;24.25;24.50;25.50;33.50;32.75;25.50;24.75;23.75;24.25;24.25;25.50;37.75;36.00;25.25;24.25;23.50;24.25;24.75;25.50;38.00;35.00;24.75;23.75;23.25;23.00;23.75;24.75;37.00;33.00;24.25;23.50;23.00;23.25;22.75;23.75;30.25;27.75;23.75;22.75;21.75;22.75;22.75;23.75;23.50;23.50;23.00;22.75;22.50]
1197- [24.50;24.00;24.50;25.25;25.00;24.50;24.50;24.75;24.75;23.75;25.00;26.75;26.75;24.75;24.00;24.25;24.50;24.50;25.25;33.25;32.50;25.25;24.25;23.50;24.50;24.00;25.25;37.50;36.00;25.00;24.00;23.25;24.00;24.25;26.00;38.00;35.00;25.00;24.00;23.00;23.00;23.75;24.75;37.00;32.75;24.50;23.50;23.00;23.50;23.25;24.25;30.50;27.50;24.00;23.00;22.25;22.50;23.75;23.00;23.50;23.50;22.75;23.00;22.50]
1682- [24.25;24.00;24.25;24.75;25.25;24.25;24.75;23.75;24.25;24.00;24.75;26.50;26.75;24.75;24.00;24.00;24.25;24.50;25.00;33.25;32.75;25.25;23.75;23.50;24.25;24.00;25.00;37.50;35.50;25.00;24.00;23.00;24.25;24.50;25.25;37.50;34.75;24.75;23.75;23.00;23.25;23.75;24.75;37.00;32.50;24.25;23.00;22.75;23.00;23.00;24.00;30.50;27.50;23.75;22.50;22.25;22.75;22.50;23.75;23.00;24.00;23.00;22.50;21.75]
2167- [24.25;24.00;24.50;24.75;25.25;24.50;24.75;24.00;24.75;24.25;24.75;26.75;26.50;25.00;24.00;24.00;24.00;24.50;25.00;33.00;32.25;25.50;24.25;23.75;24.25;24.00;25.75;37.50;35.75;24.75;24.00;23.25;24.00;24.50;25.50;38.00;34.75;24.75;23.75;23.25;23.75;23.50;24.75;37.00;32.50;24.25;23.25;22.75;22.75;23.00;23.75;29.75;27.25;23.50;22.75;22.00;22.75;23.25;23.25;23.25;23.25;22.75;23.25;22.25]
2652- [24.00;23.75;24.25;24.75;25.00;24.25;24.75;24.25;24.25;23.75;24.75;26.50;26.50;24.75;23.75;23.75;24.50;24.00;25.25;33.25;32.50;25.25;24.00;23.50;24.00;23.75;25.50;37.50;35.75;25.00;24.00;23.25;24.25;24.00;25.50;37.75;34.75;25.25;23.75;22.75;23.75;23.50;25.25;37.00;32.25;24.00;23.00;22.75;23.25;23.25;23.75;30.00;27.25;23.75;23.00;21.75;22.50;23.25;23.25;23.75;23.25;22.75;22.25;22.50]
3137- [24.25;23.75;24.25;25.25;25.00;24.00;24.00;24.00;24.25;24.50;24.50;26.75;26.25;25.00;24.25;23.75;24.50;24.50;25.25;33.00;32.50;25.25;24.50;23.75;23.75;24.25;25.25;37.25;36.00;25.25;23.50;23.50;23.50;24.00;25.75;37.75;34.75;24.75;23.75;23.50;23.50;23.75;25.00;37.25;32.50;24.25;23.00;22.75;23.50;23.00;24.00;30.25;27.50;23.75;22.75;22.25;23.00;23.50;23.50;23.75;23.50;22.75;23.00;22.75]
3622- [24.50;23.50;24.25;25.00;24.75;24.50;24.50;23.75;24.25;23.75;24.75;26.75;26.50;24.75;23.75;24.00;24.00;24.50;25.25;33.25;32.25;25.00;24.25;23.75;24.25;23.75;25.25;37.50;35.50;24.75;24.00;23.50;23.75;24.50;25.25;38.00;35.00;24.50;23.75;23.00;23.50;24.00;25.25;36.75;32.75;24.25;23.25;23.00;23.25;23.00;24.25;30.50;27.25;23.75;23.00;22.25;22.75;23.00;23.00;23.50;22.75;22.50;22.75;22.50]
4107- [23.75;24.00;24.50;25.25;25.25;24.75;24.50;23.75;24.50;24.00;24.75;27.00;26.75;24.75;24.00;24.00;23.75;24.50;25.25;33.25;32.25;24.50;24.50;23.75;24.25;24.25;25.00;37.50;35.75;25.25;24.00;23.00;23.50;24.50;25.75;37.75;34.75;25.00;23.75;22.75;23.75;24.00;24.75;37.00;32.75;24.75;23.00;23.25;23.25;23.00;24.00;30.25;27.75;23.75;23.00;21.75;23.50;23.25;23.50;24.00;23.75;22.75;22.75;22.00]
4592- [24.50;24.00;24.25;24.75;25.25;24.00;24.50;24.25;24.50;24.25;24.50;26.50;26.50;24.50;24.25;23.75;24.25;24.25;25.25;33.00;32.25;25.00;24.50;23.75;24.00;23.75;25.25;37.75;35.25;24.75;24.00;23.25;24.50;24.25;25.75;38.00;34.75;25.00;24.00;23.00;23.50;23.75;25.25;36.75;32.75;24.50;23.50;23.25;23.50;23.25;24.00;30.00;27.50;23.50;23.00;22.00;22.75;23.75;23.50;23.75;23.25;23.00;23.00;22.50]
5077- [24.75;24.25;24.00;25.00;24.75;24.00;25.00;24.50;24.50;24.00;24.75;26.25;26.50;24.75;24.25;24.25;23.75;25.00;25.00;33.50;32.25;25.00;24.50;23.50;24.25;24.00;25.25;37.50;35.75;24.75;23.50;23.00;24.00;24.50;25.50;37.75;34.50;25.00;24.25;23.00;23.75;24.25;25.25;36.75;32.75;24.25;23.25;23.25;23.00;23.00;23.75;30.75;27.50;24.00;23.00;22.50;23.00;23.50;23.50;23.75;23.00;22.75;22.75;22.00]
5562- [24.50;23.75;24.25;25.25;25.25;24.50;24.50;23.25;24.25;24.00;24.00;26.50;26.50;24.75;24.25;23.50;24.25;24.25;25.25;33.25;32.00;25.25;24.00;23.50;23.75;23.50;25.75;37.25;35.50;25.00;24.00;23.25;23.75;24.50;25.25;38.00;34.75;24.50;24.00;23.25;23.25;23.75;25.75;37.00;32.75;23.75;23.00;23.75;23.25;23.25;24.00;29.75;28.00;23.50;23.00;22.25;22.75;23.75;23.25;23.50;23.50;23.00;22.50;23.00]
6047- [24.00;24.00;24.25;25.00;24.75;24.50;24.25;24.25;23.75;24.00;24.50;26.75;26.50;24.25;24.25;24.25;23.75;24.25;24.75;32.75;32.50;24.50;24.25;23.75;24.00;23.75;25.25;37.25;36.00;24.75;24.00;23.25;24.00;24.00;25.50;37.75;35.00;25.00;23.75;23.00;23.25;23.50;25.00;36.75;32.75;24.00;23.75;22.50;22.75;23.00;23.75;30.25;27.50;23.75;23.00;22.25;22.75;23.50;23.75;23.50;23.25;23.25;22.75;22.75]
6532- [24.00;23.75;24.00;24.75;25.00;24.00;24.50;23.50;24.00;24.00;24.50;26.75;26.75;24.25;24.00;24.00;24.00;24.25;25.00;33.00;31.75;24.75;23.75;23.25;24.00;24.25;25.25;37.75;35.50;25.00;23.75;23.25;23.75;23.75;25.75;37.75;34.50;25.25;23.50;22.75;23.25;23.50;25.25;37.00;32.75;24.50;23.25;23.50;23.25;23.00;23.75;30.00;27.25;23.75;23.00;22.50;23.00;23.25;23.75;23.50;23.50;23.25;23.25;22.25]
7017- [24.25;24.00;24.25;25.00;25.25;23.75;24.75;24.00;24.50;24.50;24.75;26.50;26.75;25.00;24.50;23.75;24.25;24.25;25.50;33.25;32.25;25.25;24.75;23.50;24.00;24.25;25.25;37.25;36.00;25.00;24.50;23.00;24.25;24.50;25.50;38.00;35.00;24.75;24.50;23.25;23.50;24.00;25.25;37.25;32.75;24.50;23.50;23.75;23.75;23.00;24.00;30.25;27.25;24.00;23.25;22.25;23.25;22.75;23.75;24.00;23.75;23.25;22.75;22.75]
7502- [24.50;24.00;23.75;25.25;25.25;24.50;24.00;23.50;24.75;24.00;25.00;26.50;26.25;24.25;24.25;23.75;24.50;24.50;25.00;33.00;32.50;25.00;24.25;23.75;24.00;23.75;25.25;37.75;35.75;24.75;23.75;23.75;24.25;24.25;26.25;38.00;34.75;25.00;23.75;22.75;24.00;23.75;25.25;37.25;32.75;24.75;23.25;23.00;22.75;23.00;24.25;30.50;27.75;23.75;23.00;22.50;22.75;23.75;23.25;23.50;24.00;23.25;23.00;23.00]
7987- [24.75;24.00;24.50;25.00;25.25;24.50;24.25;23.75;24.50;24.25;24.50;26.50;27.00;24.25;24.25;24.25;24.25;24.25;25.25;33.00;32.25;25.25;24.75;23.75;24.25;24.00;25.25;37.50;35.75;25.50;24.25;23.50;24.00;24.50;25.50;38.00;35.00;24.75;24.00;23.25;23.25;23.75;25.25;37.00;32.75;24.75;23.50;23.50;23.50;23.50;24.00;31.00;27.50;24.00;23.50;22.25;23.00;23.25;23.50;23.50;23.00;23.00;23.50;22.75]
8472- [24.25;24.25;24.00;24.75;25.25;24.25;24.50;24.25;24.50;24.25;25.00;26.50;26.75;24.75;24.25;24.00;24.00;24.25;25.25;33.25;32.25;25.25;24.50;24.25;24.25;24.50;25.50;37.50;35.75;25.00;24.25;23.25;24.50;24.50;25.75;38.00;34.75;25.00;24.50;23.25;23.75;24.00;25.25;37.25;33.00;24.25;23.50;23.50;23.25;23.75;23.75;30.75;28.00;24.00;23.25;22.75;22.75;23.25;23.50;24.00;23.50;23.00;23.25;22.75]
8957- [24.25;24.00;24.50;25.50;25.25;24.25;24.75;24.25;24.50;24.50;24.75;26.75;26.75;24.75;24.75;24.25;24.25;24.25;25.50;33.00;32.25;25.25;24.50;23.50;24.00;24.00;25.25;37.50;35.75;25.00;23.75;23.50;24.25;24.25;25.75;38.00;35.00;25.00;24.00;23.50;23.75;24.00;25.25;37.00;32.50;24.75;23.50;23.75;23.50;23.50;23.75;30.50;28.00;24.00;23.25;22.50;22.50;23.50;23.50;23.50;23.50;23.25;23.25;22.75]
9442- [24.25;24.00;24.25;25.50;25.25;24.25;24.50;24.00;24.25;24.25;25.00;26.75;26.50;24.25;24.25;24.00;24.75;24.50;25.25;33.00;32.25;25.50;24.50;23.75;23.50;24.00;25.50;37.25;36.00;25.50;24.00;23.75;23.75;24.50;25.50;38.00;35.00;25.00;24.00;23.00;23.25;24.25;25.25;37.00;32.50;24.25;23.50;23.25;23.75;23.50;24.25;30.50;27.50;24.00;23.25;23.00;23.25;23.50;24.00;24.25;24.00;23.00;22.75;22.75]
9927- [25.00;23.75;24.75;25.00;25.00;24.25;24.75;24.00;24.50;24.25;25.00;27.00;27.00;24.75;24.50;24.00;24.50;24.75;25.00;33.00;32.25;25.00;24.25;24.25;24.25;24.00;25.25;37.75;35.75;25.00;24.00;23.50;24.00;24.00;26.00;38.00;34.75;25.25;24.00;23.75;23.50;23.75;25.00;36.75;32.50;24.25;23.25;24.00;23.50;23.00;24.25;30.75;27.75;23.75;23.25;23.00;23.25;23.25;23.50;23.75;23.00;23.00;23.25;22.50]
10412-[24.25;24.00;24.50;25.25;24.75;24.25;24.75;23.75;24.25;24.25;24.75;27.00;26.50;24.75;24.25;24.00;24.25;24.50;24.75;33.25;32.25;25.00;24.25;24.50;24.25;24.25;25.75;37.50;35.50;25.25;24.00;23.50;24.25;24.00;25.50;38.00;34.75;25.25;24.00;23.25;23.50;24.00;25.25;37.00;32.50;24.75;23.50;23.25;23.25;23.50;24.25;30.50;27.75;24.00;23.25;22.25;23.75;23.75;24.00;24.25;24.00;23.00;23.50;23.25]
10897-[24.75;23.75;24.50;25.00;25.25;24.50;24.50;24.50;24.75;23.75;24.75;26.50;26.75;25.00;24.25;24.25;24.25;24.50;25.25;32.75;32.25;25.50;24.75;23.75;23.75;24.25;25.75;37.50;36.00;25.00;24.00;23.50;24.50;24.25;25.75;37.75;34.50;25.00;24.00;23.00;23.75;24.25;25.25;37.00;32.75;24.75;23.75;23.25;23.50;23.50;24.25;30.25;27.75;23.50;23.25;22.75;23.50;23.50;23.75;24.00;23.75;23.00;23.25;23.25]
11382-[24.75;23.75;24.25;25.50;25.00;24.25;25.00;24.50;24.75;24.00;25.00;27.00;26.75;24.75;24.25;24.75;24.25;24.75;25.75;33.00;32.25;25.25;24.75;24.25;24.50;24.50;25.50;37.50;36.00;25.50;24.50;23.75;24.25;24.50;25.75;38.00;35.00;25.00;24.25;23.50;24.00;23.75;25.25;37.00;33.00;24.50;23.75;23.25;23.50;23.50;24.50;30.50;27.50;23.75;23.50;22.75;24.00;23.75;23.50;23.75;23.75;23.50;23.25;22.75]
11867-[24.75;24.00;24.50;25.50;25.25;24.25;24.50;24.25;24.75;24.00;25.00;26.75;26.50;24.75;24.25;24.00;24.00;24.75;25.50;33.25;32.50;25.50;24.75;24.00;24.75;24.25;25.75;37.50;35.75;25.50;24.50;24.00;24.75;24.25;25.75;37.75;35.00;24.75;24.00;23.50;24.25;24.50;24.75;37.75;33.00;24.25;23.25;23.75;23.25;23.50;24.25;30.50;27.50;24.25;24.00;22.25;23.75;23.50;23.50;24.00;23.50;22.50;23.50;22.75]
12352-[24.25;24.00;24.25;25.00;25.25;24.50;25.00;24.25;24.50;24.00;24.75;26.50;27.00;25.00;24.25;24.25;24.50;24.50;25.00;33.00;32.00;25.00;24.50;24.00;24.00;24.75;25.25;37.75;36.00;25.00;24.50;23.25;24.75;24.50;25.50;37.75;35.25;25.00;24.00;23.25;23.25;24.50;25.25;37.25;32.25;24.25;24.25;23.50;23.25;23.75;24.00;30.50;28.00;24.00;23.25;22.50;23.25;23.25;23.75;24.50;23.75;23.25;23.25;23.25]
12837-[24.50;24.00;25.00;24.75;25.25;24.50;24.75;24.25;24.75;24.25;25.00;27.00;26.50;25.00;24.00;24.25;24.50;24.50;25.50;33.25;32.50;25.50;24.75;23.75;24.00;24.50;25.50;37.50;35.75;25.00;24.25;23.75;24.25;24.75;25.75;37.75;35.00;25.00;24.25;23.75;23.75;24.00;25.50;37.25;33.00;24.25;23.75;23.75;23.50;23.25;24.25;31.00;28.00;24.00;22.75;23.00;23.50;23.25;23.75;23.50;24.50;23.00;23.75;22.50]
13322-[24.75;24.25;24.50;25.50;25.25;24.00;24.25;24.75;24.25;24.00;25.00;26.50;27.00;24.75;24.25;24.25;24.25;24.25;25.00;33.00;32.25;25.00;24.25;24.00;24.00;24.25;25.25;37.50;35.75;24.75;24.25;24.25;24.25;24.50;26.00;37.75;34.50;24.75;24.00;23.75;24.00;23.75;25.50;37.00;32.75;24.50;24.00;23.50;23.25;23.50;24.25;30.75;27.50;24.00;23.25;22.75;23.00;23.75;23.50;23.75;24.00;23.00;22.75;22.50]
13807-[24.50;23.50;24.25;25.25;25.00;25.00;25.00;24.25;24.50;24.00;24.50;26.75;26.75;25.00;24.25;24.50;24.50;24.50;25.50;32.75;32.25;25.25;24.75;24.50;24.00;24.25;25.50;37.50;36.00;25.00;24.00;23.75;24.00;24.75;26.00;38.00;35.00;25.00;24.25;23.50;23.75;24.00;25.50;37.25;32.75;24.75;23.25;23.50;23.50;23.75;24.00;30.75;27.75;24.00;23.00;22.50;23.75;23.00;24.00;23.75;24.00;22.75;23.25;23.00]
14292-[24.50;24.50;24.75;25.50;25.25;24.25;24.75;23.50;24.50;24.50;25.00;27.00;27.00;24.50;24.25;25.00;24.25;24.50;24.75;33.00;32.50;25.50;24.75;23.75;24.50;24.50;25.75;37.75;35.75;25.50;24.25;24.00;24.25;25.00;25.75;38.00;35.00;25.25;24.75;23.00;23.75;23.50;25.50;37.00;33.00;24.75;23.50;23.75;23.25;23.75;24.00;31.00;27.50;24.25;23.50;22.50;23.75;23.50;24.00;23.75;23.75;23.25;23.00;23.00]
14777-[24.75;24.00;25.00;25.25;25.25;24.50;24.75;24.50;24.25;24.50;25.00;27.25;27.00;25.25;24.50;24.25;24.25;24.25;25.75;33.00;32.50;25.75;25.00;24.25;24.25;24.50;25.50;37.75;36.00;25.00;24.50;24.00;24.75;24.50;25.75;38.00;34.50;25.25;24.50;23.25;23.75;24.25;25.25;37.25;33.00;24.50;23.75;23.50;23.75;24.00;24.25;30.75;28.00;23.50;23.50;23.50;23.50;24.25;24.25;24.00;23.25;23.25;23.50;23.00]
15262-[25.25;24.00;25.00;25.00;25.25;24.25;25.00;24.50;25.00;24.00;24.75;27.00;27.25;25.00;24.25;24.50;24.75;24.75;25.00;33.50;32.25;25.25;24.50;23.75;24.50;24.25;25.50;37.50;36.00;25.25;24.25;23.00;24.25;24.25;26.00;38.00;35.25;24.75;24.25;23.25;24.25;24.00;25.25;37.50;32.50;24.50;23.75;23.75;23.50;23.50;24.00;30.75;27.50;24.00;23.50;22.75;23.75;23.25;23.25;23.50;23.25;22.75;23.25;23.25]
15747-[24.50;24.25;24.50;25.50;25.00;24.75;24.50;24.50;24.75;23.75;24.75;27.25;26.50;24.75;24.00;24.50;24.50;24.75;25.75;33.00;32.50;25.25;25.00;24.25;24.25;23.75;25.75;37.75;36.25;25.00;24.25;24.00;24.25;24.50;26.00;38.50;35.25;25.00;24.50;23.75;23.75;24.25;25.75;37.25;33.00;24.75;23.75;23.75;23.50;24.00;24.50;30.25;28.00;24.25;23.50;23.00;23.75;23.50;24.00;24.00;24.00;23.25;23.50;23.00]
16232-[24.75;24.50;25.00;25.25;25.50;24.75;25.00;24.00;24.75;24.50;25.00;26.75;26.75;25.00;24.50;24.00;25.00;24.75;25.50;33.50;32.25;25.25;24.50;23.75;24.25;24.00;25.50;37.75;36.00;25.25;24.25;24.25;24.75;24.50;26.25;38.00;35.00;24.75;24.50;23.75;23.75;24.50;25.50;37.25;32.75;24.75;23.50;24.00;23.50;23.75;24.50;31.00;27.75;24.00;23.25;22.75;24.00;23.50;23.25;23.75;23.50;23.25;23.25;23.00]
16717-[24.50;24.50;24.50;25.25;25.25;24.75;24.50;24.50;24.50;24.25;25.00;27.25;26.75;24.75;24.50;24.75;24.50;24.75;25.25;33.75;32.25;25.25;24.50;23.75;24.25;24.50;25.50;37.50;36.00;25.00;24.00;23.25;24.25;24.25;26.00;38.00;35.00;25.00;24.25;23.50;23.25;24.00;25.25;37.00;32.75;24.50;23.50;23.75;23.75;23.75;24.25;31.00;27.50;24.50;23.50;22.50;23.75;24.00;24.00;23.75;24.50;23.00;23.25;22.50]
17202-[25.25;24.00;24.00;25.25;25.00;24.25;25.25;24.25;24.50;24.00;24.75;26.75;26.75;25.00;24.50;24.00;24.50;24.75;25.25;33.25;32.25;25.25;24.75;23.50;24.50;24.75;25.50;37.50;35.75;25.25;24.25;23.50;24.25;24.50;26.25;38.00;35.00;25.00;24.00;23.75;23.75;24.25;25.75;37.00;32.75;24.50;23.75;24.25;23.25;23.50;24.25;30.75;28.00;24.50;23.00;22.25;23.00;23.50;23.50;23.50;24.00;23.00;23.00;23.25]
17687-[24.00;23.75;24.50;25.25;24.75;24.75;24.00;24.50;24.75;24.50;24.50;27.00;26.50;25.00;24.50;24.25;24.25;24.75;25.25;33.00;32.25;25.50;24.75;24.25;24.00;24.75;25.50;37.50;36.00;25.25;24.50;24.00;24.25;24.75;25.75;38.25;34.75;24.75;24.00;23.25;23.75;24.25;25.00;37.25;32.25;24.50;24.00;24.00;23.50;23.25;24.00;30.75;27.50;24.00;23.50;23.00;23.50;23.25;24.00;24.00;23.75;23.25;23.25;23.25]
18172-[24.50;23.75;24.50;25.25;25.50;24.50;24.75;24.25;24.75;24.50;25.25;26.75;27.25;24.75;24.50;24.75;24.25;24.50;25.75;33.25;32.50;25.25;24.75;24.00;24.25;24.25;25.50;37.75;36.00;25.25;24.25;24.00;24.50;24.50;26.00;38.25;35.50;25.00;24.25;23.50;23.75;24.00;25.50;37.25;32.50;24.75;23.25;23.75;23.25;24.00;24.50;31.00;27.50;23.50;23.50;23.00;23.50;23.50;24.00;24.00;24.25;23.25;23.25;23.00]
18657-[24.50;24.50;24.75;25.00;25.25;24.50;25.00;24.25;24.75;24.00;24.50;26.75;26.75;25.00;24.50;24.25;24.25;24.50;26.00;33.25;32.75;25.25;24.75;24.25;24.50;24.50;25.75;37.75;36.00;25.50;24.00;23.75;24.50;24.50;25.75;38.25;35.00;24.75;24.00;23.50;23.75;24.25;25.75;37.00;32.50;24.00;24.00;23.75;24.00;23.25;24.75;31.25;28.25;23.75;23.50;22.75;23.50;23.25;24.00;23.75;24.00;22.75;23.75;23.25]
19142-[24.75;23.75;24.75;25.25;25.00;24.75;24.50;24.25;24.75;23.50;25.50;27.00;26.50;25.00;25.00;24.25;25.00;24.25;25.75;33.25;32.50;25.25;25.00;23.75;24.50;24.00;25.25;37.75;36.00;25.50;24.50;23.75;24.50;25.00;26.00;37.75;35.00;25.00;24.50;23.50;23.75;23.75;25.50;37.25;32.75;24.75;23.25;23.50;23.75;23.75;24.00;31.00;27.75;24.00;23.00;22.75;23.50;23.75;23.75;23.75;23.50;23.00;23.00;23.00]
19627-[25.00;24.00;24.50;25.25;25.50;24.50;25.25;24.25;25.00;24.25;25.00;26.50;27.00;24.75;24.50;25.00;24.00;24.25;25.25;33.00;32.50;25.50;24.75;24.00;24.50;24.75;25.50;37.75;36.25;25.50;24.25;23.75;24.25;24.50;25.50;38.25;35.00;25.00;24.00;23.00;24.25;24.25;25.25;37.00;33.25;24.25;23.75;24.00;23.25;23.75;24.25;30.75;28.00;24.00;23.25;23.00;23.50;23.50;24.00;24.00;23.25;23.25;23.00;23.00]
20112-[24.50;24.00;24.50;25.25;25.50;24.50;24.75;24.50;25.00;24.50;25.50;27.00;26.75;25.25;24.50;24.25;25.00;25.00;25.75;33.25;32.75;25.25;25.00;24.00;24.75;24.50;25.25;37.75;36.00;25.25;24.25;23.75;24.25;24.75;26.00;37.75;35.25;25.50;24.25;23.25;23.75;24.00;25.50;37.25;33.00;24.75;24.00;24.00;23.50;24.00;24.25;31.00;28.00;24.25;23.50;22.75;23.75;23.50;24.00;24.25;24.00;22.75;23.50;22.75]
20597-[24.75;23.75;24.50;25.25;24.75;24.75;24.75;24.00;24.25;24.25;25.00;27.25;26.75;25.00;24.50;24.75;24.75;25.00;25.75;33.25;32.50;24.75;24.50;24.00;24.25;24.00;25.50;37.75;36.25;25.25;23.75;24.25;24.00;25.00;26.25;38.00;34.75;25.00;24.00;23.25;23.50;24.00;25.50;37.00;32.75;24.75;23.50;23.75;23.50;23.75;24.50;30.50;28.00;24.00;23.50;22.25;22.75;24.00;24.00;23.75;23.50;22.75;23.25;22.75]
21082-[24.75;23.75;24.50;25.00;25.25;24.25;25.00;24.50;24.75;24.25;25.25;26.75;26.50;25.00;24.00;24.00;24.75;25.00;25.50;32.75;32.50;25.25;24.25;24.25;24.25;24.25;25.50;37.75;36.25;25.00;24.50;23.50;24.50;24.50;25.75;38.00;35.00;25.00;24.50;23.25;24.00;24.25;25.50;37.75;33.00;24.50;23.75;23.75;23.75;23.75;24.75;31.00;27.50;23.75;23.25;23.00;23.25;23.25;23.50;23.75;23.50;22.50;23.50;23.00]
21567-[24.25;24.00;24.50;25.50;25.00;24.75;25.25;24.00;25.25;24.25;24.50;27.00;26.75;24.75;24.50;24.00;24.50;24.75;25.25;33.25;32.75;25.25;24.25;24.00;24.75;24.25;25.25;37.50;36.25;25.00;24.25;23.75;24.75;24.50;25.75;38.00;35.00;25.25;24.25;23.50;24.25;24.00;25.50;37.25;32.75;24.50;23.75;23.25;23.50;23.75;24.50;31.00;28.00;24.25;23.50;22.75;23.00;24.00;24.00;24.00;23.75;22.75;23.50;23.00]
22052-[24.75;24.25;24.75;25.50;25.25;24.75;24.75;24.00;24.75;23.75;25.25;27.00;26.50;25.25;24.25;24.50;24.50;24.75;25.75;33.50;32.75;25.50;24.75;23.75;24.75;24.25;25.75;37.50;36.00;25.25;24.00;23.25;24.50;24.75;25.75;38.00;34.75;25.00;24.50;23.50;23.75;24.50;25.50;37.25;32.75;24.50;24.00;23.50;23.50;23.50;24.25;31.00;27.75;24.25;23.25;23.25;23.50;23.75;23.50;24.00;24.25;23.00;23.50;23.75]
22537-[24.75;24.25;25.25;25.25;25.25;24.25;24.75;24.50;24.75;24.50;25.00;27.00;27.25;25.00;24.50;24.25;24.50;25.00;25.75;33.25;32.50;25.25;24.50;24.00;24.50;24.50;25.75;37.75;36.00;25.75;24.50;23.50;23.75;24.75;26.25;38.00;35.00;25.25;24.25;23.50;24.00;24.25;25.75;37.50;32.75;24.75;24.25;22.75;24.00;23.50;24.25;31.00;28.00;23.75;23.50;23.00;23.50;23.50;24.00;24.00;24.00;23.25;23.25;23.00]
23022-[24.25;24.25;25.00;25.25;25.50;24.75;25.00;24.50;24.50;24.50;25.00;27.00;26.75;25.00;24.50;24.50;24.25;25.00;25.25;33.50;32.50;25.25;25.00;24.00;24.50;24.00;25.50;37.25;36.00;25.25;24.50;23.50;24.25;24.75;26.25;38.00;35.25;25.25;24.25;23.75;24.25;24.25;26.00;37.25;33.00;24.25;24.00;23.75;24.00;23.50;24.50;31.00;27.75;24.25;23.25;23.25;23.75;23.50;23.75;24.50;23.75;23.25;23.25;23.00]
23507-[24.75;24.50;24.50;25.75;25.25;24.50;25.00;24.50;25.00;25.00;25.25;26.75;26.75;25.00;24.25;24.75;24.25;24.75;25.50;33.25;32.75;25.50;24.50;24.25;24.25;24.50;25.75;37.75;36.00;25.50;24.25;23.50;24.00;24.75;25.50;37.75;35.25;25.00;24.25;23.25;24.00;24.25;25.50;37.25;32.75;24.75;23.50;23.50;23.75;23.50;24.25;31.00;28.00;24.25;23.25;23.00;23.00;24.00;23.75;24.25;23.75;23.25;23.50;23.25]
23992-[24.75;24.25;24.25;25.00;25.00;24.50;24.75;24.25;25.00;24.50;24.75;27.00;26.75;25.00;24.75;24.75;24.25;24.75;25.50;33.50;32.75;25.25;25.00;24.00;24.25;24.00;25.50;37.75;36.00;25.00;24.25;23.75;24.25;24.75;26.00;38.25;35.00;24.75;24.50;23.25;24.00;24.25;25.25;37.25;32.50;24.75;23.75;23.75;23.50;24.00;24.25;30.75;27.75;23.75;23.50;22.50;23.00;23.75;24.00;23.75;24.00;23.25;23.25;23.25]
24477-[24.50;23.75;24.75;25.25;25.00;24.50;25.00;24.50;24.25;24.25;25.25;26.75;26.75;25.00;25.00;24.50;24.75;24.75;25.50;33.50;32.75;25.25;24.75;24.00;24.75;24.25;25.50;37.50;36.00;25.25;24.50;23.75;24.25;24.75;26.25;37.75;35.00;25.25;24.00;23.50;23.50;24.25;25.50;37.25;33.25;24.75;24.00;24.00;23.75;23.25;24.25;31.00;27.50;24.00;23.50;22.75;23.75;23.75;23.75;24.00;24.00;23.00;23.50;23.00]
24962-[24.75;24.25;24.50;25.50;25.25;24.25;24.50;24.50;24.75;24.50;24.75;27.00;27.00;25.00;24.50;24.75;24.00;24.75;25.25;33.25;32.50;25.25;25.00;24.00;24.50;24.50;25.50;37.50;36.00;25.00;24.00;23.75;24.25;24.25;26.00;38.25;35.25;25.25;24.25;23.25;23.75;24.00;25.50;37.50;33.00;24.75;24.00;24.00;23.75;24.00;24.75;30.75;27.75;24.25;23.25;22.50;23.75;23.50;23.75;24.00;24.25;23.00;23.25;23.00]
25447-[25.00;24.25;25.00;25.25;25.00;24.25;25.25;24.75;24.50;24.50;25.00;26.75;26.75;25.25;24.75;24.75;24.50;24.50;25.50;33.00;32.75;25.25;24.75;24.00;24.25;24.25;25.75;37.75;36.00;25.00;24.00;23.50;24.25;24.50;25.75;37.75;35.00;25.00;24.25;23.75;23.75;24.25;25.75;37.25;33.00;24.50;23.75;23.25;24.00;23.75;24.50;31.25;28.00;24.25;23.50;22.25;23.00;23.50;23.75;24.00;24.25;23.50;24.00;23.25]
25932-[24.75;24.25;24.75;25.50;25.50;24.75;25.00;24.50;24.75;24.50;25.50;27.00;27.00;24.75;24.50;24.50;24.75;24.75;25.50;33.50;32.75;25.25;24.75;24.00;24.25;25.00;25.75;38.00;36.00;25.25;24.75;23.75;24.25;24.25;26.00;38.00;35.00;25.25;24.75;23.75;24.00;24.50;25.25;37.25;32.75;24.75;24.25;23.50;23.50;23.75;24.50;31.00;27.50;24.25;24.00;22.75;23.00;23.75;23.75;24.00;24.25;23.00;23.50;23.25]
26417-[25.25;24.25;25.25;25.50;25.25;25.00;24.75;24.50;24.50;24.75;25.25;27.00;27.25;25.00;24.75;25.00;24.75;24.50;25.75;33.25;32.25;25.50;25.25;24.00;24.50;24.50;25.75;37.75;36.00;25.75;24.00;23.75;24.50;24.50;26.00;37.75;35.00;25.25;24.25;23.50;23.50;24.00;26.00;37.50;32.75;25.00;24.00;23.50;23.50;23.50;24.25;30.75;28.00;24.00;23.50;22.50;23.50;24.00;23.50;24.00;23.75;23.25;23.00;23.25]
26902-[24.75;24.00;24.75;25.50;25.25;24.75;24.75;25.00;25.00;24.75;25.25;26.75;27.00;25.25;24.50;25.00;25.00;24.75;25.50;33.25;32.75;25.25;24.75;23.75;24.00;24.75;26.25;37.75;36.25;25.00;24.00;24.00;24.50;24.75;26.00;37.75;35.00;25.25;24.25;23.50;24.00;24.50;25.50;37.00;32.50;24.50;23.75;23.75;23.50;23.50;24.50;30.50;28.25;23.75;23.25;23.00;23.50;23.25;24.00;23.50;24.00;23.25;23.75;23.50]
27387-[25.00;24.25;24.75;25.00;25.50;24.50;24.50;24.25;24.50;24.50;25.25;27.00;27.00;25.25;24.75;24.75;24.25;24.25;25.75;33.25;32.50;25.25;24.75;24.25;24.00;24.50;25.25;37.75;36.00;25.25;24.00;23.50;24.00;24.50;25.50;38.00;34.75;25.25;24.75;22.75;23.50;24.00;25.75;37.50;32.75;25.00;23.50;23.50;23.25;23.25;24.25;31.25;27.75;24.00;23.25;22.75;24.00;23.25;24.25;24.50;23.75;23.00;23.50;23.50]
27872-[24.75;24.25;25.00;25.50;25.50;24.25;25.00;24.00;24.75;24.50;25.00;27.25;26.75;25.25;24.25;24.25;24.75;24.75;25.50;33.25;32.00;25.25;24.50;24.25;24.25;24.25;25.50;37.75;35.75;25.00;24.00;23.50;24.00;24.50;25.75;37.75;34.50;25.25;24.25;23.00;24.25;24.50;25.50;37.00;32.75;24.00;24.00;23.25;23.50;23.75;24.00;30.75;27.75;24.00;23.25;22.50;23.50;23.50;23.50;24.00;23.50;23.50;22.75;22.50]
28357-[24.50;24.25;24.50;25.25;25.00;24.25;24.50;24.00;24.75;24.25;25.00;26.75;27.00;25.00;24.50;24.50;24.25;24.50;25.50;33.25;32.50;25.50;25.00;24.25;24.75;24.25;25.50;37.50;36.00;25.00;23.75;23.75;24.25;24.25;25.75;37.75;34.50;25.25;24.25;23.75;24.00;24.25;25.25;37.50;33.00;24.50;24.00;23.75;23.50;23.50;24.25;30.75;27.75;24.00;23.50;22.50;23.25;23.75;23.50;24.00;23.50;22.75;23.00;22.75]
28842-[24.50;24.25;24.50;25.25;25.25;24.50;25.00;24.25;24.50;24.25;25.00;27.25;26.75;25.00;24.25;24.50;24.25;24.50;25.50;33.00;32.25;25.50;24.75;24.25;24.50;24.50;25.25;37.50;35.75;25.25;24.00;23.50;24.25;24.50;25.50;38.00;34.75;25.00;24.25;23.50;23.50;24.00;25.25;37.25;32.75;24.50;23.50;23.50;23.25;23.25;24.25;30.75;27.75;23.75;23.25;22.50;23.25;23.50;23.75;24.00;23.75;23.50;22.75;23.00]
29327-[25.00;24.50;25.00;25.25;25.25;24.75;24.75;24.50;24.75;24.50;25.25;27.00;27.00;25.00;24.75;24.75;24.75;25.00;25.50;33.50;32.75;25.50;24.50;23.50;24.25;24.25;25.50;37.50;35.75;25.25;24.25;24.00;24.50;24.50;26.00;38.25;35.25;25.25;24.00;23.75;23.75;24.00;25.25;37.25;32.50;25.00;23.75;24.00;23.50;23.25;24.25;30.75;28.00;24.00;23.75;22.50;23.25;23.75;24.00;24.00;23.50;23.00;23.25;23.75]
29812-[24.50;24.75;25.25;25.25;25.25;24.50;24.75;25.00;24.75;24.25;25.50;26.75;27.00;24.50;24.00;24.75;24.50;24.75;25.50;33.25;32.50;25.00;24.75;24.00;24.25;24.25;25.50;37.50;35.75;25.25;24.25;24.00;24.75;24.50;25.75;38.00;35.00;25.00;24.00;23.75;23.75;24.00;26.00;36.75;33.00;24.75;23.75;24.00;23.25;24.00;24.50;31.00;27.75;24.25;23.00;22.75;23.50;23.50;23.50;24.50;23.75;23.25;23.25;23.25]
30297-[25.00;24.00;25.00;26.00;25.25;24.75;24.75;24.50;24.75;24.50;25.00;26.75;26.75;24.75;24.50;24.25;24.50;24.75;25.75;33.50;32.50;25.25;24.75;24.50;24.00;24.00;26.00;37.75;36.25;25.25;24.50;23.75;24.00;24.75;26.25;37.75;35.25;25.25;24.50;23.25;23.75;24.50;25.25;37.25;33.00;24.75;24.00;23.50;23.50;23.75;24.00;30.75;27.75;24.50;23.25;22.75;23.75;23.50;23.50;23.50;23.75;23.25;23.25;22.50]
30782-[25.00;24.00;24.50;25.50;25.25;24.50;25.00;24.50;24.50;24.25;25.25;27.00;27.25;25.25;24.50;24.25;24.75;25.00;25.50;33.25;32.25;25.50;24.50;23.75;24.50;24.25;25.75;37.75;36.00;25.25;24.25;23.50;24.25;24.75;26.00;38.25;35.00;24.75;24.25;23.25;24.25;24.25;25.50;37.25;32.75;24.75;24.00;24.00;23.75;23.75;24.25;31.00;27.75;24.50;23.50;22.50;23.75;23.75;24.00;24.25;24.25;23.00;23.25;23.50]
31267-[25.00;24.25;25.00;26.00;25.25;24.75;25.25;25.25;25.25;24.50;25.25;27.00;27.00;25.25;25.00;25.00;25.00;24.50;25.50;33.25;32.50;25.75;24.75;24.00;24.25;24.50;25.50;38.00;36.00;25.25;24.50;24.00;24.75;25.00;26.00;38.25;35.25;25.50;24.75;23.25;24.00;24.50;25.75;37.50;32.75;24.75;24.00;23.75;23.00;23.75;24.50;31.25;28.00;24.25;23.75;23.00;23.75;23.50;24.00;24.50;23.50;23.25;23.50;22.75]
31752-[25.00;24.50;24.75;25.50;25.00;25.00;25.25;24.25;25.00;24.50;25.00;26.75;26.75;25.25;24.75;24.75;24.50;24.50;25.75;33.25;32.50;25.50;25.00;23.75;24.50;24.75;26.00;37.50;36.00;25.50;24.50;24.00;24.50;24.50;26.00;38.00;34.75;25.25;24.75;23.50;23.75;24.25;25.50;37.25;32.50;24.75;23.75;24.00;23.50;24.25;24.25;31.00;28.00;24.00;23.75;22.75;23.75;23.25;24.25;24.50;23.75;23.25;23.75;23.50]
32237-[25.00;24.50;24.75;25.50;25.75;24.75;25.25;24.75;24.50;24.50;25.25;27.00;27.00;25.25;24.50;24.75;24.75;24.75;25.75;33.50;32.75;25.50;24.75;24.00;24.75;24.50;25.75;37.75;36.00;25.25;24.25;23.75;24.50;24.75;26.00;38.00;35.00;25.00;24.00;23.75;24.00;24.25;25.75;37.00;33.00;24.75;23.75;24.00;24.00;23.75;24.25;31.00;28.25;24.00;23.50;23.50;24.00;23.50;24.25;24.00;24.00;23.00;23.50;23.00]
32722-[24.50;24.50;24.75;25.75;25.50;24.50;25.00;24.75;25.00;24.25;25.25;26.75;27.00;25.25;24.50;25.00;24.50;24.75;25.25;33.25;32.25;25.00;24.50;24.00;24.25;24.25;26.00;37.75;36.00;25.25;24.25;24.00;24.25;24.75;26.00;38.25;35.00;25.25;24.50;23.50;24.25;24.25;25.75;37.25;32.75;24.50;23.50;23.75;23.50;23.25;24.75;31.00;27.75;24.25;23.50;22.50;23.75;23.25;24.25;23.75;23.75;23.25;23.50;23.00]
33207-[24.75;24.50;24.75;25.25;25.75;24.75;24.75;24.25;24.50;24.00;24.75;27.25;26.75;24.75;25.00;24.75;24.00;24.75;25.50;33.50;32.75;25.50;24.75;24.50;24.50;24.50;25.50;37.75;36.00;24.75;24.25;23.75;24.50;24.75;26.00;37.75;34.75;25.00;24.25;23.25;24.50;24.00;25.50;37.25;33.00;24.75;23.75;24.00;24.00;23.50;24.50;31.25;28.00;23.75;23.25;23.00;23.25;23.75;23.50;24.25;24.00;23.50;23.50;23.50]
33692-[24.50;23.75;24.25;25.50;25.25;24.50;25.00;24.75;24.75;24.00;24.75;26.75;27.00;24.75;24.25;24.50;24.50;24.50;25.75;33.25;32.50;25.50;24.75;24.00;24.50;24.25;25.75;37.50;35.75;25.25;24.25;24.25;24.00;24.50;25.75;38.00;34.25;25.00;24.00;23.25;23.75;24.25;25.25;37.00;32.50;24.25;24.00;23.50;23.50;23.25;24.25;31.25;28.00;23.50;23.00;23.00;23.25;23.25;23.50;24.00;23.25;23.25;23.00;23.25]
34177-[25.00;24.00;24.25;25.50;25.50;24.25;24.75;24.00;24.75;24.25;24.75;27.00;26.75;25.00;24.50;24.50;24.75;24.25;25.25;33.00;32.50;25.25;24.75;24.00;24.25;24.25;25.50;37.50;36.00;25.25;23.75;24.25;24.50;24.50;25.75;37.75;34.75;25.00;24.50;23.50;23.75;24.50;25.75;37.00;33.00;24.50;23.50;24.25;23.25;24.00;24.25;30.50;27.50;24.25;24.00;22.75;23.25;23.75;24.00;24.00;23.50;23.25;23.25;23.75]
34662-[24.75;24.25;24.25;25.50;25.25;24.25;25.00;24.00;25.00;24.25;24.25;26.75;26.75;24.50;24.25;24.25;24.25;24.50;25.25;32.75;32.25;25.00;24.25;23.75;24.00;24.25;25.00;37.75;35.50;25.25;24.25;24.00;24.25;24.50;25.75;38.25;34.25;25.00;24.50;23.50;23.75;24.25;25.50;37.00;32.50;24.50;23.75;23.25;23.75;23.50;24.25;30.50;27.75;24.00;23.25;22.50;23.50;23.00;23.75;24.00;23.75;23.25;22.75;23.50]
35147-[24.50;24.25;25.00;25.00;25.00;24.50;24.75;24.00;24.50;24.25;25.00;27.25;27.00;25.00;24.50;24.50;24.25;24.50;25.50;33.00;32.00;25.50;24.50;24.00;24.25;24.50;25.50;37.25;36.25;25.25;24.00;23.50;24.25;24.50;25.75;37.75;35.00;25.00;24.25;23.75;24.25;24.25;25.75;37.25;33.00;24.75;24.00;24.25;23.75;23.25;24.00;31.00;28.00;23.75;23.50;23.00;23.00;23.50;23.50;24.50;24.00;23.25;23.25;23.50]
35632-[24.75;24.00;24.25;25.25;25.75;24.50;25.25;24.50;24.75;24.00;25.25;27.00;26.75;25.00;24.00;24.50;24.25;24.00;25.75;33.25;32.25;25.50;24.75;24.25;24.50;24.50;25.50;37.75;35.75;24.50;24.25;24.00;24.25;24.75;25.50;37.75;34.75;24.75;24.00;23.50;24.00;24.25;25.25;37.00;32.75;24.75;23.25;23.50;24.25;23.50;24.50;30.75;27.75;23.75;23.50;23.25;23.50;23.00;23.50;24.00;24.00;23.25;23.00;22.50]
36117-[24.50;24.00;24.75;25.25;25.00;24.50;24.75;24.00;24.50;24.25;25.25;26.75;26.75;24.50;24.25;24.25;24.75;24.50;25.50;33.25;32.75;25.25;24.50;24.50;23.75;24.25;25.25;37.75;35.75;25.00;24.50;23.25;24.00;24.50;25.50;38.25;34.50;25.00;23.75;23.50;23.25;24.25;25.50;37.25;32.50;24.50;23.75;23.75;24.00;23.25;24.00;31.00;27.75;24.00;23.50;22.75;23.25;23.75;23.75;24.00;23.25;23.25;23.25;23.00]
36602-[25.00;24.00;24.75;25.25;24.50;25.00;24.50;24.50;24.50;24.50;25.50;27.00;27.00;25.00;24.75;24.25;24.75;24.25;25.75;33.25;32.50;25.50;25.00;23.75;24.00;24.50;25.50;37.25;35.75;25.00;24.25;23.50;24.00;24.25;25.75;37.75;35.00;25.00;24.50;23.50;23.25;24.25;25.25;37.00;32.75;24.50;23.50;23.25;23.25;23.75;24.25;31.25;28.00;23.75;23.50;23.00;23.75;23.25;23.75;24.00;24.50;23.00;23.00;22.75]
37087-[25.00;23.75;24.75;25.25;25.50;24.75;24.75;24.75;24.75;24.50;25.50;27.00;27.00;24.75;24.50;24.75;24.50;24.50;25.75;33.25;32.50;25.50;24.75;24.00;24.25;24.25;25.50;37.75;35.75;25.00;24.50;24.25;24.50;24.50;26.00;38.00;34.75;24.75;24.50;23.50;23.75;24.25;25.50;37.25;32.75;24.50;24.00;23.25;23.75;23.50;24.25;30.75;27.75;23.75;23.25;23.50;23.75;23.25;23.75;23.75;23.75;22.75;23.50;23.50]
37572-[24.50;24.00;24.75;25.50;25.25;24.00;25.00;24.50;24.50;24.75;25.25;27.00;27.00;25.25;24.75;24.75;24.25;25.00;25.50;33.25;32.50;25.50;24.75;24.25;24.50;24.00;25.50;38.00;35.75;25.50;24.25;23.75;24.75;24.25;25.75;37.75;35.00;25.00;24.25;23.75;23.75;24.25;25.75;36.75;33.00;24.75;23.75;24.00;23.50;23.50;24.25;30.75;27.75;24.25;23.25;22.75;23.00;23.50;24.25;24.00;23.75;23.25;23.50;23.50]
38057-[24.75;24.00;24.50;25.50;25.25;25.00;25.00;24.75;24.50;25.00;25.25;27.00;26.75;24.75;24.25;25.25;24.75;24.75;25.75;33.00;32.25;25.50;24.75;24.25;24.50;24.50;26.00;37.25;36.00;25.25;24.50;24.25;24.00;24.75;25.75;38.00;35.00;25.50;24.25;23.25;23.75;24.00;25.25;37.25;32.75;24.50;24.00;24.00;24.00;23.75;24.25;31.00;28.00;24.25;23.50;23.25;23.00;23.25;24.25;24.50;24.00;23.25;23.75;23.00]
38542-[24.75;24.25;25.00;26.00;25.25;25.00;25.25;24.00;25.00;24.50;25.25;27.25;26.75;25.25;24.75;25.00;25.00;25.25;25.75;33.00;32.50;25.50;24.75;24.25;24.50;24.50;26.00;37.75;36.00;25.50;24.75;23.75;24.25;24.50;26.25;37.75;35.00;25.75;25.00;23.75;24.25;24.25;25.25;37.50;32.75;24.50;23.75;24.00;23.50;23.75;24.00;31.00;28.00;24.25;23.50;23.00;23.25;23.75;24.00;24.00;24.00;23.25;23.25;23.25]
39027-[25.50;24.25;25.00;25.75;24.75;24.75;24.75;24.50;24.75;25.00;25.25;26.75;27.00;25.25;24.75;24.50;25.00;24.50;25.50;33.00;32.50;25.50;25.00;24.50;24.75;24.25;26.00;37.75;35.75;25.50;24.50;23.75;24.50;24.50;26.00;37.75;35.25;25.25;24.50;23.50;23.75;24.00;25.75;37.75;33.00;24.50;24.00;24.00;23.75;23.50;24.75;31.00;28.00;24.00;23.50;23.25;23.00;23.75;24.25;24.25;24.00;22.75;23.50;23.75]
39512-[24.75;24.75;25.00;25.50;25.25;24.75;24.75;24.75;24.75;24.25;25.00;27.00;27.00;25.00;24.25;24.75;24.75;24.50;26.25;33.75;32.75;25.75;25.00;24.00;24.00;24.50;26.00;38.00;36.00;25.50;24.50;24.00;24.75;24.50;26.00;37.75;34.75;25.00;24.25;23.25;24.25;23.75;25.25;37.00;32.75;24.50;24.00;24.00;23.50;23.50;24.75;31.00;28.00;23.75;23.75;22.75;23.75;23.75;23.50;23.75;24.00;23.50;23.75;23.50]
39997-[24.50;24.00;24.75;25.50;25.50;24.50;24.75;24.50;25.00;24.75;25.50;27.25;27.00;25.25;24.50;24.50;24.50;25.00;25.75;33.50;32.50;25.25;24.75;23.75;25.00;24.25;25.50;37.75;36.00;25.50;24.50;24.00;24.25;24.75;26.00;37.75;35.25;24.75;24.50;23.50;24.00;24.25;25.50;37.00;32.50;24.50;24.00;23.50;23.50;23.75;24.75;31.00;28.00;24.00;24.00;23.50;23.50;23.75;24.25;24.25;23.75;23.75;24.00;23.25]
40482-[24.75;24.25;24.25;25.25;25.25;24.75;24.50;24.75;24.75;24.25;25.00;26.75;26.75;25.00;24.50;25.00;24.50;25.00;25.00;33.25;32.75;25.50;25.00;24.00;24.50;24.50;25.75;37.75;36.00;25.25;24.75;24.00;24.50;24.25;26.00;38.00;35.00;25.00;24.75;23.25;23.75;24.25;25.50;37.00;32.75;24.50;24.50;23.00;24.00;23.50;24.25;31.00;28.25;24.50;23.75;23.25;23.50;23.75;23.75;24.00;23.50;23.25;23.25;23.00]
40967-[24.75;24.50;24.75;25.50;25.50;24.75;25.00;24.50;24.75;24.50;25.25;27.00;26.75;25.25;24.50;25.00;25.00;25.00;25.75;33.25;32.75;25.75;25.00;24.00;24.25;24.50;26.00;37.75;36.25;25.75;24.75;23.50;24.50;24.75;26.00;38.00;35.25;25.25;24.00;23.75;23.75;24.75;25.50;37.00;32.50;25.00;24.00;23.25;23.50;23.25;25.00;31.25;28.00;24.00;23.25;23.00;23.75;23.25;24.25;24.00;24.00;23.25;23.50;23.50]
41452-[25.00;24.25;25.00;25.50;25.50;24.75;25.00;25.00;24.75;24.75;25.00;27.00;26.50;25.00;25.00;24.75;24.50;25.00;25.50;33.25;32.50;25.50;24.75;24.25;24.25;24.50;25.75;37.50;36.00;25.25;24.50;24.00;24.25;25.00;26.00;37.75;35.00;25.50;24.25;23.75;23.75;24.25;25.75;37.25;33.25;24.50;23.75;23.75;24.00;23.25;24.25;31.50;28.00;24.25;23.25;23.00;23.25;23.75;24.00;24.00;24.00;23.25;23.25;23.25]
41937-[25.00;24.25;24.50;25.25;25.25;25.00;25.50;25.00;24.75;24.25;25.25;27.00;26.75;24.75;24.50;24.75;24.50;25.00;25.75;33.00;32.75;25.25;25.00;24.25;24.75;24.50;25.75;37.50;36.25;25.50;24.25;23.75;24.50;24.75;26.00;37.75;35.00;25.25;24.50;23.50;24.00;24.25;25.50;37.25;32.75;24.50;24.00;24.00;24.50;23.75;24.25;30.75;27.75;24.50;23.50;22.75;23.00;23.50;24.00;24.50;24.00;23.25;23.50;23.75]
42422-[25.25;24.75;24.75;25.50;25.75;24.75;25.00;24.75;24.75;24.25;25.50;27.00;26.75;24.50;24.25;24.25;24.75;25.00;25.50;33.50;32.75;26.00;24.75;24.25;24.25;24.25;25.50;37.75;36.00;25.25;24.50;23.25;24.25;25.00;26.50;38.00;35.25;25.50;24.00;23.75;24.00;24.50;25.25;37.25;33.00;24.50;23.50;23.50;24.00;23.50;24.00;31.25;28.00;24.00;23.75;22.50;23.50;23.75;23.75;24.00;24.00;23.00;23.50;23.25]
42907-[24.50;24.25;25.00;25.50;25.00;25.00;24.75;24.75;24.75;24.50;25.25;26.75;27.25;25.00;24.75;24.25;24.50;24.75;25.75;33.25;32.75;25.25;24.50;24.50;24.75;24.75;25.25;37.75;36.25;25.50;24.50;23.50;24.25;24.50;26.00;38.00;35.00;25.00;24.75;23.75;24.25;24.25;25.50;37.50;32.75;24.50;24.00;23.25;23.50;23.75;24.00;31.00;27.75;24.00;23.50;22.50;23.00;23.50;23.50;23.75;24.50;23.00;23.50;23.25]
43392-[24.75;24.00;24.75;25.25;25.25;25.00;24.50;24.25;25.00;24.25;25.50;27.25;27.00;25.25;24.25;24.75;24.75;24.75;25.50;33.25;32.50;25.50;24.75;23.75;25.00;24.25;25.50;37.75;35.75;25.75;24.75;23.50;24.25;24.25;26.00;37.75;35.00;25.00;24.25;23.25;24.00;24.00;25.25;37.25;32.75;24.50;23.50;23.75;23.50;23.50;24.00;31.00;27.50;23.75;23.50;22.75;23.25;23.25;23.50;23.75;23.25;23.00;23.50;23.00]
43877-[24.75;24.25;24.50;25.25;25.00;24.50;24.75;24.75;25.00;24.50;25.00;27.00;26.50;25.00;24.25;25.00;24.75;24.50;25.75;33.50;32.50;25.25;24.75;23.75;24.50;24.00;25.75;37.50;36.25;25.00;24.25;24.00;24.50;24.25;26.00;38.00;34.75;25.00;24.25;23.25;23.75;24.50;25.50;37.25;32.50;24.75;23.50;23.25;23.75;23.00;24.50;31.25;27.75;24.00;23.25;23.00;23.50;24.25;23.25;24.00;23.25;23.50;23.50;23.00]
44362-[25.00;24.25;24.75;25.50;25.25;24.50;24.50;24.25;24.25;24.25;24.75;27.25;26.50;25.00;24.50;25.00;24.25;24.50;25.00;33.25;32.75;25.00;25.00;24.25;24.25;24.50;25.50;37.75;36.25;25.25;24.50;23.75;24.25;24.50;25.75;37.75;34.75;25.00;24.25;23.75;23.75;23.75;25.25;37.50;32.75;24.50;23.75;23.25;23.75;23.75;24.25;31.25;27.50;24.00;23.75;23.00;23.00;23.75;24.25;24.25;23.50;23.25;23.00;23.25]
44847-[24.75;24.75;25.00;25.50;25.75;25.25;25.25;25.00;25.00;24.50;24.75;26.75;26.75;25.25;24.50;24.75;24.50;24.75;25.50;33.50;33.00;25.75;24.75;24.25;24.25;24.50;25.50;37.50;35.75;25.75;24.25;24.00;24.50;25.00;26.25;38.00;35.25;25.25;24.25;23.75;24.25;24.00;25.50;37.25;32.75;25.25;24.25;23.75;23.75;23.50;23.75;31.25;27.75;24.25;23.25;22.50;23.50;23.25;24.25;24.00;23.75;23.25;23.50;23.50]
45332-[25.00;24.25;24.75;25.50;25.25;24.75;25.00;25.00;24.25;24.50;25.00;27.00;27.00;25.00;24.25;24.75;25.00;24.75;26.25;33.50;32.75;25.50;24.75;24.25;24.50;24.75;25.75;37.75;36.00;25.50;24.75;23.75;24.25;24.75;26.00;38.25;35.25;25.50;24.25;24.00;23.75;24.25;25.50;37.50;33.00;24.75;23.50;23.75;23.75;23.50;24.75;30.75;28.00;24.00;23.50;23.25;23.50;23.50;23.75;24.50;23.75;23.25;23.75;23.50]
45817-[24.50;24.25;25.00;25.50;25.25;25.00;24.75;25.00;25.00;24.25;25.50;27.25;27.00;25.00;25.00;24.50;24.75;24.75;25.75;33.75;32.50;25.75;25.00;24.50;24.75;24.50;25.50;38.00;36.25;25.25;25.00;24.25;24.25;24.50;26.25;38.00;35.25;25.25;24.50;23.75;24.25;24.25;25.50;37.50;33.00;24.75;24.00;23.50;23.50;23.25;24.25;31.50;27.75;24.25;23.50;22.50;23.75;23.50;24.25;24.75;24.75;23.50;23.75;23.25]
46302-[25.00;24.25;25.25;25.50;25.50;24.75;25.00;25.00;25.00;24.50;25.25;27.00;26.75;25.50;24.75;24.50;24.75;24.50;25.75;33.50;32.75;25.25;25.00;24.50;24.25;24.25;25.75;37.50;36.25;25.25;24.25;24.00;24.50;25.25;25.75;38.00;35.25;25.50;24.75;24.00;24.25;24.50;25.75;37.25;33.00;24.75;24.50;23.75;24.00;24.00;25.00;31.50;28.25;24.25;24.00;23.25;23.25;23.25;24.25;24.25;23.75;23.50;23.00;23.25]
46787-[25.25;24.25;24.50;26.00;25.50;25.00;24.50;25.25;24.50;24.50;25.50;26.75;27.25;25.50;24.75;25.25;25.25;24.75;26.00;33.50;32.75;25.25;25.25;24.50;24.50;24.75;25.75;38.00;36.25;25.25;24.50;24.25;24.75;24.50;26.00;38.25;35.25;25.50;25.00;24.25;23.75;24.50;26.00;37.25;33.25;25.25;24.00;24.00;24.25;24.00;24.50;31.75;28.25;24.50;23.50;23.25;23.00;23.75;24.00;24.50;24.25;23.25;23.25;23.75]
47272-[25.00;24.25;24.75;26.00;25.50;24.75;25.25;24.50;25.25;24.50;25.25;27.50;27.00;25.50;24.75;25.25;24.75;24.75;26.25;33.25;32.50;25.75;25.00;24.50;24.75;24.75;25.75;37.75;36.00;25.50;24.75;24.00;25.00;25.00;26.25;38.25;35.25;25.25;24.50;23.75;23.75;24.25;25.50;37.25;32.75;25.00;24.25;23.50;23.50;23.75;25.00;31.00;28.25;24.25;23.50;22.75;23.75;23.75;23.75;24.00;24.50;23.50;24.00;23.00]
47757-[25.00;24.75;24.75;25.75;25.75;24.75;24.75;24.75;24.50;24.25;25.00;27.25;27.25;25.25;24.25;25.50;24.50;24.75;25.50;33.50;32.50;25.25;25.00;24.50;24.50;24.50;25.75;37.75;36.00;25.50;24.50;23.50;25.25;25.00;25.75;38.25;35.00;25.50;24.75;23.75;24.25;24.25;25.50;37.25;33.00;25.00;23.75;24.00;23.75;23.75;24.25;31.50;28.00;24.25;23.50;22.75;23.25;23.50;24.25;24.50;24.50;23.25;23.50;23.75]
48242-[25.00;24.25;24.75;25.25;25.75;24.50;25.00;25.00;25.00;24.50;25.75;27.00;27.00;25.25;24.75;24.75;25.00;25.00;25.50;33.25;32.75;25.75;25.25;24.00;24.25;24.50;25.50;38.00;36.25;25.50;25.00;23.75;25.00;25.00;26.25;38.00;35.25;25.50;24.75;23.75;24.25;24.50;26.00;37.50;33.50;25.00;24.25;23.50;24.25;23.75;24.75;31.25;28.00;24.25;24.00;22.25;23.50;24.00;24.25;23.75;24.50;23.25;23.50;23.50]
48727-[25.00;23.75;24.75;25.50;25.50;24.25;25.25;25.00;24.75;24.75;25.25;27.25;27.00;25.00;25.00;24.50;24.50;25.00;25.75;33.25;32.50;25.75;25.00;24.00;24.75;24.25;26.00;37.75;36.25;25.50;24.75;24.25;24.50;24.50;26.25;38.25;35.25;25.50;24.50;23.50;23.75;24.75;26.25;37.50;33.00;25.00;23.50;24.25;24.00;23.25;24.50;31.00;28.25;24.25;23.25;23.00;23.50;23.25;23.50;24.50;24.00;23.25;23.25;23.00]
49212-[25.00;24.25;25.00;25.50;25.50;24.75;25.00;24.50;24.75;24.50;25.25;27.00;26.75;25.50;24.25;25.25;24.75;24.75;25.25;33.75;32.50;25.50;24.75;24.25;24.50;24.50;26.00;37.50;35.75;25.50;24.50;23.75;25.00;24.50;26.25;38.00;35.25;25.00;24.75;23.50;24.00;24.25;25.50;37.25;32.75;25.25;23.50;23.75;24.00;23.50;24.50;31.50;28.25;24.25;23.25;23.25;23.50;24.00;23.50;24.25;24.50;23.50;23.00;23.25]
49697-[24.50;24.00;25.50;25.75;25.75;25.00;24.75;25.25;24.75;24.50;25.50;27.50;27.25;25.25;24.75;24.50;24.75;24.75;25.50;33.25;32.50;25.50;25.00;24.25;24.50;24.75;26.00;37.75;36.00;25.50;24.25;24.25;24.25;24.50;26.00;38.50;35.25;25.25;24.50;24.00;24.00;24.50;25.50;37.50;33.00;24.50;24.25;23.75;24.00;23.50;24.75;31.25;28.00;24.00;23.50;22.50;23.50;23.50;24.00;24.25;24.00;23.25;23.25;23.50]
50182-[25.00;24.25;24.50;25.25;25.75;25.00;25.25;25.00;25.25;24.75;25.25;27.00;26.75;24.75;24.75;25.00;25.00;24.75;25.50;33.50;32.50;25.50;24.50;24.25;24.75;24.50;25.75;37.75;36.00;25.25;24.00;23.50;24.00;24.50;26.25;38.25;35.00;25.50;24.50;24.00;23.75;24.50;25.75;37.25;33.25;24.75;23.75;23.50;23.75;23.00;24.75;30.75;28.25;24.00;23.50;22.75;23.25;24.00;24.00;24.00;23.75;23.25;23.25;23.00]
50667-[24.75;24.00;24.75;25.50;25.50;24.50;25.00;24.25;25.00;24.25;24.75;27.00;27.00;25.00;24.50;24.25;25.00;24.75;25.25;33.25;32.25;25.50;24.50;24.25;24.25;24.50;25.50;38.00;35.75;25.50;24.00;23.75;24.50;24.50;25.75;38.00;35.00;25.00;24.25;23.75;23.75;24.00;25.75;37.25;33.00;24.75;23.75;23.50;23.75;23.75;24.25;31.25;28.00;24.00;24.00;23.25;23.25;23.00;23.25;24.00;23.50;23.00;22.50;23.00]
51152-[24.75;24.00;24.75;25.25;25.50;24.25;24.75;24.50;24.25;24.25;25.25;26.75;27.25;25.00;24.25;24.50;24.50;24.50;25.50;33.00;32.50;25.25;24.75;23.75;24.00;24.25;25.50;37.75;35.75;25.25;24.75;23.50;24.50;25.00;26.00;38.00;35.00;25.00;24.25;23.00;23.75;24.00;25.50;37.25;32.75;24.50;23.50;23.50;23.75;23.75;24.25;31.25;28.00;24.00;23.00;23.75;23.75;23.25;23.75;24.00;23.75;23.25;23.25;23.00]
51637-[24.75;24.50;24.75;25.25;25.50;24.50;25.00;24.25;24.50;24.25;25.00;26.75;27.25;24.75;24.25;24.25;24.75;24.75;25.75;33.25;32.50;25.75;25.00;23.75;24.25;24.25;25.50;38.00;36.00;25.25;24.25;23.50;24.00;24.75;26.00;38.00;35.00;25.25;24.00;23.50;24.00;24.00;25.50;37.25;32.75;24.50;24.00;23.50;24.00;23.75;24.50;31.50;28.00;24.00;23.25;23.00;23.50;23.25;23.75;24.00;23.50;23.00;23.25;23.25]
52122-[24.50;24.50;24.75;25.25;25.00;24.75;25.00;24.50;24.50;24.75;24.75;26.75;27.00;25.25;24.00;24.75;24.50;24.50;25.75;33.25;32.25;25.50;24.25;24.00;24.75;24.50;25.25;38.00;36.00;25.25;24.00;23.75;24.25;24.50;25.75;38.00;35.25;25.25;24.75;23.75;23.75;24.50;25.25;37.50;32.75;25.00;23.50;24.00;24.00;23.25;24.75;31.25;28.25;24.00;23.50;22.75;23.00;23.75;24.00;23.75;23.50;22.75;23.75;22.50]
52607-[24.50;24.00;25.00;25.25;25.00;24.25;24.50;24.75;24.75;24.00;25.00;27.25;27.00;24.75;24.25;24.50;24.50;25.00;25.50;33.00;32.50;25.25;25.00;24.50;24.25;24.50;25.75;37.50;36.25;25.50;24.00;23.50;24.00;24.25;25.75;38.00;35.00;24.75;24.00;23.25;23.75;24.25;25.75;37.50;32.75;24.00;23.75;23.50;23.50;23.25;24.50;31.00;28.00;24.25;23.50;22.50;23.25;24.25;24.00;23.75;23.50;23.00;23.25;23.00]
53092-[24.75;24.00;24.25;25.25;25.50;24.75;24.75;24.50;24.75;24.50;25.25;27.00;26.75;24.75;24.50;24.50;24.75;24.75;25.75;33.25;32.25;25.25;24.75;23.75;24.00;24.50;25.75;37.50;36.00;25.25;24.25;24.00;24.50;24.75;26.25;38.00;35.00;25.25;24.25;23.75;23.75;24.50;25.25;37.25;33.00;24.50;23.50;23.75;23.75;23.75;24.50;31.25;27.75;23.75;23.50;23.00;23.50;23.50;23.75;24.00;23.75;23.00;23.00;22.75]
53577-[24.75;24.50;24.25;25.50;25.25;24.50;24.75;24.50;24.50;24.50;25.50;26.75;26.75;24.75;24.25;24.25;24.50;25.00;25.25;33.25;32.25;25.50;24.75;24.00;24.50;24.25;25.75;37.75;36.00;25.00;24.50;23.50;24.00;24.75;26.25;37.75;34.75;24.75;24.25;24.00;23.50;24.25;25.50;37.25;33.00;24.50;23.50;23.25;23.25;23.50;24.00;30.75;27.75;23.75;23.50;22.50;23.00;23.25;23.50;24.25;23.50;23.50;23.00;23.00]
54062-[24.75;24.50;24.50;25.25;25.00;24.25;24.50;24.50;24.75;25.00;25.00;27.00;26.50;24.75;24.50;24.50;25.00;24.75;25.75;33.00;32.50;25.25;24.75;24.00;24.25;24.75;25.50;37.50;36.00;25.00;24.50;23.75;24.50;24.00;26.25;38.00;34.75;25.25;24.25;23.50;24.25;24.00;25.75;37.00;33.00;24.50;23.75;23.75;23.50;23.25;24.00;30.75;27.75;24.00;23.50;22.50;23.00;23.00;23.75;24.25;24.50;23.00;23.25;22.75]
54547-[24.75;23.75;24.25;25.50;25.25;25.00;24.75;24.25;24.50;24.75;25.00;26.75;26.75;25.25;24.25;24.50;24.75;25.00;25.50;33.25;32.50;25.25;25.00;24.25;24.50;24.00;25.75;37.25;35.75;25.25;24.00;24.25;24.50;24.50;25.75;37.75;35.25;25.00;24.75;23.25;24.00;24.00;25.50;37.25;32.75;24.75;24.00;23.50;23.25;23.50;24.50;31.25;27.75;24.00;23.50;22.50;23.75;23.00;24.00;23.50;23.75;23.00;23.00;23.00]
55032-[25.25;24.25;25.25;25.25;25.25;25.00;24.75;24.50;24.75;24.00;25.00;26.75;27.00;25.00;24.00;24.50;25.00;25.00;25.50;33.25;32.50;25.25;24.50;24.00;24.25;24.50;25.75;37.25;35.75;25.00;24.25;23.75;24.75;25.00;26.00;38.00;35.00;25.50;24.50;23.50;23.75;24.75;25.50;37.25;32.50;25.00;23.50;23.75;23.50;23.75;24.25;31.25;27.75;24.00;23.75;22.50;23.25;23.50;24.00;24.25;23.75;23.25;23.25;22.75]
55517-[24.00;24.50;24.75;25.50;25.25;24.50;24.25;24.75;24.75;24.25;24.75;26.50;26.50;24.75;24.00;24.50;24.50;24.75;25.50;33.00;32.25;24.75;24.50;24.00;24.00;24.50;25.50;37.50;35.75;24.75;24.00;23.75;24.25;24.50;25.75;38.00;34.75;25.25;24.00;23.50;24.00;24.50;25.25;36.75;32.75;24.50;23.75;24.00;23.75;23.50;24.00;31.00;28.00;23.50;23.00;22.75;23.75;22.75;23.25;24.25;23.75;23.00;23.00;22.50]
56002-[24.25;24.00;24.75;25.25;25.50;24.75;24.75;25.00;24.50;24.25;25.25;26.50;26.75;25.00;24.50;24.00;24.00;25.00;25.75;33.50;32.25;25.00;24.75;23.75;24.25;24.50;25.50;37.50;35.75;25.25;24.25;24.00;24.25;25.00;25.50;38.00;35.25;25.00;24.25;23.50;24.00;24.00;25.75;37.25;33.00;25.00;23.75;23.75;24.00;23.50;24.25;31.50;28.00;24.50;23.50;22.75;23.25;23.50;24.25;23.75;23.75;23.25;23.25;23.00]
56487-[24.25;24.00;24.75;25.50;25.75;24.25;25.25;24.50;24.50;24.25;25.50;27.00;27.00;25.00;24.75;24.75;24.25;24.75;25.25;33.25;32.50;25.50;24.75;23.75;24.25;24.25;25.50;37.50;35.75;25.50;24.25;23.75;24.75;24.50;25.75;38.00;35.00;25.50;24.25;23.50;24.00;24.25;25.75;37.00;32.50;24.50;23.50;23.50;23.00;23.50;24.50;31.25;28.00;23.75;23.50;22.75;23.25;24.00;23.75;24.00;24.25;23.25;23.25;23.50]
56972-[24.75;24.25;25.00;25.00;25.25;24.25;24.50;24.50;25.25;24.25;25.25;27.00;27.00;24.75;24.50;24.50;24.50;24.50;25.25;33.25;32.50;25.50;24.75;24.00;24.25;24.25;25.75;37.50;36.00;25.25;24.00;24.00;24.25;24.75;25.75;38.00;35.00;25.00;23.75;23.50;24.00;24.00;25.50;37.25;33.00;24.50;24.00;23.75;23.75;23.50;24.25;31.25;28.00;24.00;23.25;22.75;23.00;23.50;23.50;23.75;23.75;23.00;22.75;23.00]
57457-[24.75;24.00;24.50;25.50;25.25;24.50;24.75;24.75;24.50;24.25;24.75;27.00;26.75;24.75;24.50;24.75;24.50;24.50;25.50;33.50;32.25;25.25;25.00;24.00;24.50;24.25;25.50;37.75;36.00;25.00;24.50;23.50;24.50;24.50;26.00;37.75;34.50;25.25;24.50;23.75;23.75;24.50;25.50;37.00;32.50;24.75;23.50;23.50;23.75;23.75;24.25;31.00;27.75;24.00;23.00;22.75;23.75;23.50;24.00;23.75;23.75;23.00;23.25;23.50]
57942-[24.75;23.75;24.25;25.25;25.25;24.50;24.75;24.25;24.75;24.25;25.25;26.75;26.75;25.00;24.50;24.00;24.25;24.75;25.75;33.25;32.25;25.75;24.50;24.00;24.50;24.25;25.50;37.25;35.75;24.75;24.00;23.50;24.25;25.00;26.25;37.75;34.75;25.00;24.00;24.00;24.00;24.25;25.25;37.00;32.75;24.75;23.75;23.75;23.75;23.75;24.25;31.00;27.75;23.75;23.50;23.00;23.25;23.50;24.00;23.50;23.75;23.25;23.25;23.00]
58427-[24.75;24.00;24.50;25.25;25.00;24.25;24.75;24.25;23.75;24.00;24.75;26.25;26.75;24.50;24.50;24.25;24.25;24.75;25.25;33.00;32.00;25.50;24.50;24.25;24.25;24.25;25.50;37.25;35.75;25.00;24.00;24.00;24.50;24.50;25.25;37.50;34.75;24.75;24.00;23.00;23.75;23.75;25.25;37.00;32.25;24.25;23.50;23.75;23.75;23.50;24.00;30.75;28.00;23.50;23.00;23.25;23.25;23.00;23.75;23.75;23.50;22.75;22.75;23.00]
58912-[24.50;24.00;24.50;25.25;25.00;24.50;25.00;24.75;24.75;24.25;24.50;26.50;26.50;24.50;24.25;24.25;24.25;24.75;25.75;33.25;32.00;25.25;24.75;23.75;23.75;24.75;25.25;37.50;35.75;25.00;24.00;23.75;24.50;24.50;25.50;37.50;34.50;24.75;24.00;23.25;23.75;24.50;25.75;37.00;32.25;24.75;23.50;23.50;24.00;23.50;24.25;31.25;27.50;24.00;23.00;22.00;23.25;23.25;23.50;23.75;24.00;22.75;23.25;22.50]
59397-[24.50;24.00;24.50;25.25;25.25;24.25;25.00;24.50;24.25;24.00;25.00;26.75;27.00;24.50;24.25;24.25;24.75;24.00;25.50;33.25;32.50;25.50;24.50;23.75;24.25;24.25;25.50;37.75;36.00;24.75;24.75;24.00;24.00;24.50;25.75;37.75;34.75;24.75;24.00;23.25;23.75;24.00;25.25;37.00;32.75;24.25;23.25;23.50;23.75;23.50;24.00;31.25;27.75;24.00;23.00;22.75;23.50;23.25;24.00;23.50;24.00;22.75;23.00;22.75]
59882-[24.50;24.00;24.75;25.50;25.25;24.50;24.50;24.25;24.75;24.25;24.50;26.75;26.75;24.50;24.50;24.25;24.75;24.75;25.50;33.25;32.00;25.25;24.25;23.75;24.75;24.25;25.75;37.50;35.75;25.00;24.25;23.50;24.00;24.75;25.75;38.25;34.75;25.25;24.25;23.25;23.75;24.25;25.50;37.25;32.25;24.50;23.25;24.00;23.75;23.00;24.00;31.00;27.75;24.25;23.50;22.75;24.00;23.00;24.00;24.00;24.00;23.25;23.25;23.25]
60367-[24.50;24.25;24.50;25.50;25.25;24.50;24.75;25.00;24.25;24.50;24.75;26.75;26.50;25.25;24.50;24.50;24.50;24.50;25.25;33.00;32.00;25.25;24.75;24.00;24.25;24.00;25.75;37.50;35.75;25.25;24.50;24.00;24.50;24.50;25.75;37.50;34.75;25.25;24.25;23.25;24.00;24.00;25.50;37.00;33.00;24.50;23.75;24.00;23.50;24.00;24.25;30.75;28.00;23.75;23.50;22.50;23.00;23.25;23.50;23.75;24.00;22.75;23.00;23.50]
60852-[24.50;24.00;24.25;24.75;25.25;24.50;24.75;24.25;24.75;24.25;24.75;26.25;27.00;25.00;24.25;24.75;24.75;24.00;25.50;33.00;32.50;25.50;24.50;24.00;24.75;24.00;25.50;37.50;35.75;25.00;24.00;23.50;23.75;24.50;25.50;37.75;35.00;25.00;24.50;23.50;24.00;23.75;25.25;37.00;32.50;24.25;23.00;23.00;23.25;23.00;24.25;31.00;27.75;23.50;23.50;22.75;23.75;23.25;24.00;23.75;23.25;23.00;22.50;23.50]
61337-[24.50;23.50;24.50;25.25;25.25;25.00;25.00;24.25;24.50;24.50;24.50;26.75;26.50;24.75;24.50;24.50;24.75;24.50;25.50;33.25;32.50;25.75;25.00;23.75;24.25;24.50;25.50;37.50;36.00;25.00;24.00;23.75;24.50;24.25;25.75;37.75;34.75;25.25;24.50;23.75;24.00;24.25;25.50;37.25;32.50;24.50;23.75;23.75;23.25;23.25;24.25;30.75;27.75;23.75;23.25;22.25;23.25;23.50;23.75;24.75;24.00;22.75;23.00;23.75]
61822-[24.25;23.75;24.75;25.00;25.00;24.50;24.50;24.25;24.75;24.50;25.00;26.75;27.00;25.00;24.50;24.25;24.25;24.25;25.25;33.00;32.75;25.50;24.50;23.75;24.25;24.25;25.25;37.25;35.75;25.00;24.25;23.75;24.25;24.50;25.75;37.75;35.00;24.75;24.50;23.50;24.00;23.75;25.50;36.75;32.75;25.00;23.50;23.50;23.50;23.50;24.00;30.50;27.75;24.25;23.25;22.75;23.50;24.00;23.75;24.00;23.75;23.50;22.75;23.00]
62307-[24.75;24.25;24.50;25.50;25.50;24.50;24.75;24.75;24.50;24.25;25.25;27.25;27.00;25.00;24.25;24.75;24.25;24.75;25.50;33.50;32.50;25.25;24.50;23.75;24.25;24.25;25.50;37.50;36.00;25.25;24.50;23.75;24.00;24.50;26.00;37.50;35.25;25.25;24.25;23.50;24.25;24.25;25.50;37.00;32.75;24.75;23.50;23.75;23.25;23.75;24.00;31.00;27.75;24.50;23.25;22.50;23.25;24.00;24.00;24.25;23.75;22.75;23.50;23.25]
62792-[24.50;24.00;24.75;25.25;25.25;24.75;24.75;24.25;24.50;24.00;25.00;26.50;26.75;25.25;24.25;24.50;24.50;24.50;25.75;33.25;33.00;25.00;24.75;24.00;24.25;24.25;25.50;37.50;36.00;25.25;24.25;24.00;24.25;24.25;25.75;37.75;35.00;25.00;23.75;23.50;23.50;24.25;25.25;37.00;32.75;24.25;23.75;23.75;23.75;23.50;24.00;31.00;27.75;24.00;23.75;22.75;24.00;23.75;24.25;23.75;23.75;23.00;23.50;23.00]
63277-[24.75;24.00;25.00;25.25;25.00;24.50;24.50;24.50;24.50;24.25;24.50;27.00;26.75;25.00;24.25;24.50;24.50;24.75;25.25;33.25;32.25;25.25;24.50;23.75;24.50;24.25;25.50;37.75;36.00;25.25;24.25;24.25;24.25;24.50;26.00;37.50;34.75;25.25;24.25;23.25;24.00;24.25;25.25;36.75;32.75;24.75;23.75;23.25;23.75;23.50;24.50;31.00;28.00;24.25;23.25;23.25;23.00;23.50;24.00;24.00;24.00;23.25;23.00;22.75]
63762-[24.75;23.75;24.50;25.50;25.25;24.75;24.75;24.75;24.25;24.25;24.75;27.00;26.75;25.00;24.50;24.50;24.75;24.75;25.50;33.25;32.75;25.25;25.00;24.25;24.75;24.25;25.50;37.25;35.50;25.25;24.25;23.75;24.50;24.25;26.00;37.75;35.00;25.00;24.25;23.00;23.75;23.75;25.50;36.50;33.00;24.75;24.25;23.75;23.75;23.50;24.25;30.50;28.00;24.00;22.75;22.75;23.50;23.00;23.75;23.75;24.00;22.75;23.00;23.00]
64247-[24.25;24.50;24.50;25.25;25.25;24.25;25.00;24.25;25.25;24.25;25.25;26.50;26.75;24.75;24.50;24.75;25.00;24.75;25.25;33.50;32.25;25.00;24.50;24.25;24.00;24.25;25.75;37.75;35.75;25.00;24.25;23.75;24.25;24.50;25.75;37.75;35.25;24.75;24.00;23.50;24.00;24.25;25.25;36.75;33.00;24.00;23.50;23.75;23.25;23.50;24.25;30.50;27.75;23.75;23.25;22.75;23.75;23.50;23.50;23.75;23.75;23.00;23.00;23.00]
64732-[24.50;24.50;25.00;25.25;25.50;24.75;24.50;24.25;24.50;24.25;25.00;27.00;26.50;25.00;24.25;24.25;24.50;24.50;25.25;33.25;32.50;25.00;24.50;24.25;24.00;24.25;25.50;37.50;35.50;25.00;24.00;24.25;24.50;24.50;26.00;37.25;34.75;25.25;24.50;23.25;23.50;23.75;25.00;37.00;33.00;24.50;23.50;23.75;23.50;23.50;23.75;30.75;27.50;24.00;23.50;22.50;23.25;23.25;23.50;23.25;23.50;23.00;23.25;22.75]
65217-[24.50;24.00;24.50;25.25;25.25;24.75;25.50;24.25;24.25;24.25;24.75;26.75;26.25;25.25;24.75;24.25;24.50;24.50;25.50;33.50;32.75;25.25;24.50;24.00;24.25;24.00;25.25;37.50;36.00;24.75;24.25;23.50;24.00;24.25;25.75;37.75;34.50;25.25;23.75;23.25;24.00;23.75;25.50;37.00;32.75;24.25;23.50;24.00;23.50;23.75;24.50;30.50;27.75;23.50;23.25;22.75;23.00;23.75;23.75;24.00;24.00;22.50;23.00;23.00]
65702-[24.25;24.00;24.75;25.25;25.50;24.50;24.75;24.00;24.50;24.00;24.75;27.25;27.00;24.75;24.25;23.75;24.50;24.50;25.75;33.00;32.50;25.50;24.50;24.00;24.25;24.00;25.25;37.50;36.25;25.00;24.00;23.50;24.50;24.75;25.50;37.50;34.75;25.00;24.00;23.50;24.00;24.25;25.25;37.00;32.75;24.00;23.75;23.50;23.25;23.50;23.75;30.00;27.50;23.50;23.50;22.75;22.75;23.00;22.75;24.00;23.50;23.00;23.00;23.25]
66187-[24.50;23.75;24.75;25.75;25.75;24.75;24.75;24.25;24.25;24.00;24.75;26.75;27.00;24.75;24.25;24.25;24.75;24.00;25.00;33.25;32.75;25.50;24.50;23.50;24.25;24.50;25.25;37.00;35.75;25.00;24.25;23.75;24.25;24.50;25.50;37.75;35.00;25.25;24.50;23.25;23.75;24.00;25.00;36.75;32.25;24.75;23.50;23.75;23.75;23.75;24.00;30.50;27.75;24.00;23.00;22.25;23.25;23.50;23.50;23.50;23.75;23.00;23.25;23.50]
66672-[24.50;23.75;24.50;24.75;25.50;24.50;24.50;24.25;24.50;24.25;24.75;27.00;26.75;25.00;24.00;24.25;24.50;24.50;25.50;33.25;32.75;25.25;24.25;24.00;24.25;24.00;25.25;37.25;36.00;25.25;23.75;23.75;24.50;24.25;25.75;37.75;34.75;25.00;24.25;23.75;23.50;24.25;25.25;36.75;33.00;24.50;23.25;23.25;23.25;23.25;24.25;30.50;27.25;23.75;23.25;22.50;23.25;23.75;23.50;24.00;23.50;23.00;22.75;22.75]
67157-[24.00;24.25;24.50;25.00;25.00;24.50;24.75;24.00;24.75;24.25;24.75;26.50;27.25;25.00;24.50;24.50;24.75;24.50;25.50;33.25;32.25;25.25;24.75;24.00;24.50;24.00;25.25;37.00;35.75;25.00;24.00;23.25;24.50;24.25;25.50;37.75;35.00;25.00;24.25;23.25;23.50;24.25;25.25;36.75;32.50;24.25;23.75;23.50;23.50;23.75;24.25;30.75;27.50;24.00;23.25;23.00;23.25;23.25;23.75;23.50;23.50;22.75;23.25;22.75]
67642-[24.75;24.25;25.00;24.75;25.50;24.50;24.50;24.00;24.25;24.75;25.00;27.00;26.75;24.50;24.25;24.50;24.50;24.50;25.50;33.50;32.75;25.00;24.50;24.00;24.25;24.25;25.25;37.75;35.75;25.00;23.75;24.00;24.00;24.75;25.75;37.25;35.00;24.75;24.00;23.75;24.00;24.25;25.00;36.50;32.75;24.25;23.50;23.75;23.75;23.25;24.25;30.25;28.00;23.75;23.50;22.50;23.25;23.25;24.00;23.75;23.75;23.50;23.00;23.25]
68127-[24.25;24.00;24.50;25.00;24.75;24.50;24.75;24.75;25.00;24.50;24.75;26.75;27.00;24.75;24.50;25.00;24.75;24.50;25.50;33.00;32.75;25.50;24.75;24.00;24.25;24.25;25.50;37.50;35.75;25.25;24.25;23.75;24.50;24.00;25.50;38.00;35.00;25.00;24.25;23.50;24.00;24.00;25.50;37.00;33.00;24.75;23.50;23.75;23.25;23.50;24.00;30.50;27.50;23.75;23.00;22.75;23.00;23.25;24.00;24.00;23.50;23.00;23.00;23.00]
68612-[24.50;24.25;24.50;25.25;25.50;24.50;24.75;24.25;24.50;24.25;25.00;26.75;27.25;25.00;24.00;24.50;24.50;24.75;25.75;33.25;32.50;24.75;24.50;24.25;24.75;23.75;25.00;37.50;36.00;25.25;24.00;23.50;24.50;24.25;26.00;37.75;34.75;25.00;24.25;23.25;24.00;24.00;25.00;37.00;32.50;24.75;23.75;23.25;23.75;23.25;24.50;30.75;27.75;24.00;23.50;23.00;24.00;23.50;23.75;23.75;23.75;23.00;23.00;22.50]
69097-[24.75;24.00;25.00;25.25;25.00;24.50;24.75;24.50;24.75;24.25;24.75;26.75;26.75;25.00;24.50;24.25;24.25;24.50;25.50;33.50;32.75;25.25;24.75;23.50;24.00;24.25;25.25;37.50;36.00;25.50;24.50;23.75;24.50;24.50;25.75;37.75;35.00;25.25;24.25;23.75;24.00;24.50;25.50;37.00;32.75;24.25;23.75;23.50;23.50;23.75;24.25;30.75;27.75;23.75;23.25;22.25;23.75;23.75;24.00;23.75;23.75;23.00;23.50;23.25]
69582-[24.75;23.75;24.50;25.00;25.25;24.00;24.75;24.50;24.50;24.50;25.00;26.75;27.00;25.00;24.25;24.50;24.50;24.50;25.75;33.50;32.75;25.50;24.50;24.50;24.00;24.25;25.25;37.50;35.75;25.00;24.50;23.50;24.25;24.50;25.75;38.25;34.75;25.00;24.25;23.25;24.00;24.25;25.00;36.75;32.75;24.25;23.75;23.75;23.75;23.75;24.25;31.00;27.50;24.00;23.25;22.75;23.25;23.75;24.25;24.00;24.00;23.25;23.00;23.00]
70067-[24.75;24.00;25.00;25.50;25.25;24.75;24.75;24.25;24.50;24.75;25.25;27.00;26.75;24.75;24.75;24.50;24.50;24.75;25.50;33.25;32.50;25.50;24.75;24.25;24.50;24.25;25.75;37.50;36.00;25.00;24.50;24.00;24.50;24.25;26.00;38.00;35.00;24.75;24.00;23.25;23.75;24.25;25.25;36.75;32.75;24.50;23.75;23.75;23.25;23.50;24.25;30.50;27.75;24.25;23.25;22.75;23.50;24.00;23.00;24.25;24.00;23.50;22.50;23.50]
70552-[24.50;24.00;24.75;25.50;25.25;24.50;24.75;24.50;24.50;24.50;25.00;27.00;26.75;25.00;24.75;24.25;24.50;24.50;25.50;33.00;33.00;25.50;24.75;23.75;24.00;24.00;25.50;37.50;35.75;25.00;24.50;23.75;24.50;24.25;25.75;37.50;35.00;25.25;24.25;23.75;23.75;24.50;25.50;36.75;32.75;24.50;23.75;24.00;23.75;23.50;24.75;30.50;27.50;24.25;23.25;23.00;23.50;23.25;23.75;24.25;23.75;22.75;23.00;23.25]
71037-[25.00;23.75;24.75;25.25;25.25;25.00;24.75;24.50;24.75;24.25;25.25;27.25;26.50;24.75;24.25;24.50;24.50;25.00;25.50;33.50;32.50;25.50;24.75;24.25;24.50;24.00;25.50;37.75;36.00;25.00;23.75;23.50;23.75;24.50;25.75;37.75;35.00;25.00;24.00;23.00;24.00;24.00;25.00;36.75;32.75;24.50;23.50;23.75;24.00;23.75;23.75;30.75;28.25;24.50;23.50;23.00;23.00;23.25;23.50;24.25;23.25;23.00;23.50;23.00]
71522-[24.50;24.25;24.25;25.50;25.00;24.25;24.75;24.25;24.75;24.25;25.00;27.25;26.75;25.00;24.25;24.25;24.75;24.50;25.50;33.25;32.75;25.25;24.75;24.00;24.25;24.25;25.75;37.50;35.50;25.25;24.00;24.25;24.50;24.50;25.75;38.00;34.75;25.25;24.75;23.50;24.50;24.25;25.75;37.00;32.75;24.75;24.00;23.75;23.75;23.75;24.50;30.50;27.75;24.00;23.25;22.00;23.25;24.00;23.75;23.75;23.75;23.00;23.00;23.25]
72007-[24.50;24.25;24.75;25.25;25.25;24.25;24.75;24.00;24.75;24.25;25.00;26.75;26.75;24.75;24.50;24.25;24.25;24.75;25.50;33.00;32.50;25.50;24.75;24.25;24.25;23.75;25.25;37.50;35.75;25.25;24.25;23.50;24.25;24.25;25.75;37.50;34.75;25.25;24.75;22.75;23.50;24.25;25.00;36.75;33.00;24.25;23.50;23.75;24.00;23.50;24.25;30.75;27.75;23.75;23.00;22.75;23.00;23.75;23.25;23.75;24.00;22.75;23.50;23.00]
72492-[24.25;24.00;24.50;25.50;25.25;24.75;24.75;24.50;25.00;24.25;25.25;26.75;26.50;24.50;24.25;24.25;24.50;25.00;25.25;33.25;32.50;25.25;24.50;24.00;24.00;24.25;25.25;37.75;36.00;25.25;24.00;23.75;24.00;24.50;26.00;37.75;34.75;24.75;24.00;23.00;23.50;23.75;25.00;37.00;32.50;24.25;23.50;23.75;23.00;23.50;24.00;30.75;27.75;23.75;23.25;22.00;23.25;23.75;23.75;23.75;23.75;22.50;23.00;22.50]
72977-[24.50;23.75;24.50;25.00;25.50;24.50;25.00;25.00;24.25;24.25;24.25;26.75;26.50;25.00;24.25;24.75;24.75;24.25;25.00;33.00;32.25;25.00;24.75;24.25;24.25;24.00;25.00;37.50;35.50;25.00;24.50;23.25;24.00;24.25;25.75;37.50;34.50;24.75;24.50;23.50;23.50;24.25;25.25;36.75;32.25;24.75;23.00;23.75;23.25;23.50;24.25;30.75;27.75;24.00;22.75;22.50;22.75;23.75;23.00;24.00;23.75;23.25;22.75;23.25]
73462-[24.25;23.75;24.50;25.00;25.00;24.25;24.50;24.00;24.50;24.25;25.00;26.25;26.00;24.50;24.25;25.00;24.00;24.00;25.25;32.50;32.50;25.00;25.00;23.75;24.00;24.00;25.50;37.25;35.50;24.75;24.50;23.25;24.25;24.25;25.75;37.50;34.75;24.50;24.00;23.25;24.00;24.00;25.25;36.75;32.75;24.25;23.50;23.25;23.00;23.25;24.00;30.75;27.50;23.50;23.00;22.25;23.25;23.75;23.25;23.75;23.50;23.00;22.50;22.25]
73947-[24.25;24.00;24.25;25.00;24.75;24.50;24.75;24.50;24.25;23.75;24.75;26.75;26.50;24.50;24.00;24.25;24.00;24.25;25.00;33.00;32.25;25.25;24.25;24.00;23.75;24.00;25.00;37.50;35.75;24.75;24.00;23.50;24.25;24.25;26.00;37.75;34.50;25.00;23.75;23.00;23.50;24.00;25.00;36.50;32.50;24.00;23.25;23.25;23.50;23.25;24.25;30.50;27.25;23.25;23.00;22.50;23.50;23.25;23.25;24.00;23.75;22.75;23.00;23.00]
74432-[25.00;23.75;24.00;25.25;24.75;24.25;24.50;24.50;24.25;23.75;24.50;26.25;26.25;24.75;24.00;24.00;24.25;24.00;25.00;33.00;32.00;24.75;24.25;23.75;24.00;23.50;25.50;37.25;35.25;24.75;24.00;23.50;24.00;24.25;25.50;37.25;34.50;25.00;24.00;22.75;23.25;23.75;25.00;36.75;32.50;24.00;23.50;23.25;23.25;22.75;23.75;30.75;27.75;24.25;23.25;22.25;22.75;23.00;23.00;23.50;23.00;22.50;23.00;22.50]
74917-[24.50;24.25;24.50;25.25;24.75;24.25;24.75;24.00;24.50;24.00;24.75;26.25;26.25;24.75;24.25;24.50;24.50;24.25;25.00;32.50;32.00;24.75;24.25;24.00;24.25;24.25;25.25;37.25;35.75;25.00;24.00;23.75;24.00;24.25;25.25;37.75;34.75;25.00;23.75;23.50;23.75;23.75;25.00;36.75;32.50;24.25;23.25;23.25;23.50;23.25;24.50;30.50;27.75;23.75;23.25;22.75;23.50;23.50;23.50;23.75;23.25;23.00;22.75;23.25]
75402-[24.75;23.75;24.25;24.75;25.00;24.25;25.00;24.00;24.50;24.25;24.75;26.25;26.25;24.75;24.25;24.75;24.50;24.50;25.00;32.75;32.50;25.50;23.75;23.50;24.00;24.00;25.25;37.00;35.50;24.75;23.75;23.50;24.00;24.50;25.50;37.75;34.75;25.25;23.75;23.25;24.00;24.00;25.25;36.50;32.50;24.25;23.25;23.25;23.25;23.00;24.00;30.75;27.25;23.50;23.00;22.25;23.50;24.00;23.75;23.50;23.75;23.00;23.00;23.00]
75887-[24.25;24.50;24.75;25.00;25.00;24.50;24.50;24.00;24.75;24.00;25.00;26.75;27.00;25.00;24.25;24.25;24.25;24.50;25.00;32.75;32.00;25.00;24.25;23.50;24.00;24.25;25.00;37.00;35.75;24.75;24.00;23.75;24.50;24.25;25.75;37.25;34.75;24.75;24.25;23.50;23.75;24.25;25.00;36.50;32.50;24.50;23.50;23.50;23.75;23.50;24.25;30.75;27.50;24.00;23.00;22.25;23.00;22.75;23.50;23.75;23.75;23.25;23.25;23.00]
76372-[24.50;24.25;24.50;24.75;25.00;24.25;25.00;24.00;24.50;24.50;24.75;27.00;26.25;24.50;24.00;24.25;24.00;24.50;25.25;33.00;32.00;25.00;24.50;24.00;24.25;24.00;25.50;37.25;35.75;24.75;24.50;23.25;24.75;24.25;25.75;37.00;35.00;25.00;24.25;23.50;23.75;23.75;25.00;36.50;32.50;24.25;23.00;23.25;24.00;23.75;24.25;30.75;27.50;24.00;22.75;22.75;23.25;23.75;23.75;23.75;23.50;23.25;23.25;22.50]
76857-[24.75;24.00;24.50;25.00;25.00;24.25;24.50;23.75;24.25;24.00;24.75;26.75;26.50;25.00;24.25;24.50;24.50;24.75;25.50;33.00;32.25;25.25;24.25;24.00;24.00;23.75;25.25;37.00;35.50;24.50;23.75;23.25;24.50;24.25;25.50;37.75;34.50;25.00;24.25;23.50;23.25;24.00;25.50;36.75;32.50;24.25;23.50;23.25;23.50;23.25;24.25;31.00;27.75;24.00;22.75;22.75;23.25;23.25;24.00;23.75;24.00;22.50;23.25;22.50]
77342-[24.75;23.75;24.50;25.00;25.50;24.50;25.25;24.50;24.50;24.00;25.00;26.75;26.75;24.75;24.50;24.00;24.25;24.25;25.25;33.00;32.25;25.25;24.50;23.75;24.25;24.25;25.00;37.00;35.50;25.00;24.00;23.50;24.00;24.75;25.75;37.75;34.50;24.50;24.25;23.25;23.50;24.00;24.75;36.75;32.50;24.25;23.50;23.25;22.75;23.50;24.50;30.75;27.50;24.00;23.25;22.75;23.50;22.75;24.00;24.00;24.25;22.50;23.50;23.00]
77827-[24.75;23.50;24.50;25.50;24.75;24.75;24.50;24.50;24.50;24.25;24.75;26.50;26.50;24.75;24.00;24.00;24.75;25.00;25.50;32.75;32.25;25.25;25.00;24.00;24.00;24.50;25.75;37.75;35.75;25.25;24.25;23.75;24.50;24.50;25.50;37.75;35.00;25.00;24.00;23.25;23.75;24.50;25.25;36.75;33.00;24.50;24.00;24.00;23.75;23.25;24.50;31.25;27.50;24.00;23.50;22.75;23.50;23.75;24.00;23.75;24.00;22.75;23.00;23.00]
78312-[24.50;24.25;25.00;25.25;25.25;24.50;24.50;24.50;24.75;24.50;25.25;26.75;26.50;24.50;24.50;24.25;24.25;24.25;25.50;33.00;32.50;25.50;24.50;24.50;24.50;24.25;25.50;37.75;36.00;25.25;24.50;24.25;24.00;24.50;25.50;37.75;34.75;25.00;24.50;23.50;23.75;23.75;25.50;36.75;32.50;24.25;23.75;23.50;23.75;23.25;24.25;31.25;27.75;23.75;23.75;23.25;23.50;23.50;24.25;23.75;24.25;23.00;23.25;23.25]
78797-[24.75;24.00;24.25;25.00;25.25;24.50;24.50;24.00;24.25;24.00;24.75;26.50;26.75;24.50;24.25;24.50;24.75;24.00;25.25;33.00;32.25;25.50;24.50;24.00;24.00;24.00;25.75;37.25;35.25;25.50;24.25;23.50;24.00;24.75;25.75;37.50;34.75;25.00;24.00;23.50;24.00;24.00;25.25;36.75;32.50;24.25;23.75;23.50;23.50;24.00;24.75;31.25;28.00;23.75;23.25;22.50;23.00;24.00;23.50;23.75;24.00;23.00;23.00;23.50]
79282-[24.50;24.25;24.50;25.25;25.25;24.75;25.00;24.50;24.75;24.25;25.25;26.75;26.75;25.25;24.75;24.25;24.25;24.75;25.50;33.00;32.50;25.25;24.75;24.00;24.25;24.25;25.25;37.25;36.00;25.00;24.00;23.75;24.75;24.25;26.00;37.50;34.75;25.25;24.25;23.00;24.00;23.75;25.00;37.00;32.50;24.25;24.00;23.50;23.50;23.25;24.50;31.25;27.75;23.75;23.25;23.00;23.75;24.25;23.50;24.25;23.75;23.00;23.00;23.00]
79767-[24.25;23.25;24.50;25.00;25.00;24.25;24.75;23.75;24.00;24.00;25.00;26.75;26.50;24.75;24.00;24.75;24.25;24.50;25.50;32.75;32.50;25.50;24.50;23.75;24.00;24.00;25.25;37.50;35.75;24.75;24.25;23.50;24.75;24.50;25.50;37.75;34.75;25.00;24.25;23.50;23.50;24.25;25.25;36.50;32.25;24.50;23.50;23.50;23.25;23.25;24.00;30.25;28.00;24.00;23.25;22.75;23.25;23.50;23.75;24.00;23.50;23.25;23.25;23.50]
80252-[24.50;24.00;24.25;25.25;25.25;25.00;24.50;24.75;24.00;23.75;25.25;26.75;26.75;25.00;24.50;24.50;24.50;24.25;24.75;33.00;32.25;25.25;24.25;24.25;24.00;24.00;25.50;37.00;35.75;24.50;24.00;24.00;24.25;24.50;25.75;37.50;34.25;25.00;24.25;23.25;23.75;23.75;25.00;37.00;32.75;24.50;23.75;23.50;23.75;23.50;24.00;30.75;28.00;23.50;22.75;22.50;23.50;23.50;23.75;24.25;24.25;23.00;23.50;23.25]
80737-[23.75;24.25;24.00;24.75;24.50;24.25;24.25;24.00;24.25;24.00;24.75;26.50;26.50;25.00;24.50;24.00;24.00;24.50;25.00;32.50;32.25;25.00;24.50;23.50;24.25;23.75;25.25;37.25;35.50;25.00;24.25;23.50;24.50;23.75;25.50;37.50;34.50;24.75;24.00;23.50;23.75;24.25;25.25;36.75;32.50;24.25;23.00;23.75;23.50;23.00;23.75;30.75;27.50;24.25;23.00;22.25;23.25;23.00;23.50;23.75;23.50;23.00;23.25;22.25]
81222-[24.25;23.75;24.75;25.00;24.75;24.25;24.50;23.75;24.50;24.25;24.25;26.50;26.75;25.00;24.00;24.00;24.50;24.25;25.25;33.00;32.25;25.25;24.50;23.75;24.00;24.25;25.25;37.25;35.50;24.75;24.00;23.25;24.00;24.00;25.50;37.50;34.75;25.00;24.25;23.25;23.75;24.50;25.25;36.75;32.50;24.25;23.50;23.50;23.25;23.25;24.00;30.50;27.50;23.25;23.50;22.50;22.75;23.25;23.75;23.75;23.50;22.75;22.75;23.00]
81707-[24.50;24.00;24.25;25.25;24.75;24.50;24.50;24.25;24.50;24.25;24.75;26.25;26.00;24.75;24.25;24.25;24.25;24.00;25.25;33.00;32.25;24.75;24.25;23.50;24.25;24.00;25.50;37.25;35.50;24.50;24.00;23.50;24.50;24.00;25.25;37.50;34.50;24.50;24.00;23.50;23.75;24.25;25.50;37.00;32.50;24.25;23.50;23.50;23.75;23.50;24.25;30.75;27.75;24.00;23.25;22.75;23.50;23.50;23.50;23.75;23.50;22.75;23.50;23.00]
82192-[24.50;24.00;24.75;25.50;25.25;24.50;25.00;24.75;24.50;24.00;25.00;26.50;26.75;25.00;24.25;24.25;24.75;24.25;25.25;33.00;32.25;25.25;24.25;23.50;24.00;24.00;25.25;37.50;35.75;25.00;23.75;23.25;24.25;24.75;25.50;37.75;34.75;24.75;24.00;23.25;24.00;24.00;25.25;37.00;32.50;24.50;23.50;23.25;23.25;23.75;24.75;31.25;27.75;23.50;23.25;23.00;23.50;22.75;23.75;24.00;24.00;23.00;23.25;22.25]
82677-[24.50;24.00;24.75;25.25;25.25;24.50;24.75;24.25;24.75;24.25;24.75;26.75;26.50;24.25;24.50;24.25;24.75;24.75;25.25;32.75;32.00;25.00;24.75;24.00;24.00;24.50;25.25;37.50;35.50;25.00;24.00;23.50;24.25;24.50;26.00;37.50;34.75;24.50;24.25;23.25;23.50;24.50;25.00;36.50;32.50;24.50;23.50;23.75;23.75;23.75;24.25;30.75;27.75;24.00;23.00;23.00;22.75;23.25;23.50;24.00;23.75;22.75;23.25;22.75]
83162-[24.50;23.75;24.25;25.00;25.00;24.50;24.75;24.00;24.50;24.50;25.00;26.75;26.75;24.75;24.50;24.25;24.75;24.75;25.25;33.00;32.25;25.50;24.25;24.25;24.00;24.00;25.50;37.50;35.75;24.75;24.25;23.75;24.25;24.50;25.50;37.75;34.50;25.25;24.00;23.75;24.00;24.25;25.75;37.00;32.50;24.75;23.75;23.50;23.75;23.75;24.25;30.75;28.00;24.25;23.50;22.75;23.50;23.50;24.00;24.00;24.00;23.25;23.25;23.00]
83647-[24.75;24.00;24.50;25.50;25.25;24.75;24.75;24.25;24.75;24.25;25.00;26.75;26.75;25.00;24.25;24.75;24.50;24.75;25.25;33.00;32.25;25.25;24.50;24.25;24.00;24.25;25.25;37.00;35.50;25.00;24.00;23.75;24.25;24.75;25.75;37.50;34.75;24.75;24.25;23.50;23.75;24.00;25.50;36.75;32.75;24.50;23.50;24.00;24.00;23.25;24.50;30.75;27.75;23.75;23.00;22.75;23.50;23.75;24.00;24.00;23.75;22.50;23.50;23.25]
84132-[25.00;24.50;24.75;25.50;25.00;24.50;25.00;24.25;24.25;24.25;25.25;26.75;26.50;25.00;24.25;24.50;24.50;24.25;25.50;33.25;32.50;25.25;24.50;24.50;24.25;24.50;25.75;37.75;35.50;24.75;24.25;23.75;24.25;24.75;25.50;37.75;35.00;25.00;24.00;23.25;24.00;24.00;25.25;37.25;32.50;24.25;23.50;24.00;23.75;23.25;24.50;30.75;27.75;24.25;23.25;22.75;23.00;23.25;23.50;24.00;24.00;23.50;23.50;23.25]
84617-[25.00;24.00;24.50;25.25;25.25;24.75;25.00;24.00;24.75;24.25;25.00;26.75;26.50;25.25;24.75;24.75;24.50;24.75;25.50;33.25;32.25;25.25;24.25;23.75;24.50;24.25;25.25;37.25;35.75;25.00;24.25;23.50;24.00;24.50;26.00;37.50;34.75;25.00;24.50;23.50;23.75;24.00;25.25;37.00;32.75;25.00;23.50;24.00;23.50;23.50;24.50;31.00;28.00;23.75;23.50;23.25;23.50;23.50;24.00;24.00;23.50;23.25;23.25;23.50]
85102-[24.50;24.50;24.50;25.50;24.75;24.25;24.25;24.25;24.25;24.00;24.75;26.75;26.50;25.00;24.25;24.25;24.75;24.50;25.50;33.25;32.25;25.50;24.50;24.00;24.25;24.00;25.50;37.25;35.50;25.00;24.00;23.50;24.25;24.75;25.75;37.50;34.75;25.00;24.25;23.25;23.50;24.00;25.50;37.00;32.75;24.75;23.75;23.50;23.75;23.50;24.00;30.75;27.75;24.00;23.00;23.25;22.75;23.25;23.75;23.75;23.75;23.00;22.75;23.00]
85587-[24.50;24.25;24.75;25.50;25.25;24.75;24.50;24.75;24.50;24.00;25.00;26.75;26.50;24.75;24.50;24.50;25.00;24.75;25.75;33.00;32.25;25.50;24.50;24.25;24.50;24.25;25.25;37.50;35.75;25.25;24.25;24.25;24.75;24.50;26.25;37.75;34.75;25.00;24.25;23.75;23.50;24.25;25.25;37.00;32.75;24.50;24.00;23.25;23.75;23.00;24.00;31.25;28.00;23.75;23.00;22.75;23.50;24.00;23.50;23.75;24.00;23.00;23.50;23.00]
86072-[24.50;24.00;24.50;25.25;25.25;24.50;25.00;24.50;24.75;24.25;24.75;26.50;26.50;25.00;24.50;24.50;24.50;24.00;25.25;32.75;32.50;25.50;24.75;24.25;24.25;24.25;25.25;37.25;35.50;25.25;24.75;23.75;24.50;24.25;26.00;37.75;35.00;25.25;24.25;23.00;24.25;24.25;25.25;36.50;33.00;24.50;23.50;23.25;24.00;23.50;24.25;31.00;28.00;23.50;23.25;23.25;23.50;23.50;23.50;24.25;24.00;23.75;23.50;23.00]
86557-[24.25;24.25;24.75;25.00;25.25;24.25;24.25;24.50;24.50;24.25;24.75;26.75;26.50;24.50;24.50;24.75;24.50;24.50;25.25;33.25;32.25;25.50;24.75;24.50;24.50;24.25;25.25;37.25;36.00;25.25;24.00;23.75;24.25;24.50;25.75;37.50;34.75;25.00;24.00;23.50;24.00;24.00;25.50;37.00;32.50;24.25;23.50;23.25;23.75;23.50;23.75;31.25;27.50;24.00;23.50;22.75;23.25;23.50;23.50;24.00;24.00;23.00;23.25;23.25]
87042-[24.50;24.50;24.50;25.50;25.00;24.50;25.00;25.00;25.00;24.25;25.00;26.25;26.75;25.00;24.50;24.50;24.75;24.75;25.50;33.00;32.00;25.25;24.50;24.00;24.25;24.25;25.25;37.50;35.75;25.00;24.25;24.25;24.75;24.50;25.75;37.75;34.50;25.00;24.25;23.00;23.75;24.25;25.25;37.25;32.75;24.50;23.50;23.25;23.50;23.25;24.00;31.00;27.75;24.00;23.25;22.50;23.25;23.25;23.75;23.75;23.50;22.75;23.75;23.00]
87527-[24.00;24.25;24.75;25.25;25.50;24.00;25.00;24.25;24.50;24.25;24.75;26.75;26.50;24.75;24.75;24.75;24.50;24.50;25.25;32.75;32.25;25.50;24.75;24.25;24.25;24.00;25.25;37.50;35.50;25.00;24.25;23.50;24.25;24.50;25.50;37.75;34.75;25.25;24.00;23.50;23.50;24.25;25.25;37.00;32.50;24.50;23.50;24.00;24.25;23.75;24.25;30.75;27.75;23.75;23.75;22.75;23.50;23.00;23.75;23.75;23.75;22.75;23.00;23.00]
88012-[24.75;23.75;24.25;25.00;25.25;24.25;24.75;24.50;25.00;23.75;25.00;26.50;26.75;24.75;24.25;24.50;24.50;24.25;25.25;33.00;32.50;25.25;24.75;24.00;24.25;24.00;25.00;37.25;35.75;25.50;24.00;23.75;24.50;24.50;25.75;37.50;34.50;24.75;24.00;23.25;24.00;24.00;25.50;37.00;32.50;24.25;23.50;23.75;23.75;23.25;24.25;31.25;27.75;23.75;23.25;23.25;24.00;23.75;23.75;24.00;24.00;23.00;23.50;23.25]
88497-[24.50;24.25;24.50;25.00;25.00;24.50;24.50;24.25;24.00;24.25;25.25;26.50;27.00;24.50;23.75;24.25;24.25;24.50;25.25;32.75;32.00;25.25;24.50;24.00;24.25;24.00;24.75;37.25;35.50;24.50;24.00;23.50;24.25;24.00;25.50;37.25;34.75;24.50;24.00;23.00;23.50;23.50;25.25;36.75;32.00;24.25;23.25;23.50;23.25;23.50;24.25;30.50;28.00;23.75;23.00;22.00;22.75;23.50;23.25;23.50;23.25;22.75;23.00;22.50]
88982-[24.50;23.75;24.25;25.00;24.75;24.00;24.50;24.00;24.50;24.25;24.50;26.50;26.50;24.75;24.25;24.50;24.25;24.00;25.25;33.00;32.25;25.25;24.50;24.00;24.50;24.25;25.25;37.25;35.75;24.75;23.75;23.50;24.00;24.25;25.50;37.25;34.50;24.50;24.00;23.50;23.25;24.00;25.00;36.75;32.25;24.25;24.00;23.50;23.00;23.50;24.25;31.25;27.75;23.50;23.25;22.50;23.25;23.25;23.75;23.75;23.75;23.00;23.00;23.25]
89467-[24.50;24.00;24.25;25.00;25.00;24.25;24.25;24.25;24.50;24.25;24.75;26.50;26.25;24.75;24.25;24.00;24.00;24.25;25.25;32.75;32.50;24.75;24.25;24.00;23.75;24.25;25.25;36.75;35.50;25.00;24.25;23.00;24.00;24.75;25.75;37.75;34.75;24.50;24.00;23.50;23.75;24.00;25.00;37.00;32.50;24.00;23.25;23.50;23.50;23.25;24.25;30.75;27.75;23.75;23.00;22.75;23.00;23.50;24.00;23.50;23.50;23.00;23.50;22.75]
89952-[24.75;24.00;24.25;25.00;25.00;24.50;24.75;23.75;24.00;24.25;25.00;26.75;26.50;24.50;24.50;24.25;24.50;24.25;25.00;33.00;32.25;25.25;24.75;24.25;24.50;24.00;25.75;37.25;35.75;25.00;24.25;24.00;24.25;24.50;26.25;37.50;34.75;24.75;24.25;23.50;24.25;24.25;25.25;36.50;33.00;24.75;23.75;23.25;24.00;23.50;24.00;31.00;28.00;24.00;23.00;23.00;23.50;23.75;23.50;24.00;23.75;22.75;23.50;23.25]
90437-[24.75;23.75;24.50;25.25;25.50;24.25;24.75;24.75;24.50;24.00;25.00;26.75;26.50;25.00;24.50;24.50;24.50;24.75;25.25;32.75;32.25;25.25;24.50;24.00;24.25;24.00;25.25;37.25;35.75;25.25;24.00;23.75;24.25;24.75;26.00;37.50;34.75;25.00;24.00;23.50;23.75;24.25;25.50;37.00;32.75;24.50;24.00;23.50;23.50;23.00;24.00;31.25;28.00;24.25;23.00;23.25;23.75;23.25;23.75;23.75;24.00;22.75;23.25;23.50]
90922-[25.00;24.00;24.25;25.00;25.25;24.25;25.00;24.50;24.50;24.25;24.75;26.75;26.75;25.00;24.25;24.25;24.50;24.50;25.50;33.25;32.75;25.00;24.50;24.25;24.50;24.50;25.75;37.00;35.75;25.00;24.50;23.50;24.50;24.75;25.75;37.75;34.50;25.00;24.50;23.25;24.25;24.50;25.25;37.00;32.75;24.75;23.75;23.75;23.50;23.50;24.25;31.25;28.00;23.75;23.50;23.25;22.75;23.75;23.75;24.00;23.50;22.75;23.50;23.00]
91407-[24.75;24.25;24.50;25.25;25.25;24.50;24.75;24.50;24.75;24.00;25.00;27.00;27.00;24.75;24.25;24.75;24.00;24.75;25.50;32.75;32.50;25.50;24.50;24.25;24.00;24.25;25.25;37.50;35.75;25.25;24.50;23.50;24.25;24.50;26.00;37.75;34.75;25.25;24.50;23.25;23.75;24.50;25.50;37.00;33.00;24.50;23.50;24.00;23.50;23.50;24.50;31.25;27.75;24.00;23.50;22.75;23.75;23.25;24.00;24.50;24.00;23.25;23.50;23.00]
91892-[24.75;23.75;24.75;25.25;25.25;24.75;24.75;24.50;24.25;24.50;24.75;27.00;26.50;25.25;24.75;25.00;24.25;24.75;25.50;33.25;32.50;25.00;25.00;24.25;24.50;24.50;25.75;37.50;35.75;25.00;24.00;24.25;24.50;24.75;26.00;38.25;35.00;25.25;24.25;23.75;23.50;24.25;25.50;37.00;32.75;24.50;23.50;24.00;23.75;23.75;24.25;31.50;28.00;24.75;23.75;22.75;23.25;23.25;24.00;24.75;24.00;22.75;23.50;23.00]
92377-[24.75;24.50;25.00;25.50;25.50;24.50;24.50;24.50;25.00;24.50;25.00;26.75;26.75;25.00;24.50;24.50;24.50;24.75;25.75;33.25;33.00;25.25;24.75;24.50;24.50;24.25;25.75;37.50;36.25;25.25;24.50;23.50;24.50;24.50;25.75;38.00;34.75;25.50;24.50;23.75;24.25;24.25;25.50;37.50;33.00;24.75;24.00;23.50;23.75;23.50;24.50;31.25;28.25;24.00;23.75;23.00;23.75;23.75;24.00;24.00;23.75;23.00;23.25;23.00]
92862-[24.50;24.50;24.75;25.50;25.75;24.00;24.75;24.50;24.75;24.25;25.00;26.75;26.50;25.00;25.00;24.75;24.50;25.00;25.50;33.00;33.00;25.50;25.00;24.25;24.50;24.25;25.50;37.25;36.00;25.50;24.50;24.25;24.50;24.50;26.00;38.00;35.25;25.25;24.00;23.75;23.75;24.25;25.75;37.00;33.00;24.75;23.75;23.75;23.75;23.25;24.50;31.25;27.75;24.25;23.25;22.50;23.25;24.00;24.25;24.00;24.25;23.25;23.50;23.50]
93347-[24.50;24.25;25.00;25.25;25.25;24.50;25.00;24.25;25.00;24.75;25.25;27.00;26.75;25.00;24.25;24.50;24.75;25.00;25.25;32.75;32.50;25.25;25.00;23.75;24.50;23.75;25.75;37.25;35.75;24.75;24.25;24.00;24.25;24.75;25.75;37.75;35.00;25.25;24.25;24.00;23.75;24.00;25.50;37.00;33.00;24.75;24.00;23.00;23.75;24.00;23.75;30.75;28.25;24.00;23.25;23.00;23.25;23.75;24.00;24.25;24.50;23.25;23.25;22.75]
93832-[24.50;24.75;24.75;25.50;25.25;24.25;25.25;25.00;24.25;24.50;25.00;26.75;27.00;25.00;24.75;24.25;24.50;24.75;25.50;33.25;32.25;25.25;25.00;24.50;24.25;24.75;25.75;37.25;35.75;25.25;24.25;24.25;24.50;24.50;26.00;38.00;34.50;25.00;24.50;23.50;24.50;24.50;25.50;37.25;32.75;25.00;24.00;23.75;24.00;23.50;24.75;31.25;28.00;24.25;24.00;22.75;23.25;24.25;23.50;24.25;23.75;23.25;23.25;22.75]
94317-[24.75;24.00;24.75;25.25;25.00;24.50;24.50;24.25;24.75;24.00;25.25;27.00;26.50;25.25;24.75;24.75;24.75;25.00;25.25;33.25;32.50;25.00;24.50;24.25;24.50;24.50;25.50;37.25;35.75;25.25;24.50;23.75;24.75;24.50;26.00;38.00;35.00;25.50;24.25;24.00;23.50;24.50;25.50;37.00;32.50;24.50;23.75;24.00;23.50;23.75;24.25;31.00;27.75;24.25;23.50;22.50;23.00;23.50;24.00;24.00;24.00;23.50;23.00;23.00]
94802-[25.00;24.25;25.00;25.50;25.75;25.25;25.25;24.50;25.00;25.00;25.25;26.75;26.75;25.00;24.75;24.75;24.75;25.00;26.00;33.25;32.75;25.50;24.75;24.25;24.25;24.25;25.75;37.50;36.00;25.50;24.50;24.00;24.75;24.50;26.00;37.75;35.25;25.25;24.00;24.00;24.00;24.75;25.75;37.00;33.25;25.00;23.75;23.75;23.50;23.50;24.75;31.25;28.50;24.25;23.50;23.25;23.75;23.50;24.25;24.50;23.75;23.25;23.50;23.25]
95287-[24.50;24.25;24.75;25.50;25.25;24.75;25.00;25.25;25.00;24.75;25.50;27.00;26.75;25.25;25.00;25.00;24.50;24.75;25.25;33.25;32.75;25.75;24.75;24.25;24.75;24.75;25.75;37.50;35.75;25.75;24.75;24.00;24.25;24.75;25.75;37.75;35.00;25.00;24.25;24.00;23.75;24.50;25.50;37.25;33.00;24.75;23.50;24.00;24.00;23.50;24.75;31.00;28.25;24.25;23.50;23.00;23.75;24.00;24.25;24.25;24.00;23.25;23.75;23.50]
95772-[25.00;24.75;24.50;25.25;25.25;24.75;24.75;24.75;24.25;24.50;25.00;27.25;26.50;25.00;24.75;24.75;24.50;24.75;25.75;33.00;32.50;25.25;24.50;24.25;24.00;24.25;25.50;37.25;35.75;25.00;24.50;23.75;24.75;24.50;26.00;37.75;35.00;25.25;24.00;23.75;23.75;24.50;25.25;37.00;32.75;24.50;24.00;23.50;24.00;23.75;24.50;31.00;28.00;24.25;23.50;23.00;23.25;23.25;23.75;24.25;23.75;23.25;22.75;23.00]
96257-[24.50;24.00;24.75;25.25;25.25;24.25;24.75;24.50;24.75;24.50;25.00;27.00;26.75;24.25;24.50;24.50;24.50;24.75;25.75;32.75;32.00;25.50;25.00;23.75;23.75;24.25;25.50;37.25;35.75;25.25;24.25;24.25;24.25;24.50;25.50;37.75;34.75;25.25;24.25;23.50;23.50;24.00;25.75;36.75;32.25;24.50;24.00;23.50;23.75;23.75;24.25;31.00;27.75;23.25;23.50;22.75;23.25;23.00;23.50;24.00;23.50;23.00;23.25;23.00]
96742-[25.25;24.25;24.25;25.50;25.50;24.75;24.75;24.50;24.75;24.25;25.25;26.50;27.00;25.25;24.25;24.75;24.25;24.50;25.75;33.00;32.75;25.25;24.75;24.00;25.00;24.75;25.75;37.50;35.75;24.75;24.25;23.75;24.50;24.75;25.75;37.50;35.25;25.25;24.50;23.50;23.75;24.25;25.50;37.25;32.75;24.50;23.75;24.25;23.50;24.00;24.25;31.25;28.25;23.75;23.75;22.75;23.50;24.25;24.00;24.25;23.75;23.50;23.25;23.50]
97227-[25.00;24.25;24.75;25.50;25.50;25.00;24.75;24.75;25.00;24.50;25.25;26.75;27.00;25.50;24.75;24.50;24.50;25.00;25.75;33.25;32.50;25.25;24.50;24.00;24.50;24.50;25.75;37.50;36.00;25.25;24.75;24.00;24.50;24.75;26.00;37.75;35.00;25.25;24.50;23.50;24.00;24.50;25.50;37.25;32.75;24.75;24.00;24.00;24.00;23.75;24.00;31.50;28.25;24.00;23.75;23.00;23.75;23.75;24.00;24.50;23.75;23.00;23.50;23.00]
97712-[25.00;24.25;24.50;25.50;25.25;25.00;24.75;24.50;25.00;24.50;25.25;27.00;27.00;24.75;24.50;25.00;25.00;25.00;25.75;33.00;32.50;25.75;25.00;23.75;24.50;24.25;26.00;37.00;36.00;25.25;24.75;24.25;24.25;25.00;25.75;37.75;34.75;25.25;24.50;23.75;24.50;24.25;25.50;37.25;33.00;24.75;24.00;23.75;24.00;23.50;24.25;31.25;28.00;24.25;23.75;22.50;23.25;24.00;24.00;24.25;24.00;23.50;23.25;23.50]
98197-[25.00;24.25;24.75;25.75;25.50;25.25;24.50;24.75;24.75;24.50;25.25;27.25;26.75;25.25;24.75;24.75;24.75;24.75;25.75;33.50;32.25;25.25;25.00;24.25;24.50;24.75;25.75;37.50;36.00;25.50;24.50;24.25;24.75;24.50;26.00;38.00;35.25;25.25;24.50;23.50;24.25;24.75;25.75;37.25;32.75;25.00;24.00;23.50;23.75;23.75;24.75;31.00;28.00;24.00;23.75;22.75;23.50;24.25;24.00;24.25;24.00;23.00;23.25;23.25]
98682-[25.00;24.25;24.75;25.25;25.00;24.50;25.00;24.25;25.00;24.75;24.75;27.50;26.75;25.75;24.50;25.00;24.75;24.75;26.00;33.25;33.00;25.75;25.25;24.25;24.25;24.75;25.50;37.25;36.00;25.25;24.50;24.50;24.50;25.00;26.00;38.00;35.00;25.25;24.25;23.50;24.50;24.00;25.50;37.00;33.00;24.50;23.75;24.00;23.75;24.00;24.50;31.25;28.00;24.00;23.50;22.75;23.25;24.00;24.25;24.00;23.75;23.25;23.25;22.75]
99167-[25.00;24.25;24.75;25.50;25.25;24.50;24.75;24.50;24.25;24.00;25.25;27.00;27.00;25.25;24.75;24.75;24.25;25.00;25.75;33.25;32.50;25.25;25.00;24.00;24.50;24.50;25.50;37.25;35.75;25.00;24.00;24.25;24.25;24.75;26.00;37.75;34.75;25.25;23.75;23.75;24.25;24.25;25.25;37.50;32.75;24.75;23.75;23.50;23.25;24.00;24.50;31.50;28.00;24.25;23.75;23.25;23.50;24.00;24.00;24.00;24.00;23.50;23.25;22.75]
99652-[25.00;24.25;25.00;25.25;25.00;24.25;24.75;24.50;24.75;24.25;25.00;26.75;27.25;25.00;24.50;25.00;24.75;24.50;26.00;33.25;32.50;25.50;24.75;24.00;24.25;24.50;25.50;37.50;36.25;25.25;24.25;24.00;24.25;24.75;25.75;37.75;35.00;25.25;24.25;23.25;24.25;24.25;25.50;37.25;32.75;24.75;23.50;24.00;23.50;23.50;24.00;31.00;28.00;24.00;23.00;22.50;24.00;23.50;23.50;23.75;23.75;23.50;23.75;23.50]
100137-[24.75;24.25;24.50;25.25;25.50;24.50;24.75;24.75;24.75;24.50;25.50;26.50;26.75;24.75;24.25;24.50;24.75;24.75;25.75;33.25;32.50;25.75;24.50;24.25;24.75;24.50;25.75;37.75;36.00;25.25;24.75;24.00;24.25;24.50;26.25;38.00;35.00;25.25;24.25;23.75;24.00;24.00;25.75;37.00;32.75;25.00;23.50;24.25;24.00;23.75;24.75;31.00;28.00;23.75;23.25;23.00;23.75;23.50;23.75;24.25;23.50;23.50;23.00;23.25]
100622-[25.25;24.25;24.75;25.25;25.00;25.00;25.00;24.75;24.75;24.25;25.25;26.75;26.50;25.25;24.50;25.00;24.50;25.00;25.50;33.25;32.75;25.50;25.00;23.75;24.25;24.75;25.75;37.25;36.00;25.25;24.25;23.75;24.25;24.75;26.50;38.00;34.75;25.25;24.75;23.75;24.00;24.50;25.50;37.00;33.25;24.75;23.75;23.50;23.25;23.50;24.00;31.00;27.75;24.00;24.00;23.00;23.50;23.75;24.00;24.00;24.00;23.00;23.50;23.00]
101107-[24.75;24.75;24.25;25.50;25.25;24.75;25.25;25.50;24.75;24.75;25.25;26.75;26.75;24.75;24.75;25.00;24.75;24.50;25.50;33.25;32.25;25.25;25.00;24.00;24.50;24.50;25.75;37.25;36.00;25.25;24.75;23.75;24.25;25.00;26.00;38.25;35.00;25.25;24.50;23.50;23.75;24.25;25.50;37.00;33.25;24.75;24.00;23.75;24.00;23.50;24.25;31.25;28.25;24.00;23.00;23.00;23.75;24.00;23.75;24.25;24.25;23.25;23.75;23.25]
101592-[24.25;24.75;24.25;25.25;25.00;25.00;24.75;25.00;25.25;24.75;25.00;27.25;26.75;25.00;24.50;24.50;25.25;25.25;25.75;33.00;32.75;25.25;25.00;24.00;24.50;24.25;25.75;37.50;35.75;25.75;24.50;23.75;24.25;24.50;26.00;37.75;35.00;25.25;25.00;23.25;23.75;24.50;25.50;37.00;32.75;24.75;24.00;24.00;23.75;24.00;24.50;31.75;28.25;24.25;23.50;22.75;23.25;24.00;23.75;24.50;24.00;23.25;23.00;23.00]
102077-[25.25;24.25;24.75;25.75;25.00;24.75;25.00;24.50;25.00;24.75;25.25;27.00;27.00;24.75;24.75;24.75;24.50;25.00;25.50;33.25;32.25;25.50;25.00;24.25;24.25;24.25;25.75;37.50;36.00;25.50;24.25;24.00;24.25;24.75;26.00;37.75;35.25;25.50;24.25;23.75;23.75;24.50;25.25;36.75;32.75;24.75;24.00;23.75;24.25;24.00;24.50;31.25;28.00;24.00;23.50;23.00;24.00;23.75;24.00;23.50;23.75;23.00;23.25;23.00]
102562-[24.75;24.50;24.75;25.50;25.50;24.50;25.25;24.50;24.75;24.75;25.00;26.50;27.00;25.00;24.75;24.75;24.50;25.00;25.75;33.50;32.25;25.25;25.00;24.25;25.00;24.75;25.50;37.25;36.00;25.25;24.50;24.00;24.25;24.50;26.00;38.00;34.75;25.50;24.50;24.00;23.75;24.00;25.75;37.50;32.75;24.75;24.00;24.00;24.00;24.00;24.50;31.25;28.25;24.00;23.25;23.00;23.75;24.00;23.75;24.25;24.25;23.25;23.50;23.50]
103047-[24.75;24.50;24.75;25.75;25.75;24.75;25.25;25.25;24.50;24.50;25.25;27.00;26.75;25.00;25.00;24.50;24.75;24.75;25.25;33.25;32.25;25.50;24.75;24.25;24.50;24.50;25.75;37.50;35.75;25.50;24.50;24.25;24.50;24.25;26.00;38.00;35.00;25.00;24.00;23.75;24.25;24.75;25.25;36.75;32.50;24.50;24.00;24.00;23.50;23.50;24.25;31.25;28.00;24.25;23.50;22.75;23.50;23.75;23.75;24.00;24.00;23.25;23.50;23.00]
103532-[24.75;24.25;25.25;25.50;25.75;24.75;25.00;24.50;24.75;24.00;25.00;26.50;26.50;25.00;24.50;24.50;24.50;25.00;25.25;33.25;32.50;25.25;24.75;24.00;24.25;24.25;25.75;37.50;35.75;25.25;24.25;23.50;25.00;24.50;25.75;37.75;35.00;25.25;24.25;23.75;24.25;24.00;25.50;37.00;32.75;24.50;23.50;23.75;23.75;23.50;24.50;31.25;28.00;24.00;23.50;23.25;23.00;23.25;23.50;23.75;23.75;23.00;23.25;23.50]
104017-[25.00;24.25;24.50;25.00;25.50;24.50;25.00;24.75;24.75;24.75;25.25;27.25;26.75;25.00;24.50;24.50;24.50;24.75;26.00;33.50;32.25;25.25;25.00;24.00;24.25;24.75;26.00;37.25;35.75;25.25;24.25;23.75;24.25;24.50;25.75;38.00;35.00;25.00;24.50;23.50;24.25;24.50;25.00;37.25;33.00;24.75;23.50;23.50;24.00;23.75;24.25;31.00;27.75;24.00;23.50;22.75;23.50;23.75;24.00;24.25;24.00;23.50;23.25;23.00]
104502-[24.50;24.25;25.25;25.00;26.00;24.50;24.75;24.50;24.50;24.25;25.25;27.00;27.00;25.25;24.50;24.75;24.50;24.75;25.25;33.25;32.75;25.50;25.00;24.50;24.25;24.50;25.50;37.50;36.25;25.50;24.00;23.75;24.50;25.00;26.00;37.75;35.00;25.25;24.50;23.50;23.75;24.25;25.75;37.00;32.75;24.25;23.75;23.75;23.50;23.75;24.25;31.25;28.00;24.00;23.75;22.75;23.75;23.25;24.25;24.00;24.00;23.25;23.25;23.25]
104987-[25.00;24.50;24.75;25.00;25.50;25.25;25.00;25.00;25.00;24.25;25.75;27.00;26.75;25.50;24.75;25.00;24.50;25.25;25.50;33.50;32.50;25.50;25.25;24.25;24.50;24.50;25.50;37.50;36.00;25.50;24.50;24.25;24.75;24.25;26.25;38.00;35.25;25.25;24.75;23.75;24.25;24.25;25.75;37.00;32.75;24.75;23.50;23.75;23.50;23.75;24.50;31.25;28.25;24.50;23.75;23.25;23.50;23.75;24.25;24.50;23.75;23.25;23.50;23.25]
105472-[25.00;24.25;25.25;25.50;25.50;24.75;25.25;25.50;24.50;24.50;25.25;27.00;26.75;25.25;24.50;25.00;25.00;24.50;25.75;33.25;32.50;25.25;25.25;24.25;24.50;24.50;25.75;37.75;36.00;25.50;24.50;24.25;24.75;24.75;25.75;38.00;35.00;25.25;24.25;23.50;24.00;24.25;25.25;37.00;32.75;24.75;24.00;23.75;23.50;23.75;24.25;31.25;28.00;23.75;23.25;23.00;23.50;24.00;23.75;24.25;24.00;23.25;23.00;23.25]
105957-[24.75;24.00;24.75;25.50;25.75;25.00;25.00;25.00;25.25;24.75;25.25;26.75;27.00;25.25;24.75;25.25;24.75;24.50;25.50;33.25;32.50;26.00;25.25;24.50;24.75;24.50;25.75;37.50;36.00;25.50;24.25;24.00;24.50;24.50;26.25;38.00;35.00;25.25;24.25;23.75;24.25;24.00;25.50;37.00;33.00;24.50;24.00;23.75;23.75;23.50;25.00;31.50;27.75;23.75;23.25;22.75;23.00;23.50;24.00;24.00;23.50;23.25;23.50;22.75]
106442-[24.75;24.00;24.50;25.50;25.50;25.00;24.75;24.50;24.75;24.50;25.25;27.25;27.00;25.25;24.75;24.50;25.00;25.00;25.50;33.50;32.50;25.25;24.75;24.00;24.50;24.50;25.50;37.75;35.75;25.25;24.50;24.25;24.50;24.75;26.00;37.50;35.25;25.75;24.50;23.25;23.75;24.00;25.75;36.75;32.75;24.50;23.75;24.00;23.25;23.75;24.50;31.00;28.00;24.50;23.25;22.75;23.50;23.25;23.50;24.00;24.00;23.50;23.25;23.25]
106927-[24.75;24.50;25.00;25.25;26.00;24.25;24.50;24.75;24.50;25.00;25.25;26.75;27.25;25.25;24.50;24.50;24.50;25.00;25.25;33.25;32.50;25.75;25.25;24.25;24.75;24.00;25.50;37.25;36.00;25.50;24.25;23.50;24.50;24.75;25.75;38.00;35.00;25.25;24.50;24.00;24.00;24.25;25.25;36.75;33.00;24.75;23.75;23.50;23.50;23.50;24.25;31.00;28.00;24.00;23.75;23.50;23.50;23.25;23.75;23.50;24.00;23.25;23.50;23.25]
107412-[24.75;24.25;24.75;25.50;25.50;24.50;24.50;25.00;25.00;24.25;25.25;27.00;27.00;25.25;24.50;24.75;25.00;24.75;25.75;33.25;32.50;25.25;25.00;24.25;24.50;24.75;25.50;37.25;36.00;25.25;24.50;24.00;25.00;25.00;26.00;37.75;35.25;25.00;24.50;23.50;24.00;24.25;25.50;36.50;33.00;24.50;24.00;23.75;23.50;23.50;24.75;31.25;28.25;24.25;23.50;23.25;24.00;23.75;24.00;24.25;24.00;23.50;23.25;23.00]
107897-[25.50;24.25;25.00;25.50;25.75;25.00;25.00;24.75;25.25;24.25;25.25;27.00;27.00;25.75;24.25;25.00;24.75;24.50;26.00;33.25;33.00;25.75;25.00;24.00;24.50;24.50;25.75;37.75;36.00;25.50;24.50;23.75;24.25;24.50;26.25;37.75;34.75;25.25;24.25;23.75;23.75;24.50;25.50;37.25;33.25;24.25;23.75;23.75;23.50;23.50;24.50;30.75;27.75;24.25;23.75;22.75;23.25;23.75;23.50;24.50;23.50;23.00;23.50;23.25]
108382-[24.75;24.25;24.75;25.00;25.50;24.50;24.75;24.75;25.25;24.25;24.75;26.75;27.00;25.00;24.50;24.00;24.25;24.50;25.50;33.25;32.50;25.25;24.75;24.50;24.00;24.50;25.75;37.25;36.00;25.25;24.00;23.75;24.00;24.75;25.75;37.75;34.75;25.25;24.50;23.50;24.25;24.00;25.25;37.00;32.50;24.75;24.00;23.50;23.25;23.50;24.50;30.75;28.00;23.75;23.50;22.50;23.25;24.00;24.00;24.00;23.50;22.75;23.25;22.75]
108867-[25.00;24.25;24.75;25.25;25.25;24.50;24.50;24.75;24.75;24.50;24.75;26.75;26.50;24.50;24.75;24.50;24.75;24.75;25.50;33.00;32.25;25.25;25.00;24.00;24.75;24.25;25.75;37.25;35.50;25.25;24.25;23.75;24.25;25.00;26.25;38.00;34.75;25.25;24.50;23.75;24.25;23.75;25.50;36.75;32.75;24.50;23.50;23.75;23.75;23.75;24.25;31.50;27.75;24.00;23.25;22.50;23.75;23.75;23.50;23.75;23.75;23.00;23.25;23.25]
109352-[25.00;24.00;24.75;25.50;25.25;24.25;25.00;24.25;24.75;24.25;25.00;26.75;26.75;25.25;24.25;24.50;24.75;24.75;25.50;33.00;32.50;25.50;24.75;24.25;24.25;24.25;25.75;37.25;36.00;25.25;24.00;23.50;24.25;24.50;25.75;37.75;35.25;25.00;24.25;23.50;23.75;23.75;25.50;36.75;32.50;24.25;23.25;23.75;23.75;23.75;24.25;30.75;27.50;24.00;23.25;23.00;23.25;23.00;23.75;23.25;23.50;23.00;23.25;23.25]
109837-[24.50;24.75;25.00;25.75;25.25;24.75;25.00;24.50;24.50;24.25;25.00;26.50;26.25;25.00;24.75;24.50;24.75;24.75;25.75;33.25;32.50;25.25;24.50;23.75;24.50;24.50;25.50;37.50;36.00;25.00;24.50;23.50;24.25;24.25;26.00;37.50;35.00;25.50;24.25;23.75;24.00;24.00;25.25;37.00;33.00;24.50;23.75;24.00;23.50;23.75;24.75;31.00;27.50;24.00;23.50;23.00;23.25;23.00;23.75;23.75;23.75;23.25;22.75;22.50]
110322-[25.00;24.00;24.75;25.25;25.25;24.25;24.75;24.25;24.50;24.00;24.75;27.00;27.00;25.00;24.00;24.25;24.50;24.75;25.50;33.00;32.25;25.50;24.75;24.50;24.00;24.50;25.25;37.00;35.50;25.25;24.00;24.00;24.25;24.50;25.75;37.75;34.50;25.00;24.00;23.25;24.00;24.50;25.25;37.00;32.75;25.00;23.50;23.50;22.75;23.50;24.25;30.75;27.75;23.75;23.25;23.00;23.50;23.25;23.75;23.75;24.00;23.00;23.00;23.25]
110807-[24.50;23.75;24.50;25.00;25.25;24.25;24.75;24.75;24.50;24.00;24.50;26.75;26.50;24.75;24.75;23.75;24.50;24.50;25.25;33.50;32.75;24.75;24.50;24.00;24.25;24.25;25.50;37.25;35.75;25.00;23.75;23.75;24.00;24.25;26.00;37.50;35.00;25.25;24.00;23.25;24.00;23.75;25.25;36.50;33.00;24.25;23.75;23.75;23.75;23.50;24.00;30.75;27.50;23.50;23.50;23.25;23.50;23.00;24.00;23.50;23.50;22.75;23.50;22.50]
111292-[24.50;23.75;24.00;24.75;25.00;24.75;24.75;24.50;24.50;24.00;24.25;26.50;26.75;24.50;24.50;24.00;24.25;24.50;25.50;33.00;32.25;25.00;24.25;23.25;24.00;24.25;25.25;37.25;35.75;24.75;24.00;23.75;24.00;24.00;25.50;37.00;34.75;25.25;23.75;23.50;23.75;24.00;25.25;36.50;32.50;24.25;23.25;23.50;23.50;23.00;23.75;30.50;27.50;23.75;23.25;22.75;23.00;23.25;23.25;24.00;23.75;22.75;23.00;23.00]
111777-[24.25;24.00;24.75;25.00;25.00;24.25;24.75;24.25;24.00;24.00;24.75;26.50;26.50;25.00;24.25;23.75;24.50;24.50;25.25;33.00;32.50;25.25;24.75;24.25;24.00;24.00;25.50;37.00;35.50;25.25;24.00;23.50;24.25;24.25;25.75;37.00;34.75;25.00;23.75;23.00;23.50;24.00;25.00;36.75;32.50;24.25;23.25;23.50;23.75;23.50;24.25;30.75;27.75;24.25;23.25;22.75;23.00;23.75;23.75;23.50;23.50;23.00;22.75;22.50]
112262-[24.50;24.00;24.50;25.25;25.25;24.50;25.00;24.75;24.25;24.00;24.75;26.50;26.75;24.75;24.50;23.75;24.50;24.00;25.25;32.75;32.25;25.00;24.75;23.75;24.00;24.00;25.00;36.75;35.75;24.75;24.50;23.75;24.00;24.25;26.00;37.25;34.25;24.50;23.75;23.50;24.00;24.25;25.25;36.50;32.25;24.25;23.75;23.25;23.25;23.50;24.25;31.00;27.75;23.50;23.00;22.50;23.00;23.25;23.50;24.00;23.50;22.75;23.00;23.50]
112747-[24.75;24.75;24.25;25.00;25.25;24.50;24.75;24.50;24.50;24.00;24.75;26.50;26.75;25.00;24.50;24.25;24.75;24.50;25.00;32.75;32.75;25.00;24.50;23.75;24.00;24.00;25.50;37.00;35.50;25.00;24.00;23.50;24.00;24.25;26.00;37.50;34.75;24.75;24.50;23.25;23.50;24.00;25.50;36.50;32.75;24.50;23.50;23.75;23.25;23.50;23.75;31.00;27.75;23.75;23.25;23.00;24.00;23.25;23.75;23.75;23.75;22.75;23.50;23.00]
113232-[24.25;24.25;24.50;25.25;25.25;24.25;25.00;24.25;24.50;24.25;24.75;26.50;26.25;25.00;24.00;24.00;24.50;24.50;25.25;33.25;32.25;25.25;24.75;24.00;24.50;24.25;25.50;37.25;35.75;25.25;24.50;24.00;24.75;24.50;26.00;37.50;34.50;25.00;24.25;23.50;23.75;24.25;25.25;36.25;32.75;24.50;23.75;23.25;23.50;23.00;24.25;30.50;28.00;24.25;22.75;22.00;23.75;23.50;23.75;24.00;24.00;22.75;23.00;22.75]
113717-[24.25;24.00;24.25;25.25;25.50;24.50;24.75;24.00;24.75;24.50;24.75;26.75;26.75;25.25;24.25;24.75;24.50;24.25;25.50;32.75;32.00;25.00;24.50;23.75;24.00;24.50;25.25;37.50;35.50;25.00;24.50;24.00;24.25;24.50;25.75;37.50;34.50;25.00;23.75;24.00;23.50;24.00;25.50;36.75;32.25;24.50;23.75;23.75;24.00;23.25;23.75;30.50;27.75;24.00;23.50;22.25;23.50;23.50;24.25;23.75;23.75;22.50;23.50;23.50]
114202-[24.50;24.00;24.25;25.50;24.75;24.50;25.25;24.25;24.50;24.00;25.25;27.00;26.75;25.25;24.25;24.25;24.75;24.50;25.50;33.25;32.25;25.50;24.50;24.00;24.25;24.50;25.50;37.25;36.00;25.25;24.00;23.50;24.00;24.75;25.75;37.75;34.75;25.00;24.00;23.50;23.50;24.00;25.50;36.75;32.50;24.50;23.75;23.75;24.00;23.75;24.00;30.75;27.50;24.00;23.25;22.75;23.25;23.50;23.75;23.75;23.75;23.75;23.00;23.50]
114687-[24.75;24.75;24.75;25.00;25.75;25.00;25.25;24.75;24.50;24.25;25.00;26.75;26.50;24.75;24.75;24.50;24.75;24.75;25.75;33.25;33.00;25.75;24.75;24.50;24.25;24.50;25.75;37.25;36.25;25.50;24.25;23.00;24.25;24.25;25.50;38.00;34.75;25.25;24.25;24.25;24.00;23.75;25.75;36.75;33.00;24.50;23.75;23.50;23.50;23.25;24.00;30.75;28.00;24.25;23.50;22.75;23.00;23.50;23.75;24.25;24.00;23.50;23.50;23.50]
115172-[24.75;24.25;24.50;25.50;25.50;24.50;24.75;24.75;24.25;24.00;25.25;27.00;26.75;24.75;24.25;24.50;24.50;25.00;25.50;33.00;32.25;25.25;24.50;24.00;24.50;24.25;25.50;37.50;35.75;24.75;24.75;23.75;24.50;24.50;26.00;37.50;35.25;25.00;24.00;23.50;24.00;24.00;25.25;36.75;32.75;24.50;24.00;23.50;23.50;23.50;23.75;31.00;28.00;24.25;22.75;22.75;22.75;24.00;24.25;24.25;23.75;23.00;23.50;23.25]
115657-[24.50;24.50;24.50;25.25;25.50;24.75;25.25;24.75;24.75;24.50;25.25;26.75;26.50;24.75;24.50;24.25;24.50;24.50;25.50;33.25;32.75;25.50;24.50;24.00;24.00;24.00;25.25;37.25;35.50;25.25;24.25;23.50;24.25;24.75;25.50;37.50;34.75;25.00;24.50;23.75;23.50;24.00;25.75;36.75;33.00;24.25;23.75;23.50;23.75;23.75;24.25;30.75;28.25;24.00;23.25;22.75;23.75;23.50;23.75;24.00;24.00;23.00;23.25;23.00]
116142-[24.50;24.25;24.50;25.25;25.25;24.50;24.50;24.75;24.50;24.25;25.00;26.50;26.75;25.00;24.75;24.25;24.25;24.75;25.25;32.75;32.50;25.00;24.75;24.00;24.75;24.00;25.75;37.00;35.50;25.00;24.25;24.00;24.25;24.75;26.00;37.25;35.00;24.75;24.50;23.50;23.75;23.75;25.25;36.75;32.25;24.25;23.75;23.25;23.50;23.50;24.50;31.00;28.00;23.75;23.50;23.00;23.50;23.75;23.50;23.75;23.75;23.00;23.00;23.25]
116627-[24.50;24.25;24.25;25.50;25.25;24.50;24.75;24.75;25.00;24.50;25.00;26.75;26.50;25.00;24.50;25.00;24.25;24.00;25.50;33.00;32.50;25.00;24.50;24.00;23.75;24.00;25.00;37.00;35.75;25.00;23.75;23.50;24.25;24.75;26.00;37.25;35.00;25.25;24.00;23.75;23.75;23.75;25.50;36.75;32.50;24.00;23.00;23.75;23.25;23.00;24.75;30.25;28.25;24.00;23.75;22.50;23.75;23.50;23.50;23.75;23.75;23.00;23.25;23.50]
117112-[24.75;24.50;24.25;25.00;25.00;24.00;24.50;24.50;24.75;24.25;24.50;26.50;26.75;25.00;24.75;24.25;24.50;24.50;25.25;33.00;32.75;25.25;25.00;23.75;24.25;23.75;25.25;37.50;35.50;25.00;24.00;23.75;24.25;24.25;25.75;37.25;34.25;25.25;24.25;23.25;23.75;24.25;24.75;36.50;32.00;24.50;23.50;23.25;23.50;23.25;24.00;31.00;27.25;23.75;23.00;22.75;23.00;23.25;23.75;23.75;24.25;22.75;23.25;23.00]
117597-[24.00;24.00;24.50;25.50;25.25;24.50;24.75;24.25;24.50;24.25;24.75;26.75;26.50;25.00;24.25;24.25;25.25;24.50;25.25;33.00;32.25;25.25;24.50;24.00;24.75;24.00;25.25;37.25;36.25;25.00;24.00;23.25;24.00;24.25;25.50;37.25;34.75;25.00;24.00;23.50;24.00;24.25;25.50;36.75;32.75;24.25;23.50;23.50;23.50;23.25;23.75;30.50;28.00;23.75;23.25;22.50;23.00;23.50;23.75;24.00;23.75;23.00;22.75;23.00]
118082-[24.25;24.25;24.00;25.25;25.25;24.25;24.25;24.25;24.25;24.25;24.75;26.50;26.50;25.00;24.25;24.50;24.50;24.50;25.50;33.00;32.50;25.00;24.75;24.25;24.25;24.00;25.50;37.00;35.75;24.75;24.25;23.75;24.50;24.50;25.75;37.50;35.00;25.00;24.50;23.75;24.00;24.00;25.25;36.50;32.50;24.50;23.50;23.75;23.50;23.25;24.50;30.50;27.50;24.00;23.25;23.00;23.50;23.75;23.25;24.00;23.75;22.75;23.00;22.75]
118567-[24.50;23.75;24.50;24.75;24.75;24.75;24.50;24.50;24.00;24.25;24.75;26.50;26.25;24.75;24.25;24.25;24.50;24.75;24.75;33.00;32.50;25.75;24.25;23.75;24.25;24.25;25.25;37.00;35.75;25.00;24.00;23.75;23.50;24.25;25.50;37.50;34.50;25.25;24.00;23.25;23.25;23.75;25.00;36.75;32.50;24.25;23.75;23.25;23.25;23.25;24.25;30.50;27.25;23.50;23.50;22.25;23.00;22.75;23.50;23.25;23.25;22.50;23.25;22.75]
119052-[24.25;23.75;24.00;25.00;25.50;24.25;24.75;24.00;24.50;24.25;24.50;26.25;26.25;24.75;24.00;24.50;24.25;24.50;25.25;33.00;32.00;25.25;24.25;23.75;24.00;24.00;25.00;37.00;36.00;25.00;24.00;24.25;24.25;24.75;25.75;37.25;34.75;24.75;24.25;23.25;23.25;24.00;25.25;36.50;32.50;24.75;23.50;23.50;23.75;23.25;24.00;30.50;27.75;23.50;23.00;22.50;22.75;23.50;23.50;23.75;23.75;22.50;23.00;22.75]
119537-[24.00;23.75;24.50;25.25;25.00;24.25;24.25;24.25;24.25;24.00;24.75;26.50;26.25;24.50;24.00;24.00;24.50;24.50;25.25;32.75;32.25;25.25;24.50;24.00;23.75;24.00;25.25;37.00;35.50;25.25;23.75;23.50;23.75;24.25;25.50;37.50;34.75;24.75;24.00;23.00;23.25;23.75;25.00;36.75;32.50;24.25;23.75;23.50;23.75;23.25;24.25;30.75;27.75;24.00;23.25;23.00;23.00;23.00;23.50;23.50;23.25;23.00;22.75;23.00]
120022-[24.25;24.25;24.50;25.25;25.00;24.25;24.50;24.25;24.50;24.00;25.25;26.75;26.50;24.75;24.00;24.25;24.50;24.50;25.25;33.25;32.50;25.50;25.00;24.50;24.50;24.00;25.50;37.25;35.50;24.75;24.25;23.50;23.75;24.50;25.50;37.50;34.75;24.75;24.50;23.50;23.75;24.25;25.25;36.75;32.50;24.25;23.75;23.75;23.50;23.75;24.00;30.75;27.50;23.75;23.25;22.75;23.25;23.25;23.50;23.75;23.75;23.25;22.75;23.25]
120507-[24.00;24.50;24.50;24.75;25.25;24.75;25.00;24.50;24.75;24.25;24.75;26.25;26.50;24.75;24.50;24.25;24.25;24.25;25.50;33.00;32.25;25.25;24.75;24.00;24.25;24.25;25.25;37.00;35.75;24.75;23.75;23.75;24.00;24.25;25.75;37.75;34.25;24.75;24.00;23.75;23.50;23.75;25.25;36.75;32.50;24.25;23.25;23.25;23.75;23.50;24.25;30.75;27.50;23.25;22.75;23.00;23.50;23.75;23.75;23.50;23.75;22.75;22.75;23.00]
120992-[24.75;23.75;24.75;25.25;25.00;24.50;24.25;24.50;24.50;24.00;24.75;26.25;26.75;25.25;24.00;24.75;24.50;24.25;25.25;33.25;32.25;25.25;24.25;24.00;24.25;24.00;25.25;37.00;35.50;25.00;24.25;23.75;24.25;24.50;25.75;37.50;34.75;25.25;24.00;23.25;23.75;23.75;24.75;36.50;32.50;24.25;23.25;23.75;23.25;23.50;24.00;30.50;27.75;23.75;23.75;22.75;23.00;23.25;23.75;23.25;24.00;23.00;23.25;23.00]
121477-[24.25;24.00;24.25;25.25;24.75;24.50;24.75;24.50;24.50;24.25;25.00;26.75;26.25;24.50;24.00;24.50;24.00;24.50;25.25;33.00;32.50;25.00;24.25;24.25;24.00;24.50;25.75;37.00;35.25;24.75;24.25;23.50;24.50;24.25;25.75;37.50;34.50;24.25;24.25;23.75;23.75;24.50;25.25;36.75;32.50;24.50;23.50;23.50;23.75;23.50;24.25;30.75;27.75;24.00;23.50;22.00;23.00;23.00;23.50;23.75;24.00;23.25;23.00;22.75]
121962-[24.50;24.00;24.50;25.00;24.75;24.50;24.50;24.75;24.75;24.50;25.00;26.75;26.25;24.50;24.75;24.50;24.25;24.50;25.00;33.25;32.50;24.50;24.25;24.00;24.50;24.25;25.50;37.25;35.50;24.75;24.25;23.50;24.25;24.50;25.75;37.75;34.75;24.75;24.25;23.25;23.50;23.75;25.00;36.25;32.50;24.25;23.50;23.50;23.50;23.75;23.75;30.75;28.25;24.00;23.50;22.75;23.50;23.00;23.75;24.00;23.75;22.75;23.25;22.25]
122447-[24.25;23.75;24.50;25.25;25.50;24.50;24.75;24.50;24.25;24.00;25.00;26.50;26.75;25.00;24.25;24.25;24.00;24.50;25.25;33.00;32.25;25.25;24.50;24.00;24.50;24.00;25.25;37.25;35.50;25.25;24.25;23.75;24.25;24.50;25.75;37.75;34.75;25.00;24.25;23.25;23.50;23.75;25.00;36.50;32.25;24.75;23.50;23.50;23.50;23.25;24.25;30.50;27.75;24.00;23.50;22.75;23.50;23.50;23.50;23.75;24.00;23.00;23.50;23.50]
122932-[24.75;24.00;24.75;25.25;25.50;24.75;24.75;24.50;25.00;24.25;25.00;26.25;26.50;25.00;24.50;24.50;24.50;24.50;25.25;33.25;32.75;25.00;24.50;23.75;24.25;23.75;25.25;37.25;35.50;25.25;24.25;23.50;24.00;24.25;26.25;37.50;34.50;25.00;24.25;23.00;23.75;24.00;25.25;36.50;32.75;24.75;23.50;23.25;23.50;23.75;24.00;30.75;27.75;24.25;23.00;22.50;23.50;23.00;23.50;23.75;23.50;22.50;23.75;23.00]
123417-[24.75;24.25;24.75;25.00;25.50;24.00;24.75;24.50;24.75;24.50;25.25;26.75;26.50;25.25;24.50;24.50;24.50;24.25;25.50;33.00;32.25;25.00;24.75;24.00;24.25;24.25;25.50;37.25;35.75;25.00;24.00;23.75;24.25;24.50;25.75;37.50;34.50;25.00;24.00;23.25;23.50;23.75;25.25;36.75;32.50;24.75;23.50;23.00;23.00;23.25;24.25;30.75;28.00;23.75;23.00;22.50;23.50;23.25;23.75;23.75;23.25;22.50;23.25;22.75]
123902-[24.25;24.50;24.50;25.50;25.25;24.00;24.00;24.00;24.50;24.00;25.00;26.50;26.50;25.00;24.50;24.25;24.25;24.75;25.50;33.00;32.50;25.00;24.50;23.50;24.00;24.25;25.25;37.25;35.25;25.25;24.50;23.25;24.50;24.25;25.75;37.50;34.75;25.00;24.25;23.50;24.25;24.00;25.25;36.50;32.25;24.25;24.25;23.50;23.50;23.50;23.75;31.00;27.50;23.50;22.75;22.00;23.25;23.00;23.75;23.75;23.25;22.50;22.75;23.50]
124387-[24.50;24.00;24.25;25.25;25.00;25.00;24.75;23.50;24.25;24.00;24.75;26.50;26.75;25.00;24.25;24.50;23.75;24.25;25.25;33.00;32.25;25.00;24.25;23.75;24.50;24.00;25.25;37.25;35.25;24.75;24.00;23.50;24.50;24.25;25.75;37.25;34.50;24.75;24.25;23.00;23.75;24.00;25.00;36.75;32.50;24.25;24.00;24.00;23.50;23.50;24.25;31.00;27.75;24.00;23.25;22.75;23.00;23.75;24.00;23.25;24.00;22.75;23.00;23.00]
124872-[24.75;24.25;24.50;25.00;25.00;24.50;24.75;24.50;24.50;24.25;25.00;26.75;26.50;25.00;24.00;24.75;24.25;24.50;25.25;33.00;32.25;25.00;24.25;24.00;24.00;24.25;25.25;37.00;35.50;25.25;24.50;24.00;24.50;24.50;25.50;37.50;34.75;24.50;24.00;23.25;23.75;24.00;25.25;36.75;32.50;24.25;23.50;23.00;23.50;23.50;24.25;30.75;27.50;23.75;23.25;22.25;23.50;23.25;24.00;24.25;23.50;22.75;22.75;23.00]
125357-[24.75;23.75;24.75;25.50;25.75;24.50;24.00;24.00;24.50;24.25;24.75;26.50;26.75;25.25;24.50;24.50;24.75;24.25;25.00;33.00;32.75;25.25;24.50;24.25;24.25;24.00;25.50;37.25;35.75;25.00;24.00;23.50;24.25;24.25;25.50;37.50;34.50;25.25;23.75;23.50;23.75;23.75;25.25;36.75;32.75;24.75;23.75;23.50;23.50;23.00;24.25;30.50;28.00;24.00;23.25;22.25;23.25;23.50;24.00;23.50;24.00;22.50;23.25;22.50]
125842-[24.50;24.00;24.75;25.25;25.25;24.25;24.75;24.25;24.50;24.25;24.75;26.75;26.75;25.00;24.50;24.50;25.00;24.50;25.50;33.25;32.75;25.25;24.50;23.75;24.50;24.50;25.50;37.00;35.75;25.25;24.50;24.00;24.50;24.50;25.75;37.50;35.00;24.75;24.25;23.75;23.50;24.25;25.25;36.75;33.00;24.25;23.75;23.75;23.75;23.50;24.00;30.75;28.00;24.00;23.75;22.50;23.25;24.25;23.25;24.25;23.75;23.25;23.25;23.00]
126327-[24.50;23.75;25.00;24.75;25.25;24.75;24.75;24.00;24.25;24.00;24.75;26.50;26.50;25.00;24.50;24.25;24.25;24.75;25.50;33.00;32.50;25.25;25.00;24.25;24.25;24.25;25.75;37.00;35.75;25.00;23.75;23.75;24.00;24.50;25.75;37.75;34.75;25.00;24.00;23.50;23.50;24.00;25.25;36.75;32.75;24.75;23.50;23.25;23.00;23.50;24.75;31.00;27.75;23.75;23.25;22.25;23.25;23.75;23.25;24.00;24.25;22.75;23.00;23.00]
126812-[24.50;24.00;24.50;25.00;25.50;24.50;24.50;24.75;24.50;24.25;25.25;26.75;26.75;25.00;24.50;24.50;24.50;24.75;25.50;33.25;32.50;25.00;24.25;23.75;24.50;24.25;25.50;37.00;35.50;25.00;24.50;23.75;24.00;24.50;25.50;37.75;34.75;25.00;24.25;23.25;23.50;24.00;25.50;37.00;32.75;24.00;23.50;23.50;23.50;23.25;23.75;31.00;28.00;24.25;23.25;22.50;22.75;23.75;23.75;24.00;23.50;23.00;23.50;22.75]
127297-[24.75;24.00;24.25;25.00;25.25;24.75;24.75;24.75;24.50;24.00;25.25;26.50;26.75;24.50;24.75;24.25;24.75;24.75;25.50;32.75;32.50;25.50;24.75;23.25;24.50;23.75;25.50;37.25;35.75;25.00;23.75;23.75;24.50;24.25;26.25;37.50;35.00;25.25;24.25;23.50;23.75;24.25;25.25;36.75;32.75;24.50;24.00;23.25;23.50;23.25;24.50;31.00;27.75;23.50;23.25;23.25;23.75;23.25;23.75;23.75;24.00;22.75;22.75;22.50]
127782-[25.00;23.75;24.25;25.25;25.00;24.25;25.00;24.50;24.75;24.25;24.50;26.75;26.75;25.25;24.25;24.25;24.75;24.75;25.50;33.25;32.50;25.50;24.75;24.00;24.75;24.25;25.25;37.00;35.75;25.50;24.25;23.50;24.25;24.50;25.75;37.50;34.75;25.00;24.25;23.75;23.25;24.00;25.00;37.00;32.50;24.50;23.50;24.00;23.50;23.50;24.25;31.00;27.75;24.25;23.25;23.00;23.50;23.25;24.00;24.50;23.50;23.25;23.00;23.50]
128267-[24.25;24.00;24.75;25.50;25.25;24.50;25.00;24.50;24.75;24.25;25.00;26.75;26.75;24.75;24.00;24.75;24.50;24.00;25.25;32.75;32.25;25.00;24.75;24.25;24.25;24.50;25.50;37.50;35.75;25.25;24.25;23.50;24.50;24.50;26.00;37.25;34.75;25.25;24.25;23.50;23.75;23.75;25.25;36.75;32.25;24.50;23.50;23.75;24.25;23.75;24.50;30.75;27.75;23.75;23.00;22.50;23.00;23.25;23.75;23.75;24.25;22.75;22.75;23.00]
128752-[24.50;24.25;24.50;25.25;25.50;24.50;24.75;24.50;24.75;24.25;25.00;26.75;26.50;24.75;24.50;24.75;24.50;24.50;25.50;33.25;32.25;25.50;24.50;24.00;24.50;24.00;25.50;37.25;35.75;25.50;23.75;23.75;24.50;24.50;25.75;37.50;34.75;25.00;24.25;23.25;23.75;24.00;24.75;36.75;32.50;24.50;23.50;23.75;23.25;23.50;24.25;30.75;27.75;24.00;23.25;22.75;23.50;23.25;23.50;24.00;23.25;23.00;23.25;22.75]
129237-[24.50;24.25;25.00;25.50;25.75;24.75;25.25;24.75;24.75;24.25;24.75;27.25;26.75;25.00;24.50;24.50;24.75;24.75;25.25;33.00;32.50;25.50;25.00;24.50;24.50;24.25;25.50;37.25;35.50;25.00;24.00;24.25;24.50;24.25;26.00;37.75;34.75;25.50;24.50;23.50;24.00;24.25;25.25;37.25;32.25;24.50;23.75;23.75;24.00;23.25;24.25;30.75;27.75;24.00;23.25;22.50;23.00;23.00;24.00;24.00;24.00;23.50;23.25;23.25]
129722-[24.75;24.50;25.00;25.25;25.50;24.50;24.75;24.50;24.75;24.25;25.00;27.00;26.75;25.50;24.50;25.00;24.75;24.50;25.75;33.25;32.50;25.50;24.75;24.50;24.25;24.25;25.50;37.00;35.75;25.25;24.25;23.75;24.25;24.75;26.00;37.50;34.75;24.75;24.75;23.50;23.75;24.50;25.00;36.50;32.50;24.50;24.00;23.50;24.25;23.25;24.00;30.75;28.00;23.75;23.25;22.25;23.00;24.00;23.75;24.25;24.00;23.00;23.25;23.00]
130207-[24.75;23.50;24.75;25.75;25.25;24.50;25.00;24.25;24.75;24.75;25.00;26.75;26.75;24.75;24.50;24.50;24.00;24.25;25.75;33.25;32.75;25.50;24.50;24.00;24.50;24.50;25.50;37.00;35.50;25.00;24.25;23.75;24.25;24.50;25.75;37.50;34.75;25.25;24.50;23.25;23.50;24.50;25.25;37.00;32.75;24.25;23.75;23.50;23.50;23.25;24.25;30.75;28.00;24.25;23.00;22.25;22.75;23.50;23.50;24.25;23.75;22.75;23.00;22.50]
130692-[24.75;24.25;24.75;25.25;25.50;25.00;25.00;24.75;25.00;24.75;24.75;27.00;26.75;25.00;24.25;24
