Alumin ioPreto300mm
227-   [24.25;24.00;24.25;25.00;24.50;24.25;24.00;23.75;24.75;24.25;25.25;27.25;26.75;25.00;23.75;23.75;23.75;24.25;25.50;32.50;31.25;25.00;24.75;23.75;24.00;24.25;25.75;38.75;36.25;24.75;24.00;23.25;24.25;24.75;25.50;38.75;35.00;24.25;23.75;23.25;23.75;23.75;24.50;27.00;26.25;23.50;23.25;23.00;23.00;23.25;23.00;23.75;23.50;23.00;22.50;21.75;22.25;22.75;23.25;22.75;22.75;22.25;22.75;22.00]
712-   [24.75;24.25;24.25;25.25;25.25;24.00;24.50;23.00;24.50;24.25;25.25;26.75;26.50;24.75;24.00;24.25;24.25;24.50;25.50;32.25;31.50;24.75;23.75;23.00;23.75;24.00;25.50;38.50;36.00;24.75;23.75;23.50;23.75;23.75;25.75;38.75;35.50;24.75;23.75;23.25;23.25;23.50;24.25;27.25;26.00;23.50;23.00;22.75;23.25;22.75;23.25;23.50;23.50;23.25;23.00;21.50;22.50;23.25;23.00;22.25;22.75;22.25;22.25;22.25]
1197-  [24.50;23.75;24.25;24.75;25.00;24.25;24.25;24.25;24.25;24.00;25.00;27.25;26.75;25.00;24.50;24.00;24.75;24.50;25.25;32.25;31.50;25.25;24.50;23.50;24.50;24.25;25.75;38.50;36.25;25.25;23.50;23.75;23.50;24.50;25.25;39.00;35.25;25.00;24.00;22.75;23.75;24.00;24.75;27.25;26.25;23.50;23.00;23.25;23.50;23.25;23.50;23.75;23.75;23.00;23.00;22.50;22.25;23.00;23.25;23.00;22.50;22.75;22.25;22.00]
1682-  [24.50;23.50;24.50;24.75;24.75;24.25;24.50;24.00;24.25;24.25;24.75;26.75;27.00;24.75;24.25;24.00;24.00;24.50;25.00;32.25;31.75;25.25;24.25;23.50;23.75;24.25;26.00;38.50;36.00;24.75;24.25;23.50;23.75;24.25;25.25;38.75;35.50;24.25;23.75;23.00;23.25;23.50;24.25;27.50;26.25;23.75;23.25;23.00;23.00;23.00;23.25;24.00;23.50;23.00;22.25;22.00;23.50;22.50;23.50;22.75;22.75;22.50;23.00;22.50]
2167-  [24.50;23.75;24.25;25.00;25.00;24.25;24.50;24.00;24.00;23.75;25.00;27.25;27.00;25.00;23.75;24.25;24.25;24.50;25.00;32.00;31.50;24.50;24.25;23.75;24.25;24.00;25.50;38.50;36.00;25.00;23.75;23.50;24.00;24.00;25.50;38.75;35.50;24.50;23.50;22.75;23.50;23.50;24.75;27.50;26.00;24.00;23.25;22.75;23.00;23.25;23.25;23.75;23.25;23.25;23.00;21.75;23.00;23.50;23.00;23.00;22.75;22.25;23.00;23.00]
2652-  [24.50;24.00;24.00;24.75;25.00;24.00;25.00;24.00;23.75;24.50;24.75;26.50;26.75;24.50;24.25;24.00;24.50;24.50;25.25;32.00;31.25;25.00;24.25;23.25;24.25;23.75;25.50;38.25;36.25;25.00;23.75;23.00;23.75;24.50;25.50;39.00;35.50;24.75;23.75;23.00;23.50;24.00;24.75;27.25;26.25;24.00;23.25;22.75;22.75;23.25;23.50;23.25;23.50;23.25;22.75;22.25;23.50;23.25;22.75;22.75;23.00;22.50;22.50;22.50]
3137-  [24.25;23.75;24.00;24.50;25.00;24.50;24.75;24.25;24.25;23.75;25.00;26.75;26.50;24.75;24.00;24.50;24.50;24.25;25.00;32.25;31.25;25.00;24.50;23.50;24.00;24.25;25.50;38.25;36.25;24.75;23.75;23.25;23.50;24.25;25.50;39.00;35.00;24.75;24.00;23.25;23.50;23.75;24.75;27.25;26.75;23.50;23.25;23.25;23.00;23.50;23.50;24.00;23.75;23.50;23.00;21.75;23.50;22.75;23.25;23.00;22.75;22.25;23.00;22.25]
3622-  [24.00;23.75;24.25;25.25;25.00;24.25;24.25;23.75;24.25;24.00;25.25;27.25;27.00;24.75;23.75;24.00;23.75;24.25;25.75;32.25;31.00;25.00;24.25;23.25;24.50;23.75;25.25;38.25;36.25;25.00;23.75;23.75;24.00;24.00;25.75;39.25;35.25;24.75;24.00;23.00;23.50;24.00;24.75;27.50;26.50;24.00;23.50;23.50;23.75;23.00;23.25;23.75;23.75;23.50;23.00;21.75;23.25;23.50;22.75;22.50;23.50;23.00;23.00;22.75]
4107-  [24.75;24.25;24.50;25.00;25.00;24.25;24.25;23.25;24.50;24.25;25.00;26.75;26.75;25.00;24.00;23.75;24.25;24.50;25.50;32.25;31.50;25.00;24.25;23.50;24.00;24.25;25.50;38.50;36.25;25.00;24.00;23.50;23.50;24.25;25.75;39.25;35.50;24.50;24.25;23.75;23.50;23.75;25.00;27.50;26.25;23.75;23.50;23.00;22.75;23.00;23.25;23.75;23.50;23.25;23.00;22.25;23.25;23.25;23.50;23.25;23.00;22.25;22.75;22.75]
4592-  [24.00;24.00;24.50;25.25;25.50;24.25;24.00;24.25;24.00;24.25;24.75;27.25;26.75;24.75;24.25;23.50;24.00;24.75;25.00;32.50;31.25;25.50;24.25;23.50;24.00;24.25;25.25;38.75;36.00;25.00;24.00;23.50;24.50;24.50;26.00;39.00;35.25;24.50;24.00;23.25;23.75;24.00;24.75;27.75;26.50;24.00;23.50;23.25;23.50;23.75;23.75;24.50;24.00;23.50;23.25;21.75;23.25;23.50;23.50;23.00;23.25;22.75;23.00;23.00]
5077-  [24.50;24.00;24.50;25.00;25.00;24.00;25.00;24.25;24.75;24.25;25.00;26.50;27.00;24.75;24.50;24.25;24.25;24.25;25.25;32.25;31.25;25.00;24.25;24.00;24.00;24.25;25.75;38.50;36.25;25.00;24.25;23.75;24.50;24.00;25.75;39.00;35.50;24.75;23.75;23.00;24.00;24.00;24.75;27.50;26.50;24.00;23.25;23.75;23.50;23.25;23.75;24.00;24.00;23.50;23.00;22.50;23.50;23.50;23.75;23.00;23.50;22.50;22.25;22.75]
5562-  [24.75;24.00;24.50;24.75;25.00;23.75;24.75;24.00;24.25;24.00;24.50;26.50;26.75;24.75;23.75;24.25;23.75;24.25;25.00;32.25;31.25;25.25;24.25;23.50;24.25;24.25;25.50;38.50;36.25;25.00;23.75;24.00;24.00;24.00;25.75;38.75;35.25;24.50;23.50;23.25;24.00;24.00;24.25;27.50;26.25;23.75;23.25;23.75;23.25;22.50;23.25;23.50;23.75;23.00;22.75;22.00;23.50;23.25;22.75;22.00;22.75;22.75;22.75;22.50]
6047-  [24.50;24.25;24.25;25.00;24.75;24.00;24.25;24.00;25.00;24.50;24.50;26.75;26.75;24.75;23.75;24.00;23.50;24.50;25.50;32.00;31.50;25.00;24.50;23.50;23.75;24.00;25.25;38.25;36.00;25.25;24.00;23.25;24.50;24.50;25.75;39.25;35.25;24.75;23.75;23.50;23.50;23.75;24.50;27.75;26.50;24.00;23.25;23.50;23.25;23.00;23.25;23.75;23.50;23.50;22.75;22.75;22.75;23.50;23.00;23.25;23.25;22.75;23.25;22.75]
6532-  [24.50;24.25;24.50;25.00;24.75;24.25;24.00;23.50;24.25;24.50;25.00;27.00;26.75;24.50;24.50;24.00;24.50;24.00;25.50;32.00;31.25;25.00;24.25;23.75;23.75;24.25;25.25;38.25;36.00;25.00;24.00;23.50;24.25;24.50;25.50;39.00;35.25;24.75;24.00;23.25;23.50;24.00;24.25;27.75;26.75;23.50;23.00;23.00;23.00;23.00;23.75;23.25;23.50;23.25;22.75;22.50;22.50;23.00;23.25;22.75;23.00;22.50;22.75;22.50]
7017-  [25.25;24.00;24.50;25.00;25.00;24.75;24.50;23.75;24.50;24.25;25.25;27.00;26.75;24.75;24.50;24.25;24.50;24.75;25.25;32.25;31.50;25.25;24.75;23.75;24.50;23.75;25.75;38.50;36.00;25.00;24.25;23.50;24.00;24.75;25.75;39.00;35.25;24.50;24.00;23.25;23.50;24.25;25.00;28.00;26.50;24.00;23.50;23.50;23.50;23.50;23.75;24.00;23.75;24.25;23.25;22.25;23.75;23.75;23.25;23.25;23.00;23.00;22.75;22.75]
7502-  [24.25;24.25;24.25;25.25;25.00;24.25;24.50;24.50;24.25;24.00;25.25;27.25;27.25;25.25;24.25;24.25;23.75;24.75;25.00;32.25;31.25;25.00;24.75;23.75;24.25;24.50;26.00;38.50;36.50;25.00;24.25;24.00;24.75;24.25;25.75;39.50;35.50;25.25;24.50;23.25;24.00;24.50;24.75;27.50;26.75;24.00;23.50;23.50;23.75;23.00;24.00;23.75;23.75;23.50;23.25;23.00;22.75;23.50;23.00;23.50;23.50;23.00;23.00;22.50]
7987-  [24.75;24.25;24.50;25.50;25.00;24.25;24.50;23.75;24.50;24.75;25.00;27.00;26.75;25.00;24.75;24.25;24.25;24.75;25.50;32.50;31.50;25.00;24.50;23.50;24.00;24.25;25.25;38.25;36.50;25.25;24.00;23.75;24.50;24.50;26.00;39.00;35.25;25.00;23.75;23.25;24.00;24.00;24.75;27.75;26.50;24.00;23.25;23.00;24.00;23.50;23.50;23.75;24.50;23.25;23.25;22.25;24.00;23.25;23.50;23.25;23.25;23.00;22.75;23.50]
8472-  [24.50;24.25;24.75;24.75;25.00;24.50;24.50;24.50;24.25;24.50;25.00;27.25;27.25;25.50;23.75;24.50;24.00;25.00;25.75;32.25;31.25;25.25;24.25;24.00;24.25;24.50;25.75;38.50;36.50;25.25;24.25;24.00;24.50;24.50;26.25;39.25;35.50;25.00;24.00;23.50;23.50;24.00;25.00;27.75;26.50;24.00;23.50;23.75;23.75;23.00;23.50;24.50;23.75;23.50;23.00;22.75;23.50;23.50;23.25;23.50;23.75;22.75;23.25;23.00]
8957-  [24.75;24.50;24.50;25.25;25.00;24.25;24.75;24.75;24.50;24.25;25.00;26.75;26.75;24.75;24.25;24.25;24.25;24.75;25.50;32.25;31.75;25.00;24.75;23.75;24.25;24.50;25.25;38.50;36.25;24.75;24.25;23.50;24.25;24.50;25.75;39.50;35.25;24.75;24.00;23.50;23.50;24.25;25.25;27.75;26.50;23.75;23.50;23.50;23.75;23.25;24.00;23.75;24.25;23.75;23.25;23.00;23.50;23.25;23.75;23.50;23.25;22.75;23.00;23.25]
9442-  [25.00;23.75;24.75;25.50;25.25;24.75;24.50;25.00;24.25;24.75;24.50;26.75;26.50;24.75;24.25;24.25;24.00;24.75;25.75;32.50;31.75;25.00;24.50;24.25;24.50;24.25;25.50;38.50;36.00;24.75;24.00;23.50;24.00;24.50;26.25;39.50;35.25;25.25;24.25;23.50;23.75;24.25;24.75;27.50;26.50;24.25;23.50;23.25;23.50;23.25;23.75;23.50;24.00;24.00;23.25;22.50;23.00;23.75;23.75;23.25;23.75;22.25;23.25;23.00]
9927-  [24.50;24.25;24.50;25.25;25.25;24.50;24.25;24.25;24.50;24.25;24.75;27.00;27.00;24.75;24.50;24.00;24.50;24.50;25.50;32.25;31.50;25.25;24.50;24.25;24.50;24.25;26.00;38.50;36.25;25.00;24.50;23.50;23.75;24.75;26.00;39.25;35.25;24.75;24.25;23.25;24.00;24.00;24.75;27.50;26.75;24.00;23.75;23.25;23.75;24.00;23.75;24.25;24.00;23.50;23.25;23.00;23.25;23.25;23.50;23.25;23.50;23.00;22.75;23.00]
10412- [25.00;23.75;24.50;25.25;25.00;24.25;24.50;24.25;24.50;24.25;24.50;27.00;26.75;25.25;24.50;24.50;24.50;25.00;25.75;32.50;31.50;25.50;24.75;23.75;24.75;24.00;25.75;38.25;36.25;25.50;24.25;23.75;24.00;24.75;26.00;39.00;35.50;24.75;24.25;23.50;23.50;24.25;24.50;27.75;26.75;24.25;23.75;23.50;23.50;23.50;23.50;24.25;23.75;24.25;23.00;23.00;23.50;23.75;23.25;23.25;23.25;23.25;22.75;23.50]
10897- [24.75;24.00;24.50;25.50;25.50;24.75;25.00;24.50;24.25;24.50;25.00;26.75;27.00;25.25;24.50;24.50;24.00;25.00;25.25;32.00;31.25;25.25;25.00;23.75;24.50;24.75;26.00;38.50;36.50;25.25;24.25;24.50;24.25;24.75;26.25;39.00;35.50;24.75;24.25;23.00;24.00;24.00;25.00;28.00;27.00;24.25;24.00;24.00;23.75;23.50;23.75;24.00;24.00;24.00;23.75;22.25;23.50;23.25;23.75;23.50;23.00;22.75;23.00;23.25]
11382- [24.75;24.50;24.50;25.00;25.00;24.50;25.25;25.00;25.00;24.50;25.25;27.25;26.75;25.25;24.50;24.00;24.75;24.50;25.50;32.25;31.75;25.25;25.00;24.25;24.25;24.75;25.75;38.50;36.25;25.50;24.00;24.00;24.50;24.75;25.75;39.25;35.25;25.25;24.00;24.00;24.00;24.25;24.50;28.25;26.50;24.00;23.50;23.50;23.50;23.25;24.00;24.00;24.25;23.50;23.00;23.25;23.75;23.75;23.50;23.25;23.25;22.75;23.50;23.00]
11867- [25.25;24.25;25.00;25.25;25.50;24.50;25.00;24.50;24.75;24.75;25.25;27.50;27.00;25.00;24.25;24.75;24.50;25.00;25.75;32.25;31.50;25.50;24.75;24.50;24.50;24.50;26.00;38.75;36.50;25.25;24.25;23.50;24.25;24.75;26.25;39.25;35.50;25.25;24.00;23.75;24.00;24.00;24.75;28.00;26.50;24.00;24.25;24.00;23.75;23.75;23.25;24.25;24.25;23.50;23.25;22.75;23.75;23.25;23.75;23.50;23.25;22.50;23.50;23.00]
12352- [24.75;24.00;24.75;25.25;25.25;24.25;25.00;24.50;24.75;24.25;25.00;27.00;26.75;24.75;24.00;24.25;24.25;25.00;25.75;32.25;31.75;25.25;25.00;24.25;24.50;24.50;25.75;38.25;36.25;25.00;24.00;23.50;24.50;24.50;25.75;39.50;35.25;24.75;24.25;23.50;23.50;24.50;25.25;28.25;26.75;24.50;23.75;23.50;24.25;23.25;23.50;23.75;24.00;24.00;23.25;22.50;23.50;23.75;23.25;23.25;23.50;22.75;23.25;23.00]
12837- [24.50;24.25;24.00;25.75;24.75;24.25;24.75;24.50;24.50;24.50;25.00;26.75;26.75;25.00;24.50;24.50;24.25;24.50;25.75;32.25;31.50;25.00;24.50;23.75;24.50;24.25;25.50;38.25;36.25;25.00;24.00;23.50;24.00;24.00;25.75;39.00;35.50;24.75;23.75;23.50;23.75;24.25;24.50;27.75;26.50;24.00;23.25;23.25;23.00;23.25;23.50;24.00;23.75;23.25;23.25;22.25;23.00;23.50;23.25;23.50;23.25;22.75;22.75;22.50]
13322- [23.75;24.25;24.75;25.00;25.25;24.50;24.25;24.25;24.75;24.25;25.25;27.00;27.00;24.75;24.00;24.25;24.00;25.00;25.50;32.25;31.25;25.25;24.50;23.75;24.25;24.50;25.25;38.50;36.00;25.25;24.00;23.50;24.00;24.50;26.00;39.25;35.50;25.00;24.00;23.00;23.75;24.00;24.75;27.75;26.50;24.00;23.75;23.00;23.50;23.50;23.75;23.75;23.75;23.75;23.50;22.25;23.50;23.50;23.00;23.50;23.00;23.25;22.75;23.25]
13807- [24.75;24.25;24.50;24.75;25.25;24.50;24.75;24.25;24.50;24.25;25.50;27.00;27.00;25.00;24.00;24.25;24.25;24.50;25.25;32.00;31.50;25.25;24.75;23.75;24.25;24.25;25.50;38.25;36.00;25.00;24.25;23.25;24.25;24.25;25.50;39.00;35.00;25.00;23.50;23.25;23.75;24.00;24.75;27.50;26.50;23.75;23.00;23.50;23.75;23.50;23.75;23.75;24.00;23.75;23.00;22.25;23.50;23.50;23.00;23.00;23.50;23.00;23.50;23.00]
14292- [25.25;24.25;24.25;25.50;25.25;24.25;24.75;24.75;24.25;24.50;25.25;27.00;26.75;25.00;24.50;24.25;24.00;24.50;26.25;32.25;31.25;25.25;24.50;23.25;24.25;24.25;26.00;38.75;36.25;25.25;24.50;24.00;23.75;24.50;26.25;39.25;35.50;24.75;23.75;23.25;24.00;24.00;24.75;27.75;26.75;24.25;23.50;23.75;23.75;23.25;23.50;24.00;24.50;23.50;23.00;23.00;23.75;23.00;24.00;23.25;23.00;22.75;22.50;23.00]
14777- [24.75;24.50;24.75;25.25;25.50;24.50;24.50;24.50;24.75;24.25;25.25;27.25;26.75;25.25;24.75;24.25;24.75;24.75;25.50;32.25;31.50;25.00;24.25;24.00;24.75;24.50;25.75;38.75;36.50;25.25;24.25;24.00;24.25;24.75;25.75;39.00;35.50;25.00;24.00;23.25;23.50;24.25;24.75;28.25;26.50;24.25;23.50;23.75;23.50;23.25;24.25;24.00;24.00;24.00;23.50;22.50;23.25;23.50;24.00;23.25;23.50;22.75;23.25;23.00]
15262- [24.75;24.25;25.00;25.25;25.50;24.50;25.00;24.50;24.50;24.25;25.00;27.50;27.25;25.00;24.50;24.75;24.75;24.50;25.75;32.25;31.75;25.50;24.50;24.00;24.25;24.00;26.25;38.50;36.00;25.00;24.50;23.25;24.25;24.50;25.75;39.25;35.50;25.00;24.00;23.50;23.75;24.00;25.00;28.00;27.00;24.00;23.25;23.75;23.25;23.25;23.75;24.00;24.00;23.25;23.50;22.00;23.50;23.25;23.75;23.25;23.75;22.75;23.50;23.25]
15747- [24.75;24.50;24.75;25.25;25.75;24.50;25.00;24.25;24.25;24.25;25.25;27.00;27.25;25.00;24.75;24.50;24.25;24.50;25.75;32.75;31.75;26.25;24.50;23.75;24.00;24.25;25.75;38.75;36.25;25.25;23.75;24.00;24.50;24.50;26.00;39.25;35.75;25.00;24.25;23.50;23.75;24.25;25.00;27.75;26.50;24.25;24.00;23.75;23.25;23.50;24.00;24.00;24.25;24.00;23.25;22.75;23.50;23.50;23.50;23.25;23.75;23.00;23.25;23.00]
16232- [24.75;24.25;24.75;25.50;25.25;24.50;24.75;24.50;25.00;24.75;25.00;27.25;27.00;25.00;24.50;24.50;24.00;24.50;25.50;32.25;31.50;25.25;24.50;23.75;24.00;25.00;25.75;38.75;36.50;25.25;24.75;23.75;24.25;24.75;26.25;39.25;35.75;24.75;24.00;23.25;24.25;24.25;25.00;27.75;27.00;24.25;23.50;23.75;23.25;22.75;24.00;24.25;24.50;23.75;23.50;22.75;23.75;23.25;23.75;23.50;23.50;22.50;23.00;22.75]
16717- [24.75;24.25;24.75;25.50;25.50;24.50;24.75;24.25;25.00;24.25;25.25;27.00;27.00;24.75;24.25;24.25;24.50;25.00;25.75;32.50;32.00;25.25;24.75;24.00;24.25;24.75;25.75;38.50;36.50;24.75;24.50;24.00;24.75;24.50;26.25;39.25;35.50;25.00;24.25;23.25;23.75;24.00;25.00;28.25;27.00;24.00;23.50;23.75;23.50;23.50;23.50;24.00;24.25;23.50;23.25;22.75;23.00;23.50;23.50;23.25;23.00;22.50;23.50;23.00]
17202- [24.75;24.25;24.75;25.50;25.25;24.75;24.75;24.25;24.75;24.25;25.00;27.00;26.75;24.50;24.00;24.00;24.75;24.75;25.25;32.00;31.75;25.50;24.50;24.25;24.00;24.50;25.50;38.50;36.00;25.00;24.25;23.50;24.25;24.50;26.50;39.25;35.50;24.75;24.00;23.50;23.75;24.25;24.50;28.25;27.00;24.25;23.75;23.25;23.75;23.75;23.75;24.00;24.25;23.50;23.50;22.75;23.25;23.50;23.50;23.50;23.50;23.25;23.25;22.75]
17687- [24.50;24.25;24.50;25.00;25.25;24.50;25.00;24.25;24.25;24.50;25.25;27.00;26.75;24.75;24.25;24.25;24.75;24.75;25.50;32.50;31.50;25.00;24.50;23.75;24.25;24.50;25.50;38.50;36.50;25.00;24.50;24.00;24.00;25.00;25.75;39.00;35.25;25.00;24.00;23.25;24.00;24.25;25.00;27.75;26.50;23.75;23.75;23.75;23.50;23.00;23.75;24.00;23.75;23.25;23.75;22.25;23.25;23.50;23.50;23.25;23.25;22.75;22.75;23.50]
18172- [25.00;24.25;24.50;25.00;25.50;24.75;24.75;24.50;24.25;24.75;25.25;26.75;26.75;25.00;24.50;24.50;24.50;24.50;25.75;32.50;31.50;25.00;24.75;24.00;24.25;24.25;25.75;38.75;36.25;25.50;24.25;23.50;24.00;24.50;26.00;39.25;35.50;25.25;23.75;23.00;23.75;24.25;25.25;28.00;26.75;23.75;22.75;23.25;23.25;23.75;23.50;23.50;24.00;23.50;23.00;22.75;23.25;23.50;23.25;23.25;23.00;23.00;22.75;23.00]
18657- [24.50;24.00;24.75;25.25;25.00;24.50;24.75;24.25;25.00;24.00;25.00;26.75;26.75;25.00;24.50;24.25;24.25;24.25;25.50;32.00;31.75;25.25;24.75;23.25;24.00;24.00;26.00;38.25;36.50;25.25;24.25;23.50;24.75;24.50;26.00;38.75;35.75;25.00;24.00;22.75;23.75;24.00;25.25;27.75;26.75;24.25;23.50;23.25;23.25;23.50;23.25;24.00;23.50;23.75;22.75;22.50;23.00;24.00;24.00;23.50;23.25;23.25;23.25;23.25]
19142- [24.75;24.00;24.50;25.00;25.25;24.50;24.75;24.75;24.00;24.50;24.75;26.75;26.50;25.00;24.00;24.25;24.50;24.75;25.25;32.50;31.50;25.25;25.00;23.75;23.75;24.50;26.00;38.50;36.25;25.25;24.50;24.00;24.25;24.50;26.25;39.00;35.50;25.00;23.75;23.50;24.25;23.75;24.75;27.75;26.50;24.00;23.75;23.50;23.25;23.75;23.50;24.00;24.25;24.00;23.25;22.75;23.50;23.50;23.50;22.75;23.00;23.00;23.25;23.25]
19627- [24.75;24.00;25.00;25.25;25.00;24.50;24.75;24.75;24.25;24.50;25.00;27.00;27.25;25.00;24.50;24.75;24.75;24.75;25.50;32.25;31.25;25.25;24.50;23.75;24.00;24.25;25.50;38.75;36.25;25.00;24.00;23.50;24.25;24.75;26.00;39.25;35.25;25.00;24.25;23.50;24.00;24.25;24.75;27.75;26.50;24.25;23.50;23.75;23.75;23.50;23.75;24.25;24.00;24.00;23.00;22.50;23.50;23.25;23.75;23.75;23.50;22.75;23.00;23.00]
20112- [24.50;24.25;24.50;25.25;25.25;24.50;25.00;24.50;24.25;24.25;24.75;27.00;26.50;25.00;24.00;24.50;24.25;24.25;25.50;32.25;31.50;25.25;24.50;23.50;24.00;24.00;25.50;38.50;36.25;24.75;23.75;24.00;24.00;24.75;25.75;39.25;35.50;25.00;24.25;23.50;23.75;24.00;25.00;28.00;26.50;24.00;23.75;23.25;24.25;23.25;23.50;24.25;24.25;23.75;23.25;22.50;23.00;23.50;23.25;23.25;23.25;23.00;23.00;22.50]
20597- [24.25;24.00;24.00;25.00;25.00;24.00;24.50;24.50;24.50;24.00;24.50;27.00;26.50;24.25;24.00;23.50;24.25;25.00;25.50;32.00;31.25;25.50;25.00;23.75;24.25;24.00;25.75;38.50;36.00;25.00;24.00;23.50;24.00;24.25;25.50;39.00;35.25;24.75;23.75;23.25;23.50;24.00;24.75;27.75;26.25;24.00;23.25;23.50;23.00;23.25;23.50;23.75;23.75;23.25;23.00;22.50;23.25;23.00;23.25;22.75;23.00;23.00;22.75;22.75]
21082- [24.25;24.00;24.25;25.00;25.25;24.25;24.75;23.75;24.25;24.25;24.75;26.50;26.75;24.50;23.75;23.75;24.00;24.50;25.75;32.00;31.50;25.00;24.75;23.75;24.00;24.00;26.00;38.25;36.00;24.75;24.00;23.50;24.50;24.50;25.50;39.00;35.25;25.00;24.00;23.50;23.50;23.50;24.75;27.75;26.25;24.00;23.25;23.75;22.75;23.25;23.25;23.75;23.50;23.50;22.50;22.00;23.25;23.00;23.50;23.25;23.25;22.75;23.00;22.75]
21567- [24.75;23.75;24.50;25.00;24.75;24.50;24.75;24.25;24.50;24.50;24.75;26.75;27.00;24.75;24.50;24.00;24.00;24.50;25.50;32.00;31.25;25.00;24.75;23.75;24.25;24.25;25.50;38.25;36.25;25.00;24.25;23.25;24.50;24.00;25.75;39.00;35.50;24.75;24.00;23.00;23.75;24.25;24.75;27.50;26.50;24.25;23.50;23.75;23.50;23.00;24.00;24.25;24.25;23.75;23.25;23.00;23.25;23.25;23.25;22.75;23.00;22.50;22.75;22.75]
22052- [24.50;24.00;24.75;25.00;25.25;24.75;25.00;24.25;24.50;24.25;25.00;27.25;27.00;25.00;24.50;24.50;24.25;24.50;25.75;32.50;31.50;25.25;24.50;24.00;24.00;24.50;25.50;38.50;35.75;25.50;24.00;23.75;24.00;24.75;26.00;39.25;35.50;25.25;24.25;23.75;23.75;24.00;25.00;27.50;26.50;24.00;23.25;23.50;24.00;23.50;23.50;24.00;24.00;23.75;23.25;22.75;23.75;23.50;23.50;23.25;23.50;23.00;23.25;23.50]
22537- [24.75;24.00;24.75;25.25;25.75;24.50;25.25;24.75;24.25;24.50;25.25;27.25;27.00;25.00;24.25;24.50;24.75;24.50;25.50;32.50;31.25;25.75;24.50;23.75;24.00;24.25;25.75;38.50;36.25;25.00;24.50;23.25;24.50;24.75;26.00;39.25;35.50;25.00;24.25;23.50;24.00;24.25;25.00;27.75;27.00;23.75;23.75;23.50;23.75;23.75;24.00;24.00;23.75;23.75;23.50;22.50;22.75;23.75;23.75;22.75;23.25;22.75;23.25;23.00]
23022- [24.50;24.00;24.50;25.25;25.25;24.25;24.50;24.25;24.00;24.00;25.00;27.00;26.75;25.00;24.25;24.75;24.25;25.00;25.50;32.25;31.25;25.50;24.50;24.25;24.75;24.75;25.50;38.50;36.00;24.75;24.25;23.75;24.75;24.50;26.25;38.75;35.50;25.25;24.25;23.50;23.25;24.00;24.75;27.75;27.00;24.00;23.50;23.50;23.50;23.50;23.75;24.25;24.00;23.25;23.00;22.50;23.75;23.50;23.50;23.50;23.25;23.00;22.75;22.75]
23507- [24.25;24.25;24.50;25.50;24.75;24.25;24.75;24.00;24.75;24.25;25.00;26.50;26.75;24.75;24.50;24.25;24.75;24.50;25.50;32.00;31.75;25.50;25.00;23.50;24.25;24.50;25.75;38.75;36.00;25.00;24.50;23.50;24.50;24.25;26.00;39.00;35.50;25.25;24.25;23.25;24.00;24.25;25.00;27.75;26.50;24.00;24.00;23.50;23.75;23.25;24.00;23.75;24.00;23.50;23.50;22.75;23.75;23.75;23.50;23.50;23.00;22.75;23.00;23.25]
23992- [24.50;24.25;25.00;25.00;25.25;24.50;24.75;24.50;24.50;24.50;25.25;27.25;27.00;24.75;24.75;24.25;24.50;24.75;25.50;32.00;31.75;25.25;24.50;24.25;24.25;24.50;25.75;38.25;36.25;25.00;24.00;23.25;24.25;24.75;26.00;39.00;35.50;24.50;24.25;23.50;23.75;24.25;24.50;27.75;26.75;24.50;23.75;23.50;23.00;23.75;24.00;24.25;23.75;23.50;22.75;22.75;23.75;23.25;23.25;23.25;23.25;22.50;23.25;22.75]
24477- [25.00;23.75;24.25;25.00;25.00;24.50;25.00;24.00;24.75;24.25;25.25;27.25;27.25;24.75;24.75;24.75;24.75;24.50;25.50;32.25;31.25;25.50;24.75;24.50;24.25;24.50;25.75;38.50;36.25;25.25;24.00;23.75;24.50;24.25;26.00;39.25;35.50;24.75;24.25;23.50;24.25;24.25;24.75;27.75;27.00;24.25;23.25;23.75;23.25;23.25;23.75;24.50;23.75;23.50;23.00;22.50;23.75;23.75;23.75;23.50;23.00;22.75;23.00;23.00]
24962- [24.75;24.25;24.50;25.00;25.00;24.50;25.00;24.75;24.75;24.50;25.25;27.00;27.25;25.00;24.50;24.25;24.25;25.00;25.75;32.25;31.75;25.25;24.50;23.75;24.25;24.50;25.75;38.50;36.50;25.75;24.25;24.25;24.50;24.25;26.00;39.00;35.25;25.25;24.25;23.75;24.25;24.50;24.75;28.00;26.50;24.00;23.75;23.25;23.25;23.25;24.00;24.00;24.00;23.75;23.50;22.50;24.00;23.50;23.50;23.00;23.25;23.00;23.00;22.50]
25447- [25.25;24.25;25.00;25.75;25.25;24.75;24.50;25.00;24.50;24.50;25.00;27.50;27.25;25.50;24.50;24.75;24.75;24.75;25.75;32.00;31.75;25.25;24.75;24.25;24.50;24.50;26.00;38.75;36.25;25.25;24.00;23.75;24.25;24.75;26.00;39.50;35.25;25.25;24.25;23.50;24.25;24.50;25.00;28.00;26.75;24.25;23.75;23.75;23.50;24.25;24.00;24.00;24.25;23.50;23.25;23.00;23.75;23.50;23.75;23.50;23.25;23.25;23.25;23.50]
25932- [25.00;24.50;24.75;25.00;25.50;25.00;25.25;24.75;24.75;24.50;25.50;27.50;27.00;25.50;24.75;24.75;24.50;25.00;26.00;32.75;31.50;25.50;24.50;24.00;24.50;24.25;26.25;38.25;36.50;25.25;24.00;23.75;24.25;24.75;26.25;39.00;35.75;25.00;24.75;23.50;24.00;24.50;25.25;27.75;26.75;24.25;23.75;23.50;23.75;23.50;23.75;24.25;24.00;24.00;23.25;22.75;23.75;23.50;23.50;23.50;23.25;23.25;23.75;23.25]
26417- [25.00;24.25;24.75;25.25;25.75;24.75;25.00;24.25;25.00;24.50;25.25;27.00;27.00;25.50;24.00;25.00;24.75;24.50;25.50;32.25;31.75;25.25;25.00;24.25;24.50;24.25;26.00;38.25;36.50;25.00;24.75;23.75;25.00;24.75;26.25;39.00;35.75;25.00;24.00;23.50;23.75;24.00;25.25;28.00;26.75;23.75;23.75;23.50;23.75;23.75;24.00;24.00;24.00;24.00;23.25;22.75;23.25;23.75;23.75;23.75;24.00;22.50;23.25;22.75]
26902- [24.75;24.25;25.00;25.25;25.50;24.75;25.00;24.75;24.50;24.25;25.25;27.00;27.25;25.00;24.50;24.75;24.50;25.00;26.00;32.50;31.50;25.25;24.75;24.50;24.50;24.50;26.00;38.75;36.50;25.25;24.75;23.25;24.50;24.75;26.00;39.25;35.75;25.00;24.25;23.25;24.00;24.00;25.00;27.50;26.50;24.50;23.75;23.25;23.50;23.50;23.75;24.00;24.00;24.00;23.50;23.25;23.75;23.50;23.50;23.25;24.00;23.00;23.50;23.50]
27387- [24.75;24.25;24.75;25.25;25.25;24.50;24.75;24.75;24.75;24.25;25.25;27.50;26.75;25.25;24.50;24.50;24.75;24.75;25.75;32.25;31.75;25.75;24.75;24.00;25.00;24.25;25.75;38.75;36.25;25.50;24.75;23.50;24.50;24.75;26.00;39.25;35.50;25.00;24.75;23.50;23.75;23.75;24.75;27.75;26.75;24.75;23.50;23.75;23.75;23.50;23.75;24.25;24.00;23.75;23.25;22.50;23.75;23.50;23.50;23.25;23.25;22.50;23.00;23.50]
27872- [25.25;24.00;24.75;25.25;25.25;24.50;24.75;24.75;24.75;24.50;25.25;27.00;27.00;24.75;24.75;24.25;24.75;24.75;26.00;32.50;31.25;25.50;24.25;24.25;23.75;24.25;25.50;38.75;36.00;25.25;24.25;23.75;24.25;24.25;26.00;39.00;35.75;25.25;24.50;23.00;23.25;24.25;24.75;27.50;26.75;24.00;23.25;24.00;23.75;23.25;23.50;24.00;23.75;23.75;23.00;22.50;23.00;23.75;23.75;23.00;23.50;23.00;23.75;23.00]
28357- [25.25;24.25;24.75;25.25;25.50;24.25;25.00;24.25;24.50;24.25;24.75;27.00;27.00;24.75;24.50;24.50;24.75;24.75;25.50;32.25;31.25;25.00;24.75;23.75;24.25;24.00;25.50;38.50;35.75;25.25;24.25;23.25;24.25;24.75;25.75;39.25;35.25;25.00;24.25;23.50;24.00;24.25;25.00;28.00;26.50;24.25;23.25;23.75;23.50;23.25;23.50;23.75;24.25;23.50;23.50;22.50;23.25;23.25;23.25;23.00;23.00;22.50;23.50;23.25]
28842- [24.50;24.50;24.75;25.25;25.75;24.75;24.75;24.75;24.50;24.75;24.75;27.25;27.00;25.00;24.25;24.25;24.25;24.75;26.00;32.25;31.00;25.50;25.00;24.00;24.25;24.25;25.75;38.50;36.25;25.25;24.50;23.75;24.50;24.75;26.25;39.25;36.00;25.00;24.25;23.75;23.75;24.50;24.75;27.75;26.75;24.25;23.75;24.25;23.50;23.50;23.75;24.00;23.75;23.75;23.25;22.75;23.75;23.00;23.25;23.25;23.50;22.75;23.25;23.75]
29327- [25.25;24.50;25.25;25.25;25.25;24.75;25.00;25.00;25.00;24.50;25.00;27.50;27.25;25.25;25.00;24.50;24.75;24.75;25.75;32.50;31.50;25.50;25.00;24.00;24.25;25.25;26.00;38.75;36.50;25.25;24.50;24.00;24.25;24.75;26.25;39.25;35.75;25.25;24.00;23.50;24.00;24.25;25.00;28.00;26.50;24.50;23.50;23.50;24.00;23.50;24.00;24.25;24.50;23.75;23.75;23.50;23.50;23.50;24.00;23.25;23.50;23.25;23.75;23.25]
29812- [25.25;24.50;24.75;25.25;25.50;25.00;24.75;24.75;24.75;24.50;25.25;27.25;27.25;25.25;24.75;24.75;24.75;24.75;26.00;32.50;31.75;25.50;24.75;24.25;24.50;24.25;25.75;38.50;36.50;25.00;24.50;24.00;24.75;24.50;26.50;39.25;35.50;25.00;24.25;24.00;24.25;24.50;24.75;28.25;26.50;24.00;23.75;23.50;23.75;24.00;24.00;24.25;24.00;24.25;23.50;22.75;23.25;23.75;23.50;23.25;23.00;23.25;23.75;23.00]
30297- [25.25;24.25;24.50;25.50;25.50;24.75;24.50;24.75;24.75;24.75;25.25;27.50;27.25;25.50;24.50;24.50;24.50;24.75;25.75;33.00;31.50;25.75;25.00;24.25;24.50;24.50;26.00;39.00;36.50;25.50;24.25;23.50;24.75;24.75;26.50;39.50;35.50;25.50;24.25;23.50;24.00;24.00;25.25;28.00;26.75;24.50;24.00;24.50;24.00;23.75;23.75;24.25;24.00;23.50;23.50;22.75;24.00;24.00;23.50;23.25;23.50;23.25;23.50;23.50]
30782- [25.00;25.00;24.75;25.00;25.50;25.00;25.25;25.25;25.00;24.50;25.00;27.25;27.75;25.25;24.75;24.50;24.50;25.00;25.75;32.50;31.75;25.75;25.00;24.25;24.25;24.50;26.00;38.75;36.50;25.50;24.25;23.75;24.75;24.75;25.75;39.50;35.75;25.25;24.50;23.75;24.25;24.25;24.75;28.00;26.75;24.50;23.75;23.75;24.25;23.50;24.25;24.25;24.00;23.75;23.25;23.25;23.00;24.00;23.75;23.25;23.75;23.00;23.00;23.25]
31267- [24.75;25.00;24.25;25.50;25.50;25.25;25.00;25.00;24.75;24.50;25.50;27.25;27.00;25.25;24.75;24.50;24.25;25.25;26.25;32.75;31.75;25.50;24.75;24.25;24.00;24.50;25.75;38.75;36.25;25.25;24.50;23.75;24.50;24.75;26.50;39.50;35.75;25.00;24.25;23.75;24.50;24.25;25.50;28.00;27.00;24.00;23.50;24.00;23.75;24.00;24.25;24.25;24.25;24.00;23.75;23.00;23.75;23.75;23.25;23.25;23.50;23.25;23.50;23.00]
31752- [24.75;24.25;24.50;25.50;25.25;24.75;25.00;25.25;25.00;24.75;25.25;26.75;27.25;25.25;24.50;24.25;24.25;25.00;26.00;32.75;31.75;25.50;24.75;23.75;24.25;24.75;25.75;38.75;36.50;25.50;24.50;24.00;24.25;24.50;26.25;39.25;35.75;25.00;24.50;24.00;23.25;23.75;24.75;28.00;26.75;24.25;23.50;23.50;23.50;23.50;23.50;24.00;24.25;24.00;23.75;22.75;23.00;23.25;23.00;23.00;23.50;22.75;23.00;22.75]
32237- [24.75;24.25;25.00;25.50;25.75;24.75;25.25;24.75;25.00;24.50;25.50;27.25;27.25;25.25;24.50;24.75;24.75;24.50;25.50;32.25;31.75;25.25;25.00;23.75;24.50;24.75;25.50;38.75;36.25;25.50;24.50;23.50;24.25;25.00;26.25;39.00;35.75;25.25;24.75;23.75;24.00;24.25;25.00;27.75;26.50;24.00;23.75;23.50;23.50;23.50;23.75;24.00;24.50;24.00;24.00;22.75;23.25;24.00;23.50;23.25;23.50;22.75;23.75;23.00]
32722- [25.00;24.75;25.00;25.25;25.50;24.75;25.00;24.75;25.00;24.25;25.50;27.25;27.50;25.00;24.75;24.75;24.25;24.75;25.50;32.75;32.00;25.75;24.50;24.25;24.50;24.50;26.00;38.75;36.25;25.50;24.50;23.75;24.25;24.75;26.00;39.00;35.75;25.25;24.50;23.50;24.25;24.50;25.25;28.00;26.75;24.50;23.50;23.75;23.25;23.25;23.75;24.25;24.00;24.00;23.25;23.00;23.25;23.75;23.50;23.75;23.50;22.75;23.25;23.50]
33207- [25.25;24.00;25.00;25.25;25.25;24.50;24.50;24.25;24.75;24.25;25.50;27.25;27.00;25.00;24.50;24.50;25.00;24.50;25.50;32.50;31.75;25.50;25.00;24.00;24.50;24.50;25.75;38.75;36.00;25.25;24.25;24.00;24.50;24.50;26.00;39.00;35.50;24.75;24.25;23.75;23.75;24.75;25.00;27.75;26.75;24.50;23.75;23.75;23.75;23.75;23.75;24.00;24.00;24.00;23.50;22.50;23.50;23.75;23.50;23.25;23.25;23.25;22.75;22.75]
33692- [24.50;24.50;24.75;25.75;25.00;24.75;24.75;24.75;24.50;24.50;25.00;27.25;27.00;25.25;24.25;24.75;24.75;24.75;25.50;32.75;31.25;25.50;25.00;24.25;24.25;24.50;26.00;38.50;36.00;25.00;24.25;24.00;24.25;25.00;26.25;39.25;36.00;25.00;24.25;23.50;24.00;24.25;25.00;27.50;26.75;24.00;24.00;23.75;23.25;23.75;23.50;23.75;23.75;23.75;23.25;23.00;24.00;23.25;23.25;23.25;23.50;23.00;23.50;22.50]
34177- [24.50;24.25;25.00;25.75;25.50;24.75;25.00;24.50;24.75;24.50;25.50;27.25;26.75;25.00;24.75;24.50;24.50;25.25;26.00;32.50;31.50;25.75;24.75;24.25;24.25;24.25;26.00;38.50;36.00;25.00;24.50;23.75;24.75;24.50;26.00;39.00;35.50;25.00;24.25;23.75;23.75;24.00;24.75;27.75;26.75;24.00;23.25;23.75;23.50;23.00;23.50;23.75;23.75;23.50;23.25;23.00;24.00;23.50;23.25;23.50;23.00;23.25;23.25;23.00]
34662- [24.75;24.25;24.75;25.25;25.25;24.75;25.00;24.50;24.75;24.50;25.00;27.00;27.00;25.00;24.50;24.25;24.50;25.00;25.50;32.25;31.50;25.50;24.75;24.00;24.75;24.25;26.00;38.50;36.25;25.25;24.25;23.50;24.50;24.50;26.25;39.00;35.25;25.00;24.00;23.50;24.00;24.25;25.00;28.00;26.75;24.50;23.75;23.50;23.25;23.25;24.00;24.00;24.00;23.75;23.25;22.75;23.50;23.50;23.25;23.00;23.50;23.00;23.50;23.00]
35147- [24.25;24.25;25.00;25.50;25.25;24.50;24.50;24.50;24.75;24.25;25.00;26.75;27.00;25.00;24.50;25.00;24.50;25.00;25.50;32.25;31.75;25.50;24.50;23.75;24.50;24.25;25.50;38.75;36.25;25.25;24.00;24.00;24.25;24.50;26.00;39.50;35.50;25.00;24.00;23.25;23.25;23.75;25.00;27.75;26.75;24.25;23.75;23.75;23.25;23.25;23.25;24.25;24.00;23.50;23.25;22.25;23.50;23.75;23.50;23.25;23.75;22.75;23.00;23.00]
35632- [24.50;24.25;24.75;25.00;25.25;24.75;24.75;24.50;24.25;24.00;25.00;26.75;26.50;25.00;24.00;24.50;24.00;24.50;25.25;32.25;31.25;25.00;24.75;23.25;24.00;24.25;25.50;38.25;36.00;25.00;24.00;23.75;24.50;24.50;26.00;38.75;35.25;24.75;24.00;23.25;23.75;23.50;25.25;27.25;26.25;24.25;23.50;23.50;23.00;23.50;23.75;23.75;23.25;23.50;22.75;22.25;22.75;23.50;23.00;22.50;23.50;22.75;23.00;22.25]
36117- [24.50;24.50;24.50;25.00;25.25;24.50;25.00;24.25;24.75;23.75;25.00;26.75;26.75;25.00;24.00;24.50;24.25;24.75;25.25;32.00;31.75;25.25;24.00;24.00;24.00;24.25;25.75;38.75;36.00;25.25;24.00;23.75;24.50;24.50;26.25;39.25;35.50;25.00;24.25;23.25;23.50;23.75;25.00;27.75;26.50;23.75;23.75;23.75;23.00;23.00;23.75;23.75;23.75;23.75;23.25;22.00;23.25;22.75;23.25;23.00;23.00;23.25;22.75;22.50]
36602- [24.50;24.00;24.25;25.25;25.25;24.75;24.50;25.00;24.25;24.00;25.50;26.50;26.75;24.75;24.50;23.75;24.25;24.75;26.00;32.25;31.50;25.00;24.25;24.00;24.25;24.25;25.75;38.50;36.00;25.25;24.50;23.50;23.75;24.25;25.75;38.50;35.25;25.50;23.75;23.00;23.75;24.25;24.75;27.75;26.50;24.00;23.25;23.00;23.50;23.25;23.75;23.75;24.00;23.00;23.00;22.75;22.75;23.50;23.25;23.25;23.25;22.50;22.75;22.50]
37087- [24.75;24.75;24.50;25.50;25.50;24.50;25.00;24.25;24.50;24.25;25.50;26.75;27.00;25.25;24.50;24.50;24.25;25.00;25.75;32.25;31.75;25.75;25.00;24.25;24.50;24.25;26.50;38.75;36.25;25.25;24.00;23.50;24.50;24.75;26.25;39.50;35.25;25.00;24.00;23.00;24.00;24.00;25.00;28.00;27.00;24.00;23.25;23.75;23.50;23.25;23.50;23.75;23.75;23.50;23.25;22.75;23.50;23.25;23.50;23.25;23.75;22.75;23.25;23.00]
37572- [24.75;24.25;24.75;25.25;25.50;24.75;25.00;24.50;24.50;24.50;25.00;27.50;27.00;24.75;24.75;24.50;24.75;25.00;26.00;32.50;31.75;25.25;24.50;24.00;24.25;24.50;26.00;38.50;36.50;25.25;24.25;23.75;24.25;24.25;25.75;39.00;35.75;24.75;24.25;23.25;23.50;24.00;25.25;28.00;26.50;24.00;24.00;23.50;23.25;23.25;23.75;24.00;24.00;23.50;22.75;22.75;23.00;23.25;23.25;23.25;23.00;22.50;23.50;22.25]
38057- [24.25;24.00;25.00;25.25;25.25;24.75;25.00;24.50;25.00;24.25;25.00;27.00;27.25;25.50;24.25;24.25;24.75;24.75;26.00;32.75;32.00;25.50;24.25;23.75;24.00;24.50;26.00;38.50;35.75;25.25;24.25;23.75;24.25;24.50;26.00;39.50;35.50;25.00;24.25;23.25;23.75;24.50;25.00;27.75;27.00;24.25;23.75;23.50;23.25;23.50;23.75;23.75;23.50;23.75;23.50;22.25;23.00;23.25;23.25;23.00;23.00;22.50;23.25;23.00]
38542- [24.75;24.50;25.25;25.75;25.50;25.25;25.25;25.25;25.00;24.75;25.25;27.00;27.00;25.50;24.75;24.50;24.75;24.50;25.50;32.00;31.50;25.75;24.75;24.00;24.25;24.50;25.75;38.75;36.25;25.00;24.25;24.00;24.75;24.75;26.50;39.25;35.50;25.00;24.25;23.25;24.00;24.25;25.00;27.75;26.75;23.75;23.50;23.75;23.50;23.50;23.75;24.00;24.25;23.50;23.25;22.75;23.75;23.75;23.50;23.50;23.25;23.00;23.25;22.50]
39027- [24.75;24.50;25.00;25.25;25.25;24.50;25.00;24.50;25.00;24.25;25.00;27.00;27.00;24.75;24.75;24.25;24.50;25.00;26.25;32.50;31.50;25.75;25.00;24.25;24.50;24.50;26.00;38.75;36.00;25.50;24.50;23.50;24.25;24.50;26.25;39.25;35.50;25.00;24.00;23.25;24.00;24.50;24.75;28.25;26.75;24.00;23.50;23.75;23.50;23.50;24.00;24.25;24.00;23.75;23.25;22.50;23.25;23.75;23.75;23.00;23.00;22.75;23.00;22.75]
39512- [24.50;24.25;24.25;25.50;25.50;24.25;25.00;24.50;24.75;24.25;25.50;27.00;27.25;25.50;24.75;24.25;24.25;24.25;25.75;31.75;31.50;25.50;24.75;24.25;24.25;24.75;25.75;38.75;36.50;25.00;24.50;23.50;24.50;24.25;26.50;39.25;35.25;24.75;24.75;23.50;24.25;24.50;25.00;28.00;26.75;24.25;23.75;24.00;23.00;23.50;24.00;24.00;24.25;24.00;23.25;22.75;24.00;23.50;23.75;23.25;23.25;23.00;23.25;23.25]
39997- [24.75;24.50;25.00;25.00;25.25;24.50;24.75;24.75;25.00;24.25;25.25;27.50;26.75;25.25;24.25;24.50;24.50;24.75;25.75;32.50;31.75;25.25;24.75;24.00;24.25;24.75;26.00;39.00;36.25;25.50;24.00;23.75;24.75;24.75;26.00;39.50;35.75;25.25;24.25;23.75;24.00;24.25;25.25;28.00;26.25;24.25;24.00;24.25;23.75;23.50;23.75;23.75;23.75;23.75;23.25;22.75;23.25;22.75;23.50;23.25;23.50;22.75;23.25;22.75]
40482- [25.25;24.75;25.00;25.50;25.00;24.50;24.75;24.50;24.50;24.25;25.50;27.00;27.25;25.00;24.75;24.75;24.75;24.75;26.00;33.00;31.75;25.50;24.75;24.00;24.50;24.75;26.00;39.00;36.25;25.50;24.50;23.75;24.50;24.75;26.25;39.25;35.50;25.25;24.25;23.25;24.00;24.25;25.25;27.75;26.75;24.50;23.50;24.00;23.75;23.50;23.50;24.00;24.00;23.75;23.00;22.75;23.25;22.75;24.00;24.00;23.50;23.00;22.75;22.50]
40967- [25.25;24.25;25.00;25.50;25.75;25.00;25.25;24.75;24.50;24.50;24.75;27.25;27.25;25.25;24.75;24.50;24.75;24.75;25.75;32.75;31.50;25.50;24.75;24.25;24.50;24.50;26.00;38.75;36.25;25.75;24.50;24.00;24.50;24.75;26.50;39.50;35.25;24.75;24.25;24.00;24.00;24.25;25.25;28.25;26.75;25.00;23.50;23.75;23.50;23.75;24.00;24.25;24.25;24.00;23.00;22.50;23.75;23.50;23.50;23.75;23.25;23.50;23.00;23.25]
41452- [25.00;24.00;24.75;25.25;25.50;24.75;25.00;25.00;24.50;25.00;25.25;27.25;27.00;24.75;25.00;24.50;24.50;25.00;25.75;32.50;31.50;25.50;24.75;24.00;24.50;24.75;26.00;38.50;36.25;25.25;24.00;24.00;24.25;24.75;26.25;39.00;35.75;25.25;24.50;24.00;24.00;24.25;25.25;28.00;27.00;24.50;23.50;24.00;23.25;23.50;23.75;24.50;24.00;23.75;22.75;22.25;23.75;23.00;23.25;23.50;24.00;23.25;22.75;23.00]
41937- [25.25;24.50;24.75;25.75;25.50;24.75;25.25;24.00;24.75;24.50;25.50;26.75;27.25;25.50;24.50;25.00;24.75;25.00;25.75;32.50;31.75;25.50;25.25;24.50;24.50;24.25;26.00;38.75;36.25;25.50;24.50;23.75;24.75;24.50;26.25;39.50;35.50;25.00;24.25;23.75;24.50;24.50;25.00;28.00;27.00;24.50;23.75;23.75;23.50;23.00;24.00;24.50;24.00;23.75;23.00;22.50;24.00;23.75;23.50;23.50;23.50;23.50;23.50;22.75]
42422- [25.25;24.50;25.00;25.50;25.75;24.75;25.00;24.50;24.50;24.50;25.25;26.75;27.00;25.00;24.75;24.00;24.50;25.25;25.50;32.50;32.00;26.00;25.00;24.00;24.25;24.75;26.00;38.75;36.25;25.50;24.50;24.00;24.50;24.25;26.00;39.25;35.75;25.25;24.25;23.25;24.00;24.25;25.00;28.00;27.25;24.25;23.50;23.50;23.75;23.25;24.00;24.00;24.50;23.75;23.00;23.25;23.50;24.00;23.25;23.50;23.50;23.00;23.00;22.25]
42907- [24.50;24.50;24.50;25.75;25.50;24.25;25.25;24.25;24.75;24.50;25.25;27.00;27.00;25.25;24.50;24.75;24.00;25.00;25.75;32.25;31.75;25.75;25.00;23.75;24.50;24.50;25.75;38.25;36.25;25.25;24.25;24.00;24.50;24.75;26.25;38.75;35.25;24.75;24.25;23.50;23.75;24.25;25.00;28.00;26.75;24.25;23.25;23.50;23.50;23.25;23.75;24.50;24.00;23.75;23.50;23.00;23.25;23.75;23.25;23.50;23.25;23.25;23.00;22.75]
43392- [25.00;23.75;25.00;25.50;25.25;24.75;24.75;24.25;24.75;24.00;25.25;26.75;27.00;24.75;24.25;24.50;24.50;24.75;25.50;32.50;31.75;25.75;24.50;24.00;24.50;24.75;26.00;38.50;36.25;25.25;24.00;23.50;24.50;24.25;26.25;39.00;35.50;24.75;24.75;23.50;24.00;23.75;25.00;28.25;26.50;24.25;23.75;23.50;23.25;23.50;24.00;24.00;23.75;23.50;23.50;22.50;23.00;23.75;23.00;23.25;23.25;23.00;22.75;22.75]
43877- [25.00;24.25;24.50;25.25;25.50;25.00;24.75;25.00;24.50;24.50;25.25;27.25;27.25;25.50;24.50;25.25;24.25;24.75;25.50;32.50;31.50;25.75;24.75;24.25;24.50;24.50;26.00;38.50;36.00;25.25;24.25;24.00;24.25;24.75;26.25;39.00;35.75;25.00;24.50;23.25;24.25;24.25;25.00;28.00;26.75;24.25;23.50;23.75;24.00;23.50;24.00;24.00;24.00;23.75;23.25;22.75;23.00;23.50;23.25;23.25;23.25;22.75;23.50;23.00]
44362- [25.25;24.75;25.25;25.50;25.25;25.00;25.25;25.00;25.00;25.00;25.75;27.50;27.50;25.50;24.75;24.75;24.75;25.00;25.75;32.50;32.00;25.75;25.00;24.25;24.50;25.00;25.75;38.75;36.75;25.25;24.75;24.25;24.75;24.50;26.50;39.50;35.75;25.00;24.50;23.75;23.75;24.25;25.00;28.00;26.75;24.50;23.75;23.50;24.00;23.50;24.00;24.50;24.00;23.75;23.75;23.00;23.25;22.75;23.50;23.75;23.25;23.00;23.25;23.00]
44847- [25.00;24.75;25.00;26.00;25.75;25.00;25.00;24.75;24.75;24.50;25.75;27.50;27.25;25.25;24.50;24.25;24.50;25.00;25.75;33.00;31.75;25.75;25.25;24.50;24.75;24.75;26.25;38.75;36.25;25.50;24.50;23.75;24.50;25.00;26.50;39.25;35.75;25.25;24.50;23.75;24.50;24.50;24.75;28.50;26.75;24.00;23.75;24.00;23.75;24.00;24.00;24.00;23.75;23.75;23.25;22.75;23.50;24.00;23.75;23.25;23.75;23.25;23.25;23.25]
45332- [25.25;24.50;25.25;25.75;25.75;25.00;25.25;25.00;24.75;24.25;25.00;27.25;27.25;25.25;24.75;25.00;24.25;24.75;25.75;32.75;32.00;25.75;25.25;23.75;24.75;24.50;26.00;38.50;36.50;25.25;24.25;23.75;24.75;25.25;26.50;39.75;35.50;25.25;24.25;23.75;24.25;24.25;25.25;27.75;27.00;24.75;23.50;23.50;23.50;23.50;23.75;23.75;24.25;23.75;23.75;22.50;23.50;23.25;23.75;23.25;23.75;23.00;23.00;23.25]
45817- [25.00;24.75;25.25;25.75;25.75;25.25;25.25;24.75;24.75;24.75;25.75;27.25;27.25;25.00;25.00;24.50;24.75;25.00;25.75;32.75;31.75;25.75;25.00;24.00;24.50;25.00;26.25;38.50;36.50;25.50;24.50;23.75;24.50;24.75;26.50;39.50;35.75;25.00;24.50;23.75;23.75;24.50;25.50;28.00;27.25;24.50;23.50;24.00;24.00;23.50;23.75;24.00;24.50;24.00;23.25;23.00;23.50;23.50;23.75;23.75;23.50;23.00;23.00;23.00]
46302- [25.25;24.50;25.00;25.50;25.75;25.00;25.00;25.00;24.75;24.50;25.25;27.50;27.25;25.00;24.50;24.75;24.25;24.75;26.00;32.75;31.50;25.50;24.75;24.00;24.50;24.75;26.50;38.50;36.50;25.00;24.50;24.25;24.75;25.00;26.25;39.00;35.25;25.25;24.50;23.75;24.25;24.50;25.00;28.25;27.00;24.50;24.00;23.75;23.50;23.75;23.75;24.50;24.25;23.50;24.00;23.25;23.25;23.75;24.00;23.50;23.00;23.00;23.00;22.50]
46787- [24.50;24.75;24.75;25.50;26.00;24.50;24.75;24.75;25.00;24.50;25.50;27.25;27.00;25.50;24.25;24.50;25.25;25.00;25.75;32.25;31.75;25.75;25.00;24.00;24.50;24.75;26.00;38.75;36.00;25.50;24.25;23.75;24.75;24.75;26.25;39.25;35.50;25.25;24.50;23.50;23.75;24.25;25.00;28.00;27.00;24.25;23.50;24.00;23.50;23.75;24.00;24.25;24.25;23.75;23.25;22.75;23.50;23.50;23.25;23.25;23.50;23.50;23.75;22.50]
47272- [24.75;24.75;25.00;25.50;25.75;25.00;24.75;25.00;24.50;24.50;25.00;27.25;27.25;25.50;24.75;24.75;24.75;24.75;26.25;32.50;31.75;25.75;25.00;24.00;24.75;24.25;26.00;38.50;36.25;25.25;24.50;24.00;24.75;25.00;26.50;39.00;35.50;25.50;24.50;23.50;24.25;24.25;25.25;27.75;27.00;24.75;23.75;24.00;23.50;23.75;24.50;24.00;24.00;23.25;23.50;23.00;24.00;23.50;23.50;23.75;23.25;22.50;22.75;23.50]
47757- [24.75;24.50;24.75;25.50;25.75;25.00;25.50;24.25;25.00;24.75;25.50;27.25;27.25;25.25;24.50;24.50;24.75;25.00;25.75;32.75;31.75;25.75;25.25;24.25;24.75;24.75;26.00;38.75;36.25;25.50;24.75;24.00;24.75;25.00;26.25;39.50;35.50;25.25;24.25;23.75;24.00;24.25;25.50;27.75;26.75;24.75;23.75;24.25;23.75;23.75;23.75;24.00;23.75;23.75;23.50;22.50;23.25;24.00;23.75;23.75;23.25;22.75;23.00;23.50]
48242- [25.00;24.25;25.00;25.75;25.00;24.75;25.25;24.50;25.00;24.75;25.50;27.00;27.00;25.25;24.50;25.00;25.00;24.75;25.75;32.50;32.00;26.00;24.75;24.50;24.75;24.50;26.00;38.50;36.25;25.25;24.50;24.25;24.50;24.50;26.25;39.50;35.50;25.25;24.50;23.50;24.00;24.25;25.25;27.75;26.75;24.50;23.75;23.75;23.75;23.50;24.00;24.00;24.50;23.75;23.50;22.75;23.50;23.50;23.25;23.50;23.50;23.25;23.00;23.00]
48727- [25.25;24.00;24.75;25.50;25.75;24.75;25.00;24.50;24.25;25.00;25.75;27.50;27.25;25.00;24.50;25.00;24.50;25.25;26.00;32.75;32.00;25.50;24.50;24.50;24.50;24.75;26.00;38.50;36.50;25.75;24.50;24.00;24.50;24.50;26.25;39.25;35.50;25.00;24.25;23.75;24.00;24.50;25.00;27.75;26.75;24.50;24.25;23.25;23.50;23.25;24.00;24.25;24.00;24.00;23.50;22.50;23.50;23.25;24.00;23.25;23.50;22.75;23.25;22.75]
49212- [24.75;24.00;25.00;25.25;26.25;24.75;24.75;24.75;24.75;25.00;25.50;27.75;27.25;25.50;24.50;24.75;24.75;25.00;26.00;33.00;32.25;25.75;24.75;24.00;24.50;24.50;26.25;38.75;36.25;25.50;24.50;24.50;24.25;24.75;26.25;39.25;36.00;25.25;24.00;23.75;24.00;24.25;25.00;27.50;26.75;24.75;24.00;24.00;23.75;23.50;23.75;24.25;24.25;24.00;23.25;22.75;23.25;23.50;23.75;23.25;23.75;23.50;23.25;23.00]
49697- [24.75;24.50;25.25;25.50;25.50;25.00;25.00;25.00;25.25;25.00;25.50;27.50;27.50;25.25;24.50;25.25;24.50;25.25;26.00;33.00;31.75;25.75;24.75;24.00;24.75;24.50;26.25;38.50;36.25;25.25;24.75;23.75;24.50;25.00;26.50;39.25;35.50;25.25;24.75;23.25;24.00;24.50;25.25;28.25;26.75;24.50;23.75;24.00;24.50;23.75;24.00;24.00;24.00;24.00;23.25;22.75;23.25;23.50;23.50;23.00;23.50;23.25;22.75;23.25]
50182- [25.00;24.75;24.75;25.75;25.50;24.75;25.00;24.50;24.50;24.50;25.25;27.50;27.25;25.50;24.75;24.75;25.25;24.75;25.75;32.75;32.25;25.25;25.25;24.25;24.25;24.75;26.25;38.75;36.25;25.75;24.50;23.75;24.50;25.00;26.00;39.25;36.00;25.50;24.25;23.50;24.25;24.00;25.25;28.00;26.75;24.50;23.75;24.50;23.50;23.75;24.00;24.25;24.50;24.00;23.50;23.00;24.00;24.00;23.50;23.50;23.25;22.75;23.75;23.00]
50667- [25.25;24.50;25.00;25.25;25.50;25.00;24.75;24.75;24.50;24.50;25.25;26.75;27.00;25.50;24.75;24.50;24.50;25.00;25.25;32.75;31.75;25.50;25.00;24.00;24.75;24.50;26.25;38.25;36.25;25.25;24.25;23.75;24.75;24.25;26.25;39.00;35.50;25.25;24.00;23.75;24.00;24.25;25.00;27.75;27.00;24.50;23.75;23.50;23.50;23.50;23.75;24.25;24.00;23.50;23.50;22.25;23.25;23.00;23.25;23.00;23.25;23.00;23.00;22.50]
51152- [24.50;24.50;25.00;25.50;25.50;24.75;24.75;24.25;25.00;24.25;24.75;27.25;27.00;25.25;24.50;24.50;24.50;25.00;26.00;32.50;31.75;25.25;24.50;24.25;24.50;24.50;25.75;38.50;36.25;25.50;24.25;23.75;24.25;24.50;26.25;39.50;35.50;24.75;24.50;23.50;24.00;24.75;25.00;27.75;26.75;24.25;23.50;24.00;24.00;23.50;24.00;23.50;24.00;23.75;23.50;22.75;22.75;24.00;23.25;22.75;23.50;22.50;23.25;22.75]
51637- [25.00;24.00;24.50;25.25;25.25;24.75;24.75;24.75;24.75;24.25;25.00;27.00;26.75;25.00;24.25;24.25;24.25;25.00;25.50;32.50;31.75;25.50;25.00;23.75;24.25;24.25;25.75;38.75;36.50;25.25;24.00;23.25;24.75;25.00;26.00;39.25;35.50;25.25;24.25;23.50;24.00;24.25;24.50;27.50;26.75;24.25;23.50;23.75;23.50;23.50;23.50;24.25;23.75;23.75;23.50;23.00;23.00;22.75;23.50;22.75;23.75;22.50;23.00;22.75]
52122- [24.75;24.00;25.25;25.75;25.50;24.75;25.00;24.75;24.75;24.75;25.75;27.50;27.25;25.00;25.00;24.75;24.50;25.25;25.75;32.75;31.75;25.50;25.25;24.00;24.50;24.75;26.25;38.25;36.25;25.75;24.75;24.00;24.25;24.75;26.50;39.25;35.75;25.50;24.00;24.00;23.75;24.00;24.75;27.50;26.25;24.25;23.75;23.50;23.75;23.50;24.00;24.00;24.00;23.75;23.25;22.25;23.25;23.50;23.50;23.25;23.25;23.25;23.75;23.50]
52607- [24.50;24.50;25.25;25.25;25.50;24.50;25.25;24.50;24.50;24.50;25.50;27.25;27.00;25.50;24.75;24.50;24.75;25.00;26.00;32.75;31.75;25.75;24.75;24.50;24.75;24.25;25.75;38.75;36.50;25.75;24.25;24.00;24.50;24.75;26.25;39.00;35.50;25.25;24.50;23.25;23.75;24.25;24.75;28.25;26.50;24.25;24.00;23.50;24.00;23.50;24.25;24.50;24.00;23.75;23.00;22.75;23.00;23.25;23.50;23.25;23.25;22.75;23.50;23.25]
53092- [24.50;24.75;25.00;25.50;25.50;24.50;24.75;25.00;24.75;24.25;25.50;27.25;27.25;24.75;24.50;24.50;24.50;24.75;26.00;32.75;31.75;25.50;24.50;24.25;24.75;24.75;25.50;38.50;36.25;25.25;24.00;24.00;24.50;24.50;26.25;39.25;35.75;25.00;24.50;23.75;24.00;24.00;25.25;27.50;26.50;23.75;23.25;23.50;24.00;23.50;24.00;24.00;24.25;23.75;23.50;22.50;23.00;23.25;23.50;23.75;24.00;23.00;23.50;23.00]
53577- [25.00;24.25;24.50;25.25;25.25;25.00;25.50;24.50;24.75;24.50;25.50;27.25;27.25;25.25;24.50;24.50;24.50;24.50;25.50;33.00;32.00;25.75;24.75;24.50;24.25;24.50;26.25;38.25;36.25;25.50;24.25;23.75;25.00;24.75;25.75;39.00;35.50;24.75;24.00;24.00;23.75;24.00;25.00;28.00;26.75;24.00;23.75;24.00;23.50;23.75;23.75;24.00;24.25;23.75;23.25;23.00;23.00;23.00;23.50;22.75;23.00;22.75;23.25;23.50]
54062- [25.00;24.50;24.75;25.25;25.25;24.75;25.00;24.25;24.75;24.50;25.50;27.25;27.00;25.25;24.75;24.75;24.75;24.75;26.00;32.75;32.00;25.75;25.00;24.00;25.00;24.25;26.00;38.75;36.25;25.25;24.75;24.00;24.50;24.75;26.25;39.00;35.00;25.25;24.50;23.75;23.50;24.00;25.50;27.75;26.75;24.50;23.75;24.00;23.50;23.75;24.00;24.25;23.75;23.75;23.75;23.00;23.00;23.25;23.75;23.50;23.75;23.25;23.75;22.75]
54547- [25.25;24.25;25.00;25.50;25.50;24.50;25.25;25.00;25.00;24.75;25.50;27.75;27.50;25.50;25.00;24.75;25.00;24.75;26.25;33.00;32.00;25.75;25.00;24.25;24.50;25.00;26.00;38.50;36.25;25.50;25.00;24.00;24.50;24.75;26.25;39.50;35.50;25.50;24.50;23.75;24.00;24.25;25.00;28.00;26.75;25.00;23.25;23.75;23.75;23.75;24.00;24.00;24.25;23.75;23.75;22.75;23.25;24.00;24.00;23.25;23.50;23.00;23.50;23.50]
55032- [25.00;24.00;24.50;25.75;25.00;25.00;25.25;24.75;24.25;24.75;25.25;27.50;27.50;25.25;25.00;24.50;24.75;25.25;26.25;32.50;32.25;25.75;24.75;24.00;24.50;24.75;26.25;38.50;36.25;25.75;24.50;23.75;24.50;24.75;26.25;39.00;35.50;25.25;24.00;23.75;24.00;24.50;24.75;27.75;27.25;24.50;24.00;23.75;23.75;23.50;24.00;24.25;24.00;23.25;23.25;23.00;23.50;23.25;23.50;23.25;23.75;23.00;23.25;23.00]
55517- [25.50;24.50;25.25;25.75;25.75;25.25;24.50;25.00;24.75;24.50;25.75;27.50;27.75;25.50;24.75;25.00;24.50;24.75;26.00;33.00;32.00;25.50;24.50;24.25;25.00;24.75;26.00;38.25;36.75;25.75;24.50;23.75;24.75;25.25;26.00;39.25;35.75;25.00;24.50;23.50;24.75;24.00;24.75;27.75;26.75;24.00;23.75;24.00;23.50;23.25;23.75;24.50;24.25;23.75;23.25;22.75;23.25;23.75;23.50;23.50;23.50;23.25;23.00;22.50]
56002- [25.00;25.00;24.75;26.00;25.50;25.00;25.00;25.50;25.00;25.25;25.00;27.50;27.00;24.75;24.75;24.50;24.75;25.00;26.00;32.75;32.00;26.00;25.00;24.25;24.50;24.75;26.00;38.75;36.50;25.50;24.25;24.50;24.75;24.75;26.25;39.00;35.50;25.50;24.50;23.75;24.00;24.75;25.50;27.75;26.75;24.75;23.50;24.00;23.50;23.50;24.50;24.00;24.75;23.75;23.50;23.00;23.75;24.00;24.00;23.50;23.75;23.00;22.75;23.50]
56487- [24.75;24.50;24.75;25.50;25.25;24.75;25.50;24.50;24.75;24.75;25.50;27.75;27.25;25.25;25.25;24.75;24.50;25.25;25.75;32.75;32.25;25.50;25.00;24.00;24.25;24.75;26.25;38.50;36.25;25.75;24.50;24.00;24.75;25.00;26.00;39.25;35.75;25.50;24.50;23.75;24.00;24.50;25.00;27.75;26.75;24.50;23.50;23.75;24.00;23.50;24.00;23.75;24.25;24.00;23.25;23.00;23.00;23.75;23.75;23.25;23.75;23.50;23.25;22.75]
56972- [24.75;24.25;25.00;25.75;25.50;24.75;25.25;24.75;24.75;25.00;25.50;27.25;27.50;25.25;24.75;24.25;24.75;25.00;26.00;32.75;32.00;26.00;25.00;24.00;24.75;25.00;25.75;38.50;36.75;25.25;24.25;24.00;25.00;25.50;26.25;39.50;35.75;25.00;24.75;24.00;24.25;24.50;25.00;27.75;26.75;24.25;23.75;24.00;23.75;23.50;24.00;24.25;24.00;24.25;23.50;22.75;23.75;23.50;24.00;23.25;23.75;23.00;23.50;23.25]
57457- [25.00;24.50;24.75;25.25;25.75;24.50;25.00;24.50;24.75;24.50;25.50;27.25;27.25;25.25;24.75;24.75;25.00;25.25;26.00;33.00;32.00;26.00;24.75;24.25;24.50;25.00;26.00;38.50;36.75;25.75;24.50;24.00;25.00;25.00;26.25;39.25;36.00;25.25;24.25;23.75;24.00;24.00;24.75;27.75;26.75;24.25;24.00;23.50;23.75;23.75;24.00;24.25;24.00;23.75;23.75;23.00;24.00;23.50;23.75;23.00;24.50;23.25;23.50;22.75]
57942- [24.75;24.50;25.00;25.25;25.25;24.50;25.00;24.75;24.75;24.75;25.25;27.00;27.00;25.25;24.75;24.25;24.50;25.00;26.00;32.75;32.00;25.50;24.75;24.00;24.50;24.50;25.75;39.00;36.50;25.25;24.25;23.75;24.75;24.75;26.25;39.00;35.75;25.50;24.25;23.25;23.75;24.25;25.00;27.50;26.75;24.25;24.00;24.00;23.75;23.25;23.50;23.75;24.25;23.50;23.25;22.50;23.50;23.50;23.00;23.25;23.50;23.25;23.00;23.00]
58427- [25.25;23.75;24.75;25.75;25.00;25.25;24.75;24.50;24.75;25.00;25.00;27.00;26.75;25.50;24.75;24.50;24.75;24.75;25.75;32.50;32.00;25.25;24.75;24.00;24.25;24.50;26.00;38.50;36.50;25.50;24.50;24.00;24.25;24.50;26.25;39.25;35.25;25.50;24.75;24.25;24.25;24.50;25.00;27.75;26.75;24.25;24.00;23.75;23.50;23.25;24.00;23.75;24.00;23.75;23.25;23.00;23.25;23.25;23.50;23.25;23.50;23.00;23.50;22.75]
58912- [24.75;24.50;25.00;25.25;25.25;24.50;25.00;25.00;24.50;24.25;25.25;27.50;26.75;25.00;24.50;24.75;25.00;24.50;26.00;32.75;32.50;25.50;24.50;24.00;24.25;24.50;25.75;38.50;36.50;25.75;24.50;23.50;24.25;24.75;26.50;39.25;35.75;25.00;24.50;24.00;24.50;24.00;24.75;28.00;26.75;24.25;23.50;24.25;23.50;23.25;24.00;24.75;24.00;24.00;23.25;22.75;23.00;23.50;23.50;23.50;23.50;22.50;23.00;22.75]
59397- [24.75;24.50;25.00;25.50;25.75;24.75;25.00;25.00;24.75;25.00;25.25;27.25;27.25;25.75;25.00;24.75;24.75;25.00;26.00;33.00;31.75;25.50;25.00;24.50;24.50;24.50;26.25;38.75;36.50;25.75;24.75;24.25;25.00;25.00;26.00;39.00;36.00;25.50;25.00;23.75;23.75;24.25;25.25;27.75;26.50;24.00;24.00;23.50;24.00;24.00;24.50;24.50;24.25;23.75;23.00;23.00;23.00;24.25;24.00;23.25;23.75;23.25;23.00;23.50]
59882- [24.75;24.25;25.00;25.25;25.75;25.25;25.25;25.25;24.25;25.00;25.50;27.50;27.50;25.25;24.50;24.75;24.75;25.25;26.00;33.00;32.00;25.75;25.25;24.25;24.50;24.75;26.25;38.50;36.25;25.50;24.50;24.25;24.75;24.75;26.25;39.00;35.75;25.25;24.75;23.75;24.25;24.50;25.25;27.75;27.25;24.25;24.25;24.50;23.50;23.75;24.25;24.50;24.25;24.25;23.75;23.25;23.50;23.75;23.75;23.50;23.25;23.50;23.00;23.25]
60367- [25.25;24.25;24.75;25.75;25.50;25.00;25.00;24.75;24.50;24.75;25.50;27.50;27.50;25.50;24.00;25.00;24.75;24.75;26.00;33.00;32.25;25.75;25.25;24.50;24.75;25.00;26.00;39.25;36.50;25.75;25.00;24.25;24.25;25.00;26.00;39.25;35.75;25.50;24.50;24.00;24.00;24.50;25.75;28.00;27.00;24.25;23.50;23.50;23.75;23.75;24.00;24.75;24.50;23.75;23.75;23.00;23.25;23.25;23.75;23.25;23.50;23.00;23.00;23.00]
60852- [25.25;24.50;25.00;25.25;25.50;25.25;25.25;25.75;24.75;25.25;25.25;27.50;27.50;25.50;24.50;25.00;24.50;25.25;25.75;33.00;31.50;25.25;24.75;24.75;24.50;24.75;25.75;38.75;36.50;25.50;24.50;24.00;25.00;24.75;26.50;39.00;36.00;25.25;24.50;24.00;24.50;24.75;25.00;27.50;26.75;24.50;24.00;24.00;23.75;23.50;24.25;24.50;24.25;23.75;23.50;23.25;23.50;23.50;24.00;23.25;23.75;23.25;23.00;22.50]
61337- [24.75;24.75;25.25;26.00;25.75;25.25;25.75;24.75;24.75;24.75;25.50;27.25;27.25;25.00;24.75;24.00;24.50;25.00;25.75;32.75;32.00;25.75;25.25;23.75;24.75;24.50;26.00;38.75;36.25;25.75;24.50;24.00;25.00;24.75;26.25;39.50;35.75;25.25;24.50;24.00;24.00;24.75;25.50;28.00;27.00;24.25;23.75;24.25;24.00;24.00;24.00;24.50;24.25;23.75;23.75;23.00;24.00;23.75;23.75;23.25;23.25;23.00;23.00;23.50]
61822- [24.75;24.25;25.00;25.25;25.50;25.00;25.00;25.50;24.75;24.75;25.75;27.25;27.50;25.25;24.75;25.00;24.75;24.50;25.75;32.75;32.00;25.25;25.25;24.50;24.50;24.75;26.00;38.75;36.25;25.25;24.75;24.00;24.25;25.00;26.25;39.00;35.50;25.50;24.00;23.25;24.25;24.25;25.00;27.50;26.75;24.25;24.00;24.00;23.75;23.25;24.25;24.00;24.25;23.75;23.50;23.25;23.50;23.25;23.75;23.50;23.25;23.00;23.00;22.75]
62307- [24.75;25.00;24.75;25.75;25.25;25.00;25.00;24.75;24.75;24.75;25.25;27.25;27.00;25.25;24.75;24.50;25.00;25.00;25.75;32.75;32.00;25.75;25.00;24.75;24.50;24.25;26.00;38.75;36.25;25.25;24.50;23.75;24.25;24.50;25.75;38.75;35.50;25.50;24.25;23.00;24.00;24.50;25.00;28.00;26.75;24.50;23.75;24.00;24.00;23.25;23.75;24.00;24.00;23.50;23.25;22.50;23.25;23.00;23.25;23.00;23.75;23.00;23.25;23.25]
62792- [25.25;24.75;25.00;25.50;25.75;25.00;25.25;24.75;25.00;24.75;25.50;27.25;27.50;25.50;25.00;24.75;24.75;25.50;26.00;32.50;31.75;25.50;25.25;24.50;24.50;24.50;25.75;38.75;36.25;25.25;24.50;24.25;24.50;24.50;26.25;39.25;35.50;25.25;24.75;23.75;25.00;24.50;25.25;27.75;26.50;24.25;23.75;23.75;24.00;23.75;24.25;24.00;24.25;23.75;23.25;23.00;22.75;23.50;23.50;23.25;23.75;23.00;23.00;23.00]
63277- [24.75;24.50;24.75;25.50;25.50;25.00;25.25;24.75;24.50;24.50;25.50;27.25;27.25;25.00;24.25;24.75;24.25;25.00;25.75;32.50;32.25;25.75;24.50;24.25;24.75;24.75;26.00;38.50;36.50;25.50;24.75;23.75;24.50;24.75;26.25;39.00;35.75;25.25;24.50;23.50;24.75;24.50;25.25;27.50;26.50;24.25;23.75;24.00;23.75;23.50;24.00;24.00;23.75;24.00;23.50;22.75;23.75;23.50;23.75;23.50;23.75;22.50;23.00;23.50]
63762- [24.75;24.25;24.75;25.75;25.50;24.50;25.00;25.00;24.75;24.75;25.50;27.75;27.00;25.25;24.75;23.75;24.50;24.75;26.00;32.75;32.25;25.75;24.75;24.75;24.75;24.75;26.25;38.50;36.50;25.25;24.75;24.00;24.75;25.00;26.50;39.00;35.50;25.25;24.25;23.25;23.75;24.00;25.25;28.00;26.50;24.25;23.75;23.75;24.00;23.50;24.25;24.25;23.75;23.50;23.25;22.75;24.00;23.00;23.50;23.50;23.25;23.25;23.25;23.25]
64247- [25.00;24.50;24.75;25.00;25.50;24.75;25.00;24.50;24.75;24.25;25.25;27.25;27.25;25.00;24.75;24.75;24.25;24.75;26.00;32.75;32.00;25.75;24.75;24.75;24.25;24.50;25.75;38.75;36.50;25.25;24.75;23.75;24.50;24.50;25.75;39.00;35.50;25.00;24.50;23.50;24.25;24.25;25.25;27.75;26.50;24.50;24.00;24.25;24.00;23.50;24.00;24.25;24.00;23.75;23.50;23.25;23.00;23.75;23.75;23.50;23.25;23.25;23.25;22.75]
64732- [25.25;24.75;24.75;25.75;25.50;24.75;25.25;24.75;24.75;24.75;25.25;26.75;27.25;25.25;24.50;24.75;24.50;24.75;26.00;32.50;31.75;26.00;24.50;24.25;24.25;24.75;26.00;38.50;36.25;25.25;24.75;23.50;24.50;24.50;26.25;38.75;35.50;25.25;24.50;23.50;24.25;24.25;25.50;27.50;26.75;24.25;23.50;24.00;24.00;23.25;24.25;23.50;24.25;24.00;23.75;23.00;24.00;23.50;23.50;23.75;23.25;23.00;23.25;23.00]
65217- [25.25;24.00;25.50;25.75;25.75;24.75;25.25;25.00;24.75;24.75;25.00;27.25;26.75;25.50;24.50;25.00;25.00;24.75;25.75;32.75;32.00;25.75;24.75;24.50;24.25;24.50;25.75;38.75;36.25;25.50;24.50;23.75;24.25;24.75;26.00;39.25;35.50;25.25;24.25;23.50;24.00;24.75;24.75;27.75;27.00;24.25;23.50;23.50;23.25;23.75;24.00;24.25;24.25;24.00;23.00;23.00;22.75;23.75;23.50;23.50;23.75;22.50;23.25;22.75]
65702- [24.50;24.50;24.50;25.00;25.25;24.00;24.50;25.00;24.50;24.00;25.00;27.00;26.50;24.75;24.25;24.00;24.25;24.75;25.75;32.25;31.75;25.50;24.75;24.00;24.25;24.25;25.75;38.25;36.00;25.00;24.50;23.75;24.50;24.50;25.75;38.50;35.50;25.00;24.25;23.75;24.25;24.00;24.75;27.00;26.75;24.00;23.75;23.25;23.50;23.25;23.75;23.75;23.50;23.50;23.50;22.50;22.75;23.00;23.50;23.00;23.25;22.25;22.75;22.75]
66187- [24.50;24.25;24.75;25.50;25.25;24.75;24.75;24.50;25.00;24.75;25.25;26.75;27.25;25.00;24.50;24.50;24.50;25.25;25.75;32.50;32.00;25.50;24.25;24.00;24.00;24.75;25.75;38.25;36.25;25.50;24.25;23.75;24.50;24.50;25.75;39.00;35.25;25.50;24.25;23.25;23.75;24.00;24.50;27.75;26.50;24.25;23.75;24.00;23.25;23.00;23.75;24.25;24.25;23.75;23.25;22.50;23.25;22.75;23.25;23.00;23.50;22.50;23.00;23.25]
66672- [24.50;24.75;24.75;25.00;25.25;24.25;25.25;24.75;24.50;24.75;25.00;26.75;27.25;25.25;24.25;24.50;24.50;24.75;25.50;32.75;32.00;26.00;24.75;23.50;24.25;24.50;26.00;38.50;36.25;25.25;24.50;23.75;24.25;24.75;26.00;39.00;35.25;24.75;24.00;23.50;23.75;24.50;24.75;27.25;26.50;23.75;23.75;23.25;24.00;23.50;23.50;24.00;24.00;23.50;23.50;22.50;23.50;23.25;23.25;23.25;23.25;22.50;23.00;23.00]
67157- [24.75;24.50;25.00;25.25;25.50;25.00;25.25;25.00;24.50;24.50;25.50;27.25;27.00;25.25;24.50;24.75;24.75;25.00;25.75;32.50;31.75;25.25;25.00;24.25;24.25;24.25;25.75;38.50;36.25;25.50;24.00;23.25;24.75;24.75;26.25;39.25;35.50;25.00;24.75;23.50;24.25;24.25;25.25;27.50;26.75;24.50;23.75;23.25;24.00;23.50;23.75;24.25;24.00;23.25;23.00;23.25;23.25;23.75;24.00;23.25;23.50;22.75;23.75;23.25]
67642- [25.00;24.75;25.00;25.75;25.50;25.25;25.25;24.75;25.00;24.75;25.50;27.25;27.00;25.25;24.75;24.25;24.75;24.50;25.75;32.50;32.00;26.00;24.75;24.00;24.00;24.50;26.00;38.75;36.50;25.25;24.25;24.25;24.75;24.75;26.00;39.25;35.50;25.25;24.50;23.25;23.75;24.25;25.25;28.00;26.75;24.00;24.00;23.50;24.00;23.50;24.00;24.00;23.75;23.50;23.75;22.50;23.50;23.25;23.50;23.00;23.00;23.50;23.00;23.25]
68127- [25.00;24.75;24.50;25.75;25.50;24.75;25.00;25.00;24.75;24.50;25.25;27.00;27.25;25.25;25.00;25.00;25.00;25.25;26.50;32.50;32.00;25.50;24.50;24.00;24.50;24.50;25.75;38.75;36.25;25.25;24.25;24.50;24.75;24.75;26.50;39.00;35.50;24.75;24.50;24.00;24.25;24.75;25.25;28.00;26.50;24.75;23.75;23.50;23.75;23.50;23.75;24.25;24.00;23.50;23.50;23.25;23.00;23.50;23.50;23.25;23.25;23.00;23.00;23.25]
68612- [25.00;24.50;24.50;26.00;25.50;25.00;25.00;24.50;24.25;24.25;25.00;27.25;27.25;25.50;25.00;24.50;24.50;25.00;25.75;32.50;31.75;25.75;24.50;24.00;24.50;24.50;26.00;38.50;36.25;25.50;24.25;24.50;24.50;24.25;26.50;39.50;35.50;25.00;24.25;23.50;23.50;24.75;25.00;28.00;26.25;24.00;23.75;23.25;23.25;23.25;24.00;23.75;24.25;24.00;23.50;23.00;23.00;23.75;23.50;23.00;23.75;22.75;23.00;23.25]
69097- [24.75;24.50;25.00;25.25;25.25;25.00;24.75;24.75;24.75;24.50;25.50;27.00;27.25;25.50;24.50;24.50;25.00;24.75;26.00;32.75;31.75;25.50;25.00;24.50;24.50;24.75;26.25;38.50;36.00;25.25;24.50;23.75;24.75;24.75;26.50;39.00;35.50;25.00;24.00;23.50;23.75;24.50;25.25;28.00;26.75;24.25;24.00;23.75;23.25;23.75;24.00;24.25;24.00;24.00;23.75;23.00;23.50;24.00;24.00;23.50;23.75;22.75;23.25;23.50]
69582- [25.00;24.50;24.75;25.75;25.50;25.00;25.00;25.00;24.50;24.50;25.00;27.25;27.00;25.25;24.50;24.75;25.00;25.25;26.00;33.00;32.00;25.50;25.00;24.00;24.25;24.25;26.25;38.50;36.50;25.75;24.50;23.75;24.75;24.50;26.00;38.75;35.50;25.00;24.75;23.50;24.25;24.25;25.00;27.75;26.50;24.25;23.50;23.50;23.75;23.50;24.25;24.25;24.00;23.50;23.50;23.00;23.25;24.75;23.25;23.00;23.25;23.00;23.25;23.25]
70067- [25.00;24.25;24.75;25.50;25.50;25.00;25.00;24.50;24.50;25.00;25.25;27.25;27.25;25.00;24.75;24.50;24.75;25.00;25.50;32.50;32.00;25.25;24.50;24.25;24.75;24.75;26.25;38.25;36.50;25.25;24.50;23.50;24.25;24.75;26.00;39.25;36.00;25.25;24.75;23.25;24.00;24.50;24.75;27.50;26.75;24.50;23.00;24.00;23.75;23.75;23.50;24.25;24.25;23.50;23.25;22.50;23.75;23.50;23.50;23.25;23.25;22.50;23.25;22.75]
70552- [24.75;24.25;24.75;25.50;25.25;24.50;24.75;24.50;24.75;24.75;25.50;27.25;27.50;25.50;24.50;24.50;24.50;24.75;26.00;32.75;31.75;25.75;24.75;24.00;24.50;24.75;26.00;38.50;36.00;25.25;24.50;23.50;24.75;25.00;25.75;38.75;35.25;25.25;24.50;23.75;23.75;23.50;24.75;27.75;26.50;24.00;23.50;23.25;23.75;23.75;24.00;24.00;23.75;23.50;23.50;22.75;24.00;23.25;23.50;23.25;23.25;23.00;23.25;22.50]
71037- [24.75;24.00;25.00;25.75;25.25;24.50;24.75;24.25;24.50;24.50;25.00;27.00;27.25;25.00;24.75;24.50;24.25;25.00;25.75;32.75;31.50;25.50;25.00;24.50;24.50;24.25;25.75;38.50;36.25;25.25;24.25;23.75;24.50;24.25;26.25;38.75;35.25;25.00;24.50;23.50;23.75;24.25;25.00;27.50;26.50;24.25;23.50;23.75;23.75;23.50;24.00;24.00;24.00;24.00;23.25;22.75;22.75;23.75;23.25;23.00;23.25;23.00;23.00;23.25]
71522- [25.00;24.50;25.00;25.50;25.50;25.00;24.75;24.50;24.50;24.75;25.25;27.50;27.00;25.50;24.25;24.50;24.75;24.75;25.75;32.75;31.75;25.25;24.75;24.25;24.25;24.75;25.75;38.50;36.25;25.25;24.00;24.25;24.25;24.75;25.75;38.75;35.50;25.25;24.25;23.25;24.00;24.50;25.25;27.50;26.50;24.25;23.50;23.75;23.75;23.25;24.25;24.00;24.00;23.25;23.25;22.25;22.75;23.75;23.25;23.50;24.00;23.00;23.25;22.75]
72007- [25.00;24.50;25.00;25.00;25.50;24.75;25.00;24.50;24.75;24.25;25.25;27.25;27.00;25.50;24.50;24.50;24.25;24.75;25.50;32.75;31.50;25.50;24.75;24.25;24.50;24.50;25.75;38.50;36.25;25.25;24.00;23.75;24.50;24.75;26.25;38.75;35.50;25.00;24.50;23.75;23.75;24.00;24.75;27.50;26.25;24.75;23.75;23.75;23.75;23.25;23.50;24.00;24.25;23.75;23.25;22.75;24.00;23.75;23.25;23.00;23.50;22.75;22.75;22.75]
72492- [25.25;24.25;24.75;25.00;25.00;24.75;25.50;24.00;24.50;24.75;25.00;27.00;26.50;25.00;25.00;24.75;24.75;24.75;25.75;32.75;31.75;25.50;25.00;24.25;23.75;24.25;25.75;38.50;36.50;25.75;24.00;24.50;24.75;24.75;26.00;39.00;35.25;25.00;24.25;23.50;24.25;24.00;25.00;27.75;26.50;24.00;23.75;23.50;23.25;23.50;24.00;24.00;24.00;23.75;23.25;22.50;23.50;23.75;23.75;22.75;23.25;23.00;22.75;22.75]
72977- [25.00;24.25;24.75;25.25;25.25;24.50;25.25;24.75;24.50;24.50;25.25;27.25;27.00;24.75;24.50;23.75;24.75;24.75;25.25;32.50;32.00;25.75;24.75;24.00;24.25;24.50;25.75;38.25;36.00;25.00;24.50;23.50;24.75;24.75;25.75;39.00;35.50;25.25;24.00;23.25;24.00;24.00;25.00;27.50;26.50;24.25;23.75;23.50;24.00;23.25;23.50;23.75;23.75;23.50;23.25;22.25;23.00;23.25;22.75;23.25;23.25;23.00;23.00;23.00]
73462- [24.50;24.00;24.75;25.25;25.50;24.75;24.75;24.75;24.50;24.25;25.00;27.25;27.00;25.25;24.75;24.25;24.75;24.00;25.50;32.75;31.50;25.50;25.00;23.75;24.25;24.25;25.50;38.25;36.00;25.25;24.00;23.25;24.25;24.00;25.75;39.00;35.50;25.25;24.00;23.50;23.75;24.25;24.75;27.50;26.75;24.50;24.00;23.50;23.50;23.25;23.75;24.00;23.75;24.00;22.75;22.75;23.50;23.25;22.50;23.50;23.00;23.00;23.25;23.00]
73947- [24.75;24.50;24.25;25.25;24.75;24.25;24.50;24.00;24.50;24.50;25.25;27.25;26.75;25.00;24.25;24.50;24.50;24.75;25.75;32.75;31.75;25.00;24.75;24.00;24.00;24.75;25.75;38.25;36.25;25.25;24.25;23.75;24.00;24.50;26.25;38.50;35.00;24.75;24.00;23.25;23.75;24.25;24.75;27.75;26.50;23.25;23.50;23.50;23.50;23.25;24.00;23.75;23.50;22.75;22.75;22.50;23.00;23.25;23.00;23.50;23.50;22.50;23.00;22.50]
74432- [24.75;24.50;24.75;25.25;25.00;24.75;24.75;24.50;24.50;24.50;25.25;27.00;26.75;25.00;24.50;24.50;24.75;25.00;25.50;32.75;31.75;25.50;24.75;24.00;24.25;24.50;25.75;38.25;36.25;25.00;24.50;23.50;24.25;25.00;25.75;39.00;35.50;25.00;24.25;23.50;24.00;24.25;24.50;27.50;26.75;24.00;23.75;23.50;23.75;23.00;23.75;23.75;23.50;23.50;23.25;22.00;23.00;23.00;23.50;23.00;23.50;22.75;23.00;22.50]
74917- [24.75;24.50;25.25;25.50;25.25;25.00;25.25;24.50;24.75;24.75;25.50;27.25;27.25;25.25;24.50;24.75;24.50;25.00;25.25;32.75;31.75;26.00;24.75;24.00;24.50;24.75;26.00;38.25;36.00;25.25;24.50;23.75;24.00;25.00;26.00;39.00;35.50;25.25;24.25;23.25;23.75;24.50;24.75;27.75;26.75;23.75;23.50;23.50;24.00;23.50;23.75;24.00;24.00;23.50;23.50;22.75;23.75;23.25;23.25;23.00;23.50;23.00;23.25;23.50]
75402- [24.50;24.25;25.50;25.50;25.50;25.00;25.50;24.75;24.50;24.50;25.50;26.75;27.00;25.25;24.50;24.50;24.50;24.50;25.75;32.75;32.00;25.50;24.75;24.00;24.75;24.50;26.25;38.25;36.25;25.50;24.00;24.00;24.50;24.75;25.75;39.25;35.75;25.50;24.50;23.75;24.25;24.00;25.25;27.75;26.50;24.50;24.00;24.25;23.75;23.75;24.00;24.25;23.75;23.50;23.25;23.00;23.50;23.75;23.25;22.75;23.50;22.75;23.25;23.00]
75887- [25.00;24.25;25.00;25.50;25.25;25.00;25.00;24.25;24.25;24.25;25.50;27.25;27.25;25.25;24.75;24.50;24.50;25.25;25.75;32.75;31.75;25.50;24.50;24.25;24.00;24.25;25.25;38.25;36.25;25.50;24.25;23.50;24.25;24.75;25.75;38.50;35.50;25.00;24.25;23.50;24.50;24.25;24.75;27.50;27.00;24.25;24.00;23.75;23.50;23.50;24.00;23.75;24.25;23.75;23.25;22.25;23.50;23.75;23.50;23.00;23.50;23.25;23.00;23.25]
76372- [25.50;24.25;24.50;25.75;25.00;24.50;25.25;24.75;24.75;24.50;25.00;27.50;27.00;25.00;24.50;24.50;24.75;25.00;25.50;33.00;32.00;25.50;25.00;24.25;24.75;24.75;25.75;38.50;36.25;25.00;24.50;24.00;24.25;24.50;26.25;39.25;35.50;25.25;24.50;23.50;23.50;24.25;24.75;27.75;26.00;24.25;23.75;23.75;23.75;23.50;23.75;24.00;23.75;24.00;23.50;22.50;23.25;23.50;23.75;23.25;23.00;22.50;23.00;22.75]
76857- [25.00;24.25;24.25;25.25;25.25;24.75;25.25;25.25;25.00;24.50;25.50;27.25;27.25;25.50;24.75;24.25;25.00;25.25;25.75;33.00;32.00;26.00;25.00;24.00;24.75;24.50;26.00;38.50;36.00;25.50;24.25;24.25;24.25;24.75;26.25;39.25;35.75;25.25;24.50;23.25;24.00;25.00;25.25;27.75;26.75;24.00;23.75;23.50;24.25;23.50;24.00;24.00;23.75;24.25;23.50;22.50;23.25;23.75;23.50;23.25;23.50;22.75;23.25;23.00]
77342- [25.25;24.25;25.00;25.50;25.75;24.75;24.75;24.25;25.25;24.75;24.75;26.75;27.50;25.00;24.75;24.25;24.75;25.00;25.75;33.00;31.50;25.50;24.50;24.00;24.25;24.50;26.00;38.50;36.25;25.50;24.25;24.00;24.50;25.00;26.25;39.25;35.50;25.25;24.50;24.00;24.00;24.75;25.00;27.50;26.50;24.50;23.75;23.50;24.00;23.50;23.50;23.75;24.00;23.75;23.50;23.00;23.25;24.00;23.75;23.50;23.25;23.25;23.25;23.25]
77827- [25.00;24.75;25.25;25.50;25.50;25.00;25.50;25.25;24.75;24.75;25.75;27.25;27.25;25.50;24.50;24.75;25.00;25.00;25.75;33.00;32.00;25.50;25.00;23.75;24.25;24.25;26.25;38.50;36.25;25.75;24.25;24.25;25.00;24.50;26.25;39.25;35.50;25.25;24.00;23.50;24.50;24.50;25.50;28.00;26.75;24.50;23.75;23.75;23.50;23.25;23.50;24.00;24.25;23.50;23.75;23.25;23.25;23.50;23.25;23.75;23.25;22.75;23.25;23.00]
78312- [24.75;24.50;25.25;25.75;25.50;24.75;25.00;24.75;24.75;24.75;25.50;27.50;27.00;25.25;24.75;24.50;24.25;25.00;25.75;32.75;31.75;25.50;24.75;24.50;24.75;24.50;26.00;38.25;36.50;25.75;24.75;23.75;24.75;24.50;26.50;39.25;35.50;25.25;24.25;23.50;24.25;24.25;24.75;27.75;26.75;24.50;23.75;23.75;23.75;23.50;23.75;24.25;24.25;24.25;23.25;22.75;23.25;24.00;23.75;23.75;23.25;23.50;23.25;23.50]
78797- [24.75;24.25;25.25;25.25;25.50;24.75;25.00;24.75;24.75;24.75;25.00;27.50;26.75;24.75;24.75;24.75;24.50;25.25;26.00;32.50;31.75;25.25;25.00;24.25;25.00;24.75;25.75;38.50;36.00;25.50;24.50;24.00;24.75;24.75;26.25;39.00;35.75;25.00;24.50;23.50;24.00;24.25;25.00;28.00;27.00;24.25;23.75;23.75;24.00;23.75;24.25;24.50;24.50;24.00;23.25;22.75;24.00;23.00;23.75;23.75;23.50;22.75;23.50;23.50]
79282- [25.25;24.50;25.00;25.75;26.00;24.75;25.25;25.00;24.75;24.50;25.50;27.25;26.75;25.25;24.50;24.75;24.75;25.25;25.75;32.50;31.50;25.50;24.75;24.00;24.50;24.50;26.00;38.75;36.00;25.50;24.75;23.75;24.25;24.75;26.25;39.50;35.50;25.00;24.50;23.75;24.00;24.00;25.25;27.75;27.00;24.75;23.75;23.00;24.00;23.25;23.75;24.25;24.00;23.75;23.50;22.50;23.25;23.50;23.50;23.25;23.00;22.75;23.25;22.75]
79767- [24.50;24.75;24.75;25.50;25.50;24.50;24.50;25.00;25.00;24.50;25.50;27.00;26.75;25.25;25.00;24.50;24.50;24.75;25.50;32.50;31.50;25.75;25.25;23.75;24.75;24.50;26.50;38.75;36.50;25.25;24.50;23.75;24.50;24.75;26.25;39.25;35.75;25.00;24.25;23.25;24.00;24.25;25.00;27.75;26.75;24.25;23.25;23.75;23.50;23.75;24.25;24.00;24.25;23.25;23.25;22.50;23.25;23.75;23.50;23.00;23.25;22.75;23.00;22.75]
80252- [25.25;24.25;25.25;25.75;25.50;24.75;24.50;24.50;25.00;25.00;25.00;27.00;27.25;25.25;24.75;24.50;24.75;24.50;25.75;32.50;32.00;25.50;24.50;24.25;24.50;24.75;25.50;38.50;36.50;25.00;24.00;23.50;24.50;24.75;26.25;39.00;35.75;25.25;24.50;23.00;24.25;23.75;24.75;27.75;26.75;24.50;23.75;23.75;23.75;23.50;23.75;24.00;23.75;23.75;23.75;22.75;24.00;23.50;23.50;23.25;23.25;23.00;23.25;22.75]
80737- [25.00;24.50;25.00;25.00;25.00;24.25;25.75;24.25;24.75;24.00;25.00;26.75;27.00;25.00;24.25;24.25;24.75;24.50;25.50;32.25;31.75;25.50;24.75;24.25;24.50;24.50;25.75;38.25;36.25;25.00;24.50;23.50;24.50;25.00;26.25;38.50;35.50;25.00;23.75;23.50;24.00;24.25;24.75;27.50;26.50;24.00;23.50;23.25;23.50;23.25;23.50;24.00;23.75;23.25;22.75;22.50;23.00;23.00;23.25;22.75;23.50;22.75;23.00;22.75]
81222- [25.25;24.25;24.75;25.00;25.25;24.50;24.50;24.50;24.75;24.25;25.25;26.75;26.75;25.25;24.25;24.25;24.50;24.50;25.50;32.50;31.75;25.00;24.50;24.00;24.00;24.00;25.75;38.25;36.00;25.00;24.75;24.00;24.25;24.50;25.75;38.75;35.25;24.75;24.25;23.50;24.00;24.00;24.75;27.25;26.25;24.00;23.50;23.25;23.50;23.50;23.25;23.75;23.50;23.50;23.00;22.50;23.00;22.75;23.25;22.75;22.75;22.75;23.25;22.75]
81707- [25.00;24.00;24.50;25.00;25.25;24.75;24.75;24.75;24.50;24.50;25.00;27.00;26.50;25.00;24.75;24.50;24.50;24.75;25.25;32.25;31.75;25.50;24.75;23.75;24.50;24.00;25.75;38.00;36.00;24.75;24.25;23.75;24.75;24.75;26.00;38.75;35.00;25.00;24.25;23.25;24.00;24.25;24.75;27.50;26.25;24.00;23.50;23.50;23.50;23.50;23.25;24.00;24.00;23.25;23.50;22.25;23.25;23.00;23.50;23.00;23.25;22.75;22.75;23.00]
82192- [25.00;24.25;25.25;25.25;25.00;24.75;24.75;24.50;24.50;24.50;25.50;27.25;27.00;25.00;24.50;24.75;24.75;24.75;25.75;32.50;31.50;25.50;24.50;23.75;24.75;24.50;25.75;38.50;36.25;25.25;24.25;24.00;24.50;24.50;25.75;38.75;35.25;25.00;24.00;23.50;24.00;24.00;25.00;27.75;26.75;24.00;23.25;23.50;23.50;23.75;23.50;23.75;23.50;23.50;23.00;22.75;23.00;23.00;23.25;23.25;23.50;22.25;23.00;23.25]
82677- [24.75;24.25;24.75;25.75;25.50;24.75;25.00;24.75;24.75;24.50;25.00;27.00;26.75;25.00;24.75;25.00;24.75;25.25;25.25;32.50;32.00;25.25;24.75;24.25;24.50;24.00;25.75;38.50;36.25;25.50;24.50;23.75;24.25;24.50;26.00;39.00;35.50;24.75;24.25;23.75;23.75;24.00;24.50;27.75;26.25;24.00;23.75;23.75;23.25;23.75;23.50;24.25;24.00;24.00;23.25;23.00;23.25;23.75;23.75;23.50;23.25;22.75;23.25;22.50]
83162- [25.00;24.50;24.25;25.25;25.00;24.50;24.75;24.25;24.75;24.50;25.25;27.25;27.00;25.00;24.25;24.25;24.50;24.75;25.25;32.00;31.50;25.50;24.75;23.50;24.50;24.25;25.75;38.50;36.00;25.25;24.25;24.00;24.25;24.75;26.00;38.75;35.25;25.25;24.00;23.25;23.75;24.25;25.00;27.75;26.50;24.00;23.50;23.75;23.75;23.00;23.25;24.25;23.50;23.75;23.00;22.50;23.00;23.50;23.25;23.00;22.50;22.50;23.00;22.75]
83647- [25.00;24.00;24.25;25.25;25.25;24.75;24.75;24.25;25.00;25.00;25.25;27.00;26.75;25.25;24.50;24.00;24.50;24.50;25.50;32.50;31.75;25.25;24.75;24.75;24.25;24.75;25.75;38.50;36.00;25.00;24.25;24.00;24.75;24.50;25.75;38.50;35.50;25.00;24.50;23.75;24.50;24.00;24.25;27.75;26.75;23.75;23.50;23.75;24.00;23.25;24.00;24.25;23.50;23.75;23.50;22.75;23.00;22.75;23.00;22.75;23.00;22.75;23.75;22.75]
84132- [25.25;24.25;24.00;25.25;25.25;24.50;24.75;24.25;24.50;24.75;25.00;27.00;27.00;25.00;24.00;24.50;24.00;24.50;25.25;32.50;31.25;25.25;25.25;24.25;23.75;24.25;25.75;38.25;36.00;25.00;24.25;23.75;24.50;24.75;26.00;39.00;35.00;24.75;24.00;23.25;24.00;24.25;25.00;27.00;26.50;24.25;23.25;23.50;23.50;23.25;23.75;23.50;23.75;23.50;22.75;22.50;23.00;23.00;23.50;23.00;23.25;22.75;23.00;22.50]
84617- [24.50;24.00;25.00;25.25;25.00;24.50;25.00;25.00;24.25;24.75;24.75;27.00;26.50;24.75;24.50;24.75;23.75;24.75;25.50;32.25;31.00;25.00;24.50;24.25;24.25;24.00;25.25;38.25;36.00;25.00;24.25;24.25;24.25;24.75;25.75;38.50;34.75;25.00;23.75;23.75;24.00;24.00;24.50;27.75;26.25;24.25;23.50;23.50;23.50;23.25;23.75;24.00;23.50;23.50;23.00;22.50;24.00;23.25;23.25;23.00;22.75;23.00;22.50;22.75]
85102- [25.00;24.25;25.25;25.50;25.25;25.00;24.50;24.75;24.75;24.50;25.00;27.00;27.00;25.25;24.50;24.75;24.00;25.00;25.75;32.50;31.50;25.25;24.75;24.00;24.25;24.00;25.75;38.50;35.75;25.25;24.50;24.25;24.25;24.50;26.00;38.75;35.50;25.25;24.25;23.50;23.75;24.00;24.50;27.25;26.75;24.25;23.50;23.50;23.50;23.25;23.75;24.00;24.00;23.50;23.25;23.25;23.25;23.25;23.50;23.50;23.25;22.50;22.75;23.00]
85587- [25.25;24.50;25.00;25.00;25.50;24.50;24.75;24.00;24.50;24.50;25.00;27.00;27.00;25.00;24.25;24.50;24.25;24.75;25.50;32.50;31.50;25.25;24.75;24.25;24.50;24.00;25.75;38.00;36.00;25.00;24.25;23.75;24.75;24.75;26.25;39.00;35.25;24.75;24.50;23.50;24.00;24.50;25.00;27.25;26.00;24.00;23.75;23.50;24.00;23.25;23.50;23.75;23.50;23.50;23.25;22.75;23.25;23.50;23.50;23.25;23.00;22.75;23.50;23.00]
86072- [24.75;23.75;24.50;25.00;25.00;24.50;25.00;24.75;24.25;24.50;25.25;26.50;27.00;25.25;24.25;25.00;24.50;24.75;25.50;32.25;31.50;25.25;24.50;24.25;24.00;24.50;25.75;38.75;36.00;25.50;24.00;24.00;24.50;24.75;26.00;38.75;35.25;25.00;24.25;23.25;23.75;24.25;25.00;27.75;26.75;24.00;23.75;23.75;23.75;23.75;24.00;23.75;24.00;23.75;23.25;22.50;23.00;23.25;23.50;22.75;23.50;22.75;23.25;23.00]
86557- [24.75;24.00;24.75;25.25;25.25;25.00;24.75;25.00;24.75;24.50;25.00;26.50;26.75;25.25;24.75;24.25;24.75;24.75;25.25;32.00;31.50;25.75;24.50;24.25;24.50;24.25;26.00;38.25;36.00;25.00;24.00;23.50;24.25;24.75;26.25;39.00;35.25;25.00;24.00;23.50;24.00;24.00;24.75;27.75;26.75;24.00;23.50;23.50;23.50;23.00;23.75;23.75;23.50;23.25;23.25;22.50;23.25;23.25;24.00;23.25;23.25;22.50;22.75;23.00]
87042- [25.00;24.25;24.75;25.50;25.00;24.75;24.75;24.25;25.00;24.75;25.25;27.00;26.75;25.25;24.50;24.50;24.25;24.50;25.50;32.50;32.00;25.50;24.50;24.00;24.50;24.25;26.00;38.25;36.25;25.25;24.25;23.50;24.75;24.75;26.25;39.00;35.50;25.00;24.50;23.50;23.75;24.00;25.25;27.50;26.75;24.25;23.25;23.25;23.75;23.50;23.75;23.75;23.75;23.25;23.25;22.50;23.25;23.00;23.75;23.00;23.25;23.00;22.75;23.25]
87527- [25.00;24.50;24.50;25.00;25.50;24.50;24.75;24.75;24.50;24.50;25.50;27.00;26.75;25.25;24.75;24.50;24.50;25.00;25.75;32.25;31.25;25.50;24.75;24.00;24.00;24.25;26.00;38.50;36.25;25.25;24.25;23.25;24.50;24.50;26.00;39.00;35.50;25.00;24.00;23.75;24.50;24.25;25.00;27.50;26.75;24.00;23.75;23.75;23.75;23.50;24.00;24.25;23.75;23.75;23.00;22.50;23.50;24.00;23.25;23.50;23.00;23.00;22.75;22.50]
88012- [24.50;24.25;25.00;25.50;25.00;24.75;25.25;24.00;24.75;24.50;25.25;26.75;26.75;24.50;24.25;24.50;24.50;24.50;25.50;32.50;31.50;25.50;24.75;24.00;24.25;24.50;26.00;38.25;36.00;25.25;24.25;24.25;24.50;24.50;26.00;38.75;35.50;24.75;24.50;23.00;23.75;24.25;24.75;28.00;26.75;24.25;23.75;23.50;23.50;23.75;23.50;24.25;23.75;23.50;23.00;23.00;24.00;23.25;23.25;23.25;23.25;22.50;23.00;22.50]
88497- [25.00;24.25;24.50;25.25;25.25;24.75;24.50;24.25;24.50;24.50;25.25;27.00;26.75;24.75;24.25;24.50;24.00;24.75;25.50;32.50;31.25;25.25;24.50;23.50;24.50;24.25;25.50;38.00;35.75;24.75;24.25;23.50;24.50;24.00;26.00;38.75;35.25;25.25;24.50;23.50;23.75;24.00;24.50;27.25;26.50;24.25;23.75;23.25;23.50;23.25;24.00;23.75;23.75;23.25;23.00;22.75;23.00;23.25;23.00;23.00;22.75;22.50;22.75;22.25]
88982- [25.00;24.25;24.75;25.00;25.50;24.50;24.75;24.75;24.50;24.25;24.75;27.00;27.00;24.75;24.50;24.75;24.25;24.75;25.75;32.00;31.25;25.25;24.50;24.00;24.25;24.00;25.50;38.00;36.00;25.25;23.75;23.25;24.25;24.75;25.50;38.75;35.25;25.00;24.00;23.50;23.75;24.25;24.75;27.50;26.50;24.00;23.75;23.50;23.75;23.25;23.75;23.50;24.00;23.50;22.75;22.75;22.75;23.25;23.25;23.00;23.00;22.75;22.50;22.75]
89467- [24.75;24.00;24.75;25.25;25.25;24.50;24.75;24.00;24.00;24.50;24.75;27.00;26.75;25.25;24.25;24.25;24.50;24.75;25.75;32.50;31.75;25.50;24.75;24.00;24.50;24.50;26.25;38.25;35.75;25.00;24.25;23.75;24.00;24.50;26.00;38.75;35.50;24.75;23.75;23.50;24.00;24.25;24.50;27.75;26.25;23.75;23.25;23.25;23.50;23.25;23.50;24.00;23.25;23.25;23.25;22.25;23.00;23.25;23.00;23.50;23.00;23.00;23.25;22.50]
89952- [25.00;24.50;25.00;25.25;25.50;24.50;25.00;25.00;25.25;24.25;25.25;27.25;27.00;25.00;24.50;24.75;24.50;24.75;25.75;32.50;31.50;25.75;25.00;24.25;24.50;24.25;26.00;38.50;36.00;25.25;24.75;24.25;24.25;25.00;26.25;39.00;35.50;25.00;24.25;23.75;23.75;24.25;24.75;27.75;26.25;24.50;23.50;24.00;23.75;23.00;24.25;24.25;24.00;23.25;23.50;22.75;23.50;23.25;23.25;23.25;23.50;23.00;23.50;22.75]
90437- [25.00;24.25;24.50;25.50;25.25;25.00;25.25;24.25;24.75;24.75;25.25;27.00;27.50;25.50;24.75;24.50;25.00;24.75;25.75;32.25;31.75;25.25;24.75;24.00;24.50;24.50;25.75;38.50;36.25;25.75;24.25;24.00;24.50;24.75;26.25;39.00;35.75;25.50;24.75;23.75;24.25;24.25;25.00;27.75;26.50;24.75;23.75;24.00;24.00;23.50;24.25;24.00;24.00;24.00;23.25;22.50;23.25;23.75;23.50;23.25;23.50;22.75;22.75;23.50]
90922- [24.50;24.75;25.00;25.50;25.50;25.00;25.25;24.50;24.50;25.00;25.50;27.25;27.00;25.50;24.25;24.50;24.75;24.75;25.50;32.75;31.50;25.75;24.50;24.50;24.25;24.25;25.75;39.00;36.25;25.75;24.25;23.75;24.75;25.00;26.25;39.25;35.75;25.25;24.50;23.50;24.00;24.25;24.75;27.75;26.75;24.75;24.00;23.75;24.00;23.50;23.75;23.75;24.00;23.75;23.50;22.25;23.00;23.75;23.25;23.25;23.25;23.00;23.25;22.75]
91407- [25.25;24.75;24.75;25.50;25.75;25.25;25.25;24.50;24.50;24.75;25.25;27.00;27.25;25.25;24.50;24.75;25.00;25.25;26.00;32.75;31.75;25.75;24.75;24.00;24.50;24.50;25.75;38.50;36.00;25.25;24.25;23.75;24.50;24.75;26.25;39.25;35.75;25.50;24.75;23.50;24.00;24.50;25.25;28.00;26.75;24.25;23.75;23.75;24.00;23.75;23.75;24.25;24.25;23.75;23.25;22.50;23.00;23.00;23.50;23.75;23.75;23.25;22.75;23.00]
91892- [24.50;24.75;24.75;25.50;25.75;24.75;25.25;25.00;24.75;24.75;25.25;27.75;27.00;25.25;24.75;25.00;24.75;25.00;25.75;32.75;32.00;25.75;24.75;24.50;24.50;24.75;26.00;38.75;36.25;25.00;24.50;24.25;24.25;24.75;26.25;38.75;35.75;24.75;24.00;23.50;24.00;24.75;25.00;27.75;26.75;24.25;23.75;24.00;23.50;23.50;24.00;24.25;24.00;24.00;23.50;23.00;23.00;23.50;23.50;23.50;23.75;23.00;23.25;23.00]
92377- [25.00;25.00;25.00;26.00;25.50;24.75;24.75;24.75;25.25;24.75;25.75;27.50;27.25;25.00;24.75;24.50;24.75;25.00;25.75;32.50;32.00;25.75;25.25;24.00;24.25;25.00;25.75;38.50;36.25;25.50;24.50;24.00;24.25;25.00;26.50;39.00;35.50;25.50;24.25;24.00;24.00;24.50;25.25;28.00;26.50;24.25;23.50;24.00;23.75;23.75;24.00;24.25;24.00;23.75;23.25;22.75;23.75;23.50;24.00;23.50;23.00;23.00;23.25;23.50]
92862- [25.00;24.25;25.00;25.75;25.25;25.25;25.25;25.25;24.75;24.50;25.25;27.25;26.75;25.25;25.00;24.75;24.50;24.75;26.00;33.00;31.75;26.00;24.75;24.50;24.75;24.50;26.00;38.25;36.00;25.50;24.75;23.75;24.25;24.75;26.25;39.00;36.00;25.25;24.50;23.75;24.00;24.00;25.00;28.25;27.25;24.75;23.75;24.00;24.00;23.50;24.00;24.25;24.25;23.75;23.75;23.25;22.75;23.00;23.75;23.00;23.25;22.75;23.50;23.25]
93347- [25.00;25.00;25.00;25.25;25.25;24.50;25.25;24.75;25.25;24.75;25.25;27.25;27.25;25.25;24.75;24.75;24.75;24.50;26.00;32.25;31.50;25.25;25.00;24.25;24.25;24.75;26.00;38.50;36.25;25.00;24.50;24.25;24.75;24.75;26.25;39.00;35.50;25.00;24.50;23.50;24.25;24.00;25.00;27.75;26.75;24.50;23.75;23.25;24.00;23.50;23.75;24.50;24.25;23.75;23.00;22.75;22.75;23.25;24.00;23.50;23.25;23.25;23.25;23.50]
93832- [24.75;25.00;25.00;25.50;25.25;24.50;25.00;25.00;24.75;24.75;25.50;27.00;27.00;25.25;24.50;24.25;24.50;24.75;25.75;32.75;32.00;25.75;25.00;24.50;24.75;24.50;25.75;38.75;36.00;25.25;24.50;24.00;24.75;24.50;26.25;39.25;35.50;25.25;24.00;23.75;23.75;24.25;25.25;28.25;26.75;24.50;23.50;23.75;23.25;23.50;23.75;24.25;23.75;23.75;23.75;22.75;23.25;23.25;23.50;23.25;23.75;22.75;23.25;23.25]
94317- [24.75;24.75;25.00;25.00;25.50;24.50;25.00;24.50;24.75;24.75;25.50;27.25;27.25;25.50;24.75;24.75;24.75;25.00;26.00;32.50;31.75;25.75;25.00;23.75;24.75;25.00;25.75;38.75;36.00;25.50;24.50;23.75;24.75;25.25;26.25;39.00;36.00;25.50;24.25;24.00;24.00;24.75;25.25;28.00;27.00;24.00;24.00;23.75;24.00;23.50;23.75;23.50;23.75;23.75;23.00;22.75;24.00;23.75;23.25;23.50;23.25;22.75;23.50;23.75]
94802- [25.00;24.25;25.00;25.50;25.25;24.50;25.75;24.25;24.50;24.25;25.50;27.25;27.25;25.25;24.75;24.50;24.50;25.00;26.00;32.50;31.50;25.75;25.25;24.25;24.50;25.00;26.00;38.50;36.25;25.50;24.25;23.75;24.50;25.00;26.25;39.25;35.25;25.00;24.25;23.25;24.00;24.25;24.75;28.25;26.75;24.00;23.75;23.50;23.50;24.00;23.50;24.25;24.00;23.75;23.25;22.50;23.50;23.25;23.25;23.00;23.50;22.75;23.00;23.00]
95287- [25.00;24.50;25.25;25.00;25.25;24.25;25.00;25.25;24.75;24.75;25.25;27.50;27.25;25.25;24.25;25.00;24.75;25.25;26.00;33.00;32.00;25.75;24.75;24.50;24.25;24.75;26.25;38.75;36.25;25.50;25.00;24.75;24.75;24.75;26.75;39.25;35.50;25.50;24.25;23.75;24.00;24.00;25.00;28.00;26.75;24.00;23.75;23.75;23.75;23.00;23.75;24.00;23.75;23.50;23.25;23.25;23.25;24.00;23.25;23.50;23.25;22.75;23.25;22.75]
95772- [25.00;24.50;25.00;25.50;25.50;24.75;25.00;25.25;25.25;24.50;25.00;27.00;27.00;25.00;24.75;24.25;24.25;24.50;25.75;32.25;31.50;25.25;24.75;24.00;24.50;24.50;25.50;38.25;36.25;25.75;24.50;23.75;24.25;25.00;26.25;39.00;35.50;25.50;24.75;23.75;24.00;24.00;25.00;27.75;27.00;24.00;23.50;23.50;24.00;23.50;24.00;24.25;24.00;23.50;23.75;22.50;23.75;23.00;23.25;23.50;23.75;23.25;23.25;23.00]
96257- [25.00;24.00;24.75;25.00;25.00;24.50;25.25;24.50;24.50;24.50;24.50;27.25;26.75;25.25;24.50;24.50;24.75;24.75;26.00;32.25;32.00;25.75;25.25;24.00;24.50;24.75;25.75;38.25;36.25;25.25;24.25;23.75;24.50;24.75;26.25;39.00;35.75;25.00;24.25;23.25;23.50;24.25;24.75;28.00;26.50;24.00;23.75;24.00;23.25;23.50;23.75;23.75;24.00;23.75;23.25;22.75;23.50;23.50;23.00;23.00;23.50;23.00;23.00;23.00]
96742- [25.50;24.50;24.75;25.25;25.25;24.75;24.75;24.75;24.50;24.50;25.00;27.25;27.00;25.25;24.25;24.75;24.75;25.00;25.50;32.50;31.50;25.75;24.75;24.00;24.25;24.00;26.50;38.50;36.50;25.25;24.25;23.75;24.25;24.75;26.00;39.00;35.25;25.50;24.25;23.25;23.75;24.50;25.00;27.75;27.00;24.50;23.75;23.50;23.50;23.25;24.00;24.50;24.00;23.50;23.25;22.75;22.75;23.50;23.50;23.50;23.50;22.25;22.75;23.00]
97227- [24.50;24.75;25.00;25.50;25.50;25.50;24.75;25.00;24.75;24.25;25.25;27.25;27.25;25.50;24.50;24.75;25.00;25.00;26.00;32.50;32.25;26.00;25.00;24.00;24.25;24.75;26.00;38.75;36.25;25.50;24.25;23.75;24.75;24.75;26.50;39.25;35.75;25.50;24.25;23.00;24.25;24.50;25.25;28.00;27.00;24.50;24.00;24.50;23.50;23.75;24.00;24.25;23.75;24.00;23.25;22.75;23.50;23.75;24.00;23.50;23.25;23.00;23.25;23.00]
97712- [24.75;24.50;25.00;25.25;25.75;24.75;25.00;24.50;25.00;24.75;25.25;27.25;27.00;25.00;24.75;24.75;24.75;24.75;25.50;32.50;32.00;25.50;25.00;23.75;24.25;25.00;26.25;38.25;36.50;25.50;24.50;24.00;24.75;24.75;26.25;39.00;35.50;25.25;24.00;24.00;23.75;24.75;24.75;28.25;26.50;24.50;23.75;23.75;23.25;23.25;24.00;24.25;23.75;23.75;23.75;22.50;23.25;23.50;23.50;23.50;23.50;23.25;23.00;23.00]
98197- [25.50;24.25;24.25;25.25;25.25;24.75;25.00;25.00;24.75;24.75;25.50;27.25;27.25;25.50;24.75;25.00;24.50;24.50;26.00;32.50;31.75;25.50;24.75;24.00;24.50;24.50;26.25;38.25;35.75;25.25;24.25;24.00;24.75;24.75;26.25;39.00;35.75;25.50;24.25;23.75;24.25;24.25;24.75;28.25;26.75;24.50;23.75;23.75;23.50;23.75;24.25;24.00;23.75;23.75;23.25;23.00;23.25;23.50;23.25;23.50;23.25;22.75;23.00;22.50]
98682- [25.25;24.75;25.00;25.25;25.50;24.75;25.25;24.50;24.75;24.75;25.25;27.25;27.50;25.25;25.25;25.00;25.00;24.75;25.75;32.50;32.00;25.75;24.75;24.00;25.00;24.75;26.00;38.50;36.25;25.25;24.50;24.00;24.50;25.00;26.25;39.25;35.75;25.00;24.50;23.75;24.00;24.50;25.00;28.00;26.50;24.25;23.75;23.75;23.75;23.50;23.50;24.25;24.25;23.75;23.00;22.75;23.25;23.50;23.25;23.25;23.75;23.00;23.50;23.00]
99167- [25.00;24.00;25.25;25.50;25.25;24.75;25.00;24.75;25.25;24.75;25.25;27.25;27.50;25.00;24.75;24.25;24.50;25.00;26.00;32.25;31.75;25.75;24.75;24.25;24.75;24.50;25.75;38.75;36.25;25.50;24.50;23.50;24.25;24.75;26.25;39.00;35.25;25.50;24.25;23.25;24.25;24.25;25.00;27.75;26.75;24.50;23.50;23.75;23.25;23.75;23.50;23.75;24.00;23.75;23.00;22.75;23.00;23.75;23.25;23.00;23.25;22.50;23.25;23.00]
99652- [25.00;24.75;25.00;25.50;25.50;25.25;24.75;24.75;25.00;24.75;25.25;27.25;26.75;25.50;24.50;24.50;25.25;24.75;26.00;32.25;31.50;26.00;24.75;24.50;24.75;25.00;26.00;38.75;36.00;25.50;24.75;23.50;24.75;24.50;26.25;38.75;35.50;25.00;24.00;24.00;24.00;24.75;25.25;28.00;26.75;24.25;23.50;24.25;23.50;23.50;23.75;24.00;24.00;23.75;23.75;22.75;23.75;23.00;23.75;23.25;23.75;23.00;23.25;22.75]
100137-[24.75;24.25;24.75;26.00;25.25;24.75;25.00;24.25;25.00;24.50;25.50;27.25;27.00;25.00;24.75;24.50;24.50;24.75;26.25;32.75;31.75;25.75;24.75;23.75;24.75;24.75;26.50;38.50;36.50;25.25;25.00;24.00;25.00;24.75;26.25;39.00;35.25;25.00;24.25;24.00;24.50;24.25;25.25;28.25;27.00;24.50;23.75;23.75;24.00;23.50;24.00;24.25;24.25;24.00;23.25;23.25;23.25;23.50;23.00;23.50;23.50;23.25;23.00;23.25]
100622-[25.00;24.25;25.00;25.25;26.00;25.00;25.25;25.00;25.25;24.50;25.50;27.00;27.25;25.25;24.50;24.75;24.75;24.75;25.50;32.50;31.50;26.00;25.00;24.50;24.50;24.75;25.50;38.75;36.25;25.50;24.50;24.25;24.75;25.00;26.25;39.00;36.00;25.00;24.75;23.50;24.25;24.25;25.25;28.00;26.75;24.00;23.50;23.75;23.50;23.75;23.75;24.25;24.25;23.50;23.25;23.00;23.50;24.00;23.75;23.00;23.25;23.50;23.00;23.00]
101107-[25.50;24.50;25.00;25.50;25.25;25.25;25.00;25.00;24.50;24.50;25.50;27.25;27.00;25.00;24.75;24.75;24.50;25.00;26.25;33.00;31.75;25.50;25.00;24.25;25.00;24.50;25.75;38.50;36.50;25.25;24.25;24.25;24.50;24.75;26.25;39.00;35.25;25.00;24.25;23.50;24.50;24.25;24.50;28.00;26.50;24.50;24.00;23.75;23.75;23.75;24.00;24.25;24.00;24.00;23.25;23.00;23.50;23.25;23.75;23.50;23.50;23.25;23.25;23.00]
101592-[25.25;24.50;24.75;25.50;25.25;25.00;25.25;24.50;24.75;25.00;25.50;26.75;27.00;25.00;24.75;24.75;24.25;24.75;26.00;32.50;32.00;25.75;24.75;24.25;25.00;24.75;25.75;38.75;36.25;25.50;24.50;24.25;24.25;24.50;26.00;39.00;35.50;25.00;24.50;24.00;24.00;24.50;25.50;28.00;26.75;24.25;24.25;23.75;23.75;23.50;23.75;24.25;23.75;23.50;22.75;22.50;23.00;23.50;23.50;23.50;23.75;22.75;23.00;23.00]
102077-[25.25;24.75;25.00;25.50;25.75;25.00;24.75;24.50;25.00;25.25;25.25;27.25;27.25;25.25;24.75;25.00;24.50;25.00;25.75;32.75;32.25;25.75;24.75;24.25;24.25;24.75;26.00;38.75;36.00;25.75;24.50;24.25;24.75;24.75;26.50;39.00;35.25;25.25;24.50;23.75;24.50;24.50;25.00;28.00;26.75;24.25;23.75;23.50;23.75;23.25;23.50;24.00;24.25;23.75;23.50;22.50;23.00;23.25;23.50;23.25;23.00;23.00;23.25;23.50]
102562-[24.75;25.00;25.50;25.50;25.50;24.50;25.50;25.25;24.75;24.75;25.25;27.00;27.25;25.25;24.75;24.50;24.75;25.00;25.50;32.50;31.75;25.25;24.75;23.75;25.00;24.75;26.00;38.75;36.50;25.25;24.75;24.00;24.25;24.50;26.25;39.00;35.50;25.25;24.50;23.75;24.00;24.25;24.75;27.75;26.75;24.25;23.75;24.25;23.50;23.50;23.75;24.50;24.25;24.00;23.50;22.75;23.25;23.75;23.25;23.75;23.25;22.50;23.25;22.75]
103047-[25.00;24.50;24.75;25.50;25.75;24.50;25.00;25.00;24.50;24.75;25.00;27.25;26.75;25.25;24.75;25.00;24.75;25.25;25.75;32.75;31.75;25.75;24.75;24.25;24.50;24.75;26.25;38.50;36.25;25.25;25.25;24.00;24.25;24.50;26.25;39.00;35.50;25.25;24.25;23.50;24.00;24.75;25.00;27.75;26.75;24.00;23.75;23.25;24.25;23.25;23.75;24.00;24.00;23.75;23.75;22.50;23.25;23.75;23.25;23.00;23.25;22.75;22.75;23.50]
103532-[24.50;24.50;24.75;25.25;25.75;24.50;25.25;25.00;24.25;24.50;25.00;27.25;27.00;25.00;24.50;24.50;24.50;25.00;25.75;32.50;31.50;25.50;24.75;24.25;24.50;24.50;25.75;38.25;36.50;25.25;24.00;24.00;24.25;24.50;26.25;38.75;35.25;24.75;24.50;24.00;24.25;24.25;24.75;27.75;26.75;23.75;23.50;23.75;23.25;23.25;24.25;23.75;23.75;24.00;23.25;22.50;23.00;23.50;22.75;22.75;22.75;22.75;23.00;22.75]
104017-[25.50;24.25;24.75;25.00;25.25;24.50;25.00;24.75;24.50;24.50;25.75;27.25;27.00;24.75;24.25;24.25;24.50;24.75;25.75;32.25;31.75;25.25;25.25;24.00;24.50;24.50;26.00;38.25;36.50;25.25;24.25;24.00;24.25;24.50;26.00;39.00;35.00;25.25;24.00;23.50;23.25;24.50;24.75;27.50;26.75;24.25;23.75;23.50;23.75;23.75;23.75;24.00;24.25;23.75;23.50;22.25;23.50;23.25;23.50;23.00;22.75;22.75;22.75;22.50]
104502-[24.75;24.50;25.25;25.25;25.25;24.75;24.75;24.50;24.75;24.50;25.25;27.00;26.75;25.00;24.25;24.50;24.50;24.50;26.00;32.75;31.75;25.75;24.75;23.75;24.75;24.50;25.75;38.25;36.00;25.50;24.75;23.50;24.00;24.50;26.00;38.75;35.50;25.50;24.25;23.75;23.75;24.25;25.00;27.50;26.75;24.25;23.50;23.25;23.50;23.25;24.00;24.25;23.75;23.25;23.00;22.75;23.25;23.50;23.50;23.25;23.50;22.25;22.50;23.00]
104987-[25.00;24.50;24.50;25.25;25.50;24.75;25.25;24.50;25.00;24.75;25.00;27.25;26.75;25.50;25.25;24.75;24.50;24.75;26.00;32.75;31.75;25.50;25.25;24.00;24.25;24.75;26.00;38.50;36.00;25.25;24.75;24.00;24.50;24.75;26.00;39.25;35.75;25.25;24.50;23.75;24.00;24.00;25.25;27.75;27.00;24.00;24.00;23.75;24.00;23.50;23.75;24.25;24.25;23.50;23.25;23.25;23.50;23.00;23.25;23.25;23.25;23.00;23.00;23.00]
105472-[25.25;24.25;24.50;25.50;25.50;25.25;25.50;24.50;24.75;24.75;25.75;27.25;27.50;25.25;24.50;24.50;24.25;24.75;26.00;32.50;31.50;25.50;25.00;24.00;24.25;24.75;26.00;38.75;36.25;25.25;24.50;24.00;24.75;25.00;26.25;39.00;35.75;25.00;24.00;23.75;24.00;24.75;25.25;27.75;26.50;24.50;24.00;23.75;24.00;23.75;23.50;24.75;24.25;24.00;23.50;23.00;23.25;23.00;23.50;23.50;23.50;23.25;23.00;22.50]
105957-[25.50;24.50;24.75;25.75;25.75;25.00;25.00;25.50;25.25;25.25;25.25;27.25;27.50;25.50;24.75;24.75;24.75;25.00;26.00;32.75;31.75;25.50;24.75;24.50;24.75;24.25;26.25;38.50;36.00;25.50;24.75;24.00;24.50;24.75;26.25;39.25;35.50;25.00;24.25;24.00;24.25;24.50;25.00;27.50;26.75;24.50;23.50;23.75;23.50;23.50;24.25;24.50;24.50;23.50;23.50;22.50;23.50;23.00;23.50;23.50;23.50;23.00;23.50;23.00]
106442-[25.25;24.75;25.00;25.75;25.50;24.75;25.25;24.25;24.75;25.00;25.75;27.00;27.50;25.00;24.50;24.75;24.75;24.75;26.25;32.75;31.75;25.75;25.00;24.25;24.75;24.75;26.25;38.75;36.25;25.50;24.75;24.50;25.00;25.25;26.75;38.75;35.25;25.25;24.50;23.75;24.25;24.75;25.00;28.00;27.00;24.75;24.25;24.00;23.25;23.75;23.75;24.25;24.25;23.75;23.75;23.25;23.25;24.00;24.00;23.50;23.25;23.00;23.75;23.00]
106927-[25.50;24.75;24.75;25.50;25.75;25.00;25.00;25.50;25.25;24.75;25.50;27.50;27.25;25.50;25.00;25.00;24.50;25.00;26.00;33.00;32.00;25.75;24.75;24.50;24.50;24.75;26.50;38.50;36.25;26.00;24.75;24.25;24.75;24.75;26.50;39.25;35.75;25.25;24.25;23.75;24.00;23.75;25.25;28.25;26.75;24.25;24.25;24.00;24.00;23.25;24.00;24.25;24.25;23.75;23.50;23.00;23.00;23.50;23.50;24.00;23.25;23.25;23.50;23.50]
107412-[25.00;25.00;25.25;25.75;26.00;24.75;25.00;25.25;25.00;24.50;25.75;27.25;27.25;25.00;24.75;24.75;24.75;24.75;26.00;32.75;32.00;25.50;24.75;24.25;24.75;24.75;26.00;38.25;36.25;25.75;25.25;24.00;25.00;25.00;26.25;39.00;35.75;25.00;24.25;23.50;24.50;24.50;25.00;27.50;27.00;24.75;24.00;24.00;23.50;23.75;24.00;24.00;24.00;24.00;23.25;22.00;23.25;23.50;23.25;23.75;23.25;23.50;23.00;23.50]
107897-[25.25;24.75;24.75;26.25;25.50;25.25;25.00;25.00;25.00;24.75;25.75;27.25;27.25;25.75;24.75;25.00;24.75;25.00;26.00;32.50;31.75;25.75;24.75;24.25;25.00;24.75;26.50;38.75;36.75;25.75;24.50;24.00;24.50;25.00;26.50;39.00;36.00;25.25;24.50;23.25;24.25;24.50;25.00;27.75;27.00;24.25;23.75;23.50;24.25;23.75;24.00;24.00;24.00;23.75;23.50;22.75;23.00;23.75;23.50;23.75;23.25;23.00;23.25;22.75]
108382-[25.25;24.50;25.75;25.25;25.75;25.00;25.00;25.00;24.75;25.00;25.50;27.50;27.25;25.25;25.00;24.75;24.75;24.50;26.00;32.25;31.75;26.25;24.75;24.00;24.75;24.50;26.00;38.25;36.50;25.75;24.25;24.00;24.75;24.75;26.25;39.25;35.75;25.50;24.50;23.50;23.50;24.25;25.25;28.25;27.00;24.50;24.00;23.75;24.25;23.25;24.50;24.50;24.00;23.75;23.25;23.00;23.50;23.50;23.75;23.50;23.50;23.25;23.25;23.50]
108867-[25.25;24.75;25.25;25.25;26.00;25.00;25.25;25.00;25.00;24.75;25.50;27.25;27.25;25.25;25.00;25.00;24.50;25.50;25.75;33.00;31.75;25.75;25.25;24.50;25.00;24.75;26.25;38.50;36.50;25.75;24.50;24.25;25.00;24.75;26.25;39.00;35.75;25.00;24.75;24.00;24.25;24.00;25.00;28.50;27.00;24.25;24.25;23.75;24.25;23.25;24.00;24.25;23.75;24.25;23.25;23.00;23.75;23.50;24.00;23.50;23.50;23.00;23.00;23.25]
109352-[25.00;24.50;25.00;25.50;26.00;25.00;25.75;24.50;24.50;25.00;25.25;27.00;27.50;25.25;24.75;25.25;24.75;25.00;25.50;32.50;31.75;25.50;24.75;24.25;24.50;24.75;26.25;38.75;36.50;25.50;24.75;24.25;24.50;24.50;26.50;39.00;35.75;24.75;24.75;23.50;24.25;24.50;25.25;28.00;26.75;24.25;23.75;23.75;23.75;23.50;24.00;24.00;24.00;24.00;23.00;23.00;23.50;24.00;23.75;23.25;23.50;23.50;23.00;23.25]
109837-[25.00;24.50;24.75;25.75;25.75;25.25;25.00;25.50;24.75;24.25;25.25;27.25;27.00;25.25;24.50;24.75;25.00;25.00;26.00;32.50;32.00;26.25;25.00;24.75;24.50;24.75;26.25;38.75;36.25;25.50;24.25;24.25;24.75;25.25;26.25;39.00;35.75;25.50;24.50;23.50;24.00;24.25;25.25;28.00;26.75;24.75;23.75;23.75;24.25;23.50;24.00;24.25;24.50;24.00;23.50;22.75;23.25;23.50;23.50;23.50;23.75;23.25;23.25;23.00]
110322-[25.25;24.75;24.75;25.50;25.25;25.00;24.75;24.50;24.50;25.00;25.25;27.25;27.25;25.25;25.00;24.75;24.50;25.00;26.25;32.75;32.00;25.50;24.50;24.50;24.75;24.75;26.25;39.00;36.00;25.75;24.25;24.25;24.75;25.25;26.25;38.75;35.75;25.25;24.75;23.75;24.50;24.50;25.50;27.75;26.75;24.50;23.75;24.00;23.00;23.50;23.75;24.25;24.50;23.75;23.25;22.75;23.25;23.50;23.25;23.25;23.75;23.25;23.25;23.00]
110807-[24.75;24.00;24.75;25.50;25.00;24.50;25.00;24.25;24.75;24.75;24.75;27.25;27.00;25.00;24.50;24.50;24.75;24.75;25.50;32.75;31.75;25.50;25.25;24.00;24.75;24.25;25.75;38.75;36.50;25.25;24.50;23.75;24.50;24.75;26.00;39.00;35.25;24.75;24.50;23.50;23.75;24.00;25.00;28.00;26.75;24.25;23.50;23.75;23.75;23.75;24.00;24.75;24.00;24.00;23.00;22.50;23.50;23.25;23.25;23.00;23.25;23.00;23.25;22.50]
111292-[24.75;24.50;24.75;25.50;25.00;25.00;24.75;24.75;25.25;24.75;25.75;27.00;27.00;25.00;25.00;24.75;24.75;24.75;25.75;32.50;31.75;25.50;25.25;24.25;24.50;24.75;26.00;38.25;36.50;25.50;24.50;23.75;24.50;24.50;26.50;39.00;35.50;25.00;24.75;23.25;24.00;24.50;25.25;28.25;26.75;24.25;23.75;23.50;23.75;23.25;23.75;24.25;24.25;23.50;23.25;22.50;23.00;23.25;23.25;23.50;23.25;23.25;23.25;22.50]
111777-[25.25;24.25;24.75;25.50;25.00;25.00;25.00;24.75;25.00;24.50;25.00;26.75;27.00;25.25;24.50;24.75;25.00;24.75;25.75;32.25;32.00;25.50;24.75;24.00;24.00;24.75;25.75;38.50;36.00;25.50;24.75;23.75;24.50;24.50;26.25;39.25;35.75;25.50;24.50;23.50;24.00;24.50;24.75;27.75;26.75;24.25;23.25;23.75;23.50;23.25;23.75;24.25;24.00;23.50;23.25;22.50;23.00;23.50;23.50;23.25;23.25;23.00;23.25;23.00]
112262-[25.25;25.00;25.00;25.50;25.75;25.00;25.25;25.00;25.00;24.25;25.50;27.25;26.75;25.50;25.00;25.00;24.50;25.25;25.75;32.25;32.00;25.75;24.50;24.50;24.25;24.75;26.75;38.50;36.25;25.50;25.00;24.00;24.50;25.00;26.25;39.00;35.50;25.25;24.50;23.50;24.00;24.00;25.25;28.00;27.00;24.75;23.50;24.00;24.00;23.75;23.75;24.00;24.00;23.75;23.25;23.00;22.75;23.75;23.50;23.75;23.00;22.75;23.50;23.25]
112747-[25.00;24.50;25.25;25.75;25.25;25.00;24.75;24.75;25.25;25.00;25.25;26.75;27.25;25.50;24.50;24.75;24.75;25.00;26.00;32.75;32.00;25.75;24.75;23.75;24.25;24.50;26.25;38.50;36.25;25.50;24.50;24.00;24.50;25.00;26.50;39.25;35.50;25.50;24.50;23.50;24.25;24.25;25.00;27.50;26.75;24.50;24.00;24.00;24.00;23.50;23.50;24.50;24.25;23.75;23.75;23.00;23.50;23.25;23.25;23.75;23.75;23.25;23.00;23.25]
113232-[25.25;25.00;24.75;25.50;25.50;25.00;25.00;24.25;24.75;24.50;25.00;27.00;27.00;25.25;25.00;24.75;24.25;25.00;25.75;32.50;31.50;25.50;25.25;24.25;24.50;24.25;25.75;38.50;36.00;25.00;24.25;24.25;24.75;24.25;26.25;38.75;35.25;25.25;24.50;23.75;24.50;24.25;25.25;27.75;26.75;24.75;23.75;23.25;23.75;23.50;24.50;24.00;23.75;23.50;23.25;22.75;23.50;23.00;23.50;23.25;23.25;23.25;23.25;22.75]
113717-[25.00;24.50;25.00;25.50;25.75;25.00;25.25;24.75;25.00;24.25;25.50;27.00;27.50;25.25;24.75;24.75;25.00;24.75;26.00;32.50;31.75;26.00;25.25;24.50;24.75;24.50;26.50;38.50;36.25;25.50;24.25;23.75;25.00;24.50;26.25;38.75;36.00;25.00;24.75;23.75;24.00;24.75;25.25;27.75;26.75;24.50;23.75;24.00;23.50;23.50;24.00;24.75;24.00;23.75;23.75;22.50;23.50;23.75;23.00;23.00;23.50;23.00;23.25;23.25]
114202-[24.50;24.75;25.00;25.50;25.50;24.75;25.50;25.25;24.25;24.50;24.75;27.00;27.25;25.25;24.50;24.75;24.50;25.00;25.75;32.75;31.75;25.75;24.75;24.00;24.75;24.25;26.00;38.50;36.25;25.25;24.50;24.25;24.50;25.00;26.00;39.00;35.25;25.25;24.50;23.75;24.25;24.25;25.25;28.00;27.00;24.25;23.75;23.50;24.00;23.50;23.50;24.00;23.75;23.75;23.50;22.50;23.75;23.75;23.75;23.25;23.50;22.50;23.75;23.50]
114687-[25.25;24.25;25.25;25.50;25.50;24.50;25.00;24.50;24.75;25.00;25.50;27.00;27.25;25.25;24.50;25.00;24.75;25.00;25.75;32.25;31.50;25.75;24.75;24.00;24.75;25.00;25.75;38.50;36.00;25.50;23.75;23.75;24.25;25.00;26.25;39.25;35.75;25.00;24.75;23.75;23.75;24.25;25.25;28.25;26.50;24.25;23.50;24.00;23.75;23.75;24.00;24.25;24.00;24.00;24.00;22.50;23.25;23.50;23.25;22.75;22.75;23.00;23.25;22.50]
115172-[25.00;24.75;25.25;25.75;25.50;25.00;25.00;25.25;24.75;25.00;25.25;27.25;27.25;25.50;24.75;24.75;24.50;24.75;26.00;32.50;31.50;25.75;24.50;24.25;24.50;24.50;26.00;38.25;36.00;25.50;24.25;24.25;24.25;25.00;26.00;39.00;35.50;25.25;24.25;23.50;24.25;24.25;24.75;28.25;27.00;24.50;23.50;23.50;23.50;23.75;23.75;24.25;23.75;23.75;23.00;22.75;23.25;23.50;23.25;23.75;23.00;23.00;23.50;22.75]
115657-[25.50;24.25;24.50;25.50;25.50;24.75;25.25;24.75;24.75;24.50;25.50;26.75;27.00;25.25;24.75;24.50;24.50;25.25;26.00;32.25;31.50;25.75;24.75;24.25;24.75;24.75;26.25;38.50;36.00;25.75;24.50;24.25;24.25;25.00;26.00;39.25;35.25;25.00;24.00;23.75;24.00;24.25;25.25;28.25;26.50;24.00;23.75;23.50;23.50;23.75;24.00;23.75;23.75;23.50;22.75;22.75;23.50;23.25;23.25;23.00;23.25;23.00;23.00;23.00]
116142-[24.75;24.75;24.50;25.75;25.25;24.75;25.25;25.25;25.25;24.75;25.25;27.50;26.75;25.50;24.50;25.00;24.50;25.00;26.00;32.25;31.75;25.75;24.75;24.25;24.50;25.00;26.25;38.50;36.00;25.50;24.25;24.00;24.75;24.50;26.00;39.25;35.75;25.25;24.50;24.25;24.00;24.00;25.00;27.75;26.75;24.00;24.00;23.50;23.75;23.50;24.00;24.00;24.00;23.50;23.25;22.50;23.50;23.50;23.50;23.25;23.00;23.00;23.00;23.50]
116627-[25.00;24.50;24.75;25.50;25.75;24.75;25.00;24.50;24.75;24.50;25.25;27.25;26.75;25.50;24.75;24.75;24.50;24.75;25.75;32.50;31.75;25.25;24.50;24.25;24.75;24.00;25.75;38.25;36.25;25.25;24.50;23.50;24.75;24.50;26.25;38.75;35.50;25.00;24.25;23.75;24.00;24.25;25.25;28.00;27.00;24.00;23.25;23.75;23.50;23.75;23.75;24.00;24.00;23.75;23.50;22.25;23.00;23.25;23.50;23.50;23.75;23.00;23.00;22.75]
117112-[24.50;24.25;25.25;25.00;25.50;25.00;25.50;24.75;24.75;24.50;25.00;27.25;27.00;25.00;24.50;24.75;24.75;24.75;25.75;32.25;31.50;25.25;24.75;23.75;24.50;24.75;25.75;38.50;35.75;25.50;24.25;24.25;24.75;24.50;26.00;38.75;35.50;25.00;24.50;23.50;24.50;23.75;25.25;27.50;26.75;24.00;24.00;23.75;23.75;23.75;23.75;24.00;23.75;23.50;23.00;23.00;23.25;23.50;23.75;23.25;23.50;23.00;23.00;22.75]
117597-[24.75;24.75;25.25;25.50;25.50;24.50;25.00;24.75;24.25;24.25;25.25;27.00;26.75;25.25;24.75;24.75;24.50;24.75;25.75;32.50;31.50;25.75;24.50;24.25;24.50;24.75;26.25;38.75;36.50;25.50;24.25;24.00;24.25;24.75;26.25;38.75;35.50;25.00;24.50;23.25;23.75;24.25;25.25;28.00;26.75;24.50;23.50;23.50;23.50;23.75;23.75;23.75;24.25;23.50;23.25;22.75;22.75;23.25;23.25;23.25;23.50;22.50;23.00;22.25]
118082-[25.25;24.50;25.00;25.50;25.75;24.50;25.00;24.50;25.00;24.75;25.50;27.25;27.00;25.75;24.75;24.75;24.75;24.75;25.50;32.50;32.00;26.00;24.50;24.00;24.50;24.50;26.00;38.50;36.50;25.25;24.25;23.50;24.75;25.00;26.50;38.75;35.50;25.50;24.50;23.75;24.25;24.00;25.00;28.25;26.75;24.75;23.75;23.50;23.75;23.50;24.25;24.50;24.50;23.75;23.25;22.25;23.50;23.50;23.25;23.50;23.25;23.50;23.00;22.75]
118567-[25.00;24.50;25.00;25.25;25.25;24.75;25.25;24.50;24.75;24.50;25.25;27.00;26.75;25.00;24.25;24.50;24.25;24.75;25.75;32.25;31.25;25.50;24.50;23.75;24.00;24.00;26.00;38.00;36.25;25.00;24.00;23.50;24.00;25.00;26.00;39.00;35.00;24.75;24.25;23.25;23.75;24.00;25.00;28.25;26.50;24.00;24.00;23.75;23.75;23.75;23.75;23.75;24.00;23.50;23.50;22.50;22.75;23.00;23.50;23.00;23.00;23.00;22.50;22.25]
119052-[24.75;24.25;25.00;25.25;25.25;24.75;25.00;24.25;25.00;24.25;25.50;27.00;26.75;24.75;24.25;24.00;24.50;25.00;25.75;32.75;31.50;25.25;24.50;24.00;24.00;24.50;25.75;38.00;36.00;25.50;24.00;23.25;24.25;24.75;26.00;38.50;35.25;25.00;24.00;23.25;24.00;23.75;25.00;27.50;26.75;23.50;23.50;23.00;23.00;23.25;24.00;24.25;23.75;24.00;23.00;22.25;22.75;23.25;22.75;22.75;23.50;22.75;22.50;22.75]
119537-[24.75;24.50;24.75;25.25;25.25;25.00;25.25;24.50;25.25;24.25;25.50;26.75;26.75;25.00;24.75;24.50;24.50;25.00;25.50;32.25;31.75;25.25;24.75;24.00;24.25;24.50;25.75;38.25;36.00;25.50;24.25;23.50;24.50;24.75;26.25;38.75;35.75;25.25;24.50;23.50;23.75;24.00;24.75;28.00;26.75;24.00;23.50;23.75;23.50;23.50;23.75;24.25;24.25;23.25;23.25;22.25;22.75;23.25;23.25;23.00;23.00;23.00;22.50;22.25]
120022-[25.25;24.25;25.25;25.50;25.50;25.25;24.75;25.00;24.25;24.25;25.50;27.00;27.00;25.00;24.75;24.25;24.50;25.00;25.50;32.50;31.50;25.50;25.00;24.25;24.75;24.50;26.25;38.75;36.25;25.25;24.50;24.00;24.50;25.00;26.50;39.00;35.25;24.75;24.50;24.00;24.00;24.50;25.00;28.00;26.75;24.25;23.75;23.50;23.75;23.25;24.25;24.00;24.00;23.75;23.25;22.75;23.50;23.75;23.00;23.25;23.50;23.00;24.00;22.75]
120507-[25.00;24.50;24.75;25.75;25.25;24.75;25.00;25.50;24.50;24.75;25.25;27.25;26.75;25.50;24.00;25.00;24.50;25.00;25.75;32.75;31.75;26.00;24.50;24.50;24.50;24.75;26.25;38.25;36.50;25.50;24.25;23.50;24.00;24.50;26.25;38.50;35.25;25.00;24.50;23.75;24.25;24.50;25.00;27.75;26.75;24.25;23.75;24.25;23.50;23.75;23.75;24.00;23.75;23.25;23.00;23.00;23.25;23.75;23.50;23.00;23.00;23.00;23.00;22.75]
120992-[25.50;24.25;25.25;25.50;25.00;24.75;25.00;24.50;25.50;24.75;25.50;27.25;27.00;25.00;24.50;24.50;24.25;25.25;25.75;32.25;31.75;25.25;25.00;24.25;24.75;24.50;26.00;38.25;36.00;25.50;24.25;24.00;24.75;24.50;26.00;39.00;35.75;24.75;24.50;23.75;24.25;23.75;25.00;28.00;26.75;24.00;23.50;23.50;24.00;23.50;23.50;24.00;23.75;23.75;22.75;22.50;23.75;23.50;23.50;23.25;23.00;23.00;23.25;22.75]
121477-[24.75;24.25;24.75;25.50;25.75;24.75;25.25;24.50;25.00;24.75;25.50;27.50;27.25;25.50;24.75;24.75;24.75;25.00;26.00;32.50;31.50;25.50;25.00;24.00;24.50;24.50;25.75;38.25;36.00;25.00;24.25;23.25;24.75;24.75;26.25;38.75;35.25;25.00;24.50;23.75;24.00;24.00;25.00;28.00;26.75;24.25;23.50;23.50;23.75;24.00;23.75;23.75;24.25;23.75;23.75;23.00;23.50;23.75;23.25;22.75;23.25;23.00;22.75;23.50]
121962-[25.00;24.75;24.75;25.50;25.00;24.75;25.00;24.75;25.25;24.50;25.25;26.75;27.00;25.25;24.75;25.00;24.50;24.75;25.75;32.50;31.50;25.25;24.50;24.00;24.00;24.50;25.50;38.50;35.75;25.50;24.25;24.00;24.50;25.00;26.25;39.00;35.50;25.00;24.50;23.50;24.00;24.25;24.75;27.50;26.50;24.25;23.50;23.50;24.00;23.75;24.00;24.00;23.75;23.75;23.00;22.50;23.50;22.50;23.50;23.00;23.50;22.75;22.75;22.50]
122447-[25.50;24.00;25.25;25.25;25.75;25.00;25.25;24.25;24.75;24.50;25.75;27.75;26.75;25.25;24.75;24.75;24.75;25.00;26.00;32.25;32.00;25.75;24.75;24.00;24.50;24.50;25.50;38.00;36.25;25.25;24.50;23.75;24.50;24.75;26.00;39.25;35.50;25.00;24.00;24.00;24.00;24.25;24.75;28.00;26.75;24.25;23.25;23.25;23.25;23.75;24.00;24.00;23.75;23.50;23.50;22.75;23.50;23.25;23.00;23.00;23.25;22.50;23.25;22.75]
122932-[25.00;24.00;25.00;25.50;25.25;24.25;25.00;25.00;25.00;24.00;25.50;27.25;26.50;25.25;24.50;24.50;24.25;24.75;25.50;32.25;31.50;25.75;25.00;23.75;24.25;25.00;25.75;38.25;36.00;25.25;24.25;24.50;24.00;24.25;26.00;38.75;35.75;25.00;24.00;22.75;24.00;24.50;24.75;27.75;27.00;24.00;23.50;23.50;24.00;23.25;24.25;24.00;24.25;23.50;23.50;22.50;23.25;23.25;23.75;23.50;23.75;23.00;23.00;22.75]
123417-[24.75;25.00;25.00;25.50;25.75;24.50;25.00;25.00;24.25;24.75;25.00;27.00;27.50;25.50;24.50;24.25;25.00;25.00;25.25;32.75;31.75;25.50;24.50;24.00;24.50;24.50;26.50;38.25;36.00;25.50;24.50;24.00;24.50;25.00;26.00;38.75;35.50;25.00;24.75;24.00;24.00;24.00;25.25;27.75;26.75;24.25;23.50;23.50;23.25;23.00;24.00;24.25;23.75;23.75;23.25;23.00;23.00;23.50;23.50;23.25;23.50;22.75;22.75;23.25]
123902-[25.25;24.50;24.50;25.25;25.25;25.00;25.00;24.75;25.00;24.50;25.25;27.00;27.00;25.00;25.25;25.25;24.50;24.75;25.75;32.25;31.50;25.00;24.50;24.25;24.75;24.50;26.00;38.50;36.00;25.50;24.25;24.00;24.75;24.75;26.50;38.75;35.25;25.25;24.50;23.25;24.00;24.25;25.00;27.75;26.75;23.75;24.00;23.50;23.50;23.50;24.00;24.00;23.75;23.50;23.25;22.50;23.75;23.25;23.50;23.00;23.00;22.50;22.75;23.00]
124387-[25.00;24.25;24.75;25.25;25.00;24.75;25.00;24.75;24.50;25.00;25.25;27.00;26.75;25.50;24.50;24.50;24.50;24.75;25.75;32.25;32.00;25.75;24.75;24.25;24.50;24.75;26.00;38.75;36.00;25.50;24.25;23.75;24.50;24.50;26.00;39.00;35.25;25.50;24.00;23.75;24.00;24.50;25.25;27.50;27.00;24.00;23.50;23.75;23.25;23.50;24.00;23.75;24.00;23.75;22.75;23.00;23.75;23.00;23.75;23.00;23.25;23.00;23.00;22.75]
124872-[24.75;24.50;24.75;25.25;25.50;24.75;25.50;24.75;24.75;24.25;25.25;27.00;27.00;25.50;24.25;24.75;24.50;25.00;25.75;32.50;31.75;25.50;24.75;24.25;24.50;24.50;25.75;38.25;36.00;25.50;24.25;24.00;24.25;24.50;26.00;38.75;35.25;25.50;24.25;23.25;23.50;24.50;24.75;27.75;27.00;24.00;23.50;24.25;24.00;23.50;23.50;24.00;24.00;23.50;23.50;22.75;23.00;23.50;23.50;23.25;23.50;22.75;23.00;23.00]
125357-[24.75;24.00;25.00;25.25;25.50;24.75;24.75;24.75;24.75;25.00;25.00;26.75;26.75;25.25;24.25;24.50;24.25;24.50;25.50;32.50;31.75;25.00;24.75;24.25;24.50;24.50;25.75;38.00;36.00;25.50;24.25;24.00;24.50;24.50;26.25;38.50;35.50;25.00;24.25;23.25;23.75;24.25;24.75;27.50;26.25;24.25;23.75;23.50;23.50;23.25;24.00;24.50;24.00;23.25;23.50;22.75;22.25;22.75;23.25;23.25;23.75;22.50;23.00;23.25]
125842-[24.00;24.25;24.50;25.50;25.00;24.50;25.00;24.25;24.50;23.75;25.00;26.75;26.50;25.25;24.50;24.75;24.25;24.50;25.50;32.00;31.25;25.50;24.25;23.75;24.00;24.50;26.00;38.25;36.00;25.00;24.00;23.75;24.25;24.75;25.50;38.75;35.25;24.75;24.25;23.50;23.75;24.25;24.75;27.75;26.50;24.00;23.50;23.50;23.00;23.00;23.50;23.75;24.00;23.25;23.25;22.50;23.25;23.50;23.00;23.00;22.75;22.75;22.75;22.75]
126327-[24.75;23.75;24.50;24.50;24.75;24.50;24.75;24.50;24.50;24.50;24.75;26.75;26.75;24.75;24.25;23.50;24.50;25.00;25.75;32.50;31.50;25.25;24.25;23.75;23.75;24.25;25.75;38.00;36.00;25.00;23.75;23.75;24.50;24.75;26.00;38.75;35.50;24.75;24.50;23.50;23.75;24.00;25.00;27.50;26.50;23.50;24.00;23.25;23.50;23.25;24.00;23.50;24.00;23.25;23.25;22.00;23.00;23.50;23.25;22.75;22.75;22.25;22.75;23.50]
126812-[24.75;24.00;24.50;25.50;25.00;24.50;24.50;24.75;24.75;24.00;25.25;26.75;26.75;25.00;24.25;24.25;24.50;25.25;25.75;32.25;31.50;25.50;24.25;23.50;24.25;24.00;26.00;38.00;36.00;25.25;24.25;23.75;24.50;24.25;25.75;38.50;35.00;25.00;24.25;23.50;24.00;24.00;24.75;27.50;26.75;24.00;23.50;23.50;23.25;23.00;23.25;24.25;24.00;23.25;23.25;22.75;22.75;23.25;23.25;23.00;23.00;23.00;23.25;23.00]
127297-[24.75;23.75;24.75;25.25;24.75;24.50;25.25;24.50;24.50;24.50;25.25;27.25;26.75;25.00;24.50;24.00;24.50;25.00;25.75;32.25;31.50;25.25;24.75;24.00;24.25;24.50;26.00;38.25;35.75;25.00;24.25;23.75;24.50;24.50;25.75;39.25;35.25;24.75;24.50;23.50;23.75;23.75;24.50;27.75;26.25;24.25;23.00;23.75;23.50;23.00;23.75;24.00;23.75;23.75;23.00;22.50;22.50;23.25;23.25;23.00;23.00;22.00;23.50;22.50]
127782-[25.25;24.25;24.75;25.25;25.25;24.75;25.00;24.50;25.00;24.50;25.50;27.50;27.00;25.00;24.75;25.00;25.00;25.00;25.75;32.50;32.25;25.25;24.75;24.25;24.50;24.75;26.00;38.50;36.00;25.00;24.25;24.00;24.50;24.75;26.50;39.25;35.25;25.25;24.50;23.75;23.75;24.25;25.00;27.75;26.50;23.75;23.50;24.00;23.50;23.25;24.25;23.75;24.00;23.50;23.25;22.75;22.75;23.25;23.25;23.25;23.25;22.50;23.25;23.25]
128267-[25.50;24.75;24.75;25.25;25.25;24.75;24.75;24.50;24.50;24.75;25.25;27.00;27.00;25.25;24.75;24.75;24.75;25.00;25.75;32.50;31.75;25.75;25.00;24.00;24.50;24.25;26.00;38.50;36.00;25.25;24.50;24.00;24.50;24.50;26.00;39.00;35.25;24.75;24.25;24.25;24.25;24.25;25.00;27.75;26.75;24.50;23.50;23.75;23.25;23.75;23.75;24.25;23.75;23.50;23.25;22.75;23.50;23.25;23.50;23.50;23.50;22.75;23.50;23.25]
128752-[24.75;24.50;25.00;25.75;26.00;24.75;24.75;24.75;25.00;25.00;25.50;27.25;27.50;26.00;24.75;24.50;24.50;25.00;25.75;32.75;32.00;25.75;24.50;24.25;24.50;24.25;25.75;38.50;36.50;25.75;24.75;23.75;24.25;25.25;26.50;39.00;35.50;25.25;24.50;24.25;24.25;24.00;25.00;28.00;27.00;24.50;24.00;24.00;23.75;23.25;24.00;24.50;23.50;23.75;23.25;23.00;24.00;23.50;23.50;23.50;23.25;23.25;23.00;23.00]
129237-[24.75;24.00;25.00;25.50;25.75;25.25;25.25;25.00;25.00;25.00;25.25;27.00;27.25;25.50;24.50;25.00;24.75;25.25;26.00;32.75;31.50;26.00;25.25;24.50;24.75;24.75;26.00;39.00;36.25;25.50;24.00;24.00;24.75;24.75;26.00;39.00;35.25;25.00;24.50;23.50;24.00;24.25;25.25;28.00;26.75;24.75;24.00;24.00;23.75;24.00;24.25;24.25;24.50;24.00;23.75;23.00;23.00;23.75;23.50;23.50;23.50;22.75;23.00;22.75]
129722-[24.75;24.50;25.25;25.75;25.50;25.00;25.25;25.00;25.00;25.00;24.75;27.25;27.25;25.25;24.75;25.25;25.00;25.00;26.00;33.00;32.00;26.00;25.00;24.25;24.75;24.75;26.25;38.50;36.75;25.25;24.75;24.25;24.75;24.75;26.25;39.00;35.50;25.00;24.75;24.25;24.25;24.50;25.25;28.25;26.75;24.75;23.75;24.25;23.75;23.75;24.25;24.00;24.00;23.50;23.50;23.00;23.75;23.25;23.50;23.25;23.25;23.25;23.25;23.25]
130207-[24.75;25.00;25.00;25.50;25.50;25.00;25.50;24.75;25.00;24.75;25.25;27.25;27.25;25.75;24.75;25.25;24.50;25.25;26.00;32.75;31.75;25.50;25.25;24.00;24.50;24.75;26.25;38.25;36.00;25.25;24.75;24.75;24.75;24.75;26.50;39.00;35.75;25.25;24.75;23.50;24.25;24.50;25.00;28.25;27.00;24.75;24.25;24.25;23.75;24.25;24.00;24.00;24.25;23.75;23.25;23.00;23.75;23.25;23.75;23.50;23.50;23.00;23.00;23.25]

