Aluminio Preto 200mm
227-   [25.25;24.25;25.50;26.50;27.00;24.75;25.25;24.75;25.00;24.50;26.50;33.00;32.50;26.25;24.50;24.25;24.50;25.25;27.25;41.50;40.75;27.25;25.00;24.00;24.75;24.50;27.75;42.00;41.00;27.00;24.25;24.00;24.50;24.50;28.25;42.25;40.25;26.25;24.00;23.25;23.50;24.00;26.00;32.25;31.00;24.50;23.75;23.75;23.50;23.75;24.00;24.00;24.25;23.75;23.50;21.50;23.25;23.00;23.25;23.25;23.50;23.25;22.75;22.25]
712-   [25.50;24.75;25.25;26.50;26.75;25.75;25.50;25.00;25.00;25.00;26.50;32.75;32.75;26.25;25.00;24.75;24.50;25.00;27.50;41.00;40.75;27.25;25.00;24.25;25.00;25.00;27.75;41.75;41.00;26.50;24.50;23.50;24.50;24.50;28.25;42.00;40.50;26.50;24.00;23.25;24.00;24.00;25.50;32.00;31.25;24.25;23.25;23.50;23.00;23.50;24.00;24.50;24.25;23.75;23.00;22.25;23.25;22.75;23.25;23.00;23.50;22.50;22.50;22.50]
1197-  [25.25;24.75;25.00;26.50;26.25;25.25;25.25;25.00;25.00;25.25;26.50;32.75;32.75;26.25;24.75;24.50;24.75;25.00;27.50;41.25;40.75;27.00;24.75;24.00;24.75;24.50;28.00;41.75;40.75;26.25;25.00;23.75;24.75;24.75;28.25;41.75;40.50;26.50;24.50;23.50;24.25;24.25;25.75;31.75;31.25;24.50;24.00;23.50;23.75;23.75;24.00;24.25;24.25;23.50;23.25;22.25;22.75;23.00;23.00;23.50;23.50;22.75;22.25;22.25]
1682-  [24.50;24.25;25.25;26.75;26.50;25.50;25.25;24.50;25.25;24.75;26.25;33.00;32.25;26.25;25.00;24.75;25.00;25.00;27.25;41.00;40.50;27.25;24.75;24.00;24.25;24.50;27.75;41.75;40.50;26.75;24.50;23.50;24.25;24.50;28.50;42.00;40.75;26.75;24.75;23.50;23.75;24.00;25.50;31.75;30.75;24.50;23.50;23.25;23.75;23.50;23.75;24.25;24.00;23.50;23.25;22.50;22.00;23.00;23.25;23.50;22.75;22.75;22.50;22.75]
2167-  [25.25;24.25;25.50;26.50;26.75;25.50;24.75;25.75;24.75;24.75;26.00;32.50;32.25;26.00;24.75;24.50;24.50;25.00;27.50;41.25;40.75;27.00;24.75;23.75;24.25;25.00;27.75;42.00;41.00;26.75;24.25;24.00;24.25;24.75;28.50;42.25;40.25;26.50;24.25;23.25;24.00;24.50;25.50;31.75;30.75;25.00;23.25;23.50;23.25;22.75;24.00;24.25;24.25;24.00;23.50;22.25;23.00;22.75;23.25;22.75;23.00;23.00;23.00;22.75]
2652-  [25.75;24.75;25.25;27.00;26.75;25.50;25.25;25.25;25.00;24.75;26.25;32.75;32.50;26.00;24.25;24.50;24.25;24.75;28.00;40.75;40.75;27.00;25.25;24.25;24.50;25.00;27.75;42.00;41.25;26.75;24.75;24.25;24.25;25.00;28.25;42.25;40.75;26.25;24.00;23.50;23.75;24.50;25.75;32.00;30.75;24.75;23.75;22.75;23.50;23.25;24.00;24.25;24.25;23.75;23.25;22.50;22.75;23.50;23.00;23.50;23.50;22.75;23.25;21.75]
3137-  [24.50;24.75;25.25;26.75;26.75;25.25;25.25;24.75;25.00;24.75;26.25;32.75;32.75;26.25;25.00;25.00;24.50;24.75;27.50;40.75;40.25;27.00;25.00;24.25;24.75;25.00;27.75;41.75;41.00;26.50;24.25;24.00;24.75;25.00;28.75;42.25;40.50;26.25;24.25;23.75;23.75;24.25;26.00;32.25;31.25;24.75;24.00;23.25;23.00;23.50;23.75;24.50;24.00;23.75;23.50;22.50;23.25;23.25;23.50;23.25;23.25;22.75;22.50;22.75]
3622-  [25.00;24.50;25.50;26.75;26.75;25.00;25.25;24.50;24.75;24.50;26.25;32.50;32.25;26.00;24.50;24.75;24.75;25.25;27.25;41.00;40.50;27.25;24.75;23.75;24.50;24.75;27.25;41.75;41.00;26.50;24.25;24.00;24.75;24.75;28.50;42.00;40.50;26.25;24.25;23.25;24.00;24.50;26.00;32.00;31.25;24.75;23.75;23.25;23.25;23.75;24.00;24.25;24.25;23.50;23.00;22.25;22.75;23.75;23.00;23.75;23.25;22.75;23.00;22.50]
4107-  [25.50;24.50;25.25;26.75;26.75;25.00;25.75;24.50;25.00;25.00;26.00;32.75;32.50;26.00;24.75;24.50;24.25;25.25;27.25;41.25;40.50;27.50;25.00;24.25;24.50;24.75;28.00;42.00;40.75;26.75;24.50;23.75;24.25;25.00;28.50;42.00;40.75;26.50;24.50;23.75;24.00;24.50;25.75;32.25;31.25;24.50;23.50;23.50;23.25;23.75;24.00;24.50;23.75;23.50;23.00;23.00;23.25;23.25;23.25;23.00;23.00;23.00;22.50;22.50]
4592-  [25.50;24.75;25.25;26.50;26.75;25.00;25.50;24.75;24.75;24.75;26.00;32.50;32.25;25.75;25.00;24.75;24.25;25.25;27.25;41.25;40.50;27.00;25.25;24.25;24.75;24.75;28.00;41.25;41.00;26.50;24.25;23.50;24.50;24.75;28.50;42.00;40.25;26.25;24.75;23.25;24.50;24.25;26.00;32.25;31.00;24.75;23.50;23.25;23.25;23.50;23.75;24.00;24.00;23.75;23.00;22.25;24.00;23.25;24.00;23.00;23.25;22.50;22.75;22.75]
5077-  [24.75;24.75;25.25;26.75;26.75;25.00;25.25;24.50;25.00;25.00;26.50;32.50;32.75;26.00;24.50;25.00;24.75;25.00;27.25;41.00;40.50;27.00;25.25;24.00;24.75;24.75;28.00;41.75;40.75;27.00;24.25;24.00;24.25;25.00;28.25;42.25;40.50;26.50;24.25;23.75;24.00;25.00;25.75;32.25;31.25;25.00;23.50;23.50;23.00;23.50;24.00;24.50;24.50;24.25;23.50;22.25;23.50;23.25;23.75;23.50;23.00;22.75;23.25;23.00]
5562-  [24.75;24.75;25.25;26.75;26.75;25.50;25.25;24.50;25.00;25.25;26.25;32.75;32.50;26.00;25.00;24.25;24.50;24.75;27.50;41.25;40.50;27.00;25.25;24.25;24.25;24.75;28.00;41.75;40.75;26.75;24.50;24.00;24.50;25.00;28.00;42.00;40.25;26.00;24.75;23.25;23.75;24.25;25.75;32.25;31.00;24.50;23.50;23.50;23.75;23.75;23.75;24.50;24.50;24.00;23.25;23.00;23.25;23.00;23.50;23.00;23.25;22.75;23.00;22.25]
6047-  [25.00;24.25;25.25;26.50;26.50;25.50;25.00;24.75;25.00;24.50;26.00;32.75;32.50;25.75;25.00;24.75;24.50;25.00;27.50;41.25;40.50;27.00;25.25;24.50;24.50;24.75;27.25;41.75;41.00;26.50;24.75;24.00;24.25;24.75;28.25;42.50;40.75;26.25;24.50;23.25;24.00;24.00;26.00;31.75;31.25;24.75;23.75;23.75;23.50;23.25;23.50;24.00;24.00;24.00;23.25;22.25;23.50;23.75;23.50;23.50;23.50;23.00;23.25;23.00]
6532-  [25.00;24.75;25.50;27.00;26.75;25.25;25.25;24.50;25.00;25.00;26.00;32.75;32.50;26.00;25.00;24.50;24.75;25.00;27.50;41.25;40.75;26.75;25.25;24.25;24.75;24.75;27.75;41.75;41.00;27.00;24.50;23.75;24.25;24.75;28.00;42.25;40.00;26.25;24.25;23.50;23.75;24.25;26.00;32.25;30.75;24.75;23.75;23.75;23.25;23.25;24.25;24.50;24.00;23.75;23.50;22.50;22.75;23.75;23.50;23.00;23.75;22.50;23.50;21.75]
7017-  [25.25;24.75;25.25;26.00;27.00;25.00;25.50;24.50;25.50;25.00;26.00;33.00;32.25;25.75;25.00;24.75;25.00;25.00;27.25;41.00;40.50;27.00;25.25;24.25;24.25;24.50;28.00;41.50;40.50;27.25;24.00;23.75;24.75;24.50;28.25;42.00;40.25;26.50;25.00;23.75;24.25;24.25;26.00;32.25;31.25;24.75;24.00;23.75;23.50;23.50;23.75;24.25;23.75;23.75;23.50;23.25;23.00;22.75;23.50;23.50;23.25;22.75;23.25;22.75]
7502-  [25.00;24.50;25.25;26.75;26.50;25.00;25.25;25.00;24.75;25.00;26.00;32.50;32.25;25.75;25.00;24.50;24.50;25.00;27.00;41.00;40.25;27.00;25.00;24.25;24.25;25.00;27.75;41.75;41.00;26.75;24.50;24.25;24.00;24.75;28.25;41.75;40.25;26.50;24.25;23.75;24.00;24.25;25.50;32.00;31.00;25.00;23.25;23.50;23.75;23.50;23.75;24.25;24.50;23.75;23.25;22.50;23.00;24.00;23.50;23.25;23.25;22.75;23.25;22.50]
7987-  [24.50;24.50;25.25;26.75;26.75;25.00;25.00;25.00;25.00;24.50;26.50;32.50;32.75;25.75;25.00;25.00;25.00;24.75;27.50;40.75;40.50;27.25;25.00;23.75;24.50;24.50;27.75;41.75;40.50;26.75;24.75;23.50;24.75;24.75;28.00;42.00;40.50;26.50;24.75;23.25;23.75;24.00;25.75;32.00;31.00;24.75;23.50;23.00;23.50;23.00;24.00;24.00;24.25;23.75;23.75;22.25;23.25;23.00;23.00;22.50;23.25;22.50;23.25;22.00]
8472-  [25.50;25.00;25.50;26.50;26.50;25.50;25.25;25.00;25.25;24.50;26.00;32.50;32.25;25.75;24.75;24.75;24.75;25.00;27.25;41.00;40.50;26.75;25.00;24.25;23.75;24.75;28.00;41.75;40.75;26.50;24.75;24.00;24.50;24.50;28.00;42.50;40.25;26.50;24.25;23.75;24.00;23.75;25.75;32.25;31.00;24.50;23.50;23.25;23.75;23.75;23.75;24.25;24.50;23.50;23.50;21.75;23.25;23.25;24.00;23.00;23.00;23.00;23.25;23.00]
8957-  [25.25;24.75;25.00;26.50;26.50;25.50;24.75;24.75;25.00;24.75;26.00;32.50;32.25;26.00;25.25;24.75;24.75;25.50;27.25;41.00;40.75;27.25;25.50;23.75;24.50;24.75;28.00;41.75;40.75;27.00;24.75;23.50;24.25;24.75;28.25;42.25;40.50;26.50;24.25;23.25;24.00;24.25;25.75;32.00;31.00;24.75;23.75;23.50;23.50;23.75;24.00;24.25;24.50;24.25;23.25;22.25;23.25;23.25;23.25;23.25;22.75;22.75;22.75;23.00]
9442-  [25.50;24.75;25.50;26.75;26.50;25.50;25.25;24.75;24.75;25.00;26.25;32.75;32.75;26.00;24.75;25.00;24.50;25.25;27.25;40.75;40.75;27.00;24.75;23.75;25.00;24.50;27.75;41.75;40.50;26.75;24.75;24.00;24.75;24.75;28.50;42.25;40.50;26.50;24.50;24.00;24.00;24.00;26.00;32.00;31.00;24.50;24.25;23.00;23.75;23.25;23.75;25.00;24.50;23.50;23.00;22.50;23.25;23.50;23.75;23.25;23.25;22.75;22.75;22.75]
9927-  [24.75;24.00;25.25;26.75;27.00;25.25;25.50;25.00;24.75;24.75;26.00;32.75;32.75;26.00;24.75;25.00;25.00;25.00;27.50;40.75;40.75;27.00;25.50;24.00;24.75;24.75;27.50;41.50;40.75;26.50;24.75;24.25;24.50;25.00;28.50;42.00;40.25;26.25;24.25;23.25;23.75;24.50;25.75;32.00;31.00;25.00;23.75;23.75;23.25;23.50;23.75;24.25;24.00;23.50;23.00;22.25;23.25;23.25;23.75;23.25;23.00;22.25;23.25;23.00]
10412- [25.25;24.75;25.75;26.50;26.75;25.25;25.50;24.50;25.00;25.00;26.50;33.00;32.75;26.25;25.00;25.00;25.00;25.50;27.50;41.25;40.75;27.00;24.75;24.00;24.25;24.50;28.00;42.00;40.75;27.00;24.75;24.00;25.00;24.75;28.25;42.25;40.50;26.25;24.50;23.75;24.25;24.00;25.75;32.25;31.25;24.50;24.00;24.00;23.75;23.75;24.25;24.50;24.25;24.00;23.50;22.50;23.75;23.50;23.75;23.50;23.25;23.25;23.50;22.75]
10897- [25.50;24.50;25.25;26.75;26.50;25.75;24.75;24.50;25.25;24.75;26.25;32.50;32.75;25.75;24.75;24.50;24.50;25.00;27.50;41.00;40.50;27.00;25.00;24.25;24.50;25.00;27.75;42.25;41.00;26.75;24.50;23.75;24.50;24.75;28.25;42.00;40.50;26.25;24.25;24.00;23.75;24.50;25.75;32.25;31.25;24.75;24.00;23.50;23.25;22.75;24.50;24.25;24.25;24.25;22.75;22.75;23.00;23.75;23.75;23.75;23.25;22.75;22.75;23.25]
11382- [25.25;24.25;24.75;27.00;26.50;25.50;25.00;24.25;25.50;24.75;26.25;32.75;32.50;26.25;25.25;24.75;25.00;25.00;27.25;41.00;40.50;27.25;25.25;24.25;24.50;24.50;27.50;42.00;40.50;26.75;24.75;24.25;24.50;24.50;28.25;42.00;40.75;26.50;24.50;23.25;23.75;24.75;26.00;32.25;30.75;25.00;24.00;23.75;24.00;23.50;24.00;24.75;24.50;24.00;23.25;22.75;23.75;23.25;23.25;23.50;23.50;22.75;23.25;23.00]
11867- [25.00;25.00;25.50;26.50;26.75;25.25;25.25;24.50;25.00;25.25;26.50;32.75;32.75;26.25;25.00;24.75;25.00;25.50;27.25;41.00;40.50;27.25;25.00;24.50;24.50;24.75;27.50;41.75;41.00;27.00;24.50;23.50;24.50;24.75;28.25;42.25;40.50;26.25;24.00;23.50;23.75;24.25;26.25;32.25;30.75;24.75;24.00;23.50;23.75;23.25;24.00;24.50;24.25;23.50;23.00;22.50;23.25;23.25;23.25;23.50;23.75;22.50;22.75;22.75]
12352- [25.25;24.75;25.50;26.50;26.25;25.50;24.75;24.50;25.00;25.00;25.75;32.75;32.25;26.25;25.00;24.75;25.00;25.00;27.75;41.25;40.75;26.75;25.00;24.00;24.50;24.50;28.00;41.75;41.00;26.75;24.75;24.25;24.75;25.00;28.50;42.00;40.75;26.50;24.75;24.00;24.25;24.25;25.25;32.50;31.25;25.00;23.75;23.50;23.50;23.50;24.00;24.50;24.50;23.75;22.75;22.75;23.50;23.25;23.50;24.00;23.50;23.25;23.50;23.00]
12837- [25.50;25.25;25.00;26.25;26.75;25.50;25.25;24.75;24.75;25.00;26.25;33.00;32.75;26.25;24.75;25.00;24.75;25.25;27.25;40.75;40.75;27.25;25.50;24.25;24.75;24.50;28.00;41.75;41.00;27.25;24.50;24.25;24.75;25.00;28.25;42.00;40.75;26.75;24.50;23.50;24.25;24.75;26.25;32.75;31.75;24.75;23.75;23.75;23.75;23.50;24.00;24.75;24.50;24.25;24.00;22.75;23.25;23.50;23.75;23.50;23.75;23.00;23.00;22.50]
13322- [25.50;24.75;25.75;27.50;26.75;25.50;25.50;24.50;25.00;25.00;26.25;33.00;32.75;26.25;25.00;24.50;25.00;25.50;27.75;41.00;40.50;27.50;25.00;24.75;24.50;25.00;28.50;42.00;41.00;27.00;24.50;24.25;24.50;25.00;28.25;42.25;40.75;26.25;24.75;23.75;24.25;24.25;26.00;32.25;31.25;24.75;24.00;24.25;24.25;23.75;24.25;24.50;24.50;24.25;23.25;22.25;23.50;24.25;23.50;23.25;23.75;23.25;22.75;23.25]
13807- [25.00;24.50;25.00;26.75;26.25;25.50;25.50;25.50;25.25;25.25;26.00;32.75;33.00;26.00;25.25;24.75;24.50;25.50;27.25;41.50;40.50;27.25;25.25;24.50;24.25;24.75;28.25;42.00;40.75;27.25;24.50;23.75;24.75;24.75;28.50;42.00;40.75;26.75;24.50;24.00;24.50;24.50;26.00;32.25;31.00;24.75;24.00;24.00;24.00;23.25;24.00;24.75;24.50;23.50;23.50;23.00;23.25;23.50;23.25;22.75;23.50;23.50;23.25;23.25]
14292- [25.75;24.50;25.75;26.75;26.75;25.00;25.25;25.00;25.25;25.00;26.00;32.75;32.75;26.25;25.00;25.25;25.00;25.25;27.50;41.00;40.75;27.50;25.75;24.25;24.50;25.00;27.75;42.00;40.75;26.50;24.75;23.75;24.75;25.00;28.25;42.00;40.75;26.50;24.75;24.00;24.25;24.25;25.75;32.25;31.25;25.00;23.25;24.25;24.00;24.25;24.00;24.25;24.50;24.00;23.25;22.50;23.75;23.50;23.75;23.75;23.50;23.25;23.00;23.50]
14777- [24.75;24.75;25.50;26.75;26.25;25.50;25.25;24.75;25.25;25.00;26.50;33.00;32.75;25.75;25.00;24.75;25.00;25.00;27.75;40.75;40.50;27.00;25.50;24.75;24.75;24.50;27.75;41.75;40.75;26.75;24.50;23.50;24.25;25.00;28.50;42.25;40.50;26.75;24.25;23.50;24.00;24.50;26.25;32.50;31.50;24.75;23.75;23.75;23.50;23.50;24.00;24.00;24.25;24.00;23.25;23.00;23.75;23.75;23.75;23.75;23.25;23.00;23.00;23.00]
15262- [25.25;25.00;25.75;26.75;26.50;25.25;25.50;25.00;25.25;24.75;26.00;32.75;32.50;26.50;25.00;25.00;25.00;25.50;27.25;41.00;40.75;27.00;25.50;24.25;24.75;25.00;28.00;41.75;41.25;27.50;25.00;23.75;24.75;25.00;28.50;41.75;40.75;26.50;24.50;24.00;24.25;24.50;26.00;32.25;31.50;25.00;24.00;24.00;23.50;23.75;24.00;24.50;24.00;23.75;23.50;22.75;23.50;23.50;23.25;24.00;23.25;23.50;22.75;23.25]
15747- [25.50;24.50;25.75;27.25;26.75;25.25;25.50;24.50;24.75;25.00;26.25;33.00;32.50;26.25;25.50;25.00;24.75;25.25;27.75;40.75;40.75;27.50;25.25;24.50;24.50;24.50;27.75;41.75;41.00;27.00;24.50;24.50;24.75;25.00;28.50;42.25;40.50;26.75;25.25;23.75;24.25;24.75;26.00;32.25;31.00;25.00;23.50;24.00;24.00;23.75;23.75;24.00;24.75;23.75;23.50;23.00;22.75;23.25;23.75;23.50;23.50;23.00;23.00;22.75]
16232- [25.75;25.00;25.25;26.75;26.75;25.50;25.50;25.25;25.25;25.00;27.00;32.75;33.00;26.25;25.00;24.50;25.00;25.00;27.50;41.00;40.75;27.25;25.50;24.50;25.00;24.50;27.75;41.75;41.00;27.00;25.00;23.75;24.25;24.75;28.25;42.00;40.50;26.25;24.75;23.50;23.75;24.25;26.00;32.25;31.25;24.75;24.00;24.25;23.50;23.50;24.00;24.75;24.25;23.75;23.50;23.25;23.25;23.00;23.50;23.50;23.50;23.00;23.00;23.25]
16717- [25.00;24.50;25.75;26.50;26.25;25.75;25.25;25.25;25.00;24.50;26.00;32.75;32.75;26.25;25.00;24.75;25.00;25.00;27.50;41.00;40.75;27.25;25.25;24.25;24.75;25.00;27.50;41.50;41.25;27.00;24.75;24.25;24.75;25.00;28.25;41.75;40.50;26.50;24.75;24.25;24.25;24.25;26.25;32.50;31.00;25.25;23.75;23.75;23.50;23.75;24.00;24.75;24.00;24.00;23.50;23.00;23.25;23.25;23.50;23.50;23.25;22.50;23.00;23.25]
17202- [25.50;25.25;25.50;26.75;26.75;25.50;25.50;25.25;25.75;25.75;26.25;32.75;32.75;26.25;25.00;24.75;25.00;25.25;27.75;40.75;40.75;27.00;25.25;24.50;24.50;24.75;28.00;41.75;41.25;27.00;24.75;23.75;24.75;24.75;28.25;42.00;40.75;26.25;25.00;23.75;24.25;24.50;26.00;32.25;31.50;24.50;24.00;24.00;23.75;23.50;24.00;25.00;24.50;23.25;23.00;22.75;23.25;23.75;23.50;23.50;23.50;23.00;23.00;23.25]
17687- [25.50;24.75;25.25;27.25;26.50;25.50;25.50;25.00;24.75;25.00;26.50;32.75;33.25;26.50;25.00;24.75;24.75;25.50;27.75;40.75;41.00;27.25;25.25;24.25;24.75;25.00;28.00;42.00;41.00;27.25;24.75;24.25;24.50;25.00;28.75;42.25;40.50;26.50;24.50;24.25;24.00;24.75;26.00;32.00;31.25;25.00;24.25;24.00;23.50;23.75;24.00;24.75;24.50;23.75;23.00;22.50;23.25;23.75;23.75;23.75;23.25;22.50;23.00;23.00]
18172- [25.00;25.00;25.50;26.75;27.25;25.50;26.00;24.75;25.50;25.25;26.50;32.75;33.00;26.25;25.00;24.75;25.00;25.25;27.50;41.00;41.00;27.25;25.25;24.00;24.75;25.00;28.25;42.00;40.75;27.00;25.00;24.25;24.25;24.75;28.25;42.25;40.50;26.25;24.50;23.50;24.25;24.25;26.25;32.25;31.50;24.75;23.75;24.50;24.00;23.75;24.00;24.75;24.25;24.00;23.75;22.25;23.50;23.75;24.00;23.25;24.00;22.75;23.00;23.75]
18657- [25.00;25.00;25.50;26.50;26.75;25.00;25.25;24.75;25.25;25.00;26.50;32.25;32.75;26.25;25.00;24.50;24.50;25.00;27.50;40.75;40.75;27.00;25.00;24.50;24.50;25.00;27.75;42.00;41.00;26.75;24.75;23.75;24.75;25.00;28.50;42.25;40.75;27.00;24.25;23.75;24.25;24.50;26.00;32.00;31.25;24.50;24.25;23.75;24.00;23.75;24.50;24.50;24.50;24.00;23.25;23.25;24.00;23.75;23.75;23.25;23.75;23.25;23.00;22.75]
19142- [25.25;24.75;25.75;26.75;26.75;25.50;25.50;25.25;25.25;25.50;26.25;32.75;32.50;26.00;25.50;25.00;25.00;25.25;27.00;41.00;40.75;27.25;25.25;24.00;24.75;24.75;27.75;42.00;41.00;26.75;25.00;24.25;24.75;25.00;28.50;42.25;40.75;26.50;24.50;23.75;24.00;24.75;26.25;32.50;31.50;25.00;24.00;23.75;23.50;23.50;24.25;24.50;24.50;24.25;23.00;22.50;23.50;23.25;24.00;23.00;23.50;22.75;24.00;23.00]
19627- [25.25;24.75;25.25;26.50;26.50;25.50;25.50;25.50;25.50;25.00;26.50;32.75;33.00;26.50;25.50;24.25;25.00;25.75;27.75;40.75;41.00;27.50;25.25;24.25;25.00;24.75;27.75;41.75;41.00;27.00;25.00;23.75;24.50;25.25;28.50;42.25;40.25;26.75;24.75;23.50;24.00;24.50;26.00;32.25;31.50;24.75;23.75;24.00;24.00;23.50;24.00;24.50;24.25;24.25;23.50;22.75;23.50;23.50;23.50;23.50;23.25;23.00;22.50;22.75]
20112- [25.00;24.75;25.75;27.00;26.50;25.50;25.25;25.25;25.50;25.25;26.75;33.00;33.00;26.25;25.50;24.75;24.75;25.25;27.50;41.25;40.50;27.50;25.25;24.00;24.75;25.00;28.00;42.25;41.00;27.25;24.75;24.00;24.25;25.25;28.75;42.00;40.75;26.50;24.75;24.00;24.00;24.50;26.00;32.75;31.25;25.25;24.00;24.00;23.75;24.00;24.50;24.25;24.50;24.25;23.75;23.00;23.50;23.75;23.25;23.75;23.50;23.50;23.00;23.50]
20597- [25.50;25.00;25.75;27.25;26.75;26.00;25.75;25.00;25.25;25.25;26.50;32.75;32.75;26.25;25.50;24.50;25.25;25.75;27.75;41.00;41.00;27.25;25.25;24.50;24.75;25.00;28.00;42.00;41.25;27.00;25.00;24.00;25.00;25.25;28.50;42.00;40.75;27.00;25.25;24.00;24.50;24.50;26.25;32.25;31.50;25.00;24.25;23.75;23.75;23.75;24.25;24.75;24.50;24.00;23.50;23.25;23.25;23.50;24.00;23.50;23.50;23.00;23.00;23.00]
21082- [25.00;24.50;25.75;27.25;27.00;25.75;26.00;25.00;25.25;25.00;26.00;32.75;33.00;26.75;25.50;25.25;25.00;25.25;27.75;41.00;40.75;27.25;25.75;24.50;24.75;25.25;28.00;42.00;41.00;27.25;25.00;24.25;24.50;25.25;28.50;42.25;40.50;26.75;24.50;24.00;24.25;24.75;25.75;32.25;31.50;25.00;24.25;24.00;23.50;23.75;24.50;24.75;24.25;24.25;23.75;23.25;23.50;23.50;24.25;23.50;23.50;23.50;23.75;23.00]
21567- [25.50;25.50;25.75;27.00;26.75;26.00;25.25;25.25;25.25;25.25;26.50;32.75;33.00;26.25;25.00;25.25;25.50;25.75;27.50;41.50;40.75;27.00;25.25;24.50;24.75;25.25;28.50;42.00;41.25;27.00;25.25;24.00;24.75;25.50;28.25;42.25;40.75;26.75;24.75;23.75;24.25;24.75;26.00;32.50;31.75;25.00;24.00;23.75;23.75;24.00;24.25;24.75;24.75;24.25;24.00;22.50;24.50;23.75;23.75;23.75;23.75;23.00;23.25;22.75]
22052- [25.25;24.50;26.00;27.00;26.75;26.00;26.00;25.25;25.50;25.00;26.75;33.00;33.00;26.50;25.25;25.00;25.25;25.25;27.75;41.25;41.00;27.25;25.25;24.75;24.75;25.00;28.25;42.00;41.00;27.25;25.25;24.75;25.00;25.50;28.25;42.25;40.75;26.75;24.75;23.75;24.00;24.50;26.25;32.25;31.50;25.00;24.00;24.25;24.25;23.75;24.25;24.50;24.50;23.75;23.50;23.00;24.00;23.50;24.00;23.75;23.25;23.00;23.50;23.75]
22537- [25.50;25.25;25.50;27.00;27.25;26.00;25.75;25.50;25.75;25.25;26.75;33.00;33.00;27.00;25.50;24.75;25.00;25.75;28.00;41.25;40.75;27.50;25.75;24.75;24.50;25.25;28.50;42.00;41.25;27.25;25.00;24.25;25.00;25.00;28.75;42.50;41.00;26.75;24.50;24.25;24.50;24.75;26.50;32.50;31.25;25.00;24.00;24.25;23.50;23.75;24.00;25.00;24.25;24.25;23.75;23.00;23.50;24.00;23.50;23.75;23.75;22.75;23.75;23.50]
23022- [25.00;24.50;25.75;26.50;27.25;25.75;25.75;25.00;25.00;25.25;26.50;32.75;32.25;26.00;25.50;25.00;24.75;25.50;27.75;41.25;41.00;27.25;25.50;24.50;24.75;25.00;28.25;42.00;40.75;27.00;25.00;23.75;25.00;24.75;28.75;42.25;40.75;26.75;24.25;23.50;24.50;24.50;26.00;32.25;31.25;25.25;24.25;24.25;23.75;24.00;24.25;24.75;24.25;24.25;23.75;23.25;23.75;23.50;24.00;24.25;24.00;23.50;23.75;23.50]
23507- [25.00;25.00;26.00;27.25;27.00;26.00;25.50;25.25;25.25;25.25;27.00;33.00;32.75;26.25;25.25;25.00;25.00;25.75;27.50;41.25;41.00;27.75;25.50;24.50;25.25;25.25;28.75;42.25;41.00;27.00;25.00;24.25;25.00;25.25;29.00;42.50;41.00;27.00;25.00;24.25;24.00;24.50;26.25;32.75;31.25;25.25;24.50;24.25;23.75;24.00;24.25;25.00;24.50;24.25;23.75;23.25;23.75;23.50;24.25;23.75;24.00;23.25;23.75;23.50]
23992- [25.50;24.75;25.75;26.75;26.75;25.50;25.50;25.50;25.25;25.25;26.50;33.25;33.00;26.50;25.00;25.00;25.50;25.25;27.50;41.50;41.00;27.50;25.75;25.00;24.75;25.25;28.50;42.25;41.50;27.50;25.50;24.50;24.75;25.00;28.75;42.25;40.75;26.75;24.75;23.75;24.50;24.50;26.50;32.75;31.75;25.25;24.25;24.25;23.75;24.00;23.75;25.00;24.75;24.00;23.75;22.75;24.00;24.00;23.50;24.00;24.00;23.00;23.00;23.25]
24477- [25.50;25.00;26.25;27.25;27.00;26.00;26.00;25.50;25.50;25.75;26.75;33.50;33.00;26.75;25.25;25.25;25.50;25.50;28.00;41.25;40.75;27.75;25.75;25.00;25.00;25.50;28.75;42.50;41.50;27.50;25.25;24.50;25.25;25.50;29.25;42.50;41.50;26.75;25.00;24.25;24.50;25.00;26.50;32.75;31.75;25.50;24.50;24.00;24.25;24.25;24.75;25.00;25.25;24.75;23.75;23.50;23.75;23.75;24.25;23.50;24.00;23.25;23.25;23.00]
24962- [25.75;25.00;25.75;27.00;27.00;25.50;26.00;25.25;25.25;25.75;26.50;33.00;33.00;26.25;25.75;25.50;25.00;25.75;27.50;41.25;40.50;27.50;25.75;24.75;24.75;25.25;28.25;42.00;41.25;27.00;25.25;24.75;25.00;25.25;29.00;42.00;40.75;26.50;24.75;24.25;24.75;24.75;26.25;32.50;31.25;25.50;24.00;24.25;24.00;23.75;24.75;25.00;24.50;24.25;24.00;22.75;23.25;23.50;23.75;24.00;24.00;23.50;23.25;23.25]
25447- [25.25;25.00;25.50;26.75;27.00;25.50;25.75;25.25;25.25;25.25;26.25;33.25;32.75;26.50;25.00;25.50;25.00;25.50;27.50;41.25;41.00;27.50;25.75;24.50;24.75;25.25;28.00;42.00;41.00;27.50;24.75;24.50;24.75;25.25;28.25;42.25;40.75;27.00;25.00;23.75;25.00;24.75;26.00;32.25;31.50;25.25;24.25;24.25;24.00;23.25;24.50;24.75;24.75;24.25;23.25;23.00;23.50;23.50;23.75;23.50;23.50;23.00;23.25;23.75]
25932- [24.75;25.00;25.75;27.00;26.75;26.00;25.00;25.50;25.25;25.50;26.25;33.25;33.00;26.25;25.25;25.00;24.75;25.00;28.00;41.00;40.75;26.75;25.25;24.75;25.50;25.00;28.25;42.00;41.00;27.50;24.50;24.75;24.75;25.25;28.75;42.00;40.75;26.50;25.00;24.25;24.25;24.75;26.50;32.25;31.00;25.50;24.00;24.25;24.00;23.25;24.00;24.75;25.00;24.50;23.75;23.25;24.00;23.50;23.75;23.75;23.75;23.25;23.50;23.50]
26417- [25.25;24.50;26.00;27.00;27.00;25.50;26.00;25.50;25.25;25.25;26.75;32.75;33.00;26.25;25.50;25.25;25.00;25.25;27.75;41.25;40.75;28.00;25.50;24.25;24.50;25.00;28.25;42.00;41.00;27.25;25.00;24.25;24.75;25.25;28.75;42.00;40.75;26.75;25.00;24.00;24.50;25.00;26.25;32.50;31.50;25.25;24.00;23.75;24.25;23.75;24.75;24.50;24.25;24.50;23.25;22.75;23.50;24.25;23.50;24.00;23.50;23.50;23.50;23.50]
26902- [25.25;24.75;25.75;27.25;27.00;26.00;25.50;25.75;25.25;25.25;26.50;33.25;33.00;26.75;25.25;25.00;25.00;26.00;27.75;41.25;40.75;27.50;25.25;24.25;24.75;25.25;28.00;41.75;41.25;27.25;25.25;24.00;24.75;25.25;28.75;42.25;41.00;27.25;25.00;24.25;24.25;24.50;26.25;32.50;31.25;25.00;23.75;23.75;23.75;23.75;24.25;24.75;24.75;23.75;23.25;23.00;23.75;23.25;23.75;23.50;23.75;23.00;23.25;23.25]
27387- [25.50;25.50;25.75;26.75;27.00;25.50;25.75;25.00;25.50;25.25;26.50;33.25;32.75;26.25;25.00;25.25;25.25;25.50;27.25;41.25;40.75;27.75;25.50;24.50;24.75;25.00;28.25;42.00;41.00;27.00;25.25;24.00;24.75;25.00;28.75;42.25;40.50;27.00;25.00;23.75;24.25;24.50;26.25;32.25;31.75;24.75;24.25;23.75;23.50;23.75;23.75;24.50;24.50;23.75;23.50;23.00;23.50;23.50;23.50;23.75;23.25;23.25;23.25;23.75]
27872- [25.50;25.25;26.00;27.25;27.50;25.50;26.25;25.25;25.25;25.00;26.50;32.75;33.00;26.75;25.25;25.25;25.25;25.50;27.75;41.25;40.75;27.25;25.50;24.50;25.50;24.50;28.25;41.75;41.00;27.25;25.00;24.75;25.00;25.25;28.50;42.00;40.75;27.00;24.75;24.25;24.50;25.25;26.25;32.50;31.75;25.00;24.25;24.25;24.00;23.75;24.25;24.75;25.00;24.00;23.75;23.50;23.50;23.75;24.00;23.25;24.00;23.50;23.75;23.25]
28357- [24.75;25.25;25.50;26.75;27.25;25.50;26.00;25.50;25.00;25.50;26.00;33.00;33.00;26.50;25.50;25.25;25.25;25.00;27.75;41.50;41.00;27.75;25.25;24.50;24.50;25.25;28.25;42.25;41.25;27.25;25.00;24.25;25.50;25.25;29.00;42.25;41.00;26.75;25.00;24.00;24.50;24.50;26.25;32.25;31.25;25.00;23.75;24.00;23.50;24.00;24.25;24.75;24.75;24.25;23.50;23.00;23.50;23.75;24.00;23.50;24.25;23.00;23.50;23.75]
28842- [25.25;25.50;26.00;26.75;27.25;25.25;25.75;25.00;25.25;25.00;26.50;33.00;32.75;26.50;25.50;25.25;24.75;25.50;27.50;41.25;40.75;27.25;25.25;25.00;25.00;24.75;28.50;42.00;41.00;27.25;25.00;24.00;25.00;25.25;28.75;42.00;40.50;27.00;25.25;24.00;24.00;24.50;26.25;32.25;31.25;24.75;24.00;24.00;23.50;24.00;24.25;25.00;24.50;24.50;24.00;23.25;23.50;23.75;24.25;23.50;23.75;23.75;23.50;23.25]
29327- [25.50;25.00;25.50;27.25;27.00;25.75;25.75;25.25;25.25;25.00;26.75;33.00;33.00;26.75;25.00;25.75;25.50;25.25;27.75;41.00;40.75;27.50;25.50;24.75;24.75;25.00;28.00;42.00;41.00;26.75;24.75;24.25;25.00;25.00;28.50;42.50;40.75;26.75;25.25;24.25;24.50;24.75;26.00;32.25;31.75;25.25;24.00;24.00;24.50;24.25;24.75;25.00;25.00;24.50;23.75;23.50;23.50;24.25;23.75;23.75;23.75;23.50;23.25;23.50]
29812- [25.75;24.75;25.25;26.75;27.25;25.50;25.50;25.75;25.50;25.00;26.25;33.00;32.50;26.50;25.00;25.50;24.75;25.25;27.25;41.50;40.75;27.25;25.25;24.50;24.75;25.00;28.25;41.75;41.25;27.00;24.75;24.25;25.00;25.50;28.25;42.25;40.75;27.00;24.50;24.25;24.00;24.75;26.25;32.25;31.25;25.00;24.50;23.75;24.25;24.00;24.25;25.00;24.25;24.75;23.75;22.50;24.00;23.75;24.00;24.00;23.75;23.50;23.75;23.25]
30297- [25.00;25.00;25.50;26.75;27.00;26.00;25.75;25.25;25.50;25.00;26.50;32.75;32.75;26.00;25.00;25.00;24.50;25.50;27.50;41.25;40.25;27.25;25.50;24.50;24.25;25.25;27.75;42.25;41.00;27.25;24.75;24.25;24.50;25.00;28.75;42.25;40.75;26.75;25.00;24.25;24.50;24.75;26.50;32.25;31.75;25.00;24.50;24.00;23.75;24.00;24.25;24.75;24.75;24.25;23.50;22.25;23.50;24.25;23.75;24.25;23.25;23.50;23.50;23.50]
30782- [25.75;24.75;25.00;27.25;27.00;25.50;25.50;24.75;25.00;24.75;26.75;33.25;32.75;26.25;25.00;25.00;24.75;25.75;27.50;41.00;40.75;27.50;25.75;24.25;24.00;24.75;27.75;41.75;41.00;26.75;25.00;24.00;24.50;25.00;28.50;42.25;40.50;26.75;24.25;23.75;24.25;24.50;26.50;32.25;31.50;25.25;24.25;23.75;23.25;23.75;24.25;24.50;24.25;23.75;23.25;23.50;23.75;24.00;23.75;23.75;24.00;23.75;23.50;23.00]
31267- [25.50;24.50;25.25;27.00;26.50;26.00;25.75;25.00;25.00;25.00;26.50;33.00;32.75;26.25;25.25;25.00;24.75;25.50;27.50;41.00;40.50;27.50;25.00;24.50;24.75;24.75;27.75;41.75;40.75;27.00;25.25;24.50;24.50;25.00;28.75;42.00;40.50;27.00;24.50;23.75;24.00;24.75;26.25;32.25;31.75;25.25;24.00;23.75;23.75;23.75;24.50;24.75;24.25;23.75;23.75;23.25;23.25;23.75;23.75;23.50;23.50;23.00;23.50;23.00]
31752- [25.50;24.75;25.75;26.25;27.00;25.50;25.25;25.00;25.25;25.25;26.25;32.50;32.75;26.25;24.75;25.00;25.25;25.50;27.75;40.75;40.25;27.25;25.25;24.75;25.25;25.00;28.00;41.75;41.00;26.50;25.00;24.50;24.50;25.25;28.50;42.00;40.50;26.50;24.75;23.50;24.25;24.75;25.75;32.25;30.75;25.00;24.50;23.75;23.75;24.00;24.00;25.25;24.25;24.25;23.25;23.00;23.00;23.75;23.75;23.25;23.50;23.50;23.00;23.00]
32237- [25.25;25.25;25.50;27.50;26.75;25.75;25.75;25.50;25.25;25.25;26.75;33.00;32.75;26.25;25.25;25.25;25.25;25.50;27.50;41.25;40.75;27.50;25.25;24.75;25.00;25.25;28.50;41.75;40.75;27.25;25.00;24.50;25.00;25.25;29.00;42.25;40.50;26.50;24.25;24.25;24.25;25.00;26.25;32.50;31.50;25.00;24.25;24.00;24.00;24.25;24.25;24.25;24.25;24.25;23.50;23.25;23.75;23.50;23.75;24.00;23.50;23.75;23.75;23.00]
32722- [25.75;25.00;25.50;26.75;27.00;25.50;25.00;25.75;25.00;25.00;26.50;32.75;33.00;26.50;24.50;25.00;25.25;25.25;27.75;41.00;40.75;27.50;25.25;24.75;24.75;25.00;28.00;42.00;41.00;27.00;25.00;24.25;24.75;25.25;28.75;42.25;40.75;26.75;25.00;24.00;24.25;24.75;26.25;32.25;31.25;25.25;24.50;24.00;23.75;24.00;24.25;24.75;24.50;24.25;24.00;23.00;24.00;24.00;24.00;24.00;23.75;23.50;23.00;23.25]
33207- [25.50;25.50;26.00;26.75;26.75;25.25;25.75;25.25;25.25;25.25;26.50;33.00;33.25;26.75;25.00;25.25;24.75;25.00;27.25;41.25;40.50;27.50;25.50;24.50;24.75;25.25;27.75;42.00;41.00;27.00;24.75;24.50;24.75;25.00;28.25;42.00;40.75;26.75;24.75;23.75;24.25;24.25;26.25;32.75;31.25;25.00;24.25;24.00;24.00;23.50;24.50;24.50;24.50;23.50;23.50;23.25;24.00;23.75;23.75;23.75;23.75;23.25;23.75;23.25]
33692- [25.25;24.75;26.00;27.00;26.75;25.50;25.25;25.00;25.00;25.00;26.25;33.00;32.75;26.50;25.00;25.00;24.75;25.50;27.50;41.25;40.50;27.25;25.50;24.50;24.50;25.00;28.25;41.75;41.25;26.75;25.25;23.75;24.75;25.25;28.50;42.00;40.75;27.00;24.75;24.00;24.75;25.00;26.00;32.25;31.25;25.00;23.75;24.25;23.75;23.50;24.00;24.75;24.25;24.00;23.00;22.75;22.75;23.50;23.75;23.25;23.50;23.75;23.25;23.50]
34177- [25.50;24.50;25.25;27.00;27.00;25.50;26.00;25.25;24.75;25.00;26.25;32.75;32.75;26.25;25.25;25.25;24.50;25.25;27.50;41.00;40.25;27.25;25.00;25.00;24.75;25.00;28.00;41.75;40.75;27.00;24.75;24.25;24.75;25.50;28.25;42.00;40.75;26.50;25.00;23.50;24.75;24.25;26.00;32.00;31.00;25.00;23.75;24.25;23.50;23.50;24.25;24.50;24.50;23.75;23.25;22.75;23.25;23.50;23.25;23.00;24.00;22.75;23.25;23.25]
34662- [24.75;25.25;25.50;26.75;26.75;26.00;26.00;25.50;25.00;25.25;26.50;32.75;32.75;26.25;25.25;25.50;24.75;25.25;28.00;41.50;40.75;27.50;25.50;24.75;24.75;25.00;28.00;42.00;41.00;27.25;24.75;24.25;24.75;25.25;28.75;42.25;40.50;26.50;24.50;24.50;24.75;24.75;26.00;32.25;31.25;25.00;23.75;24.00;23.75;23.75;24.00;24.75;24.50;23.75;23.75;23.00;23.50;24.25;23.75;23.50;24.00;23.25;24.50;23.25]
35147- [25.50;25.00;25.75;27.00;26.75;25.50;25.50;25.00;25.50;25.25;26.75;33.25;32.75;26.25;25.00;25.50;24.75;25.25;27.25;41.00;40.75;27.75;25.25;24.25;25.00;25.00;28.00;42.00;41.00;27.00;25.00;24.75;24.75;25.25;28.50;42.00;41.00;26.50;25.25;24.00;24.25;24.75;26.75;32.25;31.25;25.00;24.25;24.25;23.75;23.75;24.25;24.75;24.50;24.25;23.50;23.50;23.75;24.00;23.50;23.75;23.75;22.75;23.50;23.25]
35632- [25.50;25.00;25.75;27.00;27.00;25.75;26.00;25.25;25.25;25.75;26.50;32.75;33.00;26.50;25.50;25.00;25.00;25.25;27.75;41.00;40.50;27.25;25.25;25.00;25.00;25.25;28.25;42.00;40.50;27.00;24.75;24.50;24.50;25.50;28.25;42.00;40.75;26.75;25.25;24.00;24.25;25.00;25.75;32.75;31.25;25.25;24.50;23.75;24.00;24.00;24.25;24.75;24.50;24.00;23.50;23.25;23.25;24.00;23.50;23.75;23.50;23.25;23.50;24.00]
36117- [25.75;24.75;26.00;26.75;27.00;25.50;25.75;25.25;25.25;25.00;26.50;33.25;33.00;26.75;25.25;25.50;25.00;25.50;27.75;41.50;40.75;27.75;25.50;24.75;24.75;25.25;28.00;42.00;41.25;27.00;24.75;24.25;25.00;25.00;28.50;42.00;40.75;27.00;24.50;24.25;24.50;25.00;26.50;32.25;31.25;25.00;24.25;23.75;23.25;23.75;24.50;24.50;24.50;24.00;23.75;22.75;23.25;23.50;24.25;23.50;24.00;23.75;23.50;23.25]
36602- [25.75;25.25;26.25;26.75;27.25;25.75;25.50;25.25;25.25;25.25;26.75;33.00;32.75;26.50;25.25;25.00;25.50;25.50;28.00;41.00;40.50;27.75;25.00;24.75;24.75;25.25;28.00;42.00;41.00;27.25;25.00;24.50;25.00;25.25;28.75;42.25;40.50;26.75;24.50;24.50;24.25;24.75;25.75;32.25;31.75;24.75;24.00;24.25;24.00;24.00;24.00;25.00;24.75;24.25;24.00;23.00;23.75;24.25;23.25;24.00;24.25;23.00;24.00;23.25]
37087- [25.50;25.00;26.00;27.25;27.00;25.75;25.75;25.25;25.25;25.25;26.75;33.00;33.00;26.50;25.25;25.00;25.25;25.50;27.75;41.00;40.50;27.50;25.50;24.50;25.00;25.25;28.50;41.75;41.00;27.00;24.75;24.25;25.00;25.50;28.75;42.25;41.00;26.50;24.75;23.75;24.25;24.75;26.25;32.25;31.00;25.00;24.00;24.25;23.50;24.00;24.00;24.50;24.50;24.50;23.50;23.25;23.25;23.50;23.75;23.50;23.75;23.50;24.00;23.25]
37572- [25.75;25.25;26.25;27.25;27.00;26.00;26.00;25.50;25.25;25.50;26.25;33.00;33.00;26.50;25.00;25.25;25.25;25.50;28.00;41.00;41.00;27.75;25.50;24.50;24.50;25.25;28.50;41.75;40.75;27.00;25.00;24.00;25.25;25.50;28.75;42.00;40.50;27.00;25.00;24.00;24.75;25.00;26.25;32.50;31.50;25.25;24.25;24.25;23.75;23.75;24.25;24.75;25.00;24.25;24.00;23.00;24.00;23.75;23.75;24.25;23.75;23.25;23.50;23.50]
38057- [25.00;25.25;26.00;27.25;26.75;26.00;25.50;25.25;25.75;25.50;26.50;33.00;32.75;26.50;25.50;25.25;25.50;25.75;28.00;41.25;40.50;27.50;25.75;25.00;25.00;25.25;28.50;41.75;40.75;27.00;25.00;24.25;25.00;25.25;28.50;42.25;41.00;26.50;25.25;23.75;24.00;24.50;26.25;32.50;31.25;25.25;24.25;23.75;23.75;23.50;24.25;24.75;24.75;24.25;23.75;23.00;23.50;23.25;24.00;23.50;23.75;23.50;23.50;23.00]
38542- [25.50;24.75;25.75;27.25;27.00;25.75;25.75;25.25;25.25;25.50;26.75;33.25;32.75;26.50;25.25;25.00;25.50;25.50;27.75;41.00;40.75;27.75;25.25;24.50;24.75;24.75;28.25;41.75;41.00;27.50;25.25;24.25;24.50;25.25;29.00;42.00;40.50;26.75;25.00;24.00;24.50;25.00;26.50;32.50;31.25;25.00;24.00;24.25;24.25;24.00;24.25;24.25;24.25;24.25;23.50;22.50;24.00;23.75;24.25;23.25;24.25;23.50;23.25;23.25]
39027- [25.00;25.00;25.75;27.25;27.25;26.00;26.00;25.25;25.50;25.25;26.50;33.00;33.00;26.50;25.50;25.25;25.25;25.50;27.50;41.50;40.75;27.25;25.50;24.75;25.25;25.00;28.25;42.00;41.00;27.25;25.00;24.25;24.75;25.25;28.75;42.25;40.50;26.75;24.50;24.00;24.25;24.25;26.50;32.25;31.25;24.75;24.25;24.00;24.00;24.00;24.25;24.75;24.75;24.25;23.75;22.75;23.25;23.50;23.50;24.25;23.75;23.25;23.00;23.50]
39512- [26.00;25.50;26.00;27.00;27.25;26.00;25.75;25.50;26.00;25.50;26.75;33.25;33.50;26.50;25.50;25.50;25.25;25.50;27.75;41.25;40.75;27.50;25.75;24.50;24.75;25.00;28.25;42.00;41.00;27.50;25.00;24.25;24.75;25.00;28.50;42.50;41.00;26.75;24.75;24.25;24.25;24.75;26.50;32.75;31.50;25.50;24.25;24.50;24.00;23.75;24.25;24.75;24.75;24.00;24.00;22.50;23.25;23.50;24.00;23.50;24.00;22.75;23.75;23.50]
39997- [25.50;25.00;26.25;27.00;27.25;26.25;25.75;25.50;25.00;25.00;26.75;33.25;33.25;26.75;25.25;25.25;25.00;25.50;27.25;41.25;40.75;27.75;25.50;25.00;24.50;25.25;28.50;42.25;40.75;27.25;25.25;24.50;25.00;25.50;28.75;42.50;41.00;27.00;24.75;24.25;25.00;25.00;26.25;32.75;31.50;25.00;24.25;24.25;23.75;23.75;24.25;24.75;24.75;24.25;24.00;23.00;23.75;23.75;23.75;23.75;23.75;23.25;23.00;23.25]
40482- [25.75;25.25;26.25;27.50;26.75;26.25;25.75;25.75;25.25;25.50;26.50;33.25;33.00;26.75;25.50;25.75;25.00;26.25;28.00;41.50;41.00;27.75;25.25;24.50;25.00;25.25;28.25;42.25;41.25;27.25;25.25;24.00;25.25;25.25;28.75;42.00;40.75;26.75;25.25;24.50;24.50;25.00;26.25;32.25;31.50;25.25;24.25;24.00;23.75;24.00;24.50;24.75;24.75;24.50;23.50;23.75;23.50;24.00;23.75;24.00;24.00;23.75;23.25;23.50]
40967- [25.75;25.00;25.50;27.00;27.00;26.00;26.25;25.50;25.75;25.25;26.75;33.25;33.00;26.75;25.50;25.50;25.00;25.75;27.75;40.75;40.75;27.50;25.75;25.00;24.75;25.25;28.00;42.25;41.00;27.25;25.75;24.50;25.00;25.50;28.75;42.25;40.75;26.75;24.50;24.50;24.50;24.50;26.25;32.50;31.50;25.25;24.25;24.25;24.00;24.25;24.50;25.00;24.50;24.50;23.50;23.25;23.50;23.50;23.75;23.50;24.25;23.25;24.00;22.75]
41452- [25.50;25.00;25.75;27.00;27.00;25.75;25.75;25.00;25.25;25.25;27.00;33.25;32.75;26.25;24.75;25.25;25.25;25.50;28.00;41.25;40.75;27.75;25.50;24.75;24.75;25.00;28.25;42.00;41.00;27.25;24.75;24.00;25.00;25.25;28.75;42.25;41.25;26.75;24.75;24.50;24.50;25.00;26.25;32.50;31.50;25.00;24.25;24.50;24.25;23.75;24.00;24.75;24.50;24.50;23.25;23.25;23.50;23.25;24.00;23.75;24.00;23.50;23.50;23.25]
41937- [26.00;24.75;25.75;27.00;27.25;25.50;25.75;25.50;24.75;25.75;26.25;33.00;33.00;26.75;25.25;25.25;25.25;25.50;28.00;41.00;41.00;27.50;25.50;24.50;24.75;25.00;28.50;42.25;41.25;27.50;24.75;24.50;25.25;25.00;28.50;42.25;41.00;26.75;25.00;24.25;24.50;24.75;26.25;32.50;31.50;25.25;24.00;24.25;24.25;24.00;24.00;24.75;24.50;24.00;24.00;23.25;23.50;23.75;23.75;24.25;23.75;23.25;23.50;23.50]
42422- [25.25;25.00;25.75;27.00;27.25;25.75;26.00;25.75;25.25;25.25;26.50;33.00;33.25;26.00;25.25;25.50;25.00;25.50;27.75;41.00;40.75;27.75;25.25;24.75;25.25;24.75;28.25;41.75;41.00;27.25;25.00;24.25;25.00;25.25;29.00;42.00;41.00;26.25;25.00;24.00;24.00;25.00;26.50;32.25;31.75;25.25;24.25;24.25;24.50;23.50;24.50;24.75;24.50;24.25;23.75;23.25;23.75;24.00;23.75;23.75;23.75;23.25;23.25;23.00]
42907- [25.75;25.00;25.25;27.25;27.00;25.75;25.00;25.00;25.50;25.50;27.00;33.00;33.00;26.50;25.50;25.00;25.25;26.00;27.75;41.25;40.75;28.00;25.50;24.75;25.25;25.00;28.50;42.00;41.00;27.00;25.25;24.25;24.50;25.25;29.00;42.00;40.75;26.75;25.00;23.75;24.75;24.75;26.00;32.75;31.25;25.50;24.00;24.00;23.75;24.00;24.25;24.75;24.75;23.75;24.00;23.50;23.50;23.50;23.75;23.50;23.50;23.25;23.25;23.25]
43392- [26.00;24.75;26.25;27.25;27.00;26.00;26.00;25.50;26.00;25.25;26.75;33.25;33.25;26.50;25.25;25.00;25.25;25.25;28.00;41.00;40.75;27.50;25.25;24.75;25.25;25.25;28.25;42.00;41.00;27.50;25.00;24.25;24.75;25.50;29.00;42.00;40.75;27.00;25.25;23.75;24.50;25.00;26.25;32.25;31.75;25.25;24.25;23.50;23.75;23.75;24.25;24.50;24.75;24.00;23.75;23.00;23.25;23.50;24.25;23.50;24.25;23.25;23.50;22.75]
43877- [25.50;25.00;25.50;27.00;27.00;26.00;25.75;25.00;25.50;25.25;27.00;33.25;32.75;26.75;25.00;25.25;25.50;25.75;28.00;41.00;40.75;27.75;25.25;25.00;24.75;25.50;28.25;42.00;40.75;27.25;25.25;24.50;25.00;25.00;29.00;42.00;40.75;26.75;24.25;24.25;23.75;24.75;26.25;32.75;31.75;25.50;24.00;24.25;24.25;23.50;24.25;24.75;24.50;24.50;23.75;23.25;23.25;23.50;23.75;24.00;23.50;23.50;23.25;23.75]
44362- [25.75;25.50;25.50;26.75;27.00;25.75;25.50;25.50;25.50;25.50;26.50;33.50;33.00;26.25;26.00;25.50;25.25;25.75;27.50;41.50;40.50;27.50;25.75;24.25;24.75;25.00;28.00;41.75;41.00;27.00;25.25;24.00;25.00;25.25;28.75;42.00;40.50;27.00;24.75;24.50;24.50;24.50;26.50;32.25;31.75;25.00;24.00;24.00;24.25;23.50;24.25;24.50;24.50;24.00;23.75;23.25;24.00;23.75;23.50;23.25;23.50;23.25;23.75;23.50]
44847- [25.50;25.50;26.00;27.00;27.25;25.75;25.50;25.25;25.00;25.25;26.25;33.00;33.00;26.75;24.75;25.00;25.00;25.50;27.75;41.25;40.50;27.25;25.25;24.50;24.50;24.75;27.75;41.75;40.75;27.00;25.00;24.50;24.75;25.50;28.75;42.00;40.50;26.75;25.00;24.00;24.00;25.00;25.75;32.50;31.25;25.25;24.00;24.00;23.75;23.75;24.25;24.75;24.25;24.25;23.75;23.25;23.25;23.25;24.00;23.25;23.50;23.00;23.75;23.00]
45332- [25.25;25.00;26.00;27.00;27.00;26.00;25.25;25.25;25.00;25.00;26.75;33.25;33.00;26.25;25.50;25.25;24.50;25.25;27.75;41.00;40.50;27.50;25.25;24.50;25.00;25.25;28.00;42.00;41.00;27.25;25.50;24.25;24.75;25.00;28.50;42.00;41.25;26.50;24.50;23.50;24.25;24.50;25.50;32.50;31.00;25.00;24.25;23.75;24.00;23.50;23.75;24.50;24.75;23.75;23.75;23.00;23.50;24.00;24.00;23.75;24.00;23.25;23.25;23.25]
45817- [25.50;25.00;26.00;26.50;26.75;25.75;25.25;25.00;25.50;25.25;26.00;33.00;33.00;26.25;25.75;25.00;25.00;25.00;27.50;41.00;40.75;27.25;25.50;24.25;24.50;25.00;27.75;41.75;40.50;27.00;25.00;24.25;24.50;25.25;28.75;41.75;40.75;26.75;24.50;24.00;24.25;24.75;26.00;32.50;31.00;25.25;24.25;23.75;23.50;23.75;24.25;24.25;24.25;23.75;23.25;22.75;23.00;23.25;23.75;23.00;23.25;23.25;23.50;23.50]
46302- [25.75;25.00;25.75;26.75;27.00;25.50;25.25;25.50;25.25;25.25;26.75;33.00;33.25;26.50;25.50;25.00;25.50;25.50;27.50;41.25;40.50;27.25;24.75;24.25;24.75;25.00;28.00;42.00;41.00;26.75;24.75;24.00;25.00;24.75;28.75;42.00;40.75;26.75;25.00;23.25;24.00;24.50;26.25;32.25;31.00;24.75;24.25;24.25;23.75;23.75;24.00;24.75;24.25;24.00;23.75;22.50;23.25;23.25;24.00;23.75;23.25;23.25;23.25;23.00]
46787- [25.50;25.25;26.25;26.75;27.00;25.75;26.00;24.75;25.00;25.00;26.25;33.00;33.00;26.25;25.00;25.00;25.00;25.50;27.75;41.25;40.75;27.50;25.25;24.75;25.00;24.75;28.25;41.75;41.00;27.25;24.75;24.00;24.25;25.00;28.50;42.25;40.75;26.75;24.75;23.75;24.25;24.75;26.50;32.25;31.00;25.00;24.00;24.00;24.25;24.00;24.25;24.75;24.50;24.25;23.75;23.00;23.50;23.50;24.00;23.50;23.50;23.25;23.25;23.50]
47272- [25.50;24.50;25.50;27.00;26.75;25.75;25.50;25.50;25.25;25.00;26.50;33.25;32.75;26.50;24.75;24.75;25.00;25.25;27.75;40.75;40.50;27.50;25.25;24.50;24.50;25.00;27.75;41.75;41.00;26.75;25.00;24.25;25.00;25.00;28.75;41.75;40.75;26.75;24.75;24.50;24.75;24.75;26.25;32.25;31.00;25.00;23.75;24.25;23.25;23.75;24.25;25.00;24.50;24.00;23.50;22.75;23.50;23.25;24.00;23.50;23.75;23.50;23.75;22.50]
47757- [25.75;24.75;26.00;26.50;26.50;26.00;26.00;25.50;25.00;25.00;26.25;33.00;33.00;26.50;25.25;24.50;24.75;25.75;27.75;41.00;40.50;27.25;25.00;24.50;24.75;25.00;28.50;41.75;40.75;26.75;25.00;24.25;24.75;25.25;28.50;42.00;40.50;26.50;24.75;23.75;24.50;24.75;25.75;32.25;31.00;24.75;23.75;23.75;24.00;23.75;24.25;24.50;24.75;23.75;23.25;22.75;23.50;23.50;23.50;24.00;23.50;23.00;23.00;23.25]
48242- [25.25;25.00;25.25;27.00;27.00;25.25;25.50;25.50;24.75;25.25;26.50;33.00;32.75;26.25;24.75;25.00;25.00;25.00;27.25;40.75;40.25;27.00;25.00;24.00;24.50;25.00;27.50;41.75;40.75;26.75;24.75;24.25;24.50;24.50;28.25;41.75;40.50;26.25;24.50;24.00;24.00;24.25;25.75;32.00;31.25;24.50;23.50;23.75;23.50;23.75;24.00;24.00;24.00;24.25;23.75;22.75;23.50;24.00;23.75;22.75;23.50;23.25;23.25;22.75]
48727- [25.25;25.50;25.75;26.50;26.25;25.25;25.50;24.75;24.75;25.25;26.50;33.25;32.75;26.50;25.00;25.25;24.75;25.25;27.00;40.75;40.50;27.25;25.00;24.25;25.00;24.50;28.00;41.75;41.00;26.75;24.50;23.75;24.75;24.75;28.50;42.00;40.50;26.50;24.25;23.50;24.25;25.00;26.00;32.25;31.00;24.75;23.75;23.75;23.75;23.75;24.00;24.25;24.00;23.75;23.50;22.75;23.75;23.50;23.75;23.25;23.25;23.00;23.25;23.50]
49212- [25.25;24.50;25.50;27.00;26.50;26.25;25.25;25.00;25.00;24.75;26.25;32.50;32.75;26.00;25.00;24.75;24.50;25.00;27.00;40.75;40.75;27.25;25.00;24.25;24.75;24.75;28.00;41.50;40.50;26.50;24.50;24.00;24.75;24.75;28.00;41.75;40.50;26.25;24.75;23.50;24.50;24.25;25.50;32.00;31.00;24.75;23.75;23.50;23.50;24.00;23.50;24.25;24.00;23.75;23.25;22.75;23.25;23.50;23.50;23.25;23.50;22.75;23.00;23.25]
49697- [25.25;25.00;25.75;26.50;26.50;25.50;25.75;25.00;25.25;25.25;26.25;32.75;32.50;26.00;24.75;25.00;25.25;25.25;27.50;40.75;40.75;27.00;25.50;24.75;24.75;24.75;27.50;41.50;40.75;26.50;24.25;24.00;24.75;25.25;28.50;41.75;40.75;26.25;24.75;23.75;24.00;24.50;25.50;32.00;31.25;24.75;24.00;24.00;23.25;23.25;24.25;24.25;24.00;23.75;23.50;22.75;23.00;23.25;23.75;23.50;23.50;22.75;22.75;22.25]
50182- [25.75;25.00;25.50;27.00;26.50;25.50;25.75;25.25;25.00;25.00;26.00;33.00;32.75;26.25;24.75;24.75;24.75;25.50;27.75;41.00;40.50;27.50;25.25;24.50;24.50;24.75;27.75;41.25;40.50;26.75;24.75;24.00;24.50;24.75;28.25;41.75;40.00;26.50;24.75;23.75;24.00;24.50;26.00;32.50;31.00;24.50;23.75;23.50;23.75;23.00;23.75;24.25;24.00;23.50;23.50;22.75;23.00;23.75;23.50;23.75;23.25;22.75;23.00;23.25]
50667- [25.25;24.75;25.75;27.00;26.50;25.50;25.75;25.25;25.25;25.25;26.25;32.75;32.50;26.75;25.25;25.00;24.75;25.50;27.25;40.50;40.25;27.25;24.75;24.25;24.75;25.00;27.50;41.50;40.75;27.00;24.50;23.75;24.50;24.75;28.00;41.75;40.50;26.50;24.75;23.50;24.00;24.50;26.00;32.25;31.00;24.75;23.50;24.25;23.75;23.25;24.25;24.25;24.00;23.75;23.00;22.50;23.00;23.50;23.50;23.50;23.50;23.00;23.00;22.75]
51152- [25.50;24.75;26.00;27.00;26.50;25.50;25.50;25.00;25.25;25.00;26.00;33.00;32.50;26.25;25.00;25.00;24.25;25.25;27.75;40.75;40.25;27.00;25.25;24.50;24.50;24.50;27.50;41.75;40.25;26.75;24.50;24.00;24.75;25.00;28.25;41.75;40.25;26.50;24.50;24.00;24.25;24.50;26.00;31.75;30.75;24.50;23.50;23.50;23.50;23.50;23.75;24.00;24.00;23.75;23.50;22.00;23.00;23.50;23.75;23.25;23.25;22.50;23.25;23.25]
51637- [25.25;24.75;25.25;26.75;26.25;25.75;25.75;25.25;25.00;24.75;26.25;32.75;32.50;26.00;25.50;25.50;25.00;25.00;27.25;41.00;40.25;26.75;25.00;24.25;24.50;24.75;28.00;41.75;40.75;26.75;24.25;24.00;25.00;24.50;28.50;42.00;40.25;26.25;24.50;23.50;24.25;24.25;25.50;32.25;31.00;25.00;24.00;23.75;23.75;23.25;24.00;24.75;24.00;23.50;23.00;23.00;23.25;23.75;23.25;23.00;23.50;22.50;22.75;23.00]
52122- [25.75;24.75;25.25;26.50;27.00;25.50;25.50;24.75;25.50;24.75;26.25;32.75;32.75;25.75;25.25;24.75;24.75;25.25;27.50;40.75;40.25;27.50;24.75;24.50;24.75;24.50;28.00;41.50;40.50;26.75;24.75;24.00;24.50;25.00;28.25;41.50;40.50;26.25;24.50;23.50;24.25;24.75;25.75;32.25;31.00;24.75;23.50;23.50;23.75;23.25;24.00;24.25;24.00;23.75;23.50;22.25;23.25;23.25;23.50;23.25;23.50;23.00;22.75;22.75]
52607- [25.50;25.00;25.50;27.00;27.00;25.50;25.50;24.75;25.00;25.25;26.50;33.00;32.50;26.50;25.00;25.25;24.75;25.00;27.50;41.00;40.50;27.00;25.25;24.25;24.50;25.00;27.75;41.75;41.00;26.75;24.50;24.25;24.75;25.00;28.50;42.00;40.25;26.75;24.75;23.75;24.50;24.75;25.75;32.50;31.25;25.25;23.75;23.75;23.75;23.75;24.25;24.25;24.50;24.00;22.75;22.25;23.50;23.75;23.75;23.00;23.50;22.75;22.75;22.75]
53092- [25.25;25.00;25.25;27.00;27.00;25.50;25.50;25.00;25.25;25.25;26.75;33.00;32.75;26.00;24.75;25.25;25.25;25.50;27.50;41.00;40.50;27.50;25.50;24.25;24.50;25.00;27.75;42.00;40.75;27.00;24.50;24.50;24.50;25.00;28.75;41.75;40.50;26.50;25.00;23.75;24.00;24.50;26.00;32.25;31.00;24.75;24.00;24.25;24.25;23.75;24.25;24.50;24.50;23.75;23.75;22.75;23.75;23.25;23.75;23.25;23.50;22.75;22.75;23.25]
53577- [25.50;24.75;25.50;27.00;27.00;25.25;25.75;24.75;25.50;25.25;26.50;33.00;32.50;26.00;25.25;25.25;25.00;25.25;27.50;41.00;40.50;27.00;25.50;24.25;25.00;25.25;28.25;41.75;41.00;26.75;24.75;23.75;24.75;25.00;28.75;42.00;40.25;26.50;25.00;23.75;24.25;24.25;25.75;32.25;31.25;25.00;23.75;23.75;23.50;23.75;24.00;24.75;24.75;23.75;23.25;22.25;23.00;23.25;23.00;23.25;23.75;23.00;23.25;23.00]
54062- [25.25;24.75;25.25;26.25;26.50;25.75;25.25;24.75;25.00;25.00;26.50;33.00;32.75;26.25;25.00;25.00;24.75;25.25;27.75;41.25;40.50;27.00;25.25;24.00;24.50;25.00;28.50;41.75;40.75;27.25;24.75;24.25;24.75;25.25;28.25;42.00;40.50;26.25;24.75;23.50;24.25;24.25;26.00;32.00;31.25;25.00;23.50;24.00;23.75;23.50;24.00;24.75;24.00;24.00;23.75;23.00;22.75;23.00;23.50;23.50;23.50;22.75;23.25;22.75]
54547- [25.00;24.75;25.25;26.75;26.50;25.75;25.25;24.50;25.25;24.75;26.25;33.00;33.00;26.00;25.00;25.00;25.00;25.25;27.50;41.25;40.75;27.25;25.25;24.00;24.75;24.75;28.00;41.25;40.75;27.00;24.75;24.25;24.50;25.00;28.00;42.00;40.50;26.75;24.50;24.25;24.25;23.75;26.25;32.00;31.25;25.00;23.75;23.50;23.50;23.25;24.25;24.75;24.25;24.25;23.50;22.75;22.75;23.50;23.25;23.25;23.50;23.25;23.25;22.75]
55032- [25.25;25.00;25.75;27.00;26.75;25.50;26.00;25.00;25.25;25.00;26.50;32.75;32.75;26.50;24.75;25.00;25.25;25.25;27.75;41.00;40.75;27.00;25.50;24.25;24.75;25.00;27.75;41.75;41.00;27.00;25.00;23.75;25.00;25.25;28.50;42.00;40.50;26.50;24.75;23.50;24.50;24.75;26.00;32.25;31.50;24.75;24.25;23.75;24.00;23.50;24.25;24.75;24.50;23.75;23.25;23.00;23.75;23.50;23.50;23.50;23.00;22.75;23.25;22.75]
55517- [25.25;25.00;26.25;26.75;27.25;25.75;25.75;25.25;25.25;25.50;26.50;33.00;32.50;26.75;25.00;25.00;25.00;25.50;27.75;40.75;40.50;27.25;25.25;24.25;24.75;25.00;28.00;41.50;41.00;27.00;25.00;24.00;25.00;25.00;28.50;42.25;40.25;26.75;24.50;23.50;24.25;24.50;25.75;32.00;31.50;25.25;24.00;23.75;23.50;23.50;24.25;24.75;24.25;24.00;24.00;23.00;23.25;23.50;24.00;23.25;23.50;23.25;22.75;22.50]
56002- [25.50;25.00;26.00;27.00;26.75;25.50;25.50;25.25;25.25;25.00;26.50;32.75;33.00;26.25;25.00;25.25;24.75;25.50;27.50;41.25;40.50;27.25;25.25;24.25;25.00;25.00;27.75;41.50;40.75;27.50;25.00;23.75;24.75;25.50;28.50;42.00;40.50;26.50;24.75;24.50;24.25;24.75;26.00;32.25;31.25;24.75;24.25;23.75;23.75;23.25;24.50;24.50;24.25;24.00;23.50;22.75;23.75;23.75;23.75;23.25;23.25;23.00;23.00;23.50]
56487- [25.25;24.75;25.75;27.25;26.75;25.75;25.50;25.25;25.50;25.25;26.50;33.00;32.75;26.50;25.00;25.25;25.00;25.50;27.50;40.75;40.50;27.00;25.00;24.50;24.75;24.50;28.25;41.50;40.75;27.00;24.50;23.75;24.50;25.25;28.75;42.00;40.50;26.25;25.00;24.00;23.75;24.25;26.25;32.25;31.25;25.25;23.75;24.25;24.00;24.00;24.50;24.50;24.25;24.25;24.00;22.75;23.00;23.75;24.00;23.25;23.75;23.25;23.25;23.25]
56972- [25.50;25.00;25.75;26.25;27.00;25.75;26.00;25.00;25.00;25.00;26.00;33.00;32.50;26.25;25.25;25.75;24.75;25.50;27.75;41.00;40.50;27.00;25.25;24.50;24.75;25.25;28.00;41.75;40.75;27.25;24.75;24.25;24.75;24.75;28.50;42.00;40.50;26.50;25.00;24.25;24.00;24.25;26.25;32.00;31.00;24.75;24.25;23.75;23.50;23.50;24.00;24.50;24.75;24.50;23.25;22.50;23.25;24.00;24.00;23.25;23.25;23.00;23.50;23.00]
57457- [25.25;24.75;25.75;27.00;26.75;25.75;25.25;25.00;25.50;25.00;26.25;33.00;32.50;26.50;25.50;25.25;24.75;25.00;27.50;40.50;40.75;27.25;25.25;24.00;25.25;25.00;28.00;41.75;40.75;27.00;24.75;24.00;24.75;25.00;28.50;42.00;40.25;26.75;24.75;23.75;24.00;24.75;26.25;32.00;31.50;25.00;24.25;23.50;23.50;23.50;23.75;24.50;24.50;24.00;23.25;23.00;22.75;23.50;23.75;23.50;23.00;22.75;23.25;22.75]
57942- [25.75;25.00;25.75;26.75;27.00;25.75;25.00;25.50;25.00;25.25;26.25;33.25;33.00;26.50;25.00;25.25;25.00;25.00;27.25;41.00;40.25;27.00;25.00;24.75;24.50;25.00;27.75;41.75;40.75;27.00;24.75;23.75;24.50;25.25;28.25;42.00;40.25;26.25;24.50;23.75;24.00;24.75;26.00;32.25;31.25;25.00;23.75;24.25;23.75;23.25;24.00;24.50;24.75;24.00;23.25;22.50;23.50;23.25;23.50;23.50;23.75;23.00;23.00;23.00]
58427- [25.75;25.25;25.25;26.50;27.25;25.50;25.50;25.00;25.25;25.00;26.50;32.75;32.50;25.75;24.50;24.75;24.50;25.25;27.75;41.00;40.50;26.75;24.75;24.00;24.50;24.75;27.75;42.00;40.75;27.00;24.75;24.25;24.75;25.00;28.50;41.75;40.25;26.25;24.25;24.00;24.25;24.50;26.25;32.25;31.00;25.25;24.25;24.50;24.00;23.50;24.25;24.25;24.00;24.00;23.50;23.25;23.25;23.00;24.00;23.75;23.00;23.25;23.25;23.25]
58912- [25.75;24.75;25.75;27.00;26.75;25.75;25.50;25.00;25.25;25.00;26.50;33.25;32.50;26.50;25.25;25.00;25.00;25.25;27.50;41.00;41.00;27.50;25.50;24.25;24.75;24.75;27.75;41.75;40.75;27.00;25.00;24.25;25.00;25.25;28.50;41.75;40.00;26.75;24.75;23.25;24.25;24.50;25.75;32.25;31.00;24.75;24.25;23.75;23.50;23.50;24.00;24.50;24.50;24.00;23.25;22.50;24.00;24.00;23.25;23.50;23.50;22.75;23.50;23.25]
59397- [25.50;25.00;25.75;26.75;26.50;25.50;25.25;25.25;25.00;25.00;26.75;33.00;33.00;26.00;25.50;24.75;25.00;25.25;27.50;40.75;40.75;27.00;25.25;24.25;24.50;25.50;28.25;41.75;40.75;27.00;24.75;24.00;24.50;25.25;28.75;41.75;40.25;26.50;24.50;24.00;24.25;24.00;26.25;32.25;31.00;24.75;24.25;24.00;23.75;23.75;24.50;24.50;24.50;23.75;23.75;23.00;23.25;23.75;23.50;23.25;23.25;23.00;23.00;22.75]
59882- [25.75;25.00;25.00;27.50;27.00;26.00;25.75;25.25;25.25;25.00;26.75;33.25;33.00;26.00;25.25;25.25;25.00;25.00;27.75;41.00;40.50;27.50;25.25;24.75;25.00;25.00;27.75;41.50;40.75;27.25;24.75;24.00;24.50;25.00;28.75;41.75;40.25;26.50;24.50;23.75;24.75;24.50;26.25;32.00;31.00;24.75;23.75;23.75;24.00;24.00;24.25;24.50;24.25;24.25;23.00;23.00;23.25;23.25;23.75;23.50;23.50;22.75;23.50;23.00]
60367- [25.75;25.00;25.50;27.25;26.75;25.75;25.25;25.25;25.25;25.00;26.25;33.25;32.75;26.00;25.50;24.75;24.75;25.50;27.25;40.75;40.25;27.00;25.00;24.75;25.00;24.25;28.50;41.75;40.75;27.00;25.00;24.50;24.75;24.75;28.50;42.00;40.75;26.75;25.00;24.00;24.00;24.50;26.00;32.25;31.00;25.25;23.75;24.00;23.75;23.75;24.50;24.75;24.75;24.00;24.00;22.75;23.50;23.50;24.00;23.25;23.25;23.75;23.25;23.25]
60852- [25.75;25.00;25.50;27.00;26.75;25.75;25.25;25.25;25.00;25.25;26.50;33.00;33.25;26.50;25.00;25.00;24.75;25.25;28.00;40.75;40.50;27.25;25.25;24.75;24.75;24.75;28.00;41.50;40.75;27.25;24.75;24.00;24.50;25.00;28.25;41.75;40.75;26.50;24.50;24.00;24.00;25.00;26.00;32.25;31.00;25.00;24.00;23.50;23.75;23.75;24.00;24.25;24.25;23.50;23.50;22.50;23.25;23.50;23.75;23.25;24.00;22.50;23.00;23.25]
61337- [25.50;24.75;25.50;27.00;27.25;25.50;25.25;25.00;25.75;25.25;26.25;32.50;32.75;26.50;24.75;25.25;25.25;25.50;27.75;40.75;40.50;27.25;25.25;24.25;24.50;25.25;28.25;41.75;40.75;27.00;24.50;24.25;25.00;25.00;28.00;42.00;40.25;26.75;24.25;24.00;24.00;24.75;26.00;32.00;31.50;24.75;24.00;23.75;23.75;23.75;24.00;24.50;24.75;24.50;23.50;23.25;23.25;23.00;23.75;23.75;23.25;22.75;23.25;22.75]
61822- [25.50;25.00;25.25;27.00;26.50;25.50;25.50;25.00;25.25;25.00;26.00;32.75;33.25;26.25;25.25;25.00;25.00;25.50;27.75;41.00;40.25;27.50;25.00;24.50;24.75;24.75;28.25;41.75;40.75;27.00;25.00;24.25;24.75;25.25;28.75;42.00;40.25;26.50;24.75;24.00;24.50;24.75;26.00;32.25;31.25;24.50;24.25;24.25;24.00;23.75;24.50;24.75;24.25;24.00;23.50;23.25;23.00;23.75;23.50;23.25;23.50;22.50;23.50;23.00]
62307- [25.00;25.25;26.00;27.25;26.75;25.50;25.50;25.00;25.25;25.00;26.25;32.75;32.75;26.50;25.00;25.00;24.75;25.50;28.00;40.75;40.50;27.50;25.00;24.25;24.75;25.00;28.00;42.00;40.75;26.75;24.75;24.50;24.75;25.25;28.75;42.00;40.25;26.75;24.50;24.00;24.25;24.25;25.75;32.50;31.50;24.75;24.25;24.00;23.75;23.75;24.00;24.50;24.50;24.25;23.50;23.25;23.25;23.50;23.75;23.50;23.50;22.75;23.00;22.75]
62792- [25.25;25.25;26.00;26.75;27.00;25.75;25.75;25.25;25.50;25.25;27.00;33.00;33.00;26.50;25.25;25.00;25.00;25.50;27.50;41.25;40.50;27.50;25.50;24.75;25.00;24.50;28.00;41.75;41.00;27.00;25.00;24.00;24.50;25.00;28.50;42.00;40.25;26.50;25.00;24.00;24.50;24.25;25.75;32.25;31.25;25.00;24.25;24.00;23.50;23.75;23.75;24.75;24.00;24.25;23.50;23.50;23.50;24.00;23.50;23.75;23.50;23.00;23.00;22.75]
63277- [25.25;25.00;25.50;27.00;26.50;25.50;25.75;25.75;25.25;25.00;26.25;32.50;33.00;25.75;25.50;24.75;24.50;25.00;27.50;41.00;40.50;27.25;25.00;24.50;24.50;24.75;28.00;41.50;40.50;27.00;25.00;24.25;24.50;24.75;28.50;42.00;40.50;26.50;24.50;24.00;23.75;24.50;26.00;32.25;31.00;24.75;23.75;23.75;24.00;23.25;24.25;24.25;24.25;24.25;23.50;23.00;22.75;23.50;23.75;23.75;23.75;22.75;23.00;23.00]
63762- [25.50;24.50;25.50;26.75;26.50;25.00;25.50;25.25;25.25;24.75;26.50;33.00;32.75;26.00;25.00;25.25;24.25;25.25;27.25;40.75;40.50;27.00;25.00;24.25;24.75;24.75;27.50;41.50;40.75;26.50;24.75;23.75;24.50;25.00;28.50;41.75;40.75;26.50;25.00;23.50;24.00;24.75;25.75;32.00;31.00;24.50;24.00;24.00;23.50;23.50;24.00;24.50;24.50;24.00;23.50;22.00;23.75;23.25;23.75;23.50;23.75;23.50;23.50;22.75]
64247- [25.50;25.00;25.25;26.75;27.00;25.75;25.25;25.25;24.75;25.00;26.25;33.00;32.75;26.25;25.00;25.00;25.00;25.25;27.50;40.75;40.25;27.50;25.25;24.75;25.25;25.00;28.00;41.50;40.75;26.50;24.75;24.00;24.75;24.50;28.75;41.75;40.75;26.75;24.25;23.75;23.75;24.75;26.00;32.50;31.00;24.50;23.75;24.00;24.00;23.75;23.75;24.75;24.25;24.25;23.50;22.75;23.25;23.00;23.75;23.50;23.50;23.00;23.00;23.25]
64732- [25.25;24.75;25.50;27.00;26.75;25.25;25.50;24.50;25.25;24.50;26.50;33.25;32.50;26.50;24.75;25.25;25.00;25.50;27.75;41.00;40.50;27.25;25.00;24.50;24.75;25.25;28.25;41.75;41.00;27.00;25.00;24.00;25.25;25.25;28.50;41.75;40.25;27.00;25.25;24.25;24.25;24.75;26.25;32.00;31.25;24.75;24.00;24.00;23.75;23.50;24.50;24.75;24.25;23.75;23.50;22.75;23.75;23.75;24.00;24.00;23.50;22.75;23.00;23.25]
65217- [25.50;24.50;26.00;26.75;26.75;25.75;25.50;25.50;25.25;25.25;26.50;33.00;32.75;26.50;25.25;25.50;25.25;25.00;27.75;41.25;40.75;27.50;25.50;24.50;24.75;25.00;28.00;41.75;40.75;27.25;25.00;24.75;24.75;25.25;28.75;42.00;40.75;26.75;25.00;24.00;24.25;24.75;26.25;31.75;31.00;24.75;24.25;24.25;23.75;24.50;24.00;24.25;24.50;24.00;23.50;23.50;23.25;23.75;23.75;23.75;23.25;23.25;23.00;23.00]
65702- [25.25;25.00;25.50;27.25;27.00;26.00;25.75;25.75;25.25;25.25;26.50;33.25;33.50;27.00;25.50;25.00;25.25;25.25;27.75;41.25;40.50;27.25;25.50;24.50;25.00;25.00;28.00;41.50;41.00;26.75;25.00;24.00;24.75;25.25;29.00;42.25;40.75;26.75;24.75;24.00;24.50;25.00;26.00;32.50;31.25;25.00;24.25;24.00;24.00;23.50;24.50;25.00;24.75;24.25;23.75;23.25;23.25;24.00;23.75;23.75;23.75;23.25;24.25;23.00]
66187- [25.50;25.00;25.75;27.50;27.00;26.00;26.00;25.25;25.50;25.50;26.50;33.00;32.50;26.75;25.50;24.75;25.00;26.00;27.50;40.75;40.50;27.75;25.75;24.50;24.50;25.00;28.75;41.75;40.75;27.00;25.00;24.25;25.00;25.00;28.50;42.00;40.25;26.50;24.50;24.00;24.25;24.50;26.25;32.50;31.25;25.00;24.50;23.75;23.75;23.50;24.25;24.75;24.75;24.25;23.25;23.25;22.75;23.50;24.00;23.75;23.75;23.50;23.25;23.00]
66672- [25.00;24.75;26.00;27.25;27.00;25.75;25.75;25.00;25.25;25.00;27.25;33.50;33.25;26.50;25.25;25.50;24.75;25.50;27.50;41.25;40.50;27.50;25.50;24.75;25.00;25.25;28.00;42.00;41.25;27.00;24.75;24.00;25.00;25.25;28.75;42.00;40.75;26.75;24.75;24.25;24.50;24.75;26.00;32.00;31.25;24.75;24.50;24.00;24.00;23.75;24.00;24.75;24.75;24.25;23.75;22.50;23.50;23.50;23.75;23.75;23.50;23.25;23.50;23.25]
67157- [25.25;25.00;25.50;27.25;26.75;25.75;25.75;25.25;25.00;25.00;26.50;33.25;33.25;26.50;25.00;25.75;25.00;25.50;27.75;40.75;41.00;27.50;25.25;24.25;25.25;25.25;28.00;42.00;41.25;27.00;25.25;24.25;25.00;25.00;28.50;42.25;40.50;26.25;24.50;24.00;24.00;24.75;26.25;32.00;31.25;25.25;24.00;24.00;24.25;23.50;24.25;24.50;24.50;24.00;24.00;22.75;24.00;24.00;23.50;23.75;23.75;23.25;23.50;23.25]
67642- [25.50;25.25;26.00;27.00;27.50;26.00;26.00;25.25;25.25;25.00;26.50;33.25;33.25;26.75;25.75;25.00;25.00;25.25;28.00;41.00;40.50;27.50;25.50;24.75;24.75;25.00;28.25;42.00;41.00;27.25;25.75;24.25;25.00;25.50;28.25;41.75;40.75;26.75;24.75;24.25;24.25;25.00;26.00;32.00;30.75;25.00;24.25;24.25;23.75;23.75;24.00;25.00;24.50;24.00;24.00;23.00;23.50;24.00;24.00;23.50;23.75;22.75;23.75;23.50]
68127- [25.50;25.00;25.75;27.00;27.00;25.75;26.00;25.50;25.50;25.25;26.50;33.25;33.50;26.50;25.50;25.50;25.00;25.50;28.00;41.00;40.75;27.75;25.75;25.00;24.75;25.25;28.25;42.00;41.00;27.50;24.75;24.25;25.00;25.00;28.50;42.00;40.75;26.75;25.00;24.25;24.50;25.00;26.00;32.00;31.00;25.50;24.25;23.75;24.00;24.00;24.25;25.25;24.25;23.75;23.50;23.00;23.75;23.25;23.75;23.75;24.00;23.50;23.50;23.50]
68612- [25.25;25.00;26.00;27.00;26.75;26.00;25.50;25.25;25.25;25.75;26.75;32.75;33.25;26.75;25.50;25.25;25.25;25.25;27.75;41.00;40.50;27.50;25.50;24.75;25.00;25.00;28.50;41.75;41.00;27.50;25.00;24.25;25.00;25.00;28.75;42.00;40.50;26.50;24.75;24.00;24.50;24.75;26.25;32.00;31.25;25.50;23.75;24.25;23.75;24.00;24.50;24.75;24.50;24.00;24.00;23.25;23.75;23.50;23.75;24.00;23.75;22.75;23.25;23.50]
69097- [25.25;25.25;25.75;27.25;26.75;25.75;25.75;25.00;25.25;25.00;26.50;33.00;33.25;26.00;25.50;25.50;25.50;25.50;27.75;41.00;41.00;27.00;25.50;24.75;24.50;25.00;28.25;42.00;41.25;27.25;25.00;24.25;25.00;25.25;28.75;42.25;40.75;26.50;25.00;24.25;24.75;24.75;26.25;32.25;31.50;25.25;23.75;24.50;23.75;24.00;24.75;24.75;24.75;24.25;24.00;23.25;23.75;23.50;23.75;23.50;23.75;23.25;23.25;23.50]
69582- [25.25;25.00;26.25;27.25;27.25;26.00;25.75;25.50;25.25;25.25;26.75;33.25;33.00;26.75;25.25;25.25;25.25;25.50;28.00;41.25;40.75;27.75;25.75;24.50;24.50;25.25;28.50;42.00;41.00;27.25;25.25;24.25;24.75;25.25;28.50;42.25;40.75;27.00;24.75;24.00;24.75;25.00;26.00;32.25;31.75;25.25;24.00;24.25;24.25;24.00;24.00;25.00;25.00;24.00;23.75;23.00;23.75;23.75;24.00;23.75;23.75;23.50;23.75;23.75]
70067- [25.50;25.00;26.00;27.50;26.75;25.75;26.00;25.25;25.50;26.00;26.75;33.50;33.00;26.50;25.50;25.50;24.75;26.00;27.75;41.00;40.75;27.25;25.00;24.50;25.00;25.50;28.25;42.00;40.75;27.50;25.00;24.50;24.75;25.25;28.75;42.25;40.50;27.00;24.75;24.00;24.25;25.00;26.25;32.25;31.50;25.00;24.50;24.00;23.75;24.00;24.25;24.75;24.75;24.25;23.75;23.25;23.75;24.25;24.25;23.75;23.50;23.25;23.50;23.25]
70552- [25.50;25.00;26.00;27.25;26.75;26.00;26.00;25.75;25.50;25.00;26.75;33.25;33.25;26.75;25.50;25.25;25.25;25.25;27.75;41.25;40.75;27.25;25.50;24.75;25.25;25.00;28.25;41.50;41.25;27.25;25.00;25.00;25.25;25.25;28.50;42.25;40.75;26.75;24.50;24.25;24.75;25.00;26.25;32.75;31.50;25.50;24.50;24.50;24.25;24.00;24.50;25.00;25.00;24.00;24.25;23.75;23.75;23.50;24.00;24.00;24.00;23.50;23.50;23.25]
71037- [26.00;25.00;26.00;27.00;27.50;25.50;25.75;25.25;25.50;25.50;26.50;33.25;33.25;26.75;25.00;25.25;25.00;25.75;28.00;41.00;40.50;27.75;25.50;24.75;25.25;25.00;28.00;42.25;41.00;27.00;25.00;24.25;25.25;25.00;28.75;42.25;41.00;26.50;24.75;23.50;24.50;24.25;26.50;32.75;31.25;25.25;24.00;24.00;24.00;23.75;24.00;25.00;24.75;24.25;23.75;23.25;23.50;24.00;24.25;24.00;24.00;23.75;24.00;23.25]
71522- [25.25;25.00;26.00;27.00;27.00;25.50;25.50;25.25;25.25;25.50;26.50;33.25;33.00;26.75;25.25;25.00;25.00;25.50;28.25;41.00;40.50;27.50;25.50;25.00;25.00;25.50;28.00;41.75;40.75;27.00;25.00;24.25;24.50;25.25;28.75;42.00;40.50;26.75;24.75;24.25;24.00;25.00;26.25;32.50;31.25;25.25;24.25;24.50;24.00;23.50;24.00;24.75;25.00;23.75;23.50;23.50;23.50;23.50;23.75;23.50;23.75;23.25;23.00;23.25]
72007- [25.25;25.00;25.50;26.75;27.25;25.75;26.00;25.25;25.50;25.25;26.50;33.25;33.00;26.75;25.25;25.50;25.25;26.00;28.00;41.25;40.75;27.50;25.25;24.75;25.00;25.50;28.00;41.75;41.00;27.00;25.00;24.50;24.75;25.50;28.25;42.00;40.50;27.00;24.75;24.25;24.25;24.75;26.25;32.50;31.75;25.25;24.00;24.25;24.00;24.00;24.25;25.00;24.50;24.25;23.50;23.00;24.00;23.50;24.25;23.25;24.25;23.25;23.50;23.00]
72492- [25.75;25.25;26.00;27.25;27.00;26.00;25.50;25.50;25.00;25.50;26.50;32.75;33.00;26.50;25.00;25.00;25.50;25.25;28.00;41.00;40.75;27.50;25.50;24.75;25.25;24.75;28.50;41.50;40.75;27.00;25.00;24.50;25.00;25.25;28.75;41.75;40.50;27.00;25.25;24.25;24.50;24.50;26.50;32.25;31.50;25.00;24.00;24.00;24.00;24.00;24.75;24.50;24.50;24.50;23.50;23.25;23.25;23.50;24.00;24.00;23.75;23.00;23.25;22.75]
72977- [25.50;25.00;26.00;27.00;27.00;25.50;25.75;25.25;25.50;24.75;26.50;33.25;33.25;26.25;25.25;25.00;25.00;25.50;27.75;41.25;40.50;27.50;25.25;24.50;24.25;25.25;28.00;41.75;41.00;27.25;25.00;24.25;24.50;25.00;28.50;42.00;40.50;27.00;25.00;24.50;24.25;24.75;26.00;32.00;31.25;25.00;24.25;24.00;24.00;24.25;24.75;24.50;24.50;24.25;23.50;23.00;23.50;23.25;23.75;23.75;24.00;23.00;23.00;23.50]
73462- [25.50;25.00;26.00;27.50;26.75;25.75;25.50;25.50;25.00;25.00;27.00;33.25;33.25;26.75;25.25;24.75;25.25;25.25;27.75;41.00;40.50;27.50;25.75;24.75;25.00;25.25;28.00;42.00;41.00;27.00;25.25;24.25;24.75;25.00;28.75;41.75;40.75;27.00;24.75;24.25;24.50;25.00;26.25;32.25;31.25;24.75;24.25;24.25;23.25;23.75;24.25;24.50;25.00;24.25;24.00;22.75;23.75;23.50;23.75;23.75;23.75;23.25;23.75;22.75]
73947- [25.00;25.25;25.75;27.00;27.00;25.75;25.50;25.25;25.00;25.25;26.50;33.50;32.75;26.25;25.50;25.25;25.00;25.75;27.50;41.25;40.50;27.50;25.50;24.50;24.75;24.50;28.00;41.75;40.75;27.00;25.00;24.00;24.50;25.50;28.75;42.00;40.50;27.00;25.00;24.25;24.50;25.00;26.00;32.50;31.25;25.00;24.25;23.75;23.75;23.75;24.25;24.50;24.25;24.25;24.25;23.25;24.00;24.25;24.00;23.75;23.50;23.00;23.25;23.00]
74432- [25.25;24.75;26.00;27.00;26.75;25.75;25.25;25.25;25.50;24.75;26.50;33.50;33.25;26.50;25.50;25.25;25.25;25.25;27.75;40.75;40.75;27.25;25.50;24.75;24.75;25.00;28.00;41.50;40.75;27.00;25.00;24.00;24.75;24.75;28.00;41.75;40.50;26.75;24.75;23.50;23.75;24.75;26.00;32.00;31.25;25.50;24.00;23.75;24.00;23.50;24.25;24.75;25.00;24.25;23.50;22.75;23.50;24.25;23.75;23.50;23.75;23.50;23.25;23.25]
74917- [25.75;25.25;25.75;27.00;26.75;26.00;25.75;25.50;25.00;25.00;26.50;33.25;33.00;26.50;25.25;25.50;24.75;24.75;27.75;41.00;40.50;27.75;25.50;24.75;25.00;24.75;28.25;42.00;40.75;27.00;25.25;24.00;24.75;25.00;28.50;42.00;40.50;26.25;25.00;23.75;24.50;24.75;26.00;31.75;31.00;25.00;24.25;24.00;24.00;24.50;24.50;24.75;24.50;24.25;23.75;23.50;23.25;23.75;23.75;23.75;23.50;23.00;23.25;23.00]
75402- [25.75;25.00;25.50;27.00;27.25;25.75;26.00;25.75;25.75;25.75;26.50;33.50;33.25;26.50;25.25;25.00;25.50;25.50;27.50;41.00;40.75;27.50;25.50;24.50;24.75;25.25;28.25;41.75;41.00;27.00;25.25;24.50;24.50;25.50;28.50;42.00;40.75;27.00;24.75;23.75;24.50;24.75;26.25;32.00;31.25;25.25;24.00;24.25;23.50;23.75;24.75;24.75;24.25;24.25;23.75;22.75;23.75;24.25;23.75;24.25;24.00;23.00;24.25;23.00]
75887- [25.50;25.00;25.75;27.00;27.00;25.25;25.50;24.50;25.25;25.00;26.75;33.25;32.75;26.50;25.25;25.25;25.00;25.50;27.50;41.00;40.50;27.25;25.50;25.00;25.00;25.25;28.00;42.00;41.00;27.00;25.25;24.75;24.75;25.00;28.50;42.00;40.25;27.00;25.00;24.00;24.00;25.00;26.00;32.25;31.25;25.00;24.50;23.75;23.50;24.00;24.25;24.75;24.25;24.25;23.75;23.25;23.75;23.50;23.75;23.50;23.25;23.25;23.00;23.25]
76372- [25.75;24.50;25.75;27.00;27.25;25.75;25.75;25.50;25.00;25.25;26.75;33.25;33.25;26.50;25.25;24.75;25.00;25.50;27.75;41.00;40.75;27.50;25.00;24.50;24.25;25.00;28.00;41.75;40.75;27.00;24.75;24.25;24.75;25.50;28.25;42.00;40.50;26.75;24.75;23.75;24.25;24.75;26.50;32.00;31.00;25.25;24.00;23.75;23.75;23.75;24.25;24.25;24.25;24.25;23.25;23.00;23.25;23.25;24.00;23.75;23.75;23.00;22.75;23.25]
76857- [25.25;24.75;25.50;27.00;27.25;25.75;25.75;25.00;26.00;25.00;26.75;33.50;33.50;26.50;25.00;25.50;25.00;25.00;27.50;40.75;40.50;27.25;25.00;24.75;25.00;25.25;28.00;41.50;40.75;27.00;24.75;24.25;24.75;25.00;28.00;41.75;40.50;26.50;25.25;24.00;24.25;24.50;26.00;31.75;31.25;24.75;24.00;24.00;24.00;24.00;24.00;24.75;24.75;24.00;24.00;22.75;23.25;24.25;23.75;23.50;23.50;23.25;23.25;23.50]
77342- [25.50;25.00;25.75;27.25;27.25;26.50;26.00;25.50;25.50;25.00;26.25;33.00;33.50;26.50;25.25;25.50;25.00;25.25;27.75;41.00;40.50;27.50;25.50;25.00;25.00;25.25;28.00;41.50;40.75;27.00;24.75;24.25;25.00;25.25;28.50;42.00;40.25;26.75;25.00;24.25;24.00;24.75;26.25;32.00;31.00;24.75;24.50;24.00;23.75;24.00;24.75;24.75;24.50;24.25;23.50;23.25;23.25;23.75;23.75;23.75;24.00;23.25;23.00;23.00]
77827- [25.25;25.00;26.00;27.25;27.25;25.75;25.25;25.50;25.25;25.50;26.50;33.50;33.25;26.75;25.50;25.50;25.50;25.50;27.75;40.75;40.75;27.75;25.50;24.75;25.00;25.00;28.25;41.50;41.00;27.00;25.00;24.50;24.75;25.75;28.25;42.00;40.25;27.00;25.00;23.75;24.50;24.75;26.00;32.25;31.00;25.00;23.75;24.00;24.25;23.50;25.00;25.00;25.00;24.25;23.75;23.00;23.75;23.25;23.50;23.50;23.75;22.75;23.25;23.25]
78312- [25.50;24.75;26.00;26.75;27.00;25.75;25.25;24.75;25.75;25.25;26.25;33.25;33.00;26.25;25.50;25.25;24.75;25.50;27.75;41.00;40.75;27.50;25.00;24.75;24.75;25.25;28.25;42.00;40.75;27.50;25.25;24.75;24.50;25.25;28.25;42.00;40.50;26.75;25.25;24.00;25.00;24.50;26.25;32.00;31.00;25.25;24.00;23.75;23.75;23.75;24.25;24.75;24.25;24.50;23.50;23.00;23.75;23.25;23.75;23.75;23.75;23.50;23.75;23.00]
78797- [25.75;24.75;25.50;27.50;27.00;26.25;25.75;25.25;25.50;25.25;26.75;33.25;33.00;26.50;25.25;25.00;24.75;25.25;27.50;41.00;40.50;27.50;25.25;24.75;24.50;25.00;28.50;42.00;40.75;27.25;25.00;24.25;25.25;25.25;28.75;41.75;40.50;27.00;25.25;24.25;24.50;24.50;26.00;32.00;31.00;25.25;24.50;24.25;24.50;23.75;24.00;24.75;24.50;24.00;24.00;22.75;23.50;23.00;24.00;23.75;23.75;23.25;23.50;23.00]
79282- [25.00;24.75;25.75;26.75;27.25;26.00;26.00;25.00;25.25;24.75;26.50;33.25;33.25;26.50;25.25;25.00;25.25;25.25;27.75;40.75;40.75;27.50;25.50;24.75;24.50;25.00;28.00;42.00;41.25;27.25;25.00;24.25;24.75;25.00;28.75;42.00;40.75;26.75;24.50;23.75;24.25;24.75;26.25;31.75;30.75;25.50;24.25;24.00;24.00;23.75;24.00;24.50;24.25;24.00;24.00;22.50;23.25;23.25;23.75;23.75;23.75;23.00;23.25;23.75]
79767- [25.25;25.00;26.00;26.75;27.25;25.50;25.75;25.50;25.50;25.25;26.75;33.25;33.25;26.50;25.50;25.50;25.00;25.50;27.75;41.00;40.50;27.50;25.25;24.75;24.75;25.00;27.75;42.00;41.00;27.25;24.50;24.50;24.75;25.25;28.50;42.00;40.25;27.00;25.00;24.25;24.25;24.50;26.25;31.75;30.75;25.00;24.00;23.75;23.50;24.00;24.00;24.75;24.00;24.25;23.50;23.50;23.50;23.75;23.75;23.75;23.25;23.25;23.25;23.00]
80252- [25.50;25.00;25.75;27.25;27.00;26.50;26.00;25.25;25.25;25.50;26.50;33.25;33.00;26.50;25.00;25.25;25.00;25.25;28.00;41.00;40.50;27.75;25.25;24.50;24.50;25.25;28.25;41.75;41.25;27.25;24.75;24.25;25.00;25.50;28.50;41.75;40.75;26.75;24.75;24.00;24.25;24.75;25.75;32.00;31.25;25.25;23.75;24.00;24.25;24.00;24.25;25.00;24.75;24.50;23.50;23.25;23.00;23.75;23.50;23.25;23.50;23.00;22.75;23.50]
80737- [25.25;25.00;26.00;27.25;27.50;25.75;25.50;25.00;25.25;25.25;26.25;33.50;33.50;26.50;25.25;25.75;24.75;25.50;27.75;41.00;40.50;27.75;25.25;24.25;25.25;25.25;28.25;42.00;41.00;27.50;25.25;24.50;25.00;25.50;28.75;41.75;40.75;26.75;24.75;23.75;24.50;24.50;26.00;32.00;30.75;25.00;24.25;24.25;24.00;23.25;24.75;25.25;24.50;24.25;24.00;23.00;23.50;23.75;23.75;24.00;23.50;22.50;23.75;23.50]
81222- [25.25;25.00;26.25;27.25;27.00;25.75;26.00;25.75;25.00;25.25;26.50;33.75;33.00;27.00;25.50;25.25;24.75;25.50;27.75;41.25;40.75;28.00;25.75;25.00;24.75;25.25;28.25;41.75;41.00;27.25;25.00;24.00;25.00;25.25;28.50;42.00;41.00;26.75;24.50;24.00;24.25;25.00;26.25;31.50;30.75;25.25;24.50;24.25;24.25;24.50;24.75;24.75;24.50;24.50;23.50;23.00;23.75;23.75;24.00;23.75;24.00;23.25;23.50;23.25]
81707- [25.25;25.50;26.25;27.25;27.25;25.75;25.75;25.25;25.75;25.00;26.75;33.75;33.25;26.75;25.00;25.50;25.00;26.00;28.25;41.00;40.50;27.50;25.25;24.75;25.00;25.00;28.00;41.75;41.00;27.25;25.25;25.00;25.50;25.25;28.75;42.00;40.50;26.75;24.75;24.00;24.25;24.25;26.00;31.75;31.00;25.00;24.25;24.00;24.25;23.75;24.00;24.50;24.75;24.00;23.75;23.25;23.25;23.75;24.00;23.75;23.75;23.25;23.75;23.00]
82192- [25.25;25.25;25.75;27.25;27.00;25.50;25.50;25.50;25.50;25.50;26.75;33.25;33.25;26.25;25.50;25.00;25.00;25.75;27.75;40.75;40.75;27.50;25.75;24.50;24.75;25.25;28.00;42.25;40.75;27.25;25.00;24.75;24.75;25.25;28.50;41.75;40.50;26.50;24.75;24.00;24.25;24.75;26.00;31.75;30.75;25.25;24.00;24.00;23.50;23.75;24.25;25.00;24.50;24.00;23.75;22.75;24.00;23.75;24.00;24.00;24.00;23.00;23.25;23.75]
82677- [25.50;25.00;26.00;27.00;27.00;25.50;25.25;25.50;25.50;25.50;26.75;33.00;33.25;26.50;25.50;25.50;25.25;26.00;27.75;41.00;40.50;27.75;25.25;24.75;24.75;24.75;28.00;42.00;41.00;27.00;25.00;24.75;24.75;25.25;28.50;41.75;40.50;27.00;25.25;23.75;24.25;24.25;26.25;32.00;31.00;25.00;24.00;23.75;24.50;23.75;24.75;24.50;24.50;24.00;23.75;23.00;23.00;23.25;23.75;23.75;23.75;23.00;23.25;23.50]
83162- [25.50;25.00;26.00;27.00;27.00;25.75;25.75;26.25;25.00;25.00;26.75;33.25;33.00;26.50;25.00;24.75;25.00;25.50;27.50;40.75;40.50;27.00;25.50;24.50;25.25;25.25;27.75;41.50;41.00;26.75;24.75;24.25;25.00;25.25;28.25;41.75;40.75;26.50;24.75;24.25;24.25;25.00;25.75;31.75;31.25;25.25;24.25;24.50;24.00;23.50;24.25;24.50;24.00;24.25;23.50;23.00;23.50;23.75;24.25;23.25;23.75;23.25;23.50;23.25]
83647- [25.00;25.00;25.75;26.75;27.25;25.50;25.75;25.00;25.00;25.25;26.25;33.25;33.75;26.25;25.00;25.25;24.25;25.50;27.25;41.00;40.50;27.75;25.50;25.00;24.25;25.00;27.50;41.75;40.50;27.00;24.50;24.50;25.00;25.00;28.25;42.00;40.25;26.25;24.75;24.00;24.50;24.75;25.75;32.25;31.00;25.00;24.50;24.00;24.00;23.50;24.50;24.25;24.25;23.75;23.50;23.00;23.75;23.25;23.50;24.00;23.00;23.50;23.75;23.00]
84132- [25.25;25.00;26.00;27.50;27.00;26.00;25.50;25.75;25.50;25.25;26.50;33.25;33.25;26.25;25.50;25.00;24.75;25.50;27.50;41.00;40.25;27.50;25.75;24.50;25.00;25.25;28.00;41.50;40.75;27.00;24.50;24.25;25.00;25.00;28.75;41.75;40.50;26.50;24.75;24.25;24.00;24.75;26.00;32.00;31.25;25.25;24.00;24.00;23.75;24.00;24.00;24.50;24.75;24.50;23.50;23.50;23.50;23.50;24.25;23.25;24.00;23.25;23.25;22.75]
84617- [25.00;25.25;25.50;27.00;26.75;25.75;25.75;25.50;25.50;25.50;26.50;33.25;33.50;26.50;25.25;25.50;24.25;25.25;27.50;40.75;40.50;27.25;25.25;24.50;25.00;24.50;28.00;41.75;40.75;27.50;24.75;24.00;24.75;25.25;28.50;41.75;40.25;26.75;24.50;24.00;24.50;24.25;25.75;31.25;31.00;25.00;24.25;23.75;23.75;23.75;24.25;24.50;24.25;24.00;23.50;22.50;24.00;23.75;23.75;23.75;24.00;23.25;23.00;23.00]
85102- [25.25;24.75;26.00;26.75;27.25;25.75;25.75;25.50;25.25;25.00;26.50;33.25;33.25;26.25;25.50;24.75;24.75;25.50;27.50;41.25;40.50;27.50;25.25;24.50;24.50;25.25;28.25;42.25;40.75;27.25;25.00;24.25;24.50;25.25;28.50;41.75;40.50;26.75;24.50;24.00;24.50;24.50;25.75;32.00;31.00;24.75;23.75;24.00;23.50;24.25;24.50;24.25;24.50;24.00;23.50;23.00;23.50;23.50;23.50;23.25;23.75;23.25;23.50;23.25]
85587- [25.25;25.00;25.50;27.00;26.75;26.00;25.75;25.50;25.50;25.50;26.25;33.25;33.00;26.25;25.00;25.25;24.75;25.75;27.50;40.75;40.75;27.50;25.25;24.75;24.75;25.25;28.00;41.75;40.75;26.75;24.75;24.50;24.75;25.75;28.50;41.75;40.50;26.50;24.50;24.00;23.75;24.75;26.25;31.75;30.75;25.25;24.00;24.00;24.00;23.25;24.25;24.50;24.75;24.00;23.75;22.50;23.25;23.50;23.75;23.50;23.50;23.25;23.25;23.00]
86072- [25.50;25.00;25.75;27.00;27.25;25.75;25.50;25.75;25.25;25.25;26.50;33.25;33.00;26.50;24.50;24.75;24.75;25.75;27.25;41.00;40.50;27.50;25.50;24.75;24.50;25.00;27.50;41.25;40.75;27.25;24.75;24.25;24.50;25.00;28.25;42.00;40.25;26.50;24.75;23.75;24.00;24.25;25.50;31.75;31.00;25.25;24.25;24.00;23.75;23.75;24.50;24.75;24.75;24.00;23.75;23.00;23.25;23.75;23.75;23.75;23.25;23.00;23.25;23.25]
86557- [24.75;24.75;25.25;26.75;27.25;25.25;25.25;24.75;25.00;25.25;26.25;33.50;33.00;26.25;25.00;24.75;24.75;24.75;27.50;40.75;40.50;27.25;25.00;24.50;24.25;24.75;27.75;41.50;40.75;27.00;24.75;24.50;24.50;24.75;28.00;41.25;40.25;26.00;24.50;23.75;24.50;24.50;26.00;31.50;30.25;24.75;24.25;23.75;23.75;24.00;24.25;25.00;24.25;24.25;23.50;23.00;23.25;23.50;23.75;24.25;23.25;23.00;23.75;23.25]
87042- [25.50;25.00;25.50;27.25;26.75;25.75;25.25;25.25;25.75;25.25;26.25;32.50;33.00;26.50;25.00;24.50;24.75;25.75;27.50;40.75;40.25;27.25;25.00;24.25;24.75;25.00;28.00;41.50;40.75;27.00;25.00;23.75;24.75;25.00;28.25;41.75;40.00;26.25;24.50;24.00;23.75;24.50;25.75;32.00;31.00;24.75;24.25;23.75;23.25;23.25;24.25;24.50;24.00;23.75;23.25;23.00;23.75;23.50;24.00;23.25;23.25;22.75;23.00;22.50]
87527- [25.25;24.50;25.50;26.75;27.00;25.50;25.50;24.75;25.50;25.00;26.25;33.00;33.00;26.75;25.00;25.25;24.50;25.00;27.75;41.00;40.50;27.25;25.25;24.50;24.75;25.25;28.00;41.75;40.50;27.00;24.75;24.25;24.25;25.25;28.50;41.50;40.25;26.25;24.50;23.75;24.25;24.50;26.00;32.00;30.50;24.50;23.50;24.25;23.75;23.50;24.25;24.50;24.50;23.50;23.25;22.75;23.75;23.50;23.50;23.25;23.75;23.00;23.25;22.75]
88012- [25.25;24.25;26.00;26.50;26.75;25.50;25.50;25.50;25.25;25.00;26.25;33.25;33.00;26.50;25.25;25.00;25.00;24.75;27.25;40.75;40.75;27.25;25.50;24.75;24.50;24.75;27.75;41.50;40.50;27.00;24.75;24.25;25.00;25.25;28.75;41.50;40.50;26.75;24.50;24.00;24.00;24.50;26.00;31.75;31.00;25.00;23.75;23.75;23.25;23.75;24.00;24.50;24.25;24.00;23.75;22.75;23.25;23.25;23.75;23.75;23.75;23.00;23.50;22.75]
88497- [25.50;25.00;25.75;27.25;27.00;25.25;25.75;25.00;25.00;25.00;26.50;33.25;32.75;26.25;25.00;25.50;24.50;25.00;27.50;40.75;40.75;27.00;25.25;24.75;24.75;24.75;27.75;41.75;40.50;26.75;24.75;24.25;25.00;25.25;28.25;41.50;40.50;26.50;24.50;24.00;24.25;24.25;25.75;31.75;31.00;24.75;24.00;24.25;23.75;23.75;24.50;24.75;24.75;24.25;23.50;23.00;23.00;23.25;23.50;24.00;23.75;23.25;23.50;23.00]
88982- [25.25;24.75;25.25;26.50;26.75;25.75;25.75;25.25;25.00;25.00;26.75;33.00;33.25;26.25;25.00;25.50;24.75;25.00;27.25;40.75;40.25;27.00;25.50;24.50;24.50;24.75;27.75;41.50;40.75;26.75;25.00;24.00;24.75;25.25;28.25;41.50;40.50;26.50;24.75;24.00;24.25;24.50;26.00;32.25;30.75;24.75;24.00;23.75;24.00;24.00;24.50;24.50;24.75;24.00;23.50;23.25;23.75;23.50;23.75;23.25;24.00;23.00;23.00;23.25]
89467- [25.75;25.00;25.50;27.25;26.75;25.50;25.50;25.00;25.50;25.25;26.50;33.00;33.00;26.75;25.50;25.25;25.00;25.25;28.25;41.00;40.50;28.00;25.50;24.75;24.50;25.00;28.00;41.75;41.00;27.00;24.75;24.25;25.00;25.25;28.50;41.50;40.50;26.25;24.75;24.00;24.00;24.75;25.75;32.50;30.75;25.25;24.25;23.50;23.50;24.00;24.00;25.00;25.00;24.25;23.75;23.25;23.00;23.50;23.25;23.50;23.50;23.00;23.25;23.25]
89952- [25.50;25.00;25.50;27.25;27.25;25.50;25.50;25.25;25.25;25.25;26.00;33.25;33.00;26.75;25.50;25.25;24.75;26.00;27.50;41.00;40.50;27.00;25.50;24.50;24.50;24.75;28.00;41.25;40.75;27.00;24.50;24.75;25.25;25.25;28.25;41.50;40.25;26.75;24.50;24.25;24.00;24.50;26.25;32.00;31.25;24.75;24.25;24.25;23.50;23.50;24.00;24.50;24.75;24.00;23.50;22.75;23.75;24.00;23.50;23.75;23.00;23.25;23.25;23.25]
90437- [25.25;24.75;25.75;27.50;26.75;26.00;25.25;25.50;25.25;25.00;26.75;33.75;33.25;26.75;25.25;25.50;25.25;25.50;27.50;41.00;40.75;27.50;25.25;24.75;25.00;25.00;27.75;41.50;41.00;27.25;25.00;24.25;25.00;25.25;28.50;41.75;40.50;26.50;24.75;24.25;24.50;24.75;26.25;31.75;31.25;24.75;24.00;24.50;24.00;23.75;24.25;24.50;24.50;24.25;23.50;22.75;23.50;23.50;23.75;23.75;23.50;23.00;23.50;23.00]
90922- [25.50;24.75;26.00;27.00;27.00;25.50;26.00;25.50;25.00;25.50;26.25;33.25;33.00;26.50;25.00;25.25;25.00;25.75;27.75;41.00;40.50;27.25;24.75;24.50;24.75;25.00;28.00;41.75;40.75;26.50;24.50;24.25;24.25;25.25;28.75;42.00;40.25;27.00;24.75;24.00;24.25;25.00;25.75;32.00;31.00;24.75;24.00;23.50;23.50;23.75;24.25;25.00;24.75;23.50;23.75;23.00;23.50;23.75;24.25;22.75;23.75;22.75;23.50;23.50]
91407- [26.00;24.50;25.75;27.25;27.00;25.75;25.50;25.25;25.75;25.25;26.50;33.00;32.75;26.25;25.50;25.00;24.75;25.75;28.00;40.75;40.75;27.50;25.25;24.75;24.50;25.25;27.75;41.50;40.75;27.00;25.25;24.50;24.50;25.25;28.25;41.75;40.75;27.00;24.50;24.00;24.75;24.75;25.75;32.00;31.25;25.50;24.00;24.00;24.25;23.75;24.50;24.50;24.50;24.00;23.75;22.50;24.00;22.75;23.75;23.50;23.25;23.00;23.75;23.25]
91892- [25.50;25.25;25.75;27.00;27.00;25.75;26.00;25.75;25.25;25.00;26.50;33.25;32.75;26.50;25.25;25.25;24.75;25.00;27.75;41.00;40.50;27.25;25.50;24.25;24.75;25.00;28.00;41.75;41.00;27.00;24.75;24.50;24.75;25.25;28.50;41.75;40.50;26.75;24.75;24.00;24.00;24.75;25.75;32.00;31.00;25.00;24.25;24.00;24.00;23.75;24.50;24.25;24.25;24.00;23.50;22.50;23.50;23.00;23.50;23.75;23.75;23.00;23.00;23.25]
92377- [25.50;24.75;25.50;27.00;27.00;25.50;26.00;25.50;25.50;25.25;26.75;32.75;33.00;26.50;25.25;25.00;25.00;25.50;27.75;40.75;40.50;27.25;25.25;24.00;24.25;25.25;28.00;41.75;41.00;27.25;24.50;24.25;25.00;25.00;28.25;41.50;40.50;26.25;24.50;23.50;24.50;24.25;26.00;32.00;31.25;25.25;24.25;23.75;23.50;24.00;24.00;24.75;24.25;24.00;23.25;23.50;23.75;23.50;23.75;23.00;24.00;23.25;23.50;23.00]
92862- [25.50;25.00;25.75;27.00;26.50;25.50;25.50;25.00;25.00;25.25;26.75;33.00;33.00;26.75;25.25;25.00;25.00;25.25;27.50;41.00;40.50;27.50;25.50;24.50;24.75;25.25;27.75;41.75;40.50;27.50;24.75;24.25;24.75;25.25;28.25;41.75;40.75;27.25;24.50;24.00;24.50;24.50;25.75;32.00;31.25;25.00;24.00;24.25;24.00;23.75;24.50;24.75;24.50;24.00;23.50;23.00;23.75;24.00;23.25;23.50;23.75;22.75;23.25;22.75]
93347- [25.50;25.25;25.50;27.25;26.75;25.75;26.25;24.75;25.25;25.00;26.50;32.75;33.00;26.50;25.00;25.25;24.75;25.50;27.75;41.00;40.50;27.00;26.00;25.00;24.25;25.00;27.75;41.75;40.75;26.75;25.00;24.00;24.75;25.25;28.50;41.75;40.25;26.25;25.00;24.00;24.50;24.25;26.00;32.00;31.25;24.75;24.50;23.75;23.75;24.25;24.00;24.25;24.25;24.25;24.00;22.75;23.25;23.50;24.00;23.25;23.50;23.50;23.25;23.25]
93832- [25.25;25.00;25.75;27.00;27.00;25.50;25.75;25.25;25.00;25.50;26.50;33.00;32.75;26.50;25.25;25.00;25.00;25.25;27.25;40.75;40.25;27.25;25.75;24.75;24.50;25.50;28.00;41.75;40.75;27.00;24.75;24.25;24.75;25.00;28.50;41.50;40.25;26.25;24.50;24.00;24.25;24.25;26.00;31.75;31.25;25.25;24.00;24.25;23.50;23.50;23.75;24.25;24.50;24.00;23.50;23.00;23.50;23.25;23.50;23.75;23.75;23.25;23.00;22.50]
94317- [25.25;24.25;25.75;27.00;27.00;25.75;25.75;25.25;25.50;25.25;26.50;33.50;33.00;26.50;25.25;25.25;25.25;25.25;27.50;41.00;40.50;27.25;25.25;24.50;24.50;25.00;28.25;41.50;40.50;27.00;24.75;24.25;24.25;25.25;28.25;42.00;40.50;26.50;24.50;23.75;24.50;24.50;25.50;32.00;31.00;25.00;23.75;23.75;24.25;24.00;24.50;24.75;24.75;24.50;23.50;23.00;23.00;23.50;23.25;23.25;23.50;22.75;24.25;23.00]
94802- [25.50;24.75;25.75;27.25;26.75;25.75;25.75;25.25;25.50;25.00;26.50;33.25;33.25;26.25;25.75;25.25;24.75;25.25;27.75;40.50;40.50;27.50;25.75;24.50;24.25;25.00;27.75;41.25;40.75;27.00;24.75;24.25;24.75;25.00;28.50;42.00;40.25;26.75;24.50;23.75;24.50;24.50;26.00;32.00;31.00;24.75;24.25;24.25;24.00;23.75;24.25;24.75;24.25;24.00;23.75;23.25;23.25;23.50;23.75;23.25;23.25;23.50;23.00;23.25]
95287- [25.00;25.00;25.75;26.75;26.75;25.50;25.50;25.25;25.75;25.50;26.50;33.25;33.50;26.50;25.25;25.75;25.00;25.50;27.50;40.75;40.25;27.75;25.50;24.25;24.75;25.25;28.25;41.75;41.00;27.00;25.00;23.75;25.25;25.25;28.25;41.50;40.75;26.50;25.00;23.75;24.50;24.75;25.50;32.00;30.75;25.25;24.00;23.75;24.25;23.50;24.50;24.25;24.50;24.00;24.00;23.00;23.25;23.75;23.50;23.75;23.75;22.75;23.75;23.25]
95772- [26.00;25.00;25.50;27.25;27.25;26.00;25.75;25.75;25.75;25.00;26.25;33.00;33.00;26.25;25.50;25.00;25.25;25.50;28.00;41.00;40.50;27.50;25.50;24.75;24.75;24.75;28.00;41.75;41.00;27.25;25.00;24.25;25.00;25.00;28.25;41.75;40.50;26.50;24.75;24.00;24.00;24.75;26.25;32.00;31.25;24.75;23.75;23.75;24.00;24.00;24.50;24.75;24.75;24.75;23.75;23.00;23.50;23.50;23.50;23.75;23.25;23.25;23.50;23.25]
96257- [25.75;25.25;25.75;27.00;27.00;25.75;25.75;25.50;25.50;25.25;26.50;33.25;33.25;26.50;25.25;25.25;24.75;25.75;27.75;41.00;40.50;27.50;25.25;25.00;25.25;25.00;28.00;41.75;40.75;27.00;25.25;24.50;24.50;25.25;28.75;42.00;41.00;26.75;24.75;24.25;24.50;24.75;26.25;32.25;31.00;25.25;24.25;24.50;24.00;23.75;24.50;24.50;24.25;24.25;23.75;22.75;23.75;24.00;24.50;23.50;24.00;22.75;23.25;23.50]
96742- [25.25;25.00;25.50;27.50;27.75;25.75;25.75;25.25;25.50;25.25;26.00;33.00;32.75;26.25;25.75;25.50;25.00;25.75;27.50;41.00;40.50;27.00;25.50;25.00;24.75;25.25;28.00;41.75;41.00;27.00;25.00;24.50;24.50;25.00;28.50;42.00;40.25;26.50;25.25;24.50;23.75;24.50;26.00;32.00;31.50;25.00;23.75;24.00;24.00;23.75;24.25;24.75;24.50;23.75;23.75;23.25;23.00;23.50;23.50;24.00;23.50;23.00;23.50;22.75]
97227- [25.50;24.75;25.75;27.50;26.75;26.00;25.75;25.00;25.00;25.50;26.50;33.25;33.00;27.00;25.25;25.25;24.75;25.50;27.75;40.75;40.25;27.25;25.50;24.75;25.00;25.00;28.00;41.50;41.00;27.25;24.50;24.75;25.00;25.00;28.50;41.75;40.75;26.50;24.50;24.00;24.50;24.75;26.25;32.00;31.25;25.00;24.75;24.00;23.50;24.00;24.50;24.50;24.50;24.00;23.50;22.75;23.25;23.25;24.00;23.75;24.00;23.25;23.50;23.00]
97712- [25.25;25.50;25.50;27.00;27.00;25.75;25.75;25.75;24.75;25.25;26.50;33.25;33.00;26.25;24.75;25.25;25.25;25.50;27.50;40.75;40.50;27.50;25.50;24.75;24.75;25.25;28.00;41.75;41.00;27.00;25.00;24.00;24.75;25.50;28.50;41.75;40.50;26.50;25.00;24.00;24.25;24.50;26.00;31.75;31.50;25.25;24.00;24.00;23.75;23.75;24.00;24.50;24.50;23.75;23.25;23.00;23.00;23.75;23.75;23.25;23.50;23.25;23.50;23.75]
98197- [25.50;25.25;25.50;27.00;26.50;25.50;26.00;25.25;25.00;25.25;26.75;33.50;33.00;26.75;25.00;25.25;25.50;25.50;28.00;41.00;40.75;27.25;25.50;24.25;24.75;25.00;28.00;41.50;41.00;27.00;24.75;24.00;25.00;25.00;28.50;41.75;40.50;26.75;25.00;24.25;24.25;24.25;26.00;31.75;31.25;25.00;24.25;24.00;23.75;23.75;24.00;24.50;24.75;24.00;24.00;23.25;24.00;23.50;23.50;23.25;24.25;23.25;23.00;23.00]
98682- [25.75;25.00;25.25;27.00;27.00;25.75;25.50;25.25;24.50;25.25;26.50;33.00;32.50;26.50;25.25;25.00;25.00;25.50;27.75;40.75;41.00;27.25;25.00;24.25;24.75;25.25;28.00;41.50;40.75;27.00;24.75;24.00;24.75;24.75;28.25;41.50;40.50;26.25;24.75;24.00;24.25;24.75;26.00;32.00;31.25;25.25;23.75;24.25;23.75;23.75;24.00;24.75;24.50;24.25;23.50;23.00;23.75;23.50;23.75;23.25;23.50;23.25;23.00;23.00]
99167- [25.50;24.75;25.50;27.25;26.75;25.75;25.75;25.50;25.75;25.00;26.25;33.00;33.25;26.75;25.25;25.50;24.75;25.00;27.25;40.75;40.25;27.25;25.25;24.50;24.75;24.75;28.00;41.50;41.00;26.75;25.00;24.25;24.75;25.00;28.50;41.50;40.50;26.75;24.50;23.50;24.25;25.00;25.75;32.00;31.00;25.00;24.50;24.00;23.75;23.75;24.00;24.25;24.50;23.50;23.25;23.00;22.75;23.75;23.25;23.25;23.50;23.00;23.50;23.50]
99652- [25.75;24.75;26.00;26.75;26.75;25.75;25.75;25.25;25.25;24.75;26.25;33.25;33.00;26.50;25.25;25.50;25.00;25.50;27.50;41.00;40.25;27.25;24.75;24.25;24.50;25.25;27.75;41.50;40.75;27.00;25.00;24.00;25.00;25.25;28.25;41.75;40.25;26.75;24.50;24.25;24.25;24.25;26.00;32.00;31.25;25.00;24.25;24.25;24.00;24.00;24.25;24.50;24.50;24.25;23.50;23.00;23.50;23.50;23.50;23.25;23.00;23.25;23.25;22.50]
100137-[25.75;25.00;25.75;27.00;27.25;25.75;26.00;25.25;25.25;25.00;26.75;32.75;33.25;26.50;25.50;25.75;25.25;25.25;27.50;40.75;40.25;27.75;25.25;24.25;24.25;25.00;28.00;42.00;41.00;27.25;24.75;24.25;24.75;25.25;28.50;42.00;40.50;26.25;24.75;23.75;24.25;24.75;26.25;32.25;31.25;25.00;24.00;24.00;24.00;23.50;24.00;24.75;24.50;23.75;23.50;23.00;23.50;23.25;23.75;23.75;23.75;23.25;23.00;23.00]
100622-[25.25;25.25;25.50;27.00;27.00;26.00;26.50;25.75;25.50;25.25;26.50;33.00;33.00;26.75;25.25;25.25;25.00;25.25;27.50;40.75;40.75;27.25;25.50;24.50;24.75;24.50;28.00;41.25;40.75;27.00;24.75;24.00;24.25;25.75;28.50;42.00;40.25;26.75;24.75;24.00;24.50;24.50;25.75;31.75;31.50;25.00;24.50;24.25;23.75;23.75;24.00;24.50;24.25;23.75;23.75;23.00;23.25;23.75;23.25;23.75;24.00;23.25;23.25;22.50]
101107-[25.25;25.25;25.75;27.00;27.25;25.50;25.00;25.25;25.25;25.50;26.25;33.25;33.25;26.00;25.25;25.75;25.25;25.25;27.50;40.75;40.50;27.25;25.50;24.50;24.50;25.00;27.75;41.75;40.50;27.00;24.75;24.50;25.00;25.25;28.25;41.50;40.50;26.50;25.00;23.50;24.00;24.50;25.75;32.00;31.25;25.00;24.00;23.75;24.00;23.25;24.25;24.75;24.75;24.00;23.50;23.25;23.00;23.25;23.50;23.50;23.00;22.75;23.25;23.25]
101592-[25.75;25.00;25.75;26.75;27.25;26.25;25.50;25.00;25.75;25.25;26.75;33.25;33.00;26.25;25.25;25.00;24.75;25.25;27.25;40.50;40.25;27.25;25.25;24.50;24.75;24.50;27.75;41.25;40.75;27.00;24.50;24.00;24.75;25.25;28.50;41.50;40.50;26.50;24.75;24.25;24.50;24.50;26.00;32.25;30.75;24.75;24.25;24.25;24.00;23.50;24.00;24.25;24.25;24.00;23.25;23.00;23.00;23.50;23.50;23.50;23.75;23.00;23.00;23.00]
102077-[25.25;24.50;26.00;27.00;27.00;25.75;25.75;25.25;25.00;24.75;26.50;33.25;33.00;26.50;25.25;25.00;24.75;25.75;27.75;40.50;40.25;27.00;25.75;24.75;24.50;25.25;27.50;41.50;40.75;27.00;25.00;24.25;24.75;24.75;28.25;41.50;40.25;26.50;24.75;23.50;24.50;24.50;25.50;31.75;31.00;25.25;24.00;23.75;24.00;23.50;24.00;24.25;24.50;23.75;23.25;23.25;23.50;23.50;24.00;23.50;23.75;22.75;23.25;22.75]
102562-[25.25;25.00;26.00;27.25;27.00;26.00;25.75;25.00;25.25;25.25;26.50;33.00;33.00;26.25;25.25;25.25;25.25;25.50;27.50;40.75;40.25;27.25;25.50;24.00;24.75;25.00;27.75;41.50;40.75;27.00;24.75;24.25;25.00;25.00;28.00;41.75;40.25;26.50;24.75;23.75;24.50;24.50;26.00;32.00;31.00;24.75;24.00;24.00;23.50;23.75;24.25;24.50;24.75;24.00;23.75;22.75;23.75;23.25;23.50;23.75;23.75;23.25;23.00;22.75]
103047-[25.50;25.25;26.00;26.75;26.75;25.75;25.50;25.25;25.50;24.75;26.50;33.25;33.50;26.75;25.25;25.50;25.00;25.50;27.75;40.75;40.50;27.25;25.25;24.75;24.50;25.00;28.25;41.50;40.75;26.75;25.00;23.75;24.50;25.00;28.00;41.75;40.25;26.50;25.00;24.25;24.25;24.50;26.25;32.00;31.50;25.00;24.00;23.75;23.75;23.25;24.25;24.75;24.75;23.75;23.25;22.75;23.00;24.00;23.50;23.50;23.75;23.25;23.50;23.00]
103532-[26.00;24.75;25.75;26.75;27.25;25.50;25.75;25.25;25.00;24.75;26.50;33.25;33.00;26.50;25.50;25.50;24.75;25.50;27.50;40.75;40.50;27.50;25.75;24.75;24.50;25.00;27.75;41.50;40.50;27.25;24.25;23.75;25.00;24.75;28.50;41.75;40.50;26.50;25.25;23.75;24.25;24.00;25.75;31.75;30.75;25.00;24.00;23.75;23.75;23.75;24.50;24.75;24.25;23.75;23.75;22.75;23.75;23.25;23.50;23.25;23.75;23.25;23.50;23.00]
104017-[25.25;24.50;25.75;27.50;27.00;25.75;25.75;24.75;25.50;25.00;26.25;33.00;33.00;26.50;25.00;25.25;25.00;25.50;27.75;40.75;40.50;27.00;25.00;25.00;24.50;25.25;27.75;41.50;40.50;27.25;24.75;24.50;24.75;24.75;28.50;42.00;40.50;26.75;24.75;23.75;23.75;24.75;25.75;32.00;31.00;24.75;24.50;24.25;23.25;23.50;24.25;24.25;24.50;23.50;24.00;22.75;23.50;23.75;23.75;23.25;23.25;22.75;23.75;22.75]
104502-[25.75;24.75;26.00;27.00;27.50;25.75;26.00;25.50;25.25;25.00;26.75;33.25;33.00;26.50;25.25;25.25;25.25;25.50;27.75;41.00;40.50;27.25;25.00;24.75;25.00;24.75;28.00;41.50;40.75;27.25;25.25;24.25;25.00;25.50;28.50;41.75;40.50;26.75;25.00;24.00;24.25;24.50;26.25;32.00;31.50;25.25;23.75;23.75;24.00;23.75;24.25;24.50;24.50;23.75;23.75;23.00;23.25;23.25;23.75;23.25;23.50;22.75;23.25;23.25]
104987-[25.50;25.50;25.50;26.75;26.75;25.75;25.25;25.50;25.00;24.75;26.25;32.75;32.50;26.50;25.50;25.25;24.75;25.00;27.25;40.50;40.25;27.25;25.25;24.75;24.75;25.00;28.00;41.50;40.75;27.00;24.75;24.00;24.75;25.00;28.25;41.75;40.50;26.50;24.75;24.00;25.00;24.75;26.25;32.00;31.50;25.00;23.75;24.00;23.50;23.50;24.25;24.50;24.50;23.50;23.25;23.00;23.75;24.00;23.75;23.75;23.75;23.50;23.50;23.25]
105472-[26.00;25.00;26.00;27.00;27.25;26.00;26.00;25.50;25.75;25.50;26.50;33.25;33.25;26.75;24.75;25.25;24.75;25.50;27.75;40.75;40.50;27.50;25.00;24.75;24.75;24.75;28.00;41.75;40.75;27.00;24.75;24.25;24.50;25.00;28.25;41.50;40.50;26.75;25.00;24.25;24.25;24.75;26.50;31.75;31.00;25.00;23.50;24.00;23.75;23.75;24.25;24.50;24.25;24.25;23.25;22.75;24.00;23.50;23.50;23.75;24.25;23.25;23.00;22.75]
105957-[25.50;25.00;25.75;27.00;27.00;25.25;25.75;25.25;25.00;25.25;26.50;33.25;33.00;26.50;25.00;25.50;25.00;25.25;28.00;41.00;40.25;27.50;25.50;24.75;24.50;25.00;28.00;41.75;40.75;27.00;25.00;24.25;24.75;25.75;28.50;41.75;40.50;26.75;24.75;24.00;24.25;25.00;26.00;32.00;31.25;25.00;24.00;24.25;23.75;23.50;24.00;24.50;24.25;24.00;23.75;23.00;23.50;23.50;23.75;24.25;23.50;23.25;23.75;23.50]
106442-[25.00;25.00;26.00;27.00;26.75;25.50;25.50;25.50;25.50;25.25;26.25;33.50;33.00;26.75;25.25;25.25;25.00;25.75;27.50;41.00;40.75;27.75;25.50;24.25;24.75;25.25;28.00;41.50;41.00;27.00;24.75;24.00;24.75;25.00;28.50;41.50;40.50;26.75;25.00;24.25;24.25;24.50;26.00;32.25;31.25;24.75;23.75;24.25;23.25;23.50;24.50;24.75;24.25;23.75;23.50;22.25;24.25;23.25;24.00;23.50;23.50;23.00;23.00;23.00]
106927-[25.50;24.75;25.50;27.25;27.25;25.75;25.25;24.75;25.50;25.25;26.25;33.00;33.25;26.25;25.00;25.25;24.75;25.75;27.50;40.50;40.25;27.50;25.25;24.75;25.00;25.00;27.75;41.50;41.00;27.00;24.75;24.25;24.75;25.25;28.00;41.75;40.50;26.50;24.50;23.75;24.00;24.50;26.50;31.75;31.25;25.25;24.00;24.25;24.00;24.00;24.00;24.75;24.00;24.00;23.50;22.75;23.50;23.25;23.75;23.25;24.00;23.25;23.25;22.75]
107412-[25.75;25.00;25.75;27.00;27.50;26.00;25.75;25.00;25.50;25.25;26.25;33.50;33.00;26.75;25.00;25.25;25.25;25.00;27.50;41.00;40.25;27.75;25.50;25.00;24.50;25.00;28.00;41.75;41.00;27.00;25.00;24.00;24.75;25.00;28.50;42.00;40.75;26.75;24.75;24.25;24.25;24.25;26.25;31.75;31.00;25.25;24.25;24.00;24.00;23.75;24.00;24.75;24.00;24.25;23.50;22.75;24.00;23.50;23.75;23.25;23.50;23.50;23.25;23.50]
107897-[25.75;25.50;26.00;27.25;27.25;25.50;25.75;25.50;25.50;25.25;26.50;33.25;33.25;26.75;25.75;25.00;24.75;25.50;27.50;41.00;40.50;27.25;25.25;24.50;25.25;25.25;28.00;41.75;40.75;27.25;25.25;24.50;24.50;25.00;28.50;42.00;40.25;26.75;24.75;24.25;24.75;24.75;25.75;32.25;31.25;24.75;23.75;24.00;24.00;23.75;24.25;24.50;24.25;24.00;23.75;23.25;23.25;24.00;24.25;23.75;23.50;22.75;23.25;23.50]
108382-[25.50;25.25;25.75;27.00;27.00;25.50;25.75;25.75;25.25;25.25;26.25;33.25;33.25;26.25;25.00;25.25;25.00;25.25;27.50;40.75;40.75;27.25;24.75;24.50;24.50;24.75;27.75;41.50;40.75;27.00;24.75;24.00;24.50;25.25;28.00;41.75;40.75;26.75;25.25;24.00;24.25;24.75;25.75;31.75;30.75;25.00;24.00;24.25;23.75;23.75;24.00;24.50;24.25;24.00;23.75;22.75;23.25;23.25;23.75;24.00;23.75;23.25;23.50;23.50]
108867-[25.25;25.25;25.75;27.00;27.00;25.75;26.00;25.50;25.50;25.25;26.50;33.25;32.75;26.25;25.25;25.75;25.25;25.25;27.75;41.00;40.50;27.50;25.50;25.25;24.50;25.25;28.00;41.75;40.75;27.00;25.00;24.25;25.00;25.25;28.50;41.75;40.50;26.75;24.75;24.00;24.25;24.75;26.00;32.00;30.75;25.25;24.00;24.50;24.00;24.00;24.25;24.75;24.50;23.75;23.50;22.75;24.00;23.75;23.75;23.50;23.75;23.00;23.75;23.50]
109352-[25.75;25.50;25.75;27.25;27.50;26.00;25.50;25.25;25.50;25.25;26.50;33.00;33.25;27.00;25.50;25.00;25.00;25.50;27.75;40.75;40.25;27.50;25.50;24.50;24.25;25.00;27.50;41.50;40.50;27.25;24.75;24.50;24.25;25.00;28.50;41.50;40.50;27.00;24.50;24.00;24.25;24.50;26.50;31.75;31.25;24.75;23.75;23.75;24.00;23.75;24.25;24.50;24.50;24.25;23.75;23.00;23.75;23.50;23.50;23.25;24.00;23.25;23.25;23.00]
109837-[25.75;25.25;26.00;27.00;27.00;25.75;25.75;25.25;25.50;25.25;26.50;33.25;33.25;26.50;25.75;25.25;24.75;25.50;27.50;40.75;40.50;27.75;25.75;24.75;24.75;25.25;28.00;41.50;40.75;27.25;24.75;24.50;24.50;25.25;28.75;42.00;40.50;26.50;24.75;23.50;24.25;24.50;25.75;32.00;31.25;25.25;24.00;23.75;24.25;24.00;24.25;24.50;25.00;24.25;23.50;22.75;23.75;23.75;23.75;24.00;23.75;23.00;23.25;23.25]
110322-[25.25;24.50;26.00;27.00;27.50;25.75;25.50;25.75;24.75;25.50;26.50;33.00;33.00;26.75;25.50;25.00;25.00;25.50;28.00;41.00;40.75;27.50;25.50;25.00;24.50;25.00;28.00;41.25;41.00;27.25;24.75;24.00;24.50;25.00;28.00;41.75;40.25;26.75;24.75;24.00;24.00;25.00;26.00;31.75;30.75;25.00;24.25;23.75;23.75;23.50;24.25;24.50;24.00;24.00;23.50;23.00;23.00;23.25;23.25;23.50;24.00;23.25;23.25;23.25]
110807-[25.25;24.50;26.00;27.00;26.75;26.00;26.00;25.25;25.00;25.00;26.25;33.25;33.25;26.75;25.00;25.00;25.00;25.25;27.50;40.75;40.50;27.25;25.00;24.50;25.00;25.00;28.00;41.50;40.75;26.75;24.75;24.25;24.50;25.00;28.50;41.50;40.25;26.75;24.25;24.00;24.25;24.75;25.75;31.75;31.00;25.25;24.00;24.25;23.75;23.75;24.25;24.25;24.50;24.25;24.00;23.00;23.50;23.50;24.00;24.00;23.50;23.00;23.25;23.50]
111292-[25.25;25.00;26.00;27.25;27.25;25.00;26.25;25.50;25.50;25.25;26.50;33.50;33.00;26.75;25.50;25.25;24.75;25.25;27.50;40.75;40.75;27.50;25.75;24.50;24.50;25.00;28.00;41.50;40.75;27.00;25.00;24.00;24.75;25.00;28.50;41.75;40.50;26.50;25.00;24.50;24.00;24.50;25.75;31.75;30.75;25.00;24.00;24.00;23.75;23.75;24.25;24.50;24.75;24.25;23.25;22.50;23.50;23.50;23.75;23.75;24.00;23.00;23.75;23.25]
111777-[25.50;25.00;25.75;27.00;27.00;25.75;25.50;25.75;25.25;25.25;26.75;33.25;33.00;26.00;25.50;25.25;24.75;25.50;27.75;40.50;40.50;27.50;24.75;24.25;24.50;25.25;27.75;41.50;41.00;27.25;24.75;23.75;24.75;25.50;28.00;42.00;40.50;26.50;24.75;24.00;24.25;24.75;25.75;32.25;31.00;25.00;24.25;24.25;23.75;24.00;24.25;24.75;24.50;24.00;23.50;22.75;23.50;23.50;23.75;23.50;23.50;23.25;23.00;23.00]
112262-[25.75;25.25;25.75;27.00;27.25;26.00;26.00;25.00;25.25;24.50;26.00;33.50;33.25;26.25;25.25;25.25;24.50;25.50;27.75;40.75;40.50;27.75;25.75;24.75;25.00;24.75;28.00;41.75;40.75;27.00;25.00;24.00;24.75;25.00;28.25;41.50;40.25;26.50;25.00;23.75;24.50;25.00;26.00;31.50;30.75;25.00;24.50;23.75;24.25;24.00;24.00;24.25;24.75;23.50;23.50;23.00;23.00;23.75;23.50;23.75;23.50;23.25;23.50;23.25]
112747-[26.00;25.00;26.00;27.25;26.75;25.75;26.00;25.25;25.25;25.25;26.50;33.50;33.50;26.25;25.50;25.50;25.00;25.25;27.50;41.00;40.25;27.50;25.50;24.75;24.75;24.75;28.00;41.75;41.00;26.75;24.75;24.00;24.50;24.75;28.00;41.25;40.25;26.50;25.00;24.00;24.25;24.50;25.75;31.75;30.25;24.75;23.75;23.50;23.75;24.00;24.25;24.75;24.75;24.25;23.00;23.00;23.25;23.25;23.50;23.50;23.50;23.25;23.25;23.00]
113232-[25.75;24.50;25.75;27.25;27.50;25.50;25.75;25.25;25.25;24.75;26.75;33.50;33.50;26.50;25.50;24.75;25.00;25.25;27.75;40.75;40.25;27.25;25.25;25.25;24.75;25.25;28.00;41.50;40.75;27.25;25.25;24.50;25.00;25.00;28.25;41.50;40.75;26.75;25.25;24.25;24.50;24.75;25.75;31.50;30.50;24.75;24.25;24.25;23.75;23.50;24.00;24.50;24.50;24.25;24.00;22.75;23.50;23.25;24.00;23.50;23.00;23.00;23.00;23.50]
113717-[25.75;24.75;25.75;27.00;27.00;25.50;26.00;25.75;25.00;25.00;26.25;33.25;33.00;27.00;25.00;25.50;25.25;25.50;27.50;40.75;40.50;27.50;25.25;24.50;24.75;25.00;28.00;41.50;41.00;27.25;25.00;24.50;24.50;25.00;28.00;41.75;40.00;26.50;25.00;23.25;24.00;24.50;25.75;31.50;30.50;25.00;23.75;24.25;23.75;24.00;23.75;24.75;24.50;24.25;23.75;22.75;23.25;23.75;23.50;24.00;24.00;23.25;23.25;23.00]
114202-[26.00;24.75;26.25;27.50;27.00;25.75;25.75;25.00;25.25;25.25;26.50;33.50;33.50;26.75;25.25;25.50;25.25;25.50;27.75;41.00;40.50;27.50;25.50;24.75;24.75;25.00;28.00;41.25;40.75;27.00;24.75;24.50;24.50;25.00;28.50;41.50;40.50;26.25;24.50;24.00;24.50;24.75;25.75;31.25;30.75;24.75;24.00;23.75;23.75;23.75;24.00;24.75;24.75;23.75;23.50;22.75;23.50;23.50;24.25;23.50;23.75;23.25;23.25;23.25]
114687-[25.25;24.75;25.50;27.25;27.25;26.00;25.50;25.25;25.50;25.25;26.50;33.50;33.50;26.50;24.75;25.00;25.00;25.00;28.00;40.50;40.25;27.50;25.50;24.50;24.50;25.00;27.50;41.75;40.50;26.75;24.75;24.00;24.75;25.00;28.00;41.75;40.25;26.50;24.75;24.00;24.25;24.50;25.75;31.25;30.75;25.00;24.25;24.00;24.25;23.75;24.00;24.25;24.75;24.00;23.50;22.75;24.25;23.75;23.75;23.75;23.75;23.00;23.00;23.50]
115172-[25.75;25.50;26.00;27.00;27.25;25.75;25.75;25.75;25.25;25.00;26.50;33.50;33.50;26.25;25.25;25.00;24.75;25.50;27.50;40.50;40.75;27.50;25.25;24.25;24.50;25.00;28.00;41.50;41.00;27.25;24.75;24.25;25.00;25.00;28.50;41.75;40.25;26.50;25.00;24.25;24.00;24.50;25.75;31.75;30.50;25.00;24.00;24.25;23.75;24.00;24.00;25.00;24.00;24.25;23.50;23.00;24.25;23.75;23.50;23.50;23.50;23.25;23.00;22.75]
115657-[25.50;25.25;25.75;27.00;27.00;26.00;26.00;25.25;25.75;25.25;26.75;33.50;33.50;26.50;25.25;25.50;25.00;25.50;28.00;41.00;40.50;27.50;25.75;24.25;24.75;25.00;28.00;41.75;40.75;27.25;25.00;24.25;24.75;25.00;28.25;41.75;40.50;26.75;25.00;24.25;24.00;24.75;25.75;31.50;30.50;24.75;24.25;24.00;23.50;23.75;24.25;25.00;24.50;24.50;24.00;22.75;23.75;23.00;23.50;23.50;23.50;23.25;23.50;23.00]
116142-[25.25;25.25;26.25;27.25;27.25;25.75;25.75;25.50;25.50;25.25;26.50;33.50;33.50;26.50;24.75;25.00;24.75;25.50;27.25;40.75;40.50;27.25;25.00;24.75;24.75;25.00;28.00;41.50;41.00;26.75;25.00;24.25;24.75;25.00;28.25;41.75;40.25;26.50;25.00;23.75;24.25;24.25;25.75;31.25;30.75;24.50;24.25;24.25;24.25;23.50;24.00;24.25;24.75;24.00;23.50;22.50;24.00;23.75;23.75;23.25;23.75;23.00;23.25;23.25]
116627-[25.25;25.00;25.75;27.25;27.25;25.50;25.75;25.25;25.50;25.00;26.75;33.75;33.50;26.25;25.50;25.00;25.00;25.25;27.75;40.75;40.25;27.25;25.50;24.25;24.75;25.25;27.75;41.75;40.75;27.00;25.00;24.50;24.75;25.00;28.00;41.50;40.50;27.00;24.50;24.25;24.50;24.75;26.25;31.00;30.75;24.50;24.00;24.00;23.50;24.00;24.00;24.50;24.25;24.25;23.75;22.75;23.25;23.75;23.75;23.00;23.50;22.75;23.50;23.25]
117112-[25.50;25.00;26.00;26.75;27.00;25.25;26.00;25.25;25.50;24.75;26.75;33.50;33.50;26.50;25.00;25.25;24.75;25.25;27.50;41.00;40.25;27.25;25.25;24.50;25.00;25.00;27.75;41.50;41.00;27.50;25.25;24.50;24.75;24.75;28.25;41.25;40.25;26.75;24.75;23.75;24.00;24.50;26.00;31.75;31.00;24.75;24.25;24.50;23.50;23.50;24.25;24.50;24.50;23.75;23.75;23.00;23.50;23.75;24.00;23.50;23.50;23.00;24.00;23.25]
117597-[25.00;24.75;25.75;26.75;27.00;25.75;25.75;25.50;25.25;25.50;26.50;33.75;33.00;26.50;25.25;25.50;24.75;25.50;27.50;40.75;40.50;27.25;25.25;24.50;24.75;25.25;27.75;41.50;40.75;27.25;24.75;24.25;24.50;24.75;28.00;41.50;40.25;26.50;25.00;24.00;24.00;24.50;25.75;31.50;30.25;24.75;23.75;23.75;24.00;24.00;24.25;24.75;24.25;24.00;23.50;22.75;23.50;23.50;23.75;23.75;23.75;23.25;23.25;23.00]
118082-[25.50;24.75;25.75;26.75;27.25;25.50;25.50;25.00;25.00;25.00;26.25;33.50;33.25;26.75;25.25;24.75;24.75;25.00;27.75;40.75;40.25;27.25;25.50;24.50;24.75;24.75;27.75;41.75;40.50;26.75;25.00;24.50;24.75;25.00;28.50;41.25;40.25;26.50;25.00;23.50;24.50;24.75;26.00;31.25;30.50;25.00;24.00;24.00;23.75;23.75;24.00;24.50;24.25;23.75;23.50;23.25;23.50;23.00;23.50;23.50;23.50;23.00;23.00;23.75]
118567-[25.50;25.00;25.50;27.50;26.75;25.75;26.00;25.25;25.00;25.00;26.25;33.50;33.50;26.25;25.00;25.00;25.25;25.50;27.75;40.75;40.50;27.25;25.75;24.75;24.50;24.50;27.75;41.50;40.50;26.75;25.00;23.75;24.75;25.25;28.00;41.75;40.50;26.75;24.50;23.75;24.25;24.50;25.75;31.75;30.75;24.75;23.75;24.00;23.50;24.00;23.75;24.00;24.50;24.25;23.75;23.25;23.50;23.25;24.00;23.50;23.50;23.00;23.50;22.75]
119052-[25.00;24.75;25.75;27.00;26.75;25.50;25.50;25.00;25.25;25.50;26.75;33.50;33.25;26.50;26.25;24.75;25.00;25.00;27.75;41.00;40.50;27.25;25.25;24.75;24.75;24.75;27.75;41.25;40.75;27.00;24.75;24.75;24.50;24.75;28.25;41.75;40.25;26.25;25.00;23.75;24.00;24.75;26.25;31.50;30.50;24.75;23.75;23.75;24.00;23.75;24.00;24.50;24.50;24.25;24.00;22.75;23.50;24.00;23.50;23.50;23.75;23.00;23.50;23.50]
119537-[25.25;25.00;26.00;26.75;26.75;25.50;25.75;25.00;25.25;25.25;26.50;33.50;33.25;26.50;25.25;24.75;25.00;25.50;27.75;40.75;40.50;27.50;25.00;24.50;24.75;24.75;28.00;41.25;41.00;27.00;24.75;24.50;24.50;25.00;28.50;41.75;40.25;26.00;25.00;24.00;24.25;24.50;25.75;31.25;31.00;24.75;24.25;24.00;23.50;24.25;24.25;24.50;24.00;23.75;23.75;23.00;23.50;23.75;24.00;23.75;23.50;22.75;23.25;23.25]
120022-[25.50;25.25;26.00;27.00;27.00;26.00;25.50;25.50;25.50;25.25;26.25;33.75;33.25;26.75;25.00;25.75;25.25;25.25;27.50;40.75;40.50;27.75;25.75;24.75;24.25;25.25;28.00;41.25;40.50;27.25;25.00;24.00;24.50;25.25;28.50;41.50;40.25;26.25;24.50;23.75;24.25;24.75;26.25;31.50;30.25;25.00;23.75;24.50;23.75;23.50;24.25;24.75;25.00;24.00;23.75;23.00;23.50;23.25;23.75;23.75;23.25;23.00;23.50;22.75]
120507-[24.75;25.00;25.50;27.00;27.25;25.50;26.25;25.25;25.75;25.25;26.50;33.25;33.25;26.75;25.50;25.00;25.25;25.50;28.00;40.75;40.75;27.00;25.75;24.25;24.50;25.25;27.50;41.50;40.75;27.00;25.00;24.25;25.00;25.25;28.25;41.50;40.00;27.00;24.75;23.75;24.00;24.75;26.00;31.50;30.75;24.75;24.00;24.00;23.75;24.00;23.75;25.25;24.50;24.00;23.25;22.50;23.50;23.75;24.25;23.50;23.50;23.00;23.50;23.50]
120992-[25.25;24.75;25.75;27.25;26.75;26.00;25.75;25.50;25.50;25.25;27.00;33.50;33.25;26.75;25.00;25.00;25.00;25.75;27.75;40.75;40.50;27.50;25.50;24.50;25.00;25.25;27.75;41.50;40.75;27.25;25.00;24.50;24.75;25.25;28.25;41.75;40.25;27.00;24.75;24.25;24.50;24.75;25.75;31.50;30.75;25.00;24.25;23.75;24.00;23.75;24.25;24.50;24.50;23.75;23.75;22.75;24.25;23.75;23.50;23.50;24.00;23.25;22.75;22.75]
121477-[25.75;25.00;26.00;27.00;27.00;25.50;26.00;25.00;25.00;25.50;26.00;33.50;33.25;26.75;25.50;25.25;25.25;25.00;27.50;40.50;40.50;27.25;25.75;24.25;24.75;24.75;27.75;41.75;40.75;27.00;25.00;24.25;24.50;25.25;28.25;41.50;40.00;26.50;24.50;24.00;24.00;24.75;26.00;31.75;30.50;24.75;24.25;24.50;23.75;24.00;24.25;24.75;24.75;24.00;23.75;23.25;24.00;23.25;23.50;23.50;23.50;23.25;23.50;23.25]
121962-[25.75;25.00;25.75;27.00;26.75;25.75;25.75;25.00;25.25;25.00;26.50;33.75;33.50;26.50;25.25;25.25;25.25;25.25;27.50;40.50;40.25;27.25;25.75;24.75;25.00;24.75;28.25;41.25;40.50;27.00;25.00;24.25;24.25;25.00;27.75;41.50;40.00;26.75;25.00;23.75;24.50;24.50;26.00;31.50;30.50;25.25;24.25;23.75;24.25;23.50;24.50;24.75;24.50;24.00;23.25;23.00;23.25;24.00;24.00;24.00;23.50;23.00;23.25;23.25]
122447-[25.00;25.00;25.75;27.25;26.75;25.50;25.25;25.50;25.25;25.25;26.50;33.00;33.25;26.50;25.00;25.25;25.25;25.50;27.50;40.75;40.50;27.50;25.25;24.75;25.00;25.00;28.00;41.50;40.50;27.25;25.00;24.25;24.75;25.00;28.50;41.50;40.50;26.50;24.50;24.50;24.00;24.50;26.25;31.50;30.50;24.75;24.00;24.00;24.25;24.25;24.25;24.75;24.50;23.75;23.75;23.25;23.25;23.75;23.75;23.50;23.50;23.50;23.50;22.75]
122932-[25.75;25.25;25.75;27.25;26.75;25.75;25.75;25.25;25.00;25.50;26.75;33.50;33.25;26.25;25.25;24.75;24.75;25.50;27.50;40.75;40.50;27.25;25.50;24.75;25.00;25.00;27.75;41.50;40.50;27.50;25.00;24.25;24.75;25.00;28.50;41.50;40.25;27.00;24.50;24.00;24.25;24.50;25.75;31.25;31.00;25.00;24.00;24.25;24.00;23.75;24.00;24.75;24.75;24.00;23.00;22.75;24.25;24.50;23.75;23.50;23.75;23.25;23.50;22.75]
123417-[25.50;25.00;25.75;27.00;27.25;25.75;25.50;25.00;25.75;25.50;26.75;33.25;33.25;26.50;25.75;25.50;25.00;25.50;27.75;40.75;40.50;27.25;25.50;25.00;24.75;25.00;28.25;41.50;40.50;27.00;24.75;24.25;24.75;25.25;28.00;41.75;39.75;26.50;24.50;23.75;24.50;24.50;26.25;31.75;30.75;25.00;24.25;24.25;24.25;24.25;24.50;24.75;24.75;24.25;24.00;22.75;23.75;24.25;24.00;24.00;24.25;23.25;23.50;23.50]
123902-[25.50;25.00;25.75;26.75;27.25;26.00;25.50;25.25;25.25;25.75;26.25;33.50;33.50;26.75;25.25;25.00;25.50;25.25;27.75;40.50;40.75;27.50;25.75;24.25;25.00;25.25;28.25;41.75;40.50;27.25;25.25;24.50;24.75;25.25;28.50;41.75;40.25;27.00;25.00;24.25;24.25;24.75;26.00;31.50;30.75;25.25;24.50;24.00;24.50;23.75;24.00;24.50;24.50;24.25;23.75;23.25;23.25;23.75;23.75;23.75;24.25;23.50;23.50;23.25]
124387-[25.50;24.75;25.75;27.00;27.25;25.50;25.50;25.25;25.50;25.75;26.75;33.50;33.75;26.25;25.75;24.75;25.25;25.50;27.75;41.00;40.25;27.50;25.25;25.25;24.75;25.50;28.25;41.50;41.00;27.25;24.75;24.50;24.75;25.00;28.50;41.75;40.00;27.00;25.00;24.25;24.25;24.25;25.75;31.25;30.50;25.50;23.75;24.25;23.75;24.25;24.50;25.00;24.50;24.00;23.75;22.50;23.75;24.00;23.75;23.25;24.00;23.50;23.75;23.25]
124872-[26.00;25.25;25.50;27.25;27.25;25.50;25.75;25.25;25.25;25.25;26.50;33.75;33.50;26.75;25.75;25.25;25.00;25.50;27.75;40.50;40.75;27.75;25.00;24.50;25.00;25.00;27.75;41.50;40.75;27.50;24.75;24.50;25.25;25.00;28.25;41.50;40.25;26.75;25.00;24.25;24.25;25.00;25.75;31.50;30.25;25.00;24.00;24.00;24.00;24.00;24.50;24.50;24.75;24.50;23.50;22.75;23.00;23.50;23.50;23.50;24.00;23.50;23.75;23.75]
125357-[25.50;24.75;26.50;27.25;26.75;26.00;25.75;25.00;25.50;25.25;26.75;33.75;33.50;26.50;25.25;25.00;25.25;25.50;27.75;40.75;41.00;27.75;25.75;24.75;24.75;25.00;27.75;41.25;40.75;27.00;25.00;25.00;25.25;25.50;28.50;41.50;40.25;27.00;24.75;24.00;24.00;24.75;26.00;31.00;30.75;25.00;24.50;24.25;23.75;24.00;24.25;24.75;24.50;24.50;23.75;23.00;23.50;24.00;23.75;23.50;23.50;23.25;23.75;23.25]
125842-[25.50;24.75;25.75;27.25;27.00;26.00;25.75;24.75;25.50;25.25;26.50;33.75;33.50;26.50;25.50;25.50;25.50;25.75;27.75;40.75;40.00;27.75;25.50;24.75;24.75;25.25;27.75;41.50;40.75;27.25;25.00;24.25;24.75;25.00;28.25;41.75;40.25;26.50;25.00;24.25;24.50;24.75;26.00;31.25;30.25;25.00;24.25;24.25;24.25;24.50;24.50;24.50;25.25;23.75;24.00;23.75;23.75;23.75;23.50;23.75;23.75;23.25;23.25;23.75]
126327-[25.25;25.00;26.25;27.25;27.25;25.75;25.75;25.50;25.50;25.50;26.50;33.75;33.50;26.25;25.25;25.50;25.00;25.50;27.50;40.50;40.25;27.75;25.50;24.25;25.00;25.00;28.50;41.50;40.75;27.00;25.25;24.25;25.00;25.25;29.00;41.75;40.50;26.50;25.00;24.00;24.00;24.75;25.75;31.50;30.50;25.00;23.75;23.75;23.75;23.50;24.50;25.00;24.75;24.50;23.50;23.75;24.00;24.00;24.25;23.75;23.75;22.75;24.00;23.75]
126812-[25.75;25.00;26.25;27.25;27.50;26.25;25.75;25.75;25.50;25.50;26.75;33.75;33.25;26.50;25.75;25.50;25.25;25.75;27.50;40.75;40.50;27.50;26.00;25.00;25.00;25.00;28.00;41.75;40.50;26.75;25.00;24.50;24.50;25.00;28.50;41.75;40.00;26.75;25.50;24.00;24.25;24.25;26.25;31.75;30.75;25.25;24.25;24.25;23.50;24.25;24.25;24.75;24.50;24.25;23.75;23.50;23.50;23.75;24.00;23.75;23.50;23.50;23.75;23.50]
127297-[25.25;25.25;25.75;27.25;27.25;26.00;25.75;25.75;25.25;24.75;26.75;33.75;33.50;26.50;25.50;24.75;25.25;25.75;27.75;41.00;40.50;27.25;25.50;25.00;24.75;25.00;28.25;41.25;40.75;27.00;24.75;23.75;24.50;25.50;28.25;42.00;40.50;26.75;25.00;24.50;24.50;24.75;26.00;31.75;31.25;25.00;24.00;24.25;23.75;23.75;24.25;24.25;25.00;24.25;23.75;23.25;24.25;23.75;24.25;24.00;23.75;23.25;24.25;23.50]
127782-[25.75;25.00;25.75;27.00;27.25;25.75;25.75;25.50;25.50;25.50;26.75;33.00;33.25;26.50;25.00;25.25;25.25;25.50;27.75;41.00;40.25;27.25;25.50;24.50;24.75;25.25;27.75;41.50;40.75;27.25;25.00;24.50;24.50;25.25;28.75;41.75;40.50;27.00;24.75;23.75;24.50;24.75;26.00;32.25;31.00;24.75;24.25;24.75;23.75;23.75;24.25;24.75;24.75;24.00;23.75;22.75;23.00;23.75;23.50;23.75;23.75;23.50;23.50;23.25]
128267-[25.50;25.25;25.75;27.25;27.50;26.00;25.75;25.50;25.25;25.25;26.50;33.50;32.75;26.75;25.50;25.25;24.75;25.00;27.75;41.00;40.25;27.00;25.00;24.75;24.50;24.75;27.75;41.25;40.50;27.25;24.50;24.25;24.50;25.00;28.00;41.75;40.50;26.75;24.75;24.25;24.25;25.00;25.75;31.50;30.75;24.75;24.00;24.25;24.25;23.75;24.00;24.75;24.50;24.25;23.50;22.50;23.50;23.75;23.50;23.25;23.75;23.25;23.50;23.25]
128752-[25.25;25.00;25.75;27.00;27.00;25.50;26.00;25.25;25.50;25.00;26.50;33.25;33.50;26.25;25.25;25.25;25.25;25.25;27.25;40.50;40.25;27.00;25.25;24.75;24.50;25.00;28.25;41.50;40.50;27.25;25.00;24.25;24.50;25.50;28.25;41.75;40.25;26.50;24.75;24.00;24.00;24.75;26.00;31.75;30.50;24.75;24.25;24.00;24.00;23.50;24.00;24.75;24.75;23.75;23.25;23.25;23.75;23.75;23.75;23.50;23.75;22.75;23.00;23.00]
129237-[25.75;25.25;25.75;27.50;27.00;25.75;25.25;26.00;25.25;25.00;26.50;33.25;33.25;27.00;25.00;25.00;25.25;25.00;28.00;40.75;40.50;27.50;25.25;24.75;25.00;24.75;27.75;41.75;40.75;27.25;24.75;24.50;25.00;25.00;28.50;41.75;40.50;26.75;24.50;24.00;24.50;25.00;26.00;31.75;31.00;25.25;24.00;23.50;23.50;23.75;24.25;24.75;24.25;24.00;23.75;23.00;23.50;24.25;23.50;23.75;23.75;22.75;23.50;23.25]
129722-[25.25;25.00;25.50;27.00;26.75;25.50;25.25;25.25;25.25;25.25;26.50;33.25;33.25;26.75;25.00;25.25;24.75;25.25;27.50;40.75;40.00;27.50;25.25;24.50;24.50;24.75;27.75;41.25;40.75;26.75;25.00;24.25;24.50;25.00;28.50;41.50;40.25;26.75;24.50;24.00;24.00;24.75;26.00;31.50;30.50;25.00;24.25;24.00;23.50;24.00;24.25;24.25;24.75;23.75;23.50;22.75;23.50;23.75;23.50;23.50;23.75;23.50;23.75;23.50]
130207-[25.25;25.00;25.75;27.00;27.25;25.75;25.50;25.25;25.50;25.25;26.75;33.25;33.25;26.25;25.25;25.25;25.00;25.25;27.50;40.75;40.25;27.50;25.00;24.75;24.50;25.00;28.00;41.50;40.75;27.25;24.75;24.50;24.75;25.25;28.50;41.75;40.50;26.75;25.00;24.50;24.25;24.50;26.00;31.25;30.50;25.25;24.25;23.50;24.00;23.75;24.50;24.75;24.75;24.25;23.75;22.75;23.50;23.75;23.50;23.25;23.25;23.25;22.50;23.50]
