VidroLiquidoBranco200mm
227-   [24.50;24.50;25.00;26.50;26.25;25.25;25.00;24.75;24.75;25.00;25.75;33.50;32.75;25.75;24.75;24.75;24.50;25.00;26.50;39.25;37.75;26.25;24.75;23.75;24.25;24.75;26.50;41.00;38.00;25.50;24.25;24.25;24.50;25.00;27.25;41.50;38.25;26.00;24.50;23.00;23.50;24.25;26.00;38.25;33.50;25.00;23.50;23.75;23.75;23.50;24.50;31.50;27.25;23.75;23.00;22.50;23.00;23.25;23.25;24.25;23.25;23.00;23.25;22.25]
712-   [24.25;24.75;25.00;26.50;26.25;25.25;25.00;24.00;24.50;25.00;25.75;33.25;32.50;25.25;25.00;24.25;24.75;24.75;26.75;39.25;37.50;26.00;24.50;23.75;24.00;24.50;26.25;40.50;38.00;25.75;24.25;23.50;24.50;24.75;27.25;41.50;38.00;25.25;24.25;23.50;24.00;24.50;25.75;38.25;33.00;25.00;23.25;23.25;23.50;23.25;24.25;31.50;27.50;24.00;23.50;22.25;23.00;23.25;24.00;24.00;23.75;22.75;23.25;22.50]
1197-  [25.00;24.00;25.25;26.00;26.50;24.75;24.50;24.50;24.50;24.50;25.75;33.50;32.50;25.50;24.75;24.50;25.00;24.50;26.50;39.25;38.00;26.00;24.75;23.75;24.50;24.50;26.75;40.25;37.75;25.75;24.00;23.50;24.00;24.75;27.00;41.25;38.00;25.25;24.25;23.50;24.00;24.75;26.25;38.50;33.25;24.75;23.75;23.50;23.25;23.25;24.50;31.25;27.25;23.75;23.50;22.50;23.25;23.50;23.50;23.75;23.50;22.75;23.25;22.75]
1682-  [24.75;24.25;25.00;26.75;26.25;24.75;25.00;24.75;24.50;24.25;26.00;33.25;32.50;25.00;24.50;24.25;24.00;25.00;26.25;39.00;37.75;26.00;24.50;23.50;24.50;24.50;26.75;40.00;38.00;25.50;24.00;23.50;24.50;24.75;27.00;41.25;38.00;25.50;24.25;23.25;24.00;24.00;26.00;38.25;33.25;24.50;23.25;23.50;23.25;23.75;24.25;31.25;27.50;23.75;23.25;22.25;23.00;23.00;23.50;24.50;23.75;23.25;23.00;22.00]
2167-  [24.75;24.50;24.75;26.00;26.25;25.00;24.75;24.75;24.25;25.00;25.50;33.25;32.75;25.25;24.50;24.50;24.50;24.75;26.50;38.75;37.25;25.75;24.75;23.75;24.75;24.25;26.50;40.50;38.25;25.75;24.50;23.75;24.00;24.75;27.00;41.25;37.50;25.50;24.50;23.50;24.00;24.25;26.00;38.50;33.50;24.75;23.75;23.50;23.00;23.25;25.00;31.25;27.25;23.75;22.75;21.75;23.00;24.00;23.50;24.00;23.75;23.00;23.00;22.50]
2652-  [24.50;24.25;25.25;25.75;26.75;25.00;25.25;24.00;24.50;24.75;25.25;33.75;32.25;26.00;24.50;24.75;24.50;24.75;26.50;39.25;37.75;26.25;25.00;24.00;24.25;24.50;27.00;40.75;38.25;25.50;24.25;24.25;24.50;24.50;27.25;41.50;38.00;25.50;24.00;23.25;23.50;24.00;26.00;38.50;33.50;25.00;23.50;23.25;23.50;23.50;24.25;31.00;27.50;23.75;23.50;22.25;23.25;23.75;23.75;24.25;23.75;23.00;23.00;23.00]
3137-  [24.75;24.25;25.50;26.25;26.25;25.00;24.75;24.00;24.25;24.50;25.75;33.25;32.75;25.25;24.50;24.25;24.50;25.25;26.75;39.00;37.75;25.75;24.75;24.00;24.00;24.75;27.00;40.50;38.00;25.50;24.25;23.25;24.75;24.75;27.25;41.25;38.00;25.50;24.00;23.50;24.25;24.50;26.25;38.75;33.50;24.75;23.50;23.50;23.50;24.00;24.25;31.50;27.50;23.75;23.25;22.25;23.50;23.50;23.75;24.00;23.75;23.00;23.25;22.25]
3622-  [25.25;24.25;25.00;26.50;26.25;25.00;25.00;24.75;24.75;24.75;25.50;33.25;32.75;25.75;25.00;24.00;24.25;24.75;26.25;39.25;37.25;26.25;24.75;24.00;24.75;24.25;27.00;40.75;38.00;25.25;24.50;23.50;24.25;24.75;27.25;41.25;38.00;25.50;24.00;23.25;24.25;24.00;25.75;38.50;33.50;24.50;23.75;23.50;23.75;23.50;24.50;31.25;27.25;24.00;22.75;22.50;22.75;23.75;23.50;24.00;23.50;23.00;23.00;22.50]
4107-  [25.25;24.50;24.75;26.25;26.25;24.75;25.50;24.50;24.50;24.75;25.50;33.00;32.25;25.75;24.75;24.00;24.50;24.75;26.50;39.00;37.50;26.00;24.50;23.50;24.25;24.75;26.75;40.25;38.00;25.75;24.25;23.75;24.50;24.50;27.00;41.50;37.75;25.50;24.25;23.00;24.00;24.50;26.00;38.50;33.00;24.50;23.50;23.50;23.25;23.50;24.50;31.75;27.50;23.75;23.00;22.25;23.25;23.50;23.75;24.00;23.75;23.00;22.75;23.00]
4592-  [25.00;24.50;24.75;27.00;26.75;24.50;25.25;25.00;24.75;24.50;25.50;33.50;32.75;25.50;24.75;24.25;24.25;24.75;26.50;39.25;37.50;26.25;25.00;23.75;24.25;24.25;26.75;40.50;38.00;26.25;24.00;23.75;24.75;25.00;27.25;41.50;37.75;25.50;24.25;23.50;24.00;24.25;26.00;38.25;33.25;24.50;24.00;23.25;24.00;23.75;24.50;31.25;27.50;24.25;23.50;22.50;23.25;23.50;23.50;24.25;24.00;23.25;22.75;23.00]
5077-  [24.75;24.25;24.75;26.50;26.50;25.00;25.00;24.50;25.25;24.25;25.75;33.25;32.75;25.75;24.75;24.50;24.75;25.00;26.50;39.00;37.75;26.25;24.75;24.00;24.50;24.25;26.75;40.50;38.50;25.75;24.75;24.00;24.50;24.75;27.50;41.00;38.00;25.50;24.50;23.75;23.75;24.25;26.00;38.25;33.25;25.00;23.50;23.75;23.75;23.00;25.00;31.50;27.50;24.00;23.25;22.25;23.00;23.50;24.00;24.00;23.75;23.25;23.25;22.50]
5562-  [25.00;24.00;25.00;26.00;26.50;25.00;24.75;24.25;24.50;24.75;25.25;33.25;32.75;25.50;24.50;24.50;24.50;24.50;26.50;39.50;37.75;26.00;25.00;24.25;24.25;24.50;26.50;40.50;38.00;25.75;24.50;24.00;24.25;24.75;27.25;41.50;38.00;25.75;24.50;23.00;23.50;24.50;26.00;38.25;33.50;24.75;23.75;23.50;23.75;23.50;24.25;31.75;27.00;24.00;23.50;22.50;23.50;23.25;24.00;24.00;23.75;22.75;23.25;23.25]
6047-  [25.00;24.25;24.75;26.25;26.50;25.00;25.00;23.75;24.50;24.75;25.75;33.25;32.25;25.75;24.75;24.00;24.50;25.00;26.25;39.00;37.50;25.50;24.75;23.75;24.50;24.25;26.50;40.75;37.75;25.75;24.50;24.00;24.50;24.75;27.25;41.25;38.00;25.75;24.75;23.75;23.75;24.50;26.25;38.50;33.75;24.50;23.50;23.50;23.25;23.25;24.25;31.50;27.00;24.00;23.50;22.50;23.00;23.75;23.25;24.25;23.75;23.00;23.50;23.00]
6532-  [25.00;24.25;25.25;25.75;26.25;25.00;25.50;24.50;24.50;25.00;25.75;33.50;32.75;25.50;24.50;24.50;25.00;24.75;26.50;39.00;37.25;26.00;24.25;24.00;24.00;24.75;27.00;40.75;38.25;25.75;24.25;23.50;24.25;24.50;27.00;41.00;38.00;25.25;24.50;23.25;24.00;24.50;25.50;38.75;33.00;25.00;23.75;23.50;23.50;23.75;24.75;31.50;27.50;24.25;23.00;22.50;23.00;23.00;23.50;24.00;23.75;23.00;23.00;22.75]
7017-  [25.00;24.50;25.25;26.50;26.25;25.00;24.75;24.50;24.75;24.25;25.75;33.25;32.75;25.00;24.50;24.50;24.25;25.00;26.50;39.25;37.50;25.75;25.00;24.00;23.75;24.75;26.75;40.50;37.75;25.75;24.50;23.50;24.75;24.75;27.00;41.25;37.75;25.50;24.00;23.00;24.25;24.25;25.75;38.50;33.50;24.75;23.75;23.75;23.75;23.75;24.25;32.00;27.00;24.00;22.50;22.75;23.25;23.00;23.25;23.75;23.50;22.50;22.75;22.50]
7502-  [24.50;24.25;25.00;26.25;26.00;25.00;24.75;24.75;24.50;24.75;25.75;33.25;32.25;25.75;24.75;24.25;24.25;24.75;26.50;39.00;37.25;26.00;24.75;24.25;24.25;25.25;26.50;40.00;38.00;25.75;24.50;24.00;24.50;24.50;27.25;41.50;37.75;25.25;24.25;23.50;24.00;24.00;26.00;38.25;33.50;25.00;23.25;24.00;23.25;23.50;24.00;31.25;27.25;24.00;23.25;22.50;23.75;23.50;24.00;24.25;23.75;23.00;23.25;22.50]
7987-  [24.50;24.75;25.25;26.75;26.50;25.25;25.25;25.25;25.25;24.25;25.75;33.50;32.50;25.50;24.75;25.00;24.50;25.00;26.50;39.00;37.75;26.00;25.00;24.00;24.50;24.75;26.75;40.25;38.00;26.00;24.75;24.25;24.00;25.25;27.50;41.25;38.00;26.00;24.75;23.75;24.75;24.00;26.50;38.50;33.50;24.75;23.50;24.00;23.50;23.75;24.75;31.50;27.25;23.75;23.50;22.50;23.25;23.50;24.00;24.00;23.75;23.00;23.50;23.25]
8472-  [24.75;24.25;25.00;26.25;26.75;25.25;25.25;24.75;24.75;24.75;26.00;33.50;32.75;26.00;24.25;25.00;25.00;24.50;26.25;39.25;37.75;26.00;24.75;24.75;24.50;25.00;26.50;40.75;38.25;25.75;24.50;24.25;24.75;25.00;27.25;41.75;38.00;25.25;24.25;24.00;24.25;24.50;26.00;38.75;33.75;25.00;23.75;24.25;23.75;23.75;24.50;31.75;27.75;24.50;23.50;23.00;23.50;23.75;24.00;24.25;24.50;23.25;23.50;23.25]
8957-  [25.00;24.50;25.25;26.75;26.50;25.25;25.00;24.75;25.00;24.25;25.75;33.25;33.00;26.00;24.50;24.75;24.50;25.00;26.50;39.25;37.50;25.75;24.50;24.00;24.50;25.00;26.75;40.75;38.00;26.00;24.50;24.25;24.50;24.75;27.50;41.25;38.00;25.25;24.25;23.75;24.25;24.25;26.50;38.25;33.75;24.50;23.50;23.25;23.25;23.50;24.75;31.75;27.25;24.00;24.00;23.00;23.25;23.50;24.25;24.50;23.50;23.50;23.50;23.50]
9442-  [25.00;24.50;25.00;26.25;26.50;25.00;25.00;24.50;24.75;25.00;25.50;33.50;32.50;26.00;24.75;24.25;24.50;25.00;26.50;39.25;38.00;26.25;25.25;24.25;24.25;25.00;26.50;40.50;37.75;26.00;24.25;24.00;25.00;25.00;26.75;41.50;38.00;25.50;24.00;23.50;24.25;24.75;26.25;38.50;33.50;25.00;24.00;23.75;23.50;23.75;24.25;31.50;27.75;24.00;23.75;22.50;23.50;23.50;24.00;24.25;23.75;23.50;23.50;23.00]
9927-  [25.25;24.25;25.00;26.25;26.50;25.25;25.50;25.25;24.50;24.75;25.75;33.50;32.50;25.50;25.00;24.75;24.75;25.00;26.25;39.25;37.50;26.00;25.00;24.75;24.75;24.75;26.75;40.75;38.25;26.00;24.50;24.00;24.50;25.00;27.50;41.50;38.00;25.50;24.25;24.00;24.25;24.50;26.00;38.50;33.50;24.50;23.75;23.75;23.75;23.50;24.75;31.50;27.50;24.25;23.75;23.50;23.25;23.75;23.75;24.50;24.00;23.00;23.75;23.25]
10412- [24.50;24.25;25.25;26.75;26.50;25.25;25.00;24.75;25.00;24.75;26.25;33.50;32.50;25.50;24.75;25.00;24.75;25.00;26.50;39.25;37.75;26.00;25.25;24.25;24.25;24.75;26.75;40.50;38.00;26.00;24.50;24.00;24.50;24.50;27.00;41.50;38.00;25.75;24.50;23.75;24.50;24.75;26.00;38.50;33.50;24.75;23.75;24.00;23.75;23.25;24.50;31.75;27.50;24.00;23.25;22.75;23.25;23.50;23.50;24.25;24.25;23.50;23.25;22.75]
10897- [25.25;24.50;25.50;26.50;26.75;25.25;25.25;24.50;25.50;24.50;25.75;33.75;33.00;25.75;24.75;25.25;25.00;24.75;26.50;39.00;37.75;26.25;25.00;24.75;24.50;24.75;26.75;40.25;38.00;25.75;24.50;24.00;25.00;25.00;27.50;41.50;37.75;25.75;24.50;23.50;24.50;24.50;26.25;38.75;33.75;25.00;24.00;23.75;23.50;23.50;24.75;32.25;27.50;24.00;23.75;23.00;24.00;23.50;24.25;24.75;24.00;23.50;23.50;23.00]
11382- [25.25;24.75;25.25;26.75;26.25;25.25;25.25;24.75;25.00;25.00;26.00;33.50;32.50;25.75;24.75;24.50;24.50;25.00;26.50;39.25;37.75;25.75;25.00;24.50;25.00;25.00;27.00;40.75;38.50;25.75;24.50;24.50;24.75;25.50;27.50;41.25;38.50;25.50;24.75;23.50;24.25;24.00;26.00;38.50;33.75;24.75;24.00;24.00;24.00;23.75;24.50;31.50;27.50;24.25;23.75;22.25;23.75;24.25;24.50;24.50;24.00;23.50;23.50;23.50]
11867- [25.25;25.00;25.00;27.00;26.75;25.50;25.75;25.25;25.00;25.00;25.75;33.25;32.75;26.00;24.50;25.25;25.00;24.75;26.75;39.00;37.75;26.00;25.00;24.00;24.75;25.00;26.75;40.75;38.25;26.00;24.75;24.00;25.00;25.00;27.50;41.50;38.00;26.00;24.50;23.50;24.50;24.25;26.00;38.25;34.00;24.50;23.75;24.00;24.25;24.00;25.00;31.50;28.00;24.25;23.75;23.25;23.50;24.00;24.25;24.25;24.00;23.00;23.50;23.25]
12352- [25.00;24.50;25.25;26.75;26.50;25.25;25.25;25.25;25.25;25.00;26.00;33.50;32.75;25.50;24.75;25.00;24.75;25.00;26.50;39.00;37.75;26.00;25.25;24.25;24.25;25.00;26.75;40.75;38.50;25.50;24.75;24.00;25.00;25.00;27.25;42.00;38.25;25.75;24.50;23.75;24.50;24.75;26.25;38.75;33.75;25.00;24.00;23.50;23.75;23.50;24.50;31.75;27.75;24.25;23.25;23.00;23.50;24.00;24.00;24.25;24.00;22.75;23.75;23.00]
12837- [25.00;24.75;25.25;26.50;26.50;25.00;25.00;24.50;25.00;24.75;26.00;33.50;32.50;25.75;25.00;25.00;25.00;25.25;26.75;39.50;38.00;26.00;25.00;24.25;24.50;24.75;26.75;40.75;38.00;25.75;24.50;23.75;24.25;25.00;27.50;41.50;37.75;25.75;24.50;23.75;24.00;24.25;26.25;38.75;33.75;25.00;24.50;24.00;24.50;23.25;24.25;31.50;27.75;24.00;23.75;23.00;23.25;23.50;24.00;24.50;24.00;23.00;23.50;23.25]
13322- [24.75;24.75;25.25;27.00;26.75;25.25;25.00;24.50;25.25;24.50;26.00;33.50;32.75;25.75;24.75;24.50;25.00;25.25;26.75;39.25;38.00;26.25;25.25;24.75;25.00;25.00;27.00;40.75;38.00;26.00;25.00;24.50;25.00;25.00;27.00;41.00;38.25;25.75;24.25;23.75;24.75;24.75;26.25;39.00;34.00;25.25;23.75;24.25;23.75;23.75;25.00;31.75;27.50;24.75;23.50;22.75;24.00;24.25;24.00;25.00;24.25;23.25;23.50;23.50]
13807- [25.25;24.50;25.00;26.50;26.50;25.00;24.75;24.50;24.75;24.75;26.00;33.50;32.50;25.25;24.75;25.00;24.50;25.00;26.75;39.00;37.50;26.00;25.25;24.75;24.75;24.75;26.75;40.25;38.50;25.75;24.50;24.25;25.00;25.00;27.50;41.50;38.00;25.75;24.00;23.75;24.25;24.75;26.25;38.75;33.75;25.25;23.75;24.50;24.00;23.50;25.00;31.75;27.75;24.50;23.75;23.75;23.00;24.00;23.75;24.25;24.00;23.00;23.25;23.00]
14292- [25.00;24.25;25.50;26.75;26.50;24.75;25.50;24.75;25.00;24.50;26.00;33.50;32.75;25.50;24.75;25.25;24.75;24.75;26.75;39.25;37.50;26.25;24.50;24.50;25.00;24.50;26.50;40.50;38.25;26.00;24.50;24.00;25.00;25.00;27.25;41.25;38.00;25.50;24.00;23.50;24.50;24.25;26.25;39.00;34.00;24.75;23.75;24.00;24.00;24.50;24.50;31.75;27.25;24.00;23.25;23.00;23.50;23.25;24.25;24.75;24.50;23.00;23.25;23.25]
14777- [25.00;24.50;25.00;26.75;26.50;24.75;25.25;24.25;25.50;24.75;26.00;33.25;33.00;25.75;25.50;25.00;24.75;25.00;26.50;39.25;38.00;26.25;25.25;24.25;24.50;25.00;27.00;40.25;38.25;26.25;24.50;24.00;24.50;24.75;27.25;41.75;38.25;25.75;24.50;23.75;24.25;24.25;26.25;38.50;33.50;25.00;24.00;23.75;23.75;23.75;24.75;31.75;28.00;24.25;23.50;22.50;23.75;23.75;24.00;24.25;24.00;23.50;23.25;23.25]
15262- [25.25;24.75;25.25;26.75;26.75;25.50;25.00;24.75;25.50;24.50;26.25;33.50;33.00;25.75;25.00;24.25;24.75;25.00;26.75;38.75;37.50;26.00;25.00;25.00;24.50;24.75;27.00;40.75;38.25;26.00;24.75;24.25;24.75;25.00;27.25;41.50;38.25;25.75;24.25;23.75;24.00;24.25;26.25;38.25;33.25;25.00;24.00;24.00;23.75;23.75;24.75;32.00;27.75;24.25;23.75;23.00;23.25;23.25;23.75;24.25;23.75;23.50;23.25;23.50]
15747- [25.00;25.00;25.25;26.75;26.75;25.25;25.00;25.00;25.00;25.00;26.25;33.75;33.00;26.00;25.00;24.75;25.00;25.25;26.25;39.00;37.75;26.50;25.25;24.25;24.75;25.00;27.00;40.50;38.25;26.25;24.75;24.50;24.75;25.50;27.00;41.50;37.75;25.75;24.75;23.75;24.50;24.75;26.25;38.50;33.50;25.00;24.25;24.75;23.75;24.00;24.50;31.75;27.50;24.50;23.50;23.00;24.25;23.75;23.75;24.50;23.75;23.50;24.00;23.50]
16232- [25.50;24.75;25.25;26.75;26.50;25.50;25.25;25.00;25.00;25.00;25.75;33.75;33.00;25.75;25.00;25.00;25.25;25.00;26.75;39.50;38.00;26.25;25.25;24.75;24.50;24.75;27.25;40.75;38.25;26.00;24.50;24.00;25.00;25.25;27.25;41.25;37.75;26.25;25.00;23.75;24.50;24.75;26.50;38.50;34.00;24.75;24.25;24.25;24.00;23.75;24.25;31.50;27.75;24.00;23.75;22.50;23.75;24.00;24.00;24.00;24.50;23.75;23.75;23.25]
16717- [25.00;24.75;25.50;26.50;26.75;25.00;25.50;25.00;25.00;25.00;26.00;33.75;33.00;25.50;25.00;24.75;24.75;25.00;26.50;39.50;38.25;26.50;25.25;24.75;25.00;24.75;27.00;40.50;38.25;26.25;24.75;24.25;25.00;25.00;27.25;41.50;38.25;26.25;24.75;24.00;24.50;24.50;26.25;38.50;34.00;25.00;24.00;23.75;24.00;23.50;24.75;31.50;27.50;24.25;23.75;23.00;24.00;24.50;23.75;24.75;24.50;23.25;23.50;23.75]
17202- [25.25;24.50;25.50;26.75;26.50;25.25;25.50;25.50;24.75;25.00;26.00;33.50;33.25;26.00;25.00;24.75;24.75;25.75;27.00;39.50;38.00;26.50;24.75;24.75;24.75;25.00;27.00;40.50;38.25;25.75;25.00;24.25;24.75;25.25;27.50;41.25;38.25;26.00;24.75;24.00;24.25;25.00;26.25;38.75;34.00;25.00;24.25;24.00;23.75;23.75;24.75;32.25;28.00;24.50;24.00;23.25;24.00;24.25;24.00;24.25;24.50;24.00;23.50;23.25]
17687- [25.25;25.00;25.25;26.25;26.50;25.50;25.25;25.25;24.75;25.25;26.25;33.50;33.00;25.50;25.25;24.75;24.75;25.25;26.50;39.25;38.00;26.25;25.25;24.50;24.50;25.00;27.00;40.50;38.25;26.00;25.00;24.25;24.75;25.25;27.25;41.50;38.00;25.75;24.75;24.25;24.25;24.75;26.75;38.50;33.75;25.25;24.50;24.25;24.00;23.75;24.50;31.75;28.00;24.75;23.50;23.00;23.25;24.00;24.00;24.25;23.75;23.75;23.25;22.75]
18172- [25.00;24.75;25.50;26.50;26.75;25.25;25.50;25.00;25.25;24.50;25.50;33.50;32.50;26.00;25.00;25.00;24.75;25.25;26.50;39.25;37.75;26.25;25.25;24.50;25.00;25.00;26.75;40.50;38.00;26.00;24.75;24.00;25.25;25.25;27.25;41.50;38.00;26.00;24.75;24.00;24.50;25.00;26.25;39.25;33.50;25.00;24.25;24.25;24.25;24.25;24.25;31.75;27.75;24.25;23.00;23.25;23.50;24.00;23.50;24.00;24.25;23.25;24.00;23.50]
18657- [25.00;24.75;25.25;26.75;26.50;25.25;25.25;24.75;24.75;24.50;26.00;33.25;32.50;25.50;24.50;24.75;24.75;25.00;26.75;39.00;37.75;26.00;25.00;24.75;24.50;24.50;26.75;40.75;38.00;26.00;24.75;24.25;24.50;24.75;27.25;41.75;38.00;25.50;24.75;23.50;24.00;24.50;26.00;38.75;33.50;25.25;24.25;24.25;24.25;23.75;24.50;32.00;27.75;24.25;23.75;23.00;24.25;23.75;24.50;24.25;24.50;23.25;24.00;23.25]
19142- [24.75;25.00;25.50;26.50;26.50;25.00;25.00;25.00;25.25;25.00;25.75;33.50;33.00;26.00;25.00;24.50;25.00;25.00;26.25;39.25;37.50;26.25;25.00;24.50;24.75;24.50;27.00;40.75;38.25;26.00;24.75;24.25;24.50;25.25;27.00;41.75;38.00;25.50;24.75;23.50;24.50;24.25;26.25;38.25;33.50;24.75;23.25;24.00;23.50;23.75;24.75;31.75;27.75;24.25;23.75;23.00;23.50;23.75;24.00;24.50;24.25;23.75;23.25;23.50]
19627- [25.00;24.50;25.00;26.25;27.00;25.00;25.25;24.50;25.25;24.75;26.00;33.50;32.75;25.75;25.00;24.50;25.00;25.25;26.50;39.00;37.75;26.25;24.75;24.25;25.00;24.75;26.75;40.75;38.00;26.00;24.75;24.50;25.00;25.25;27.25;41.25;38.25;25.75;25.00;23.75;24.50;24.25;26.25;38.75;33.75;24.75;24.25;23.75;23.50;23.75;24.50;31.50;27.50;24.25;23.50;22.75;23.50;24.00;24.00;24.25;24.25;23.75;23.00;23.25]
20112- [24.75;24.50;25.25;26.00;26.25;25.25;25.00;25.00;24.75;25.00;25.75;33.25;32.75;25.50;25.00;24.75;24.75;25.25;26.75;39.00;38.00;26.50;25.00;24.00;25.00;25.00;27.00;40.75;38.25;25.75;25.00;23.75;24.75;25.00;27.25;41.75;38.25;25.50;24.25;23.75;24.50;24.25;26.25;38.50;34.00;25.00;24.00;23.75;24.25;24.00;24.50;31.75;28.00;24.75;23.50;23.00;23.50;23.75;24.25;24.75;23.75;23.25;23.50;23.25]
20597- [25.25;24.50;25.25;26.50;26.50;25.00;25.25;25.25;25.00;25.00;26.50;33.25;32.75;26.00;24.75;25.00;24.75;25.25;26.75;39.00;37.75;26.00;25.25;24.75;24.25;25.25;26.75;40.50;38.25;26.00;24.75;24.25;24.50;25.25;27.50;41.25;38.25;25.75;24.50;23.25;24.00;24.50;26.25;38.50;33.75;24.75;23.75;24.25;24.00;23.75;24.50;31.75;28.00;24.25;23.50;23.25;23.50;24.00;24.00;24.50;24.25;24.00;23.75;23.00]
21082- [25.00;24.75;25.25;27.00;26.25;25.00;25.00;25.00;25.25;25.00;25.50;33.25;32.75;25.75;24.75;25.25;24.75;25.00;26.75;39.00;37.75;26.25;25.25;24.50;24.50;24.75;26.75;40.50;38.25;25.75;24.50;24.50;25.00;25.00;27.25;41.50;37.75;25.75;24.75;23.75;24.75;24.50;26.25;38.50;33.75;25.00;23.75;24.00;23.50;23.25;24.75;32.00;27.75;24.25;23.75;23.25;23.25;24.00;23.75;24.50;24.00;23.50;23.50;23.75]
21567- [24.75;24.50;25.25;26.75;26.75;25.00;25.00;24.50;24.75;24.50;26.25;33.25;32.75;25.50;25.00;24.25;24.75;25.25;26.25;39.00;38.00;26.50;25.25;24.25;24.75;24.75;26.75;40.50;38.00;26.00;24.75;24.25;24.50;25.00;27.25;41.25;37.50;25.75;24.50;23.75;24.75;24.50;26.50;38.50;34.00;24.50;24.00;23.75;23.50;23.50;24.50;31.75;27.75;24.50;24.00;23.25;23.50;23.75;24.00;24.50;24.25;23.25;23.50;22.75]
22052- [25.25;24.75;25.25;26.00;26.25;24.75;25.00;25.00;25.25;25.00;25.50;33.50;32.50;26.25;24.75;24.75;24.75;25.25;26.50;38.75;37.75;26.00;25.00;24.25;24.75;24.50;27.00;40.25;37.75;26.00;24.75;24.00;24.75;24.75;27.25;41.25;37.75;26.00;24.25;23.75;24.25;24.25;26.50;38.75;33.75;24.75;24.00;24.00;24.00;23.75;24.75;32.00;27.50;24.25;23.75;22.75;23.75;24.00;24.00;24.25;24.25;22.75;23.75;23.00]
22537- [24.50;24.50;24.75;26.50;26.75;25.00;24.50;24.25;25.25;24.50;25.75;33.25;32.50;25.50;24.25;24.00;24.50;25.00;26.50;39.25;37.75;26.25;24.75;24.25;24.50;24.75;26.50;40.25;38.00;25.75;24.25;24.25;24.75;24.75;27.50;41.25;38.00;25.75;24.50;24.00;24.25;24.75;25.75;38.50;33.50;24.75;23.50;23.75;23.50;23.75;24.25;31.75;27.50;24.00;23.25;23.00;23.25;24.00;24.25;24.25;24.25;23.25;23.75;23.00]
23022- [25.25;24.75;25.50;26.75;26.50;25.00;25.25;24.50;25.00;24.50;25.75;33.25;33.00;25.50;25.00;24.75;25.00;25.25;26.50;39.25;37.75;26.25;25.25;23.75;24.50;24.75;26.75;40.50;38.25;26.25;24.50;24.25;24.50;25.00;27.00;41.25;38.00;25.50;24.75;24.00;24.50;25.00;26.25;38.75;33.50;24.75;23.75;24.00;23.75;23.50;24.25;31.50;27.50;23.75;22.75;22.75;23.00;24.00;23.75;24.25;24.25;23.50;23.50;23.25]
23507- [25.25;24.50;25.50;26.25;26.75;25.00;25.25;25.00;25.00;25.25;25.50;33.50;32.25;25.50;25.00;25.50;25.00;25.00;26.50;39.50;37.50;26.00;25.25;24.25;24.50;24.50;26.75;40.50;38.00;26.25;24.75;24.00;24.75;24.75;27.25;41.25;37.75;26.00;24.50;24.00;24.50;24.00;26.25;38.75;33.50;24.50;23.75;23.75;23.50;24.25;24.75;31.75;27.25;24.25;23.50;22.75;23.50;23.25;23.75;24.50;24.50;23.50;23.50;23.25]
23992- [25.00;24.25;25.00;26.50;26.50;24.75;25.25;25.00;25.00;25.00;25.75;33.25;32.25;25.50;24.50;24.75;24.50;25.00;26.25;38.75;37.50;26.50;24.75;24.50;24.75;24.50;26.50;40.25;38.00;26.00;24.50;24.50;24.75;24.75;27.25;41.25;38.00;25.50;24.50;23.00;23.75;24.50;26.00;38.50;33.75;24.50;24.00;23.75;24.25;24.00;24.75;31.50;27.50;24.25;23.75;23.25;23.50;23.50;23.75;24.25;24.00;23.50;23.50;23.25]
24477- [25.00;24.25;24.50;26.25;26.50;25.00;25.50;25.00;24.75;24.75;25.75;33.50;32.50;25.50;25.00;24.75;24.75;24.50;26.75;38.75;37.25;25.50;24.75;24.50;25.00;24.75;26.50;40.25;38.00;25.75;24.75;23.75;24.75;25.00;27.00;41.25;38.00;26.00;24.50;23.50;23.50;24.50;26.25;38.75;33.75;25.00;23.75;23.75;23.75;23.75;24.75;32.00;27.75;24.00;23.50;23.50;23.75;23.50;24.75;24.00;23.75;23.50;23.75;23.00]
24962- [25.25;24.50;25.25;26.00;26.50;25.00;25.00;24.75;25.00;24.75;25.75;33.75;32.75;25.50;24.75;24.50;24.75;25.00;26.25;39.00;37.75;26.00;25.00;24.25;24.50;24.75;26.50;40.50;38.00;26.00;24.50;23.75;24.75;25.25;27.50;41.50;38.25;25.50;24.25;23.50;24.50;25.00;26.50;38.75;33.75;24.50;24.25;24.00;23.50;23.75;24.50;31.75;27.50;24.00;23.50;23.25;24.25;23.25;23.75;23.50;24.00;23.00;23.50;23.50]
25447- [25.00;24.25;25.25;27.00;26.75;25.00;25.00;25.25;25.00;24.50;26.00;33.75;32.50;26.00;24.50;24.75;24.50;24.75;26.75;39.25;37.75;26.25;25.25;24.50;24.75;24.50;26.25;40.50;38.00;25.50;24.50;24.00;24.25;24.75;27.25;41.25;38.00;25.50;24.75;23.25;24.75;24.50;26.50;38.50;34.00;24.75;24.25;23.75;23.75;24.00;24.50;32.00;28.00;24.00;23.25;22.75;23.50;23.75;24.25;24.00;24.00;23.25;23.00;23.25]
25932- [24.75;23.75;25.00;26.00;26.50;25.00;25.25;24.50;25.25;25.00;25.75;33.50;32.50;25.50;25.00;24.75;24.75;24.75;26.50;39.50;37.25;26.25;24.75;24.25;24.50;25.25;26.75;40.50;38.25;26.00;24.75;24.00;24.25;24.75;27.00;41.25;38.00;25.50;24.50;24.00;24.50;24.25;25.75;38.50;33.75;25.00;24.00;24.25;24.00;23.75;24.50;31.75;27.25;24.00;23.25;23.00;23.50;23.75;24.00;24.25;24.25;23.25;22.75;23.25]
26417- [25.25;24.50;25.25;26.50;26.50;25.00;25.00;24.75;24.75;24.75;25.75;33.50;32.50;25.50;25.00;24.50;24.50;24.50;26.50;39.25;37.50;26.25;24.75;24.00;24.75;24.75;26.50;40.50;38.00;25.75;24.25;24.00;24.25;24.75;27.25;40.75;37.75;25.25;24.00;23.75;24.00;24.50;26.50;38.75;33.50;25.00;23.75;24.00;24.25;23.50;24.50;31.25;27.50;24.25;23.00;22.75;23.25;23.50;24.00;24.50;24.00;23.50;23.50;23.25]
26902- [24.75;24.25;25.25;26.50;26.25;25.25;25.00;25.25;25.00;24.75;25.75;33.00;32.50;25.50;25.00;25.00;24.75;24.75;26.25;39.00;37.75;26.25;25.00;24.25;24.50;24.50;26.50;40.50;37.75;26.00;24.50;24.00;25.00;24.75;27.25;41.25;38.00;25.50;24.50;24.00;24.00;24.50;26.25;38.50;33.75;24.75;23.75;23.50;24.00;24.00;24.75;31.25;27.50;24.25;23.75;23.50;23.75;23.50;24.25;24.00;24.00;23.25;23.75;22.75]
27387- [25.00;24.25;25.00;27.00;26.50;25.50;25.25;25.00;25.00;24.75;26.25;33.50;33.00;25.75;24.25;24.75;24.50;24.75;26.25;39.25;37.50;26.00;25.00;24.50;24.50;24.50;26.50;40.25;38.00;26.00;24.75;24.00;24.50;24.75;27.00;41.25;38.00;25.75;24.00;23.75;24.50;24.25;26.00;38.50;33.50;25.00;23.75;23.75;24.00;24.00;24.75;31.75;27.25;24.00;23.25;23.00;24.00;23.50;24.00;24.25;24.00;23.50;23.25;23.25]
27872- [24.75;24.50;25.00;26.25;26.25;25.00;25.00;24.50;25.25;24.75;25.75;33.00;32.50;25.75;25.00;24.75;24.75;24.75;26.75;39.00;38.00;26.00;24.75;24.25;24.50;24.50;26.75;40.25;38.25;26.25;24.75;23.50;24.50;24.75;27.00;40.75;37.75;25.50;24.50;23.75;24.25;24.00;26.50;38.50;33.50;24.75;23.75;23.50;24.00;23.75;24.75;32.00;27.75;24.50;23.50;23.00;24.00;23.75;24.25;24.00;23.50;23.25;23.50;23.00]
28357- [24.75;24.75;24.75;26.75;26.75;25.50;25.00;24.25;24.75;24.50;25.50;33.00;32.75;25.50;24.75;24.50;24.50;24.75;26.75;38.75;38.00;26.25;25.25;24.00;24.00;24.75;26.75;40.50;38.25;25.75;24.25;24.00;24.50;24.75;27.25;41.00;37.75;25.50;24.00;23.50;24.50;24.25;26.25;38.50;33.50;24.75;23.50;23.50;23.75;23.50;24.75;31.00;27.25;24.00;23.25;22.75;23.50;23.50;23.75;24.25;24.25;23.25;23.00;23.50]
28842- [24.50;24.00;25.00;26.25;26.25;25.00;25.25;24.25;24.75;24.75;26.00;33.00;32.75;25.50;24.75;24.50;24.50;25.00;26.75;38.75;37.25;26.00;24.75;24.75;24.50;24.50;26.75;40.25;37.75;25.50;24.25;23.75;24.25;25.00;26.50;41.25;37.50;25.50;24.50;23.75;24.00;24.50;25.75;38.50;33.75;24.75;23.50;23.50;23.75;23.25;24.50;32.00;27.00;23.75;23.00;22.75;23.25;24.00;24.00;24.00;24.00;23.25;23.50;23.25]
29327- [24.75;24.75;24.75;26.50;26.50;25.00;25.50;24.75;25.00;24.50;25.75;33.50;32.50;26.00;24.50;24.50;24.50;25.25;26.75;39.00;37.75;25.75;25.00;24.25;24.50;24.75;26.50;40.25;38.50;25.75;24.75;24.00;24.50;25.25;26.75;41.50;37.50;26.00;24.25;23.50;23.75;24.50;26.00;38.25;33.50;25.25;24.00;23.25;23.75;24.00;24.50;31.50;27.25;24.75;23.50;23.00;23.75;23.50;23.75;24.25;24.25;22.75;23.25;23.25]
29812- [25.25;24.25;25.00;26.25;26.25;25.00;25.25;24.75;24.75;24.50;25.75;33.00;32.50;25.50;24.75;25.00;24.50;24.75;26.50;39.00;37.50;26.00;25.00;24.25;24.25;24.50;26.75;40.25;38.00;25.50;24.25;23.75;24.50;25.00;27.25;41.50;38.00;25.50;24.50;23.50;24.50;24.25;25.75;38.25;33.75;24.75;24.00;23.75;23.75;23.50;24.50;31.75;27.00;24.25;23.75;23.25;23.25;23.50;24.25;24.25;24.00;23.50;23.25;23.00]
30297- [25.00;25.00;24.50;26.75;26.50;25.25;25.25;24.50;25.00;24.75;25.75;33.75;32.75;25.50;25.00;25.00;25.00;25.00;26.50;39.00;37.50;26.00;24.75;24.00;25.00;24.75;26.75;40.25;37.50;25.75;24.50;23.75;24.50;25.25;27.00;41.25;37.75;26.00;24.50;23.50;24.00;25.00;26.50;38.50;33.75;24.75;24.25;24.25;24.50;23.50;24.75;32.00;27.50;24.50;23.50;22.50;24.00;23.75;24.25;24.25;24.25;23.00;23.25;23.25]
30782- [25.25;23.75;25.00;26.75;26.25;25.00;25.25;25.00;24.75;24.75;25.50;33.25;32.75;26.00;24.50;24.75;24.75;25.00;26.50;39.25;37.75;26.00;24.75;24.00;25.00;24.25;26.75;40.50;38.50;26.00;25.00;24.50;25.00;25.00;27.50;41.25;38.25;25.75;24.75;24.00;24.50;24.50;26.25;38.50;33.75;25.25;23.75;24.00;24.00;23.75;24.50;31.75;27.50;24.00;23.50;22.75;23.50;24.25;24.25;24.00;24.75;23.50;23.25;23.25]
31267- [25.25;24.25;25.00;26.75;26.50;25.50;25.25;24.75;25.00;25.00;25.50;33.75;33.00;25.50;24.75;24.50;25.00;25.25;26.75;39.00;38.00;26.50;25.25;24.25;24.75;24.50;27.25;40.25;38.25;25.50;24.75;24.00;24.50;25.25;27.25;41.25;38.25;25.75;24.25;23.50;24.25;24.75;26.50;38.50;33.75;25.25;24.00;24.25;23.75;24.25;24.75;31.75;27.50;24.25;23.25;23.75;24.25;24.00;24.00;24.00;24.00;23.25;23.50;22.75]
31752- [25.25;24.75;25.00;26.50;26.50;25.25;25.25;24.75;25.00;25.00;25.50;33.50;32.75;26.00;25.25;24.75;24.75;25.00;26.25;39.50;37.75;26.25;25.00;24.25;24.75;24.75;27.25;40.75;38.25;26.00;25.00;24.25;24.25;25.00;27.00;41.25;37.75;25.50;24.75;23.75;24.25;24.25;26.25;38.50;33.75;24.75;24.25;23.75;23.75;24.00;24.75;32.25;27.50;24.50;23.75;23.00;24.00;24.25;24.25;24.50;24.00;23.50;23.50;23.25]
32237- [25.25;25.00;25.25;26.75;26.50;25.50;25.25;24.75;25.00;25.25;26.00;33.75;32.50;25.75;24.75;25.25;24.75;25.00;26.50;39.00;37.75;26.25;25.25;24.25;24.00;24.50;27.00;40.75;38.00;26.00;24.75;24.00;25.00;25.00;27.25;41.25;38.25;25.25;24.50;24.00;24.75;24.25;25.75;38.50;33.75;25.00;24.00;24.25;24.25;24.00;24.50;32.25;27.25;24.00;23.50;23.00;23.50;24.00;24.00;24.25;24.75;23.50;23.75;23.00]
32722- [25.25;24.75;25.00;26.50;26.50;25.75;25.25;25.25;25.00;24.75;26.00;33.50;33.00;26.00;25.00;25.25;25.25;24.75;26.75;39.25;38.00;26.50;25.00;24.75;24.50;25.00;27.00;40.75;38.50;26.25;24.50;24.25;25.00;25.00;27.75;41.25;38.00;25.75;24.50;24.25;24.50;24.50;26.50;38.75;34.00;25.00;23.75;24.25;24.25;24.00;24.75;32.00;27.50;24.50;23.75;23.25;23.75;23.75;24.25;24.25;24.25;23.75;23.25;22.75]
33207- [24.50;24.75;25.25;27.00;26.50;25.25;25.25;24.75;25.25;24.75;26.25;33.75;33.00;25.75;24.50;25.25;25.00;24.75;26.75;39.50;38.00;26.25;24.75;24.25;24.50;24.75;27.25;40.50;38.25;26.25;25.00;24.00;25.00;25.25;27.50;41.25;38.00;25.75;24.75;24.25;24.25;24.25;26.00;38.50;33.75;25.25;24.00;23.75;24.00;23.75;24.75;31.50;27.75;24.25;23.25;22.75;23.50;24.25;24.00;25.00;24.00;23.50;23.50;23.75]
33692- [25.50;25.00;25.25;27.00;26.75;25.75;25.25;25.00;25.00;24.75;26.00;33.75;32.75;26.25;25.00;25.00;25.00;25.25;27.00;39.25;37.50;26.75;25.00;24.50;25.00;25.00;27.00;40.75;38.50;26.00;25.00;24.50;24.75;25.25;27.50;41.75;38.25;26.00;24.75;23.75;24.25;24.25;26.25;38.50;33.75;24.75;24.25;24.00;24.25;24.25;24.75;31.75;28.00;24.50;24.00;23.00;24.00;24.25;24.25;24.50;24.50;24.00;23.25;23.50]
34177- [25.25;25.00;25.25;27.00;27.00;25.50;25.25;25.25;25.25;24.50;25.50;33.50;32.50;26.00;25.25;25.50;24.75;25.25;26.75;39.00;38.00;26.50;25.25;24.50;25.00;24.75;27.25;40.50;38.50;26.50;25.25;24.75;25.00;25.00;27.25;41.00;38.00;25.50;24.50;23.75;24.50;25.00;26.50;39.00;33.50;24.75;24.00;24.00;24.25;24.25;24.50;31.75;28.00;25.00;23.50;22.75;23.50;23.50;24.25;24.75;24.75;23.00;23.75;23.25]
34662- [25.25;24.75;25.50;27.00;26.75;25.00;25.25;25.00;25.25;25.00;26.25;33.50;32.75;26.00;25.00;25.50;25.25;25.25;26.75;39.25;38.00;26.50;25.25;24.00;25.00;25.00;27.00;41.00;38.50;26.25;25.00;24.50;25.00;25.00;27.50;41.25;38.00;25.75;25.00;23.75;24.25;24.75;26.25;38.50;34.00;25.25;24.25;24.00;23.75;23.75;25.25;32.00;28.00;24.25;24.00;23.50;23.50;23.75;24.25;24.50;24.50;23.25;24.00;23.25]
35147- [25.25;24.75;25.50;27.00;26.50;25.50;25.25;25.00;25.25;25.00;25.75;34.00;32.50;26.00;24.75;25.00;25.00;25.25;26.75;39.25;38.00;26.00;25.25;24.75;24.75;25.00;27.00;40.50;38.75;25.75;24.75;24.25;24.75;25.25;27.25;41.50;38.00;26.00;24.50;24.25;24.50;24.50;26.50;38.75;33.75;24.75;24.25;23.75;24.25;24.00;24.50;31.75;27.75;24.25;23.75;22.50;24.00;24.00;23.75;24.25;24.00;23.50;24.00;23.25]
35632- [25.25;24.50;25.50;26.75;26.75;25.25;25.25;24.50;25.50;25.00;26.00;33.50;32.75;26.00;25.00;25.00;25.00;25.00;26.75;39.25;37.75;26.25;24.75;24.25;24.75;25.00;26.75;41.00;38.25;26.00;24.75;24.25;24.75;25.25;27.50;41.25;38.00;26.00;25.00;24.00;24.50;24.00;26.25;38.75;33.75;25.00;24.00;23.75;24.00;24.25;24.75;31.75;27.75;24.25;23.50;23.00;23.75;24.00;24.00;24.50;23.75;23.75;23.25;23.75]
36117- [25.50;24.75;25.25;26.75;26.50;25.50;25.50;24.50;24.75;25.00;25.75;33.50;32.75;25.50;24.75;25.25;24.75;25.00;26.50;39.00;38.00;26.50;25.00;24.50;24.75;24.75;26.75;40.50;38.00;26.00;25.00;24.25;24.25;25.25;27.50;41.50;38.00;25.75;24.50;24.00;24.00;24.50;26.25;38.75;33.50;25.00;24.00;24.00;24.25;24.00;24.50;31.75;27.75;25.00;23.50;23.50;23.50;24.00;23.75;24.25;24.50;23.25;23.50;23.25]
36602- [25.25;24.75;25.50;26.50;26.75;25.25;25.00;24.75;25.25;24.25;25.75;33.25;33.00;25.75;24.75;24.50;25.00;25.00;26.50;39.00;37.75;26.00;24.75;24.25;24.75;24.25;26.75;40.50;38.00;25.75;24.75;24.25;24.50;25.00;27.25;41.00;38.00;25.50;24.25;23.75;24.25;24.50;26.00;38.25;33.75;24.75;23.75;24.00;23.75;24.00;24.25;31.50;27.25;24.00;23.25;23.00;24.00;23.00;23.50;24.25;24.00;23.25;23.25;23.75]
37087- [25.00;24.50;25.00;26.75;26.25;25.00;25.25;24.50;25.00;24.75;25.50;33.25;32.75;25.50;25.25;24.75;24.50;25.00;26.25;39.00;37.00;26.25;24.50;24.00;24.75;24.50;26.75;40.50;37.50;26.00;24.75;24.25;24.50;24.50;27.50;41.00;37.50;25.50;24.50;23.50;24.25;24.00;25.75;38.25;33.75;24.50;23.75;23.75;23.75;23.75;24.25;31.50;27.50;24.00;23.25;22.75;23.50;23.50;24.00;24.25;24.00;23.00;23.25;23.25]
37572- [25.00;24.25;25.75;26.50;26.25;25.00;25.50;24.25;25.25;25.00;25.50;33.50;33.00;25.25;24.75;25.00;24.75;25.00;26.00;39.00;37.25;26.00;25.00;24.50;24.50;24.50;26.50;40.25;37.75;25.75;24.75;23.75;24.75;25.25;27.25;41.25;37.75;25.50;24.75;23.50;24.25;24.50;26.00;38.50;33.50;24.75;24.00;24.00;23.50;23.50;24.25;31.75;27.25;23.75;23.50;22.75;23.75;23.75;24.00;24.00;24.00;22.75;23.50;24.00]
38057- [25.00;24.50;24.75;27.25;26.25;25.25;25.25;25.00;25.00;25.25;26.00;33.50;33.00;25.50;25.00;24.75;25.00;25.00;26.50;39.25;37.50;26.25;25.25;24.00;24.75;24.50;26.50;40.25;38.25;26.00;24.50;24.25;24.75;25.00;26.75;41.25;37.75;26.00;24.75;23.75;23.75;24.25;26.25;38.50;33.50;25.00;23.25;23.25;23.75;24.00;24.25;31.50;27.50;24.50;23.75;23.25;23.75;23.75;23.50;24.50;23.50;23.00;23.25;23.00]
38542- [24.75;24.25;25.25;26.75;26.75;25.25;25.50;24.75;25.25;24.75;26.25;33.50;32.50;25.50;25.25;25.00;25.00;24.75;26.25;39.00;37.50;26.00;25.00;24.25;24.50;24.75;26.75;40.50;38.25;26.00;24.75;24.25;24.75;25.25;27.25;41.00;38.00;25.25;24.25;23.75;24.25;24.75;26.25;38.25;33.75;25.00;24.25;24.00;24.00;23.50;24.25;31.75;27.25;24.50;23.25;22.75;23.75;23.75;24.00;24.50;24.25;23.50;24.00;23.00]
39027- [25.50;24.75;25.25;26.75;26.50;25.25;25.00;24.50;25.50;25.00;25.50;33.50;32.75;26.00;24.75;24.75;25.50;25.25;26.75;39.25;37.75;26.50;25.00;24.50;25.00;25.00;27.00;40.50;38.50;26.00;24.75;24.00;25.00;25.00;27.25;41.25;38.25;25.75;24.75;23.75;24.25;24.50;26.25;38.50;34.00;25.25;24.00;24.50;23.75;24.25;24.75;32.00;27.75;24.50;23.75;23.00;24.00;23.75;24.25;24.25;24.00;23.50;23.25;23.50]
39512- [25.00;24.75;25.00;27.00;26.25;25.75;25.25;25.00;25.25;25.25;26.25;33.50;32.75;25.75;24.75;25.00;25.00;25.75;26.75;39.00;38.00;26.00;25.00;24.00;25.00;25.00;27.00;40.75;38.75;25.75;24.50;23.75;24.75;24.50;27.50;41.25;38.00;25.75;24.25;23.75;24.50;24.50;26.00;38.50;33.75;25.00;24.00;24.00;23.75;24.00;24.50;31.25;27.75;24.50;24.00;22.75;24.00;23.50;24.25;24.25;23.75;23.50;23.50;23.50]
39997- [25.25;24.75;25.25;26.50;26.75;25.25;25.50;25.00;25.00;24.75;26.25;33.50;33.00;26.00;25.00;25.00;24.50;25.50;26.50;39.50;37.75;26.50;25.00;24.75;24.75;25.00;26.75;40.50;38.00;26.25;25.00;24.00;25.00;25.25;27.25;41.50;38.00;25.75;24.50;24.00;24.25;24.75;26.25;38.25;33.50;25.00;24.00;23.50;24.00;24.25;24.50;31.50;27.75;24.00;24.00;23.25;23.00;23.75;24.50;24.25;24.00;23.50;23.50;23.75]
40482- [25.25;24.75;24.75;27.00;26.75;25.00;25.50;25.00;25.50;24.50;26.00;33.75;33.00;25.50;25.00;25.00;25.00;25.25;27.00;39.25;37.75;26.00;25.00;24.25;24.75;24.75;27.00;40.25;38.25;26.25;24.75;24.00;25.25;25.25;27.25;41.50;38.00;26.00;24.75;23.75;24.50;24.25;26.25;38.50;33.75;25.25;24.25;23.75;23.75;24.00;24.25;31.75;27.50;24.50;23.75;23.25;23.50;24.00;24.50;24.75;24.00;23.75;24.00;23.25]
40967- [25.25;24.75;25.50;27.00;26.75;25.50;25.75;25.00;24.75;25.25;26.00;33.75;32.75;26.00;25.25;25.00;24.50;25.25;26.75;39.25;37.75;26.75;25.25;24.75;24.75;24.75;27.00;40.50;38.25;26.00;24.50;24.75;25.00;25.00;27.50;41.50;37.75;25.50;25.00;24.50;24.50;25.00;26.50;38.50;33.75;25.00;24.00;23.50;24.50;23.75;24.75;32.00;28.00;24.75;23.75;23.00;23.50;24.25;24.00;24.50;24.25;23.50;23.75;23.25]
41452- [25.00;25.00;25.25;26.50;26.75;25.75;25.00;25.50;25.50;25.00;25.75;33.50;32.75;25.75;25.00;25.50;25.00;25.00;26.50;39.25;37.75;26.25;25.25;24.50;25.00;24.50;26.75;40.50;38.00;26.00;24.75;24.25;24.75;25.00;27.50;41.50;37.75;26.25;24.50;23.25;24.25;25.00;26.00;38.25;33.75;24.75;24.00;24.25;24.00;23.75;24.75;31.75;27.25;24.00;23.25;23.00;23.50;24.25;24.25;24.50;24.00;23.50;23.25;23.50]
41937- [25.25;24.50;25.25;27.00;26.75;25.50;25.50;24.75;25.25;25.50;26.00;33.75;32.75;26.25;25.25;25.25;24.75;25.25;26.75;39.00;38.00;26.50;25.25;24.25;25.00;25.25;27.00;40.50;38.00;26.00;24.75;24.50;25.00;25.00;27.75;41.50;37.75;26.00;24.25;24.00;24.25;24.50;26.00;38.50;33.50;25.00;24.25;24.00;24.50;23.50;24.75;31.75;27.75;24.00;23.75;23.25;23.75;24.25;24.00;24.25;24.25;23.00;23.75;22.75]
42422- [25.00;24.75;25.00;27.00;27.00;25.25;25.00;24.75;25.25;24.75;25.75;33.50;33.00;25.75;25.00;24.50;24.75;25.00;26.75;39.25;38.00;26.50;25.25;24.50;24.50;25.00;26.75;40.75;38.25;26.25;25.00;24.00;25.00;25.00;27.25;41.25;38.00;25.75;24.50;24.25;24.00;24.50;26.25;38.50;34.00;25.25;24.50;23.75;24.00;24.25;24.75;31.50;27.50;24.00;23.50;23.25;23.00;23.50;24.25;24.00;24.25;23.50;23.50;23.50]
42907- [25.25;24.50;25.50;27.00;26.75;25.25;25.25;25.25;24.75;24.75;26.00;33.50;33.00;26.00;25.00;25.00;24.50;25.50;26.75;39.25;37.75;26.00;24.75;24.25;24.50;24.75;26.75;40.25;38.00;26.50;24.75;24.25;24.50;25.25;27.50;41.50;37.75;25.75;24.75;24.00;24.25;25.25;26.50;38.00;33.75;25.00;23.75;23.75;24.00;23.75;24.50;31.50;27.50;24.25;23.50;23.00;23.75;23.75;24.25;24.50;24.25;23.00;23.75;23.00]
43392- [25.50;24.75;25.25;26.75;26.50;25.50;25.25;24.50;25.00;25.00;25.75;34.00;33.00;25.50;24.75;25.00;25.00;25.00;26.50;39.25;38.00;26.25;25.00;24.75;25.00;24.75;26.75;40.50;38.25;26.00;24.50;24.25;24.75;25.00;27.00;41.50;37.75;25.75;24.25;23.75;24.75;25.00;26.50;38.75;34.00;25.50;24.00;24.25;24.25;23.75;24.75;31.75;27.50;24.50;23.75;23.25;24.25;23.50;24.00;24.50;24.25;23.25;23.50;23.50]
43877- [25.25;25.00;25.50;26.75;26.75;25.25;25.25;25.00;24.75;24.75;26.25;33.75;32.75;25.75;24.75;25.25;25.25;25.00;26.75;39.00;37.75;26.00;24.75;24.25;24.50;24.50;26.75;40.25;38.25;26.00;24.50;24.00;24.50;24.75;27.00;41.50;38.00;25.75;24.25;23.75;24.25;24.50;26.50;38.50;33.50;24.50;24.00;24.25;23.75;23.75;24.25;31.75;27.50;24.25;23.50;22.75;23.25;23.50;23.75;24.25;24.25;23.50;23.50;23.50]
44362- [25.50;24.50;25.25;26.50;26.50;25.25;25.50;24.75;25.00;24.75;25.75;33.50;33.00;26.00;24.50;24.25;24.50;24.75;26.75;39.00;37.50;26.00;25.00;24.00;24.75;24.75;27.00;40.25;38.25;25.75;24.50;23.75;25.00;25.00;27.50;41.25;38.00;26.00;24.50;23.75;24.50;24.25;26.25;38.75;33.75;24.75;23.75;23.75;24.00;23.50;24.50;31.50;27.75;24.25;23.75;23.00;23.50;24.00;24.25;24.50;24.00;23.25;23.75;23.50]
44847- [25.50;24.25;25.00;26.50;26.75;25.00;25.25;25.00;25.00;24.75;25.50;33.75;32.75;25.75;24.75;24.50;25.00;25.50;26.50;39.25;37.75;26.00;25.00;24.25;24.50;24.75;27.00;40.50;38.25;26.00;24.50;23.75;24.75;24.50;27.25;41.00;38.00;25.75;24.50;23.75;24.25;25.00;26.00;38.50;33.50;25.00;23.75;24.00;23.50;23.75;24.50;31.50;27.50;24.50;23.75;23.00;23.25;23.75;24.25;24.25;24.25;23.75;23.50;23.25]
45332- [25.25;24.75;25.00;26.25;26.75;25.25;25.00;25.00;25.00;25.00;26.25;33.50;32.75;26.00;25.00;24.75;25.50;25.25;27.00;39.25;37.75;26.25;25.25;24.75;25.00;24.75;27.00;40.25;38.25;26.00;24.75;24.00;24.75;25.00;27.25;41.25;38.00;25.50;24.75;23.75;24.25;24.25;26.25;38.50;33.25;25.00;24.00;24.25;23.75;24.00;24.75;31.75;27.75;24.25;23.50;22.75;24.25;24.00;24.00;24.75;24.25;23.50;23.75;23.25]
45817- [25.00;25.25;25.25;26.75;27.00;24.75;25.50;25.25;25.25;24.75;26.00;33.25;33.00;25.75;25.00;25.25;25.00;25.25;26.50;39.25;37.75;26.50;25.00;24.50;25.00;25.00;26.75;40.25;38.00;26.25;24.75;24.00;24.75;25.25;28.00;41.50;37.75;26.00;24.75;23.50;24.50;24.75;26.25;38.75;33.75;24.75;24.00;24.00;24.25;23.75;25.00;31.25;27.50;24.50;24.00;23.25;24.75;24.25;24.25;24.25;24.25;24.00;23.75;23.50]
46302- [25.25;25.00;25.25;26.75;27.00;25.25;25.25;24.75;25.50;25.25;26.00;33.25;32.75;26.00;24.75;24.75;25.25;25.25;27.00;39.25;38.00;26.25;25.00;24.25;24.50;24.75;27.00;40.50;38.25;26.00;24.75;24.00;25.00;25.50;27.50;41.50;38.00;26.00;24.50;24.00;24.25;24.25;26.25;38.75;34.00;24.50;24.00;24.00;24.00;23.75;24.50;32.00;27.50;24.00;23.75;23.25;24.00;23.75;24.50;24.25;24.25;23.50;23.50;23.50]
46787- [25.25;24.75;25.75;26.75;26.75;25.25;25.25;25.25;25.25;25.00;25.75;33.00;33.00;25.50;24.50;25.25;24.75;25.00;27.00;39.00;37.50;26.25;25.00;24.50;24.50;24.75;26.75;40.25;37.75;25.75;25.00;23.75;24.50;24.75;27.50;41.25;37.75;26.25;25.00;23.75;24.75;24.75;26.25;38.50;33.25;24.75;24.25;24.25;24.25;24.00;24.50;31.50;27.50;24.50;24.00;22.50;23.50;23.00;23.75;24.50;24.50;23.50;23.50;23.75]
47272- [25.50;24.50;25.50;26.50;26.50;25.25;25.25;25.25;25.00;24.75;26.00;33.50;33.00;25.75;25.00;24.75;25.25;25.25;26.75;39.00;37.50;26.25;25.75;24.50;24.75;25.00;26.75;40.50;38.25;26.00;24.25;24.50;24.75;25.00;27.00;41.25;38.00;25.50;25.25;24.00;24.50;24.75;26.25;38.25;33.50;24.75;24.00;24.00;24.25;24.00;24.75;32.00;27.50;24.25;24.00;23.25;23.75;24.25;24.00;24.00;24.00;23.25;23.50;23.25]
47757- [25.00;24.50;25.50;26.50;26.75;25.00;25.50;25.25;24.75;25.00;26.00;33.75;32.75;26.00;25.25;25.00;24.75;25.25;26.50;39.00;37.75;26.25;25.25;24.00;25.00;25.00;27.00;40.50;38.25;25.75;24.75;24.00;24.75;25.00;27.50;40.75;37.75;26.00;24.50;23.75;24.50;24.75;26.25;38.50;33.50;25.00;23.75;24.00;24.00;24.25;25.00;31.50;27.75;24.00;23.25;22.50;24.50;24.00;24.00;24.25;24.25;23.25;23.75;22.75]
48242- [25.75;25.00;25.50;26.25;26.50;25.50;24.50;25.25;25.00;24.75;25.50;33.75;32.50;25.75;24.75;25.25;25.00;24.75;26.75;39.00;37.75;26.25;25.00;24.25;25.00;24.25;27.00;40.50;38.50;26.00;24.25;24.00;25.00;25.00;27.25;41.25;38.00;25.75;24.25;23.75;24.50;24.50;26.25;38.50;33.50;25.00;23.75;23.75;24.50;23.75;24.75;31.75;27.50;24.25;23.50;22.75;23.75;24.00;24.00;24.00;24.25;23.75;24.00;23.75]
48727- [24.75;24.50;25.75;26.50;26.25;25.25;25.00;25.00;25.25;25.25;25.75;33.50;32.50;26.00;24.75;25.00;25.00;25.25;26.50;39.00;37.75;26.75;25.00;24.25;24.50;24.75;27.00;40.25;38.00;26.25;24.75;24.75;25.00;25.00;27.25;41.25;38.00;25.75;24.50;23.25;24.50;24.25;26.00;38.50;33.75;25.00;24.00;23.75;23.75;23.75;24.50;31.75;27.25;24.25;23.25;23.25;23.50;24.25;24.00;24.25;24.25;22.75;23.50;23.50]
49212- [24.75;24.25;25.75;26.75;26.50;25.25;25.00;24.75;25.00;25.00;25.50;33.25;32.75;25.50;25.00;25.00;24.75;25.00;26.50;39.00;37.50;26.50;25.00;24.50;25.00;24.50;27.25;40.25;38.25;26.00;24.75;24.50;24.50;25.25;27.25;41.25;37.50;25.50;24.50;23.75;24.25;24.75;26.00;38.50;33.75;24.75;24.25;23.75;24.00;23.75;24.75;31.75;27.50;24.25;23.50;23.25;23.50;23.75;24.00;24.00;24.00;23.50;23.00;23.50]
49697- [25.50;24.50;25.00;26.75;27.00;25.00;24.75;24.75;24.75;24.50;26.00;33.50;32.75;26.00;24.75;25.50;24.75;25.00;26.50;39.00;37.25;26.25;24.75;24.75;24.50;24.75;26.75;40.25;37.75;25.75;24.25;24.50;24.50;24.50;27.00;41.00;37.75;25.25;24.25;23.50;24.25;24.75;26.00;38.00;34.00;24.50;24.25;23.50;23.50;23.25;24.50;31.25;27.25;24.00;23.75;22.50;23.50;23.25;23.75;24.00;24.00;23.25;23.25;23.00]
50182- [25.00;24.25;25.00;26.25;26.75;25.00;25.00;24.50;25.00;24.75;25.25;33.25;32.25;25.75;24.50;24.75;25.00;25.00;26.50;38.75;37.50;26.00;25.25;24.00;24.50;24.50;26.50;40.00;37.75;25.50;24.50;23.75;24.50;24.25;27.25;40.75;37.50;25.75;24.75;23.50;24.00;24.25;26.25;38.25;33.50;25.00;23.75;23.75;23.25;23.75;24.50;31.50;27.50;24.25;23.75;23.00;23.00;23.25;23.50;24.00;24.00;23.25;23.25;22.75]
50667- [25.00;25.00;25.00;26.50;26.25;24.75;25.00;24.25;25.00;24.75;25.25;33.50;32.50;25.50;25.00;24.50;24.50;24.75;26.25;39.00;37.50;25.75;25.00;24.50;24.50;24.75;26.75;40.00;37.75;25.25;24.25;24.00;25.00;25.00;27.00;41.00;37.25;25.25;24.50;23.75;23.50;24.25;25.75;38.25;33.75;24.75;23.75;23.75;24.25;23.25;24.50;31.25;27.50;24.25;23.25;22.75;23.00;23.50;24.00;24.00;24.00;23.50;23.50;23.50]
51152- [24.75;24.50;25.25;26.25;26.50;24.75;25.25;24.75;25.00;24.75;25.25;33.25;32.25;25.50;24.50;24.50;24.75;25.00;26.25;39.00;37.75;25.50;24.50;24.50;24.50;24.50;26.50;40.25;38.00;25.75;24.50;24.00;24.25;24.25;27.25;40.50;37.75;26.00;24.50;23.25;24.25;24.25;26.00;38.25;33.50;24.75;23.75;24.00;24.25;23.50;24.25;31.50;27.25;24.25;23.25;23.00;24.00;23.50;23.50;23.75;24.00;23.50;23.25;22.75]
51637- [25.00;24.50;25.25;26.50;26.50;25.25;25.00;25.00;25.25;24.25;25.50;33.25;32.50;25.25;24.50;24.75;25.00;25.25;26.00;38.75;38.00;26.00;24.75;24.25;24.25;25.00;26.50;40.75;37.75;25.75;24.50;23.75;24.50;24.50;27.25;41.00;37.50;25.25;24.50;23.75;24.50;24.50;25.75;38.25;33.25;24.75;23.25;23.75;23.75;23.50;24.25;31.50;27.25;24.00;23.25;22.75;23.00;23.50;23.75;24.25;24.00;22.75;23.50;22.75]
52122- [24.50;24.25;25.50;26.75;26.25;25.00;25.00;24.75;25.00;24.50;25.75;33.00;32.75;25.75;24.50;24.75;24.75;24.75;26.50;38.75;37.50;26.00;24.75;24.25;24.75;24.50;26.25;40.00;37.75;25.75;24.25;23.25;24.50;24.25;27.25;40.75;38.00;25.50;24.25;23.50;23.50;24.25;25.75;38.25;33.50;24.50;23.25;23.50;23.50;23.50;24.25;31.00;27.25;23.75;23.50;23.00;24.00;23.50;23.50;24.00;24.00;23.25;23.50;23.25]
52607- [24.75;24.75;24.75;26.50;26.25;25.00;24.75;24.50;24.50;24.75;25.50;33.00;32.50;25.50;24.50;25.00;24.75;24.75;26.25;38.75;37.25;26.00;24.75;24.25;24.75;24.00;26.75;40.25;38.00;26.00;24.25;24.00;24.75;24.50;27.00;40.75;37.50;25.75;24.00;23.50;24.25;24.25;25.75;38.25;33.00;24.75;23.75;23.50;23.75;23.50;24.50;31.50;27.25;24.00;23.50;22.75;23.00;23.50;23.75;24.00;24.00;22.75;23.25;23.00]
53092- [25.00;24.50;25.00;26.25;26.25;25.25;25.00;24.75;25.00;24.75;26.25;33.25;32.75;25.25;24.50;24.25;25.00;24.75;26.75;39.00;37.50;25.75;24.75;24.25;24.25;24.50;27.00;39.75;37.75;25.25;24.25;24.50;24.50;24.75;27.00;40.75;37.50;25.25;24.25;23.75;24.00;24.75;25.75;37.75;33.25;24.75;24.00;23.25;24.00;23.50;24.50;31.25;27.50;23.25;23.50;23.00;22.75;23.50;23.75;23.75;24.00;23.25;22.75;23.25]
53577- [25.00;24.75;25.00;26.25;26.50;24.75;24.75;24.75;24.75;24.50;25.75;33.25;32.25;25.50;24.50;24.50;24.25;24.75;26.50;38.75;37.25;26.25;24.75;24.25;24.00;24.50;27.00;40.25;38.00;25.50;24.25;24.00;24.50;25.00;27.00;41.25;37.50;25.75;24.50;23.75;24.25;24.50;25.50;38.25;33.25;24.25;23.75;23.50;24.00;23.50;24.75;31.50;27.75;24.25;23.75;23.50;23.25;23.75;23.75;24.25;23.50;23.25;23.25;22.75]
54062- [24.50;25.00;25.00;26.50;26.50;25.00;25.00;24.75;25.00;24.75;25.75;33.00;32.25;25.50;24.50;24.50;24.25;25.00;26.50;38.75;37.50;26.00;25.00;24.00;24.25;24.50;26.50;40.00;38.00;25.75;24.50;23.75;24.75;25.00;27.00;41.25;37.75;25.75;24.50;23.75;24.00;24.00;25.75;38.25;33.75;24.50;23.75;23.50;23.75;23.75;24.50;31.75;27.50;24.00;23.25;22.25;23.50;23.50;23.75;24.00;23.75;23.00;23.75;23.25]
54547- [24.50;24.25;25.00;26.50;26.50;25.00;24.75;24.75;25.00;24.75;25.75;33.00;32.50;25.50;24.75;24.50;24.50;24.75;26.50;38.75;37.50;26.25;24.50;24.00;24.25;24.50;26.75;40.25;38.00;26.25;24.50;23.75;24.75;24.50;26.75;41.00;37.75;25.75;24.50;23.50;24.00;24.25;26.00;38.25;33.00;24.50;23.75;24.25;24.50;23.50;24.75;31.50;27.25;23.75;23.50;23.00;23.50;24.00;23.75;24.25;23.75;23.00;23.50;23.00]
55032- [24.50;24.00;25.25;26.50;26.50;24.75;25.25;24.50;24.75;24.75;25.50;33.50;32.75;25.75;24.50;24.50;25.00;24.75;26.50;39.00;37.25;26.00;25.50;24.50;24.50;24.50;26.75;40.00;38.00;25.75;24.25;24.00;24.75;24.75;27.25;41.00;38.00;25.50;24.25;23.75;24.25;25.00;26.25;38.25;33.50;24.75;24.00;23.75;24.00;23.75;24.00;31.25;27.50;24.50;23.25;23.00;23.00;23.75;24.00;24.25;24.50;23.00;23.25;23.75]
55517- [24.75;24.25;25.00;26.25;26.25;24.50;25.00;24.50;24.75;25.00;25.75;33.50;32.75;25.75;24.25;24.75;24.75;24.50;26.25;39.00;37.50;26.00;25.00;24.50;24.50;24.50;26.75;40.00;37.75;25.50;24.25;24.00;24.50;25.25;27.50;41.00;37.75;25.75;24.50;23.50;24.00;24.25;25.75;38.25;33.25;24.50;23.75;23.75;23.75;23.50;24.25;31.50;27.25;23.75;23.75;22.50;23.50;23.25;24.00;23.75;24.00;23.25;23.25;23.00]
56002- [25.00;24.50;24.75;26.50;26.50;25.00;25.25;24.50;25.00;24.50;25.75;33.25;32.25;25.75;24.75;24.75;24.50;24.75;26.75;39.00;37.25;26.00;24.75;24.25;24.50;24.50;26.75;40.00;37.75;25.25;24.50;23.75;24.50;25.25;27.00;41.00;37.50;25.50;24.50;23.75;23.50;24.75;25.75;38.00;33.75;24.75;23.75;23.75;23.75;23.50;23.75;31.25;27.25;24.25;23.50;22.50;23.75;23.75;23.50;24.50;24.25;23.50;23.25;23.25]
56487- [25.00;24.00;25.00;26.75;26.25;25.00;25.00;25.00;24.75;24.25;25.50;33.25;32.00;25.25;24.50;24.75;24.50;24.75;26.00;39.00;37.00;25.75;24.75;23.75;24.00;24.25;26.50;40.00;37.75;25.25;24.25;23.75;24.50;25.25;26.75;41.00;37.50;25.25;24.00;23.25;24.50;24.25;26.50;38.25;33.50;25.00;23.75;23.25;23.25;23.50;24.25;31.50;27.25;24.50;23.25;23.25;23.25;23.50;23.75;24.25;23.75;23.00;23.50;22.50]
56972- [25.00;24.50;24.75;26.25;26.25;24.75;24.50;24.50;25.00;24.50;25.75;33.00;32.50;25.75;25.00;24.25;24.50;24.75;26.50;38.50;37.50;25.75;24.25;24.25;24.25;24.25;26.50;40.00;38.00;25.50;24.75;24.00;24.50;24.50;27.25;41.00;37.50;25.50;24.50;23.50;24.25;24.25;26.00;38.25;33.25;24.75;23.75;23.50;23.75;23.75;24.50;31.25;27.00;24.25;23.25;22.75;23.75;23.75;24.00;24.25;24.00;23.25;23.50;23.75]
57457- [24.75;23.75;25.00;26.25;26.50;25.25;25.25;24.50;25.00;24.25;25.50;33.00;32.50;25.50;24.75;24.50;24.50;25.25;26.25;38.75;37.50;26.25;25.00;24.50;24.50;24.75;26.50;40.00;37.50;25.50;24.50;24.25;24.50;24.50;27.25;40.50;37.25;25.50;24.00;23.25;24.25;24.25;25.75;37.75;33.25;24.75;23.25;23.50;23.75;23.75;24.25;31.50;27.25;24.00;23.25;23.00;23.75;23.00;23.50;24.50;24.00;23.00;23.50;22.50]
57942- [25.00;24.50;25.25;26.25;26.50;25.50;25.00;24.50;25.00;24.50;25.75;33.25;32.75;25.50;24.75;24.75;24.50;25.25;26.25;38.50;37.50;26.00;24.75;24.50;24.00;24.25;26.75;40.00;38.00;25.75;24.50;23.75;24.25;24.75;27.25;40.50;37.75;25.50;24.25;23.75;24.25;24.25;26.00;38.25;33.25;24.75;24.00;23.50;23.75;23.75;24.50;31.50;27.25;24.25;23.50;22.25;23.50;23.75;24.25;24.25;23.75;23.25;23.00;23.50]
58427- [25.00;24.25;25.00;26.25;26.50;25.00;25.00;24.75;25.00;24.50;25.50;33.25;32.50;25.50;24.50;24.50;24.75;25.00;26.25;39.00;37.50;26.00;25.00;24.00;25.00;24.75;26.50;40.25;38.00;26.00;24.50;23.75;24.75;24.75;27.00;40.75;37.75;25.50;24.50;23.50;24.00;24.25;26.25;38.25;33.50;24.75;24.00;23.75;24.00;23.50;24.25;31.75;27.25;24.25;24.00;22.75;23.25;23.25;24.25;24.50;23.75;23.25;23.75;23.00]
58912- [25.00;24.25;25.00;26.50;26.25;25.00;25.00;24.25;24.75;24.50;25.50;33.25;32.25;25.75;24.50;24.75;24.50;25.00;25.50;39.00;37.50;25.75;24.75;24.00;24.25;24.25;26.75;39.75;37.75;25.50;24.25;23.50;24.25;24.50;27.00;41.00;37.50;25.25;24.25;23.00;24.00;24.25;25.75;38.00;33.25;25.00;24.00;23.75;23.50;23.50;24.50;31.50;27.25;24.25;23.50;23.25;23.25;23.50;23.50;24.50;23.75;23.00;23.00;23.00]
59397- [25.25;24.50;25.00;26.50;26.50;24.75;25.00;24.50;24.75;25.00;25.75;33.25;33.00;25.50;25.00;24.75;24.75;25.25;26.25;38.75;37.25;26.00;24.75;23.75;24.50;24.50;26.75;40.00;38.00;25.75;24.25;24.00;24.25;25.00;27.00;41.00;37.75;25.50;25.00;23.25;23.75;25.00;26.25;38.50;33.75;25.25;23.75;24.00;23.75;23.75;24.50;31.50;27.75;24.00;23.50;22.50;23.50;22.75;23.75;24.00;23.75;23.25;23.25;23.25]
59882- [24.25;24.25;24.75;26.50;26.25;25.00;25.25;24.50;25.25;25.25;25.50;33.00;32.25;25.50;24.25;24.50;24.25;24.75;26.25;39.00;37.50;26.00;24.75;24.00;24.50;24.50;26.75;40.25;37.50;25.50;24.25;23.50;24.25;24.75;27.00;41.00;37.50;25.50;24.50;23.50;24.00;24.75;26.25;38.25;33.00;24.75;23.75;24.00;24.00;24.00;24.50;31.50;27.75;24.00;23.50;22.75;23.75;23.75;23.75;24.50;23.50;23.75;23.50;22.50]
60367- [25.25;24.50;25.00;26.50;26.25;25.00;25.75;24.00;25.25;25.25;25.50;33.50;32.75;26.00;24.75;24.50;25.00;25.50;26.75;38.75;37.50;25.75;24.75;24.25;24.25;24.50;26.50;40.00;38.00;25.50;24.75;23.75;24.75;24.50;27.25;41.00;37.75;26.00;24.50;23.75;24.25;24.25;26.25;38.50;33.25;25.00;23.75;23.75;24.00;24.00;24.75;31.50;27.50;23.75;23.50;23.00;23.50;23.75;23.75;24.25;24.00;23.25;23.50;23.50]
60852- [24.75;24.25;25.00;27.00;26.25;24.75;25.25;25.00;24.75;24.75;26.00;33.25;32.75;25.75;25.25;25.25;25.00;25.00;26.25;38.75;37.50;26.75;25.00;24.00;24.50;25.00;26.75;40.25;38.00;25.50;24.75;24.25;24.50;24.75;27.25;41.00;37.75;25.75;24.75;24.00;24.25;24.50;26.00;38.25;33.75;25.00;24.25;24.50;24.25;24.00;25.00;31.50;27.50;24.25;23.50;23.50;23.50;23.50;24.00;24.00;24.25;23.50;23.50;23.25]
61337- [25.50;24.75;25.50;26.75;26.75;25.75;25.00;24.75;24.75;25.25;25.75;33.50;32.75;26.25;25.00;25.00;25.00;25.25;26.75;39.25;38.00;26.25;25.25;24.25;24.50;24.50;27.25;40.25;38.25;26.00;24.75;24.00;24.25;25.25;27.50;41.25;38.00;26.00;24.50;23.75;24.25;24.50;26.25;38.50;34.00;25.25;23.75;23.75;24.00;23.50;24.00;31.50;27.75;24.25;23.75;23.25;23.25;23.75;24.25;24.75;24.25;23.25;23.75;23.75]
61822- [25.25;24.50;25.25;26.75;27.00;25.25;25.00;25.00;25.25;24.75;26.00;33.50;33.00;26.00;25.00;25.00;24.75;25.00;26.50;39.25;37.75;26.25;24.75;24.25;24.50;25.25;26.75;40.25;38.25;26.00;24.75;24.75;25.00;25.00;27.50;41.25;38.00;26.00;24.50;23.75;24.50;24.75;26.50;38.50;33.50;24.75;24.00;24.00;23.75;24.00;25.25;31.75;27.50;24.50;23.25;23.25;24.25;23.75;24.00;24.75;23.75;23.25;23.25;23.25]
62307- [25.75;24.75;25.50;26.75;26.25;25.50;25.50;25.00;25.50;25.50;25.75;33.50;33.00;26.00;25.00;25.00;24.50;25.50;27.00;39.25;37.75;26.50;24.75;24.75;25.00;25.00;26.75;40.25;38.00;26.25;24.75;23.75;24.75;25.00;27.50;41.25;38.00;26.00;24.75;23.75;24.50;25.00;26.25;38.50;33.75;25.00;24.25;24.25;23.50;24.00;25.00;31.50;27.50;24.25;23.75;22.75;23.50;23.75;24.25;24.50;24.00;23.25;23.50;23.75]
62792- [25.00;24.50;25.00;27.00;26.75;25.00;25.25;25.25;25.00;24.50;25.75;33.00;32.75;25.75;24.50;24.75;25.00;25.00;26.75;39.25;38.00;26.25;25.00;24.50;25.00;24.75;27.00;40.50;38.00;26.25;24.25;24.50;24.75;24.75;27.25;41.50;37.75;25.75;24.75;24.25;24.00;24.50;26.25;38.50;33.50;24.75;24.00;24.00;24.00;24.25;24.50;31.75;27.75;24.00;23.25;23.00;22.75;23.75;24.25;23.75;24.75;23.25;23.75;22.75]
63277- [25.25;24.75;25.50;26.75;26.75;25.00;25.50;25.00;25.25;25.25;25.75;33.75;32.75;26.00;24.75;24.75;25.00;24.75;26.75;39.00;37.50;26.50;25.00;24.25;25.00;24.75;26.75;40.25;38.00;26.00;24.50;24.00;24.75;25.25;27.00;41.50;38.50;25.75;24.50;23.50;24.25;24.75;26.50;38.50;33.75;24.50;24.00;23.75;24.00;24.50;24.75;31.50;27.50;24.25;23.50;23.00;23.75;24.00;24.25;24.25;24.00;23.50;23.50;22.75]
63762- [25.00;24.75;25.25;26.75;26.50;25.25;25.00;25.00;25.50;25.00;26.00;33.75;32.75;25.75;24.75;24.75;24.75;25.25;26.50;39.25;37.25;26.25;25.25;24.50;24.50;24.75;26.75;40.50;38.00;25.75;24.75;23.75;25.00;24.75;27.25;41.25;37.75;25.75;24.75;23.75;24.00;24.75;26.75;38.50;33.25;25.25;24.00;24.00;24.00;23.50;24.50;31.25;27.50;24.00;23.75;23.25;23.75;24.00;23.75;24.25;24.50;23.50;23.25;23.25]
64247- [25.25;24.50;25.00;26.25;26.75;25.25;25.25;25.00;25.00;24.75;26.00;33.25;33.00;26.25;24.75;25.25;24.50;25.25;27.00;39.00;38.00;26.25;25.00;24.50;24.50;24.50;27.00;40.25;38.25;26.25;24.25;24.25;24.75;25.00;27.50;41.00;38.00;25.75;24.50;23.75;24.00;24.50;26.25;38.50;33.50;25.25;24.00;24.00;24.00;23.75;24.25;31.75;27.50;24.50;23.50;23.00;23.25;23.75;24.00;24.25;24.25;23.75;23.75;23.25]
64732- [25.00;24.75;25.75;26.75;27.00;25.00;25.25;25.25;25.00;24.75;26.00;33.50;32.75;25.50;24.75;25.00;25.00;25.50;26.50;39.00;37.50;26.50;25.25;24.50;25.00;24.75;26.50;40.75;38.25;25.75;24.75;24.00;24.25;25.00;27.25;41.25;38.00;26.00;24.50;23.75;24.50;24.50;26.00;38.25;33.50;24.75;24.00;24.25;24.00;24.00;24.75;31.75;27.25;23.75;23.50;23.00;23.50;24.00;24.50;24.25;24.00;23.00;23.25;23.50]
65217- [25.00;24.25;25.00;26.50;26.75;25.00;25.75;24.50;24.75;25.00;26.00;33.50;32.75;26.25;24.75;25.25;24.75;25.25;26.50;39.25;37.50;25.75;25.50;24.50;24.75;25.00;26.50;40.50;38.25;26.25;24.50;24.25;24.75;24.75;27.25;41.25;37.50;26.00;24.50;23.75;24.00;24.25;25.75;38.50;33.50;24.75;24.00;24.25;23.75;24.00;25.00;31.50;27.75;24.00;23.75;22.75;23.50;23.50;24.00;24.25;24.25;22.75;23.75;22.75]
65702- [25.00;24.75;25.50;26.50;26.50;25.50;26.00;25.00;25.00;25.00;26.00;33.75;32.75;26.00;24.75;25.25;25.25;24.75;27.00;39.25;37.75;26.00;25.25;24.50;24.50;24.75;26.75;40.50;38.50;25.75;24.50;24.00;25.00;25.00;27.00;41.25;38.00;25.75;24.50;23.75;24.50;25.00;26.25;38.50;33.75;24.50;24.00;23.75;23.75;24.00;24.25;31.50;27.25;24.25;24.00;22.75;24.00;23.75;24.00;24.25;24.25;23.00;23.50;23.00]
66187- [25.50;24.50;25.50;27.00;26.75;25.50;25.75;24.75;25.25;25.00;26.00;33.50;32.75;25.75;25.25;25.50;25.00;25.50;26.75;39.25;37.50;26.50;25.25;24.50;24.75;24.50;26.75;40.25;38.00;26.00;25.00;24.25;24.75;25.00;27.25;41.00;37.75;25.75;24.50;24.00;24.25;24.75;26.25;38.50;33.75;25.00;24.25;23.75;24.00;24.25;24.50;31.50;27.75;24.00;23.75;23.00;23.75;23.50;24.00;23.75;24.25;23.25;23.50;23.25]
66672- [25.75;24.75;25.25;26.75;26.75;25.50;25.50;24.75;25.25;24.50;25.50;33.25;33.00;25.75;24.75;25.00;24.75;25.25;26.50;39.50;37.50;26.50;25.25;24.75;24.25;24.75;27.00;40.25;38.25;25.75;24.50;24.25;24.50;25.00;27.00;41.50;38.00;25.50;24.50;23.75;24.00;24.50;26.50;38.25;33.50;24.75;23.75;23.75;24.00;23.50;24.25;31.25;27.50;24.25;23.75;22.50;24.25;23.50;24.00;24.75;24.25;23.00;23.25;23.25]
67157- [24.25;24.75;25.50;26.50;26.50;25.50;25.50;25.00;25.00;25.00;25.75;33.50;32.75;26.00;25.00;24.75;25.00;25.00;26.50;38.75;37.75;26.25;25.25;24.50;24.75;25.00;26.75;40.50;38.00;25.75;24.75;24.00;24.50;24.50;27.25;41.25;38.00;25.75;24.00;23.75;24.25;24.50;26.00;38.25;33.50;24.75;24.00;23.50;24.00;23.50;24.75;31.50;27.75;24.00;24.00;22.50;23.75;23.75;23.75;24.25;23.75;23.50;23.50;23.25]
67642- [25.25;24.75;25.25;26.50;26.50;25.25;25.00;24.75;25.25;24.75;26.00;33.25;33.00;25.75;25.25;24.75;24.75;25.25;26.75;39.00;37.75;26.25;24.75;24.50;24.75;25.00;27.00;40.50;38.25;26.25;24.50;24.50;24.75;25.00;27.50;41.50;37.75;26.00;24.75;23.50;24.50;24.50;26.50;38.25;33.50;25.00;24.25;24.00;24.50;23.75;24.50;31.75;27.00;24.25;23.75;22.50;23.50;23.25;23.75;24.00;24.00;23.25;23.25;23.25]
68127- [25.00;24.75;25.25;27.00;26.25;25.50;25.50;25.25;25.50;25.00;26.00;33.50;33.25;26.25;25.00;25.00;24.75;25.25;26.75;39.00;37.75;26.00;25.50;24.50;25.00;25.00;27.00;40.50;38.50;25.75;25.00;24.00;25.00;25.50;27.25;41.50;38.25;25.75;24.75;23.75;24.25;25.00;26.25;38.25;33.50;25.00;24.25;24.00;24.25;23.75;25.00;31.75;27.50;24.25;24.00;23.00;23.50;23.75;24.00;24.50;24.00;23.25;23.50;23.50]
68612- [24.75;24.25;25.25;27.00;26.50;25.00;25.00;25.00;25.50;25.00;26.25;33.50;33.00;26.25;24.75;25.25;25.00;25.50;26.75;39.00;37.75;26.00;25.00;24.50;24.75;25.00;27.25;40.50;38.25;26.00;24.50;24.00;25.00;25.25;27.50;41.25;38.00;25.75;24.75;24.00;24.50;24.50;26.75;38.50;33.75;25.00;23.75;24.25;24.00;24.00;24.25;32.25;27.50;24.25;24.00;22.75;23.75;23.50;24.25;24.00;24.00;23.25;23.75;23.25]
69097- [24.75;24.75;25.00;27.00;26.50;25.25;25.25;25.00;25.00;24.50;26.00;33.50;33.00;25.75;25.00;25.25;24.75;25.25;27.00;39.00;37.50;26.25;25.25;24.00;24.75;24.75;27.25;40.50;38.00;26.00;24.75;24.00;24.50;25.00;27.25;41.25;37.75;26.00;24.50;23.50;24.50;24.50;26.00;38.25;33.75;24.75;24.00;24.00;24.00;23.75;24.75;32.00;27.50;24.25;23.75;23.00;23.75;23.50;24.00;24.25;24.25;23.25;23.75;23.25]
69582- [25.50;24.75;25.25;26.75;26.75;25.25;25.75;24.25;25.25;25.50;25.50;33.50;33.00;26.00;25.00;25.50;24.75;25.25;27.00;39.50;37.50;26.00;25.00;24.75;24.25;24.75;26.75;40.75;38.25;26.00;24.75;24.50;25.00;25.00;27.25;41.25;38.00;25.50;24.50;24.00;24.75;24.50;26.25;38.25;33.50;24.75;24.25;24.00;24.00;23.75;24.50;31.75;27.50;24.50;23.75;22.50;23.50;24.50;24.25;24.25;24.25;23.00;23.25;23.00]
70067- [25.00;24.75;25.50;26.00;27.00;25.25;25.75;25.25;25.25;24.75;25.75;33.75;33.00;26.00;25.00;25.00;25.00;25.25;26.50;38.75;37.75;26.25;25.00;24.25;24.75;24.75;27.00;40.50;38.25;25.75;24.75;24.00;24.50;25.50;27.25;41.25;38.00;25.50;25.00;23.50;24.00;24.75;26.75;38.50;33.75;24.75;24.75;23.75;23.75;24.00;24.50;31.75;28.00;24.00;23.50;23.25;24.00;23.50;24.25;24.50;24.75;23.50;24.00;23.25]
70552- [25.25;24.75;25.50;26.50;27.00;25.75;25.25;25.00;25.25;24.50;26.00;33.75;32.75;26.00;25.50;24.75;24.75;25.25;26.75;39.50;37.50;26.50;25.00;24.50;24.75;24.75;27.25;40.50;38.00;26.25;25.00;24.00;25.00;25.25;27.50;41.25;38.00;25.50;25.00;23.50;24.25;24.50;25.75;38.75;33.50;25.25;24.00;24.00;23.75;23.25;24.75;31.50;27.75;24.25;23.50;22.75;23.50;23.75;24.25;24.25;24.50;23.75;23.25;23.25]
71037- [25.25;25.00;25.00;27.00;26.75;25.50;25.50;25.00;25.00;25.00;26.00;33.50;33.00;25.50;25.25;24.75;25.25;25.25;26.75;39.50;37.75;26.50;25.50;24.25;24.75;24.75;27.00;40.50;38.25;25.75;24.75;24.50;24.50;25.00;27.00;41.25;38.00;25.75;24.25;23.75;24.25;24.25;26.00;38.50;33.50;24.75;23.75;24.25;24.00;24.25;24.25;31.75;27.50;24.25;23.75;22.75;23.75;23.75;24.25;24.25;24.25;23.25;23.75;23.25]
71522- [25.00;25.00;25.25;26.50;26.50;25.25;25.50;25.00;25.25;25.00;26.50;33.50;33.00;26.00;25.00;24.75;24.50;25.25;26.75;39.50;37.75;26.00;25.00;24.75;24.50;25.00;26.75;40.50;38.50;25.75;24.50;24.00;25.00;25.00;27.00;41.25;38.00;25.50;24.75;23.50;24.50;24.75;26.50;38.50;33.75;24.50;23.75;23.50;23.75;23.75;24.50;31.75;27.50;24.50;23.50;22.75;23.50;24.25;24.00;24.25;24.00;23.00;23.25;23.50]
72007- [25.00;25.25;25.25;26.50;27.00;25.25;25.50;25.00;25.50;24.75;26.00;33.50;33.00;26.00;25.00;25.25;24.50;25.25;26.75;39.25;38.00;26.75;25.00;25.00;24.50;24.50;27.00;40.50;38.25;26.00;25.00;24.50;24.75;24.75;27.50;41.25;38.00;25.50;24.25;23.75;24.25;24.50;26.00;38.75;33.50;25.00;23.75;24.00;24.25;24.25;24.75;31.75;27.50;23.75;23.50;22.75;23.50;24.00;24.25;24.00;24.00;23.75;23.75;23.25]
72492- [24.75;25.00;25.50;27.00;26.75;25.75;25.50;25.00;25.75;25.25;26.00;33.50;32.50;25.50;25.25;25.25;24.25;25.25;26.75;39.25;38.00;26.25;25.25;24.75;24.50;24.75;27.25;40.50;38.00;26.25;25.00;24.25;25.25;25.50;27.50;41.25;38.25;26.25;24.75;24.00;24.50;24.25;26.75;38.50;33.75;25.00;24.25;23.50;24.00;24.00;24.50;31.75;27.50;24.00;23.75;23.00;23.75;23.75;24.25;24.00;24.50;23.25;23.50;23.25]
72977- [25.50;25.25;25.25;27.00;26.50;25.75;25.50;25.25;25.50;25.00;26.00;33.75;33.00;26.00;25.50;24.75;25.25;25.50;27.00;39.50;37.75;26.75;25.25;24.25;24.75;25.00;27.00;41.00;38.25;26.50;24.75;24.50;24.75;25.25;27.50;41.50;38.00;26.00;25.00;24.25;24.75;24.50;26.50;38.50;34.00;25.00;24.00;23.75;23.75;24.00;24.50;32.25;27.25;24.25;23.50;23.75;24.00;24.50;24.25;24.50;24.75;23.75;23.75;23.25]
73462- [25.75;25.00;25.25;27.00;26.75;25.25;25.50;25.00;25.25;24.75;26.25;33.50;33.00;25.75;25.25;24.75;25.50;25.50;26.50;39.00;37.75;26.00;25.00;25.00;24.75;24.50;27.25;40.50;38.25;26.00;24.75;24.25;24.50;24.50;27.75;41.50;37.75;25.75;24.75;23.75;24.00;24.50;26.00;38.75;33.50;25.25;23.75;23.75;24.00;24.25;25.00;31.50;27.50;24.00;23.50;23.50;23.00;23.75;24.50;24.50;24.75;23.75;23.50;23.25]
73947- [25.25;24.75;25.50;27.00;26.75;25.25;25.25;24.75;25.50;25.25;26.00;33.75;33.00;25.50;25.25;25.00;24.75;25.75;27.00;39.00;38.25;26.50;25.25;24.75;24.50;24.75;27.25;40.50;38.25;26.00;24.75;24.50;25.00;24.75;27.50;41.25;37.75;25.75;25.00;24.25;24.00;24.75;26.25;38.75;33.50;25.25;24.00;23.75;24.00;24.00;24.75;31.50;27.50;24.25;23.50;23.00;23.25;24.25;23.50;24.75;24.00;23.75;23.00;23.50]
74432- [25.00;25.00;25.50;27.00;26.75;25.25;25.50;25.00;25.25;25.25;26.50;33.75;33.00;26.00;25.00;24.50;25.00;25.25;27.00;39.25;38.00;26.50;25.25;24.75;24.50;25.25;27.00;40.50;38.25;26.00;25.00;24.50;24.75;25.25;27.50;41.50;38.00;26.00;24.50;24.00;24.50;24.75;26.50;38.25;33.50;25.00;24.25;24.00;24.25;23.75;25.00;31.75;27.50;24.00;23.50;23.50;23.25;23.75;24.50;24.75;24.25;23.75;23.25;23.00]
74917- [25.50;25.00;25.75;26.25;26.75;25.25;25.50;25.00;25.50;25.00;26.00;34.25;32.75;25.75;24.75;25.00;25.25;25.25;27.00;39.25;38.00;26.25;25.25;24.50;24.25;24.75;27.00;40.75;38.25;26.00;24.75;23.75;25.50;25.25;27.75;41.25;38.00;26.00;24.75;24.00;24.00;24.50;26.50;38.75;33.75;25.00;24.25;24.25;24.00;24.00;24.50;32.00;27.75;24.25;23.50;23.00;23.50;24.00;24.00;24.50;23.75;23.25;23.50;23.25]
75402- [25.25;24.50;25.50;26.75;27.00;25.25;26.00;25.25;25.50;25.00;26.00;33.75;33.00;25.50;25.00;24.75;24.75;25.00;26.75;39.25;38.00;26.25;25.50;24.50;24.75;25.25;26.75;40.75;38.25;25.75;25.00;24.50;25.25;25.50;27.25;41.25;38.00;25.75;24.75;23.50;24.25;24.75;26.25;38.75;33.50;24.75;23.75;23.75;23.50;24.00;24.50;31.50;27.25;24.25;23.50;23.00;23.00;24.00;24.00;24.25;24.00;22.75;23.50;23.25]
75887- [25.50;25.00;25.75;26.75;27.00;25.50;25.25;24.75;25.25;25.50;26.00;33.50;33.00;26.00;25.00;25.00;25.00;25.25;26.75;39.25;37.75;26.50;25.00;24.50;24.50;24.75;26.75;40.75;38.25;26.00;24.75;23.50;24.75;25.00;27.25;41.50;38.00;25.75;25.00;23.75;24.50;24.25;26.25;38.25;33.50;25.00;24.50;24.25;24.25;24.50;25.00;32.00;27.50;24.50;23.50;22.25;23.75;23.75;24.00;24.50;24.50;23.00;24.00;23.25]
76372- [25.50;24.75;25.75;27.25;27.00;26.00;25.50;25.25;25.00;25.25;26.25;33.75;33.25;25.75;25.25;25.50;25.00;25.50;26.50;39.25;37.75;26.50;25.25;25.00;24.75;25.25;27.25;40.50;38.25;26.00;25.00;24.25;24.75;25.00;27.75;41.00;37.50;25.75;24.50;23.75;24.50;24.75;26.50;38.50;33.75;25.50;24.50;23.75;24.00;24.00;25.00;32.00;27.75;24.00;23.50;23.00;23.25;23.50;24.00;24.75;23.75;22.75;23.75;23.75]
76857- [25.00;24.75;25.50;26.50;26.75;25.25;25.00;25.25;25.25;24.75;26.00;33.75;33.00;25.75;24.75;24.75;24.75;25.00;26.75;39.00;38.00;26.25;25.25;24.00;24.50;24.75;26.75;40.75;38.00;26.00;24.75;24.50;24.25;25.25;27.00;41.25;37.50;25.75;24.50;23.75;24.00;24.75;26.00;38.50;33.50;24.25;23.75;23.50;23.75;23.50;24.75;31.75;27.50;24.00;24.00;22.50;23.50;24.00;24.00;24.25;24.00;23.50;23.00;23.00]
77342- [25.25;25.00;25.50;27.00;26.75;25.25;25.50;25.00;25.25;25.00;26.00;33.50;33.25;25.25;24.75;24.75;25.25;25.25;27.00;39.25;37.75;26.25;25.25;24.25;24.25;24.75;27.00;40.25;38.25;25.75;24.75;24.00;25.00;24.50;27.50;41.25;38.00;25.50;24.75;23.75;24.25;24.75;26.50;38.50;33.50;24.50;24.25;23.75;23.75;23.75;24.25;32.00;27.25;24.00;23.25;22.75;23.25;23.75;24.00;24.25;24.25;22.75;23.25;23.00]
77827- [24.50;24.50;25.25;26.50;26.75;25.75;25.25;24.75;25.00;25.00;26.25;33.50;33.00;25.75;24.75;25.25;25.00;25.25;26.50;39.25;37.75;26.25;25.00;24.25;24.50;24.50;26.75;40.50;38.25;26.25;24.50;24.00;24.75;24.75;27.25;41.25;37.75;25.50;24.50;23.75;24.25;24.25;26.25;38.25;33.75;24.75;23.50;24.25;24.00;24.00;25.00;31.25;27.50;23.75;23.75;22.75;23.50;23.75;23.50;23.75;24.25;23.25;23.25;23.00]
78312- [25.25;24.75;25.00;26.25;26.25;25.25;24.75;24.75;25.00;25.00;25.75;33.50;33.00;25.75;25.25;25.00;24.75;25.25;26.75;39.00;37.50;26.25;24.75;24.25;24.75;24.50;27.00;40.50;38.00;26.00;24.50;23.75;24.50;25.00;27.25;41.25;37.50;25.75;24.25;23.50;24.25;24.75;26.25;38.25;33.25;25.00;24.25;23.00;24.00;24.00;24.75;31.75;27.00;23.75;23.25;23.25;23.50;23.75;23.50;24.25;24.00;23.25;22.50;22.75]
78797- [25.25;24.25;25.25;26.50;26.50;25.25;25.00;25.00;25.00;25.00;25.75;33.25;32.50;25.75;24.75;25.00;25.00;25.50;26.75;39.00;37.50;26.25;25.50;24.25;24.75;25.00;27.00;40.25;38.00;26.00;24.50;24.00;24.75;25.25;27.25;41.25;38.00;25.25;24.25;23.75;24.25;24.25;26.50;38.25;33.50;25.25;23.75;23.50;24.00;23.75;24.75;31.75;27.25;24.25;23.25;23.00;23.25;23.75;24.00;24.50;24.00;23.50;23.25;23.25]
79282- [25.00;24.50;25.25;27.00;26.25;25.00;25.50;24.75;25.00;24.50;26.00;33.75;32.75;25.75;25.25;24.75;24.75;25.00;26.50;38.75;38.00;26.25;24.75;24.25;24.00;24.50;26.50;40.50;37.75;25.50;24.25;23.50;24.25;24.75;27.50;41.50;37.25;25.50;24.50;23.00;24.25;24.50;26.00;38.50;33.50;25.00;23.75;23.75;23.50;23.50;24.75;31.25;27.00;24.00;23.75;22.75;23.25;23.25;23.50;24.50;24.00;22.75;23.25;23.50]
79767- [24.50;24.50;25.25;26.50;26.75;25.50;25.25;24.50;25.00;24.75;25.75;33.00;32.75;25.75;24.75;25.00;24.75;24.75;26.00;39.00;37.75;25.75;25.00;24.25;24.75;24.75;27.00;40.50;38.00;26.00;24.75;24.00;24.50;24.75;27.00;41.00;37.75;25.50;24.75;24.00;23.75;24.25;26.25;38.25;33.75;24.75;23.75;23.75;24.00;23.75;24.50;31.50;27.50;23.75;23.75;22.75;23.50;23.50;24.25;24.00;24.00;23.25;23.50;23.25]
80252- [25.00;24.50;25.25;26.50;26.50;25.25;25.00;25.00;25.00;24.75;26.00;33.50;32.50;25.75;24.75;24.75;24.75;25.00;26.50;39.00;37.25;26.00;24.75;24.25;24.00;24.50;26.75;40.25;37.75;25.75;24.50;24.00;24.25;25.00;27.00;41.00;37.50;25.00;24.25;23.25;24.00;24.50;26.00;38.25;33.25;25.00;23.75;23.75;23.75;23.75;24.50;31.50;27.50;24.00;23.25;23.00;23.50;24.00;24.00;23.75;24.00;22.50;23.00;23.75]
80737- [25.00;24.25;25.00;26.75;27.00;25.00;25.00;24.50;24.75;24.75;26.00;32.75;32.50;25.50;24.75;25.25;25.00;25.00;26.50;38.75;37.25;26.25;24.50;24.25;24.50;24.25;26.50;40.50;37.75;25.75;24.00;24.00;24.25;24.75;26.75;41.00;37.50;25.50;24.00;23.25;23.75;24.25;26.00;38.25;33.25;24.75;23.75;23.75;23.50;23.50;24.25;31.50;27.00;24.00;23.50;23.00;22.75;23.50;24.25;23.75;24.00;23.00;22.50;23.00]
81222- [25.25;24.75;25.25;26.75;26.50;25.25;25.00;24.50;25.50;24.75;25.50;33.50;32.50;25.75;24.50;24.75;24.75;24.50;26.00;39.00;37.50;26.00;24.50;24.25;24.50;25.00;26.25;40.25;38.25;25.50;24.75;23.75;24.00;24.75;27.00;41.00;37.75;25.25;23.75;23.25;24.25;24.25;26.00;38.25;33.25;24.50;23.75;23.75;23.50;23.00;24.25;31.50;27.00;24.00;23.75;22.50;23.25;23.25;24.00;24.00;23.75;23.25;23.25;23.00]
81707- [25.00;24.50;24.75;26.50;26.25;25.25;24.75;24.25;24.75;24.50;25.75;33.25;32.50;25.50;24.50;24.25;24.25;24.75;26.50;38.75;37.25;26.25;25.00;24.25;24.25;24.25;26.75;40.00;37.75;25.75;24.50;23.50;24.75;24.50;26.75;41.00;37.50;25.00;24.25;23.50;24.00;24.50;26.25;38.00;33.25;24.25;23.75;24.00;23.50;23.75;24.00;31.25;27.25;24.00;23.25;22.75;23.00;23.75;23.50;23.75;24.00;23.50;23.50;23.00]
82192- [24.50;24.25;25.00;26.75;26.00;24.75;25.00;24.50;25.25;24.75;25.75;33.25;32.50;25.25;24.25;24.50;24.75;24.50;26.25;38.75;37.50;26.00;25.00;24.00;24.25;24.50;26.50;40.00;37.50;25.25;24.75;23.75;24.25;24.25;27.00;40.75;37.50;25.25;24.25;23.25;24.00;24.00;25.75;38.00;33.00;24.50;24.25;23.25;23.50;23.50;23.75;31.50;26.75;24.25;23.25;22.50;23.00;23.25;24.00;23.75;23.75;22.75;23.00;22.75]
82677- [25.00;24.50;25.00;27.00;26.25;25.00;24.75;24.25;25.50;24.75;25.50;32.75;32.50;25.25;24.50;24.75;24.50;24.75;26.25;38.75;37.50;25.75;24.75;23.75;24.25;24.25;25.75;40.00;37.50;25.50;24.25;24.00;24.50;24.25;27.00;41.00;37.50;25.25;24.50;23.25;24.00;24.25;25.25;38.25;33.00;24.75;23.50;23.25;23.50;23.75;24.25;31.50;27.50;24.25;23.00;22.75;23.00;23.50;23.50;24.00;23.50;22.75;23.25;23.00]
83162- [25.00;24.50;25.00;26.75;26.75;25.25;24.50;24.50;24.75;24.50;26.00;33.25;32.50;25.50;24.75;24.75;24.25;25.00;26.50;38.50;37.25;25.50;25.00;24.00;24.25;24.25;26.50;40.25;37.75;25.50;24.25;23.50;24.50;24.75;27.00;40.75;37.50;25.00;24.25;23.50;24.25;24.25;26.25;38.00;33.25;24.50;23.75;23.75;23.75;23.50;24.50;31.00;27.50;23.50;23.25;22.75;23.25;23.50;23.75;23.75;24.00;23.25;23.00;23.75]
83647- [25.50;24.75;25.25;26.50;26.00;25.00;24.75;24.50;25.00;24.75;25.75;33.25;32.75;25.50;24.75;24.75;24.50;25.25;26.50;38.50;38.00;26.00;25.00;24.50;24.50;24.75;26.75;40.50;38.00;25.50;24.75;24.25;24.50;24.50;27.00;41.25;37.50;25.75;24.25;23.75;23.75;24.25;25.75;38.00;33.25;25.00;24.00;23.00;24.25;24.00;25.00;31.50;27.50;24.00;23.50;22.75;23.75;24.00;23.75;24.25;23.75;23.50;23.25;23.25]
84132- [25.00;24.25;25.25;26.25;26.25;24.75;25.25;24.25;24.75;24.50;25.75;33.00;32.50;25.75;25.00;24.50;24.75;25.00;26.50;38.50;37.50;25.75;24.75;24.00;24.25;24.50;26.75;40.25;37.50;25.50;24.50;23.75;24.50;25.00;27.25;41.00;37.75;25.50;24.25;23.25;24.00;24.50;26.00;38.50;33.25;24.75;23.50;24.25;23.50;23.25;24.50;31.25;27.50;24.00;23.50;22.50;23.25;23.25;24.25;24.00;23.50;22.75;23.00;23.00]
84617- [24.75;24.50;25.25;26.50;26.25;25.25;25.25;24.75;25.25;24.50;25.00;33.75;32.25;25.50;25.00;24.75;24.75;25.25;26.50;39.25;37.50;26.25;24.25;24.00;24.50;25.00;26.50;40.50;37.75;25.75;24.50;24.50;24.50;24.75;27.00;41.00;37.75;25.50;24.25;23.75;24.25;24.25;25.75;38.00;33.50;24.75;23.50;23.75;23.75;23.50;24.25;31.50;27.50;24.00;23.25;23.25;23.00;23.50;23.75;24.25;24.25;23.00;23.25;22.50]
85102- [25.50;24.75;25.25;26.50;26.75;24.75;25.25;24.75;24.75;24.75;25.75;33.50;32.50;25.25;24.75;24.75;25.00;25.00;26.50;39.00;37.75;26.25;25.00;24.25;24.50;24.75;26.75;40.25;38.25;26.00;24.50;24.00;24.75;24.75;27.00;41.00;37.75;25.50;24.75;23.50;24.00;24.50;25.75;38.25;33.50;24.50;23.75;23.50;24.00;23.50;24.75;31.50;27.25;23.75;23.25;22.75;23.75;23.50;23.75;24.00;23.75;23.50;23.25;23.25]
85587- [25.00;24.75;25.25;26.50;26.25;25.50;25.50;24.50;25.00;24.75;26.00;33.75;33.00;26.00;24.75;24.50;25.00;25.25;26.25;39.00;37.50;26.00;25.00;24.00;24.75;24.50;27.00;40.25;38.00;25.50;24.75;24.50;24.50;24.50;27.50;41.25;37.50;26.00;24.25;23.25;24.00;24.00;25.75;38.25;33.25;24.75;23.50;23.75;24.25;23.50;24.50;31.50;27.50;24.25;23.75;22.75;23.50;23.25;23.75;24.25;24.25;23.50;23.00;23.00]
86072- [25.00;24.25;24.75;27.00;27.00;25.00;25.00;24.50;24.75;24.75;25.75;33.25;33.00;25.75;24.75;24.75;25.00;25.25;26.00;38.75;37.50;26.00;24.75;24.25;24.75;25.25;27.00;40.50;38.25;25.75;24.75;24.25;24.25;24.75;27.00;41.00;37.50;25.25;24.25;23.25;24.00;24.75;26.00;38.50;33.75;25.00;23.75;23.25;23.50;23.75;24.50;31.50;27.50;24.00;23.75;23.00;23.75;23.75;24.00;24.00;24.25;22.75;23.25;23.00]
86557- [25.25;24.50;25.50;26.50;27.00;25.50;25.25;25.00;25.25;24.75;25.50;33.25;32.75;25.75;24.75;25.00;25.00;25.00;26.50;39.00;37.50;26.50;25.00;24.25;24.25;25.00;26.75;40.50;38.00;25.75;24.25;24.00;24.75;25.25;27.50;41.00;37.75;25.50;24.75;23.75;24.00;24.75;26.00;38.25;33.75;24.75;24.00;23.75;24.25;23.75;24.00;31.25;27.25;24.00;24.25;22.50;23.50;23.50;23.75;24.25;24.00;23.50;23.00;23.25]
87042- [25.25;24.50;25.75;26.50;27.25;25.50;25.50;24.75;25.25;24.75;26.00;33.75;33.00;25.75;24.50;25.25;25.00;25.25;27.00;39.25;37.50;26.25;25.25;24.25;24.50;24.75;26.75;40.75;37.75;25.75;25.00;23.75;24.75;25.00;27.25;41.00;38.00;25.75;25.00;23.50;23.75;24.50;26.50;38.50;33.75;25.00;24.25;23.75;24.00;23.75;25.00;31.50;27.75;24.00;24.25;23.00;24.00;23.50;24.25;24.25;24.50;22.75;23.50;23.75]
87527- [25.25;25.25;25.75;27.00;26.50;25.50;25.00;25.25;25.25;24.75;26.00;33.50;32.75;25.75;25.00;25.00;25.00;25.25;27.00;39.25;38.00;26.50;25.25;24.50;25.00;24.50;26.75;40.75;38.25;26.00;24.50;24.25;25.00;25.00;27.50;41.50;37.75;25.75;24.75;24.25;24.50;25.00;26.50;38.50;33.75;24.75;24.25;24.00;24.25;24.25;25.25;31.75;27.75;24.00;23.75;23.25;24.50;23.50;24.50;25.00;24.00;23.50;24.00;23.00]
88012- [25.25;25.00;25.50;27.00;26.75;25.50;25.50;25.25;25.25;25.00;26.00;33.75;33.25;26.25;25.00;25.25;24.75;25.00;26.50;39.50;38.00;26.50;25.50;24.50;24.50;24.75;27.00;40.25;38.00;25.75;24.75;24.00;25.00;25.25;27.50;41.25;37.75;25.75;24.75;24.25;25.00;24.75;26.75;38.75;34.00;25.25;24.00;24.25;24.00;24.00;25.00;31.75;27.75;24.50;24.00;22.75;23.25;23.75;24.25;25.00;24.25;23.25;23.25;23.00]
88497- [25.25;24.75;25.50;27.00;26.75;25.50;25.75;25.50;25.50;25.00;26.00;33.50;33.50;26.00;25.00;25.00;24.75;25.75;26.75;39.25;38.00;26.25;25.25;24.75;24.75;25.25;27.25;40.75;38.25;26.00;25.00;24.25;25.25;25.50;27.50;41.50;38.00;25.50;24.75;23.75;24.25;24.75;26.50;38.25;33.75;25.00;24.25;23.75;24.25;24.00;24.75;32.00;27.50;24.25;24.00;23.25;23.50;23.75;23.75;24.75;24.50;23.00;23.50;23.25]
88982- [25.50;25.00;25.50;26.75;26.75;25.50;25.50;25.25;25.25;25.00;26.25;33.75;33.00;26.25;25.25;25.25;25.25;25.75;27.00;39.25;37.75;26.75;25.75;24.75;24.50;24.75;27.00;40.50;38.25;26.00;25.00;24.50;24.75;25.00;27.50;41.25;38.00;26.00;25.25;24.50;24.25;24.50;26.50;38.75;33.50;25.00;24.75;24.00;24.25;24.25;25.00;32.25;28.00;24.50;24.25;23.25;24.25;24.25;24.25;24.50;24.50;23.50;23.75;23.75]
89467- [25.25;25.50;25.50;27.00;27.00;25.25;25.50;25.00;25.25;25.00;26.25;33.75;33.25;26.00;25.25;25.50;25.00;25.00;26.75;39.75;38.00;26.75;25.25;24.75;25.00;25.25;27.00;40.50;38.25;26.25;25.00;24.50;24.75;25.25;27.75;41.50;38.25;25.75;25.00;24.00;25.00;24.50;26.25;38.50;33.75;25.00;24.25;24.25;24.00;24.00;24.25;32.00;27.75;24.25;24.25;23.25;23.75;23.75;24.00;24.50;24.25;23.25;23.25;23.00]
89952- [25.50;25.00;25.50;27.00;26.75;25.75;25.50;25.25;25.50;24.75;25.50;33.75;33.00;26.50;25.50;25.25;25.25;25.25;27.00;39.25;38.25;26.50;25.25;24.50;24.50;25.00;26.75;40.50;38.50;26.25;25.00;24.50;25.00;25.25;27.50;41.50;38.00;25.75;25.00;23.75;24.75;25.25;26.50;38.75;33.75;25.00;24.50;24.00;24.25;24.00;24.75;31.75;27.75;24.50;23.50;22.75;23.25;24.25;24.00;24.50;24.25;23.50;23.25;23.50]
90437- [25.25;25.00;25.50;27.00;27.25;25.50;25.50;25.25;25.00;25.00;26.25;33.50;33.25;26.00;25.25;25.00;25.25;25.50;27.00;39.50;38.00;26.50;25.25;24.75;24.75;25.00;27.00;40.75;38.50;26.25;25.00;24.50;24.75;25.25;27.50;41.25;37.75;26.00;24.50;23.75;24.75;24.50;26.50;38.25;33.50;24.75;24.00;23.75;24.25;24.25;24.50;32.00;27.50;24.25;23.50;23.25;23.25;24.00;24.25;24.25;24.00;23.50;23.50;23.50]
90922- [25.25;25.00;25.75;27.00;26.75;25.25;25.50;25.25;25.50;25.25;26.00;33.25;33.00;26.00;25.25;25.25;25.50;25.75;26.75;39.00;38.00;26.25;25.25;24.25;24.75;25.00;27.25;40.50;38.25;26.25;24.50;24.00;24.75;25.25;27.50;41.50;38.00;25.75;24.75;23.75;24.50;25.00;26.50;38.75;33.50;25.25;23.75;23.75;24.50;23.75;25.00;31.75;27.75;24.50;24.25;23.25;23.75;23.50;24.00;24.50;23.75;23.25;23.75;23.25]
91407- [25.25;24.50;25.75;27.50;27.00;25.50;25.75;25.00;25.50;24.75;26.25;34.00;32.75;26.50;25.00;25.25;25.25;25.25;27.00;39.25;37.75;26.75;25.50;24.50;25.25;24.75;27.00;40.50;38.00;26.25;24.75;24.50;24.75;24.75;27.50;41.25;38.00;25.75;24.50;24.00;24.25;25.00;26.50;38.50;33.75;25.25;24.25;23.75;24.00;24.00;25.00;32.00;27.75;24.25;23.50;22.75;24.25;24.25;24.00;24.25;24.50;23.75;23.75;23.75]
91892- [25.25;24.50;25.25;26.75;26.75;25.50;25.50;25.00;25.25;25.00;25.75;33.50;33.00;26.00;25.25;25.25;24.75;25.25;26.50;39.25;37.75;26.50;25.00;24.25;25.00;25.00;27.00;40.50;38.25;26.00;24.75;24.00;24.50;25.00;27.25;41.25;37.75;26.00;24.75;24.25;24.75;24.50;26.25;38.50;33.50;25.00;24.00;24.25;24.25;23.75;24.50;31.75;27.50;24.00;23.75;23.25;23.75;23.75;24.00;24.25;24.25;23.50;23.25;23.25]
92377- [25.50;24.75;25.00;27.00;26.75;25.75;25.00;25.50;25.25;24.75;26.00;33.50;33.25;26.00;24.75;24.75;24.75;25.75;27.00;39.25;37.50;26.00;25.00;24.50;25.00;24.75;27.00;40.50;38.25;26.00;24.75;23.75;24.75;25.25;27.00;41.25;38.25;25.75;24.75;23.75;24.25;25.00;26.25;38.50;33.25;25.00;24.00;23.75;24.00;24.25;24.50;31.50;27.75;24.50;23.50;22.75;23.75;23.75;24.00;24.50;24.25;22.75;23.25;23.00]
92862- [25.25;24.75;25.25;26.75;27.00;25.50;25.75;25.25;25.50;25.25;25.75;33.50;32.50;25.50;25.00;24.75;24.75;25.25;26.75;39.00;37.50;26.25;25.50;24.50;24.50;25.25;27.00;40.50;38.00;26.00;24.50;24.00;25.00;25.00;27.50;41.25;37.75;25.75;24.75;23.50;24.00;24.75;26.25;38.50;33.50;25.25;24.25;24.00;24.00;24.00;24.75;31.75;27.75;24.25;23.75;22.75;23.25;24.00;23.75;24.50;24.50;23.00;23.75;23.25]
93347- [24.75;25.00;25.25;26.75;26.50;25.25;25.25;25.50;25.25;25.00;26.00;33.50;33.00;25.75;25.25;24.50;24.75;25.50;27.00;39.25;37.75;26.50;25.25;24.50;25.00;24.75;26.75;40.25;37.75;26.00;24.50;24.00;24.75;25.25;27.25;41.25;38.00;25.50;24.50;24.25;24.75;24.25;26.25;38.50;33.25;24.75;23.75;24.00;24.00;24.00;24.75;31.75;27.50;24.50;23.00;22.75;23.75;23.75;24.00;24.50;24.25;23.25;23.50;23.75]
93832- [25.00;25.00;25.00;27.00;26.50;25.50;25.00;25.00;25.50;25.50;25.75;33.75;32.75;26.00;24.75;25.25;25.00;25.25;27.00;39.25;37.50;26.25;24.75;23.75;24.50;25.00;26.50;40.50;37.75;25.75;24.75;24.25;25.00;25.00;27.25;40.75;38.00;25.50;24.75;23.75;24.25;24.75;26.50;38.25;33.50;25.00;24.00;24.25;23.50;24.00;24.50;31.75;27.25;24.50;23.50;22.75;23.25;23.50;24.50;24.50;24.00;23.75;23.50;23.25]
94317- [25.00;24.75;25.50;26.50;26.25;25.25;25.00;25.00;25.25;25.00;26.00;33.50;32.50;25.75;25.00;25.00;24.50;25.25;26.50;39.25;37.75;26.00;24.75;24.25;25.00;24.50;26.75;40.25;38.00;25.50;24.75;24.25;24.75;24.50;27.50;41.50;38.25;25.50;24.50;24.00;24.50;24.75;26.00;38.50;33.50;25.25;23.75;24.00;24.00;24.00;24.75;31.50;27.25;23.75;23.50;23.00;23.50;23.25;24.25;24.00;24.00;23.75;24.00;23.25]
94802- [24.75;24.50;25.25;26.50;27.00;25.25;25.75;25.50;24.75;25.00;26.00;33.75;32.75;26.25;24.75;24.50;24.75;25.25;26.50;39.25;37.50;26.00;25.25;24.75;24.50;25.00;26.50;40.00;38.25;25.75;24.75;23.75;24.50;25.00;27.25;41.00;37.50;25.00;24.25;23.50;24.00;24.25;26.00;38.25;33.25;24.75;23.50;24.00;24.00;23.75;24.75;31.50;27.00;24.00;23.25;23.00;23.25;23.75;24.00;24.50;24.25;23.75;23.50;24.00]
95287- [25.25;24.75;25.00;26.75;26.50;25.25;24.75;25.00;25.25;24.75;26.00;33.25;32.75;26.00;25.00;25.75;25.00;24.75;26.50;39.25;37.25;26.25;25.00;24.25;24.50;25.00;26.75;40.25;38.25;25.50;24.50;24.25;24.50;25.25;27.50;41.25;37.75;25.75;24.25;23.50;24.25;24.50;26.00;38.25;33.25;24.75;24.00;24.00;23.25;24.00;24.50;31.75;27.50;24.00;23.50;23.25;23.25;23.50;23.75;24.25;24.25;23.75;23.25;23.25]
95772- [25.00;24.25;25.25;26.50;26.50;25.75;25.25;24.75;25.50;25.25;25.75;33.50;33.00;25.50;24.50;25.00;24.75;25.25;26.25;39.00;37.75;26.00;25.00;24.25;24.50;24.25;27.00;40.50;37.75;26.00;24.50;23.75;24.75;25.00;27.25;41.25;37.75;25.50;24.25;23.50;24.00;24.75;25.50;38.50;33.50;24.50;24.00;24.00;23.75;23.75;24.50;31.50;27.25;23.75;23.00;22.50;23.25;23.75;24.00;24.00;24.00;23.50;23.50;23.25]
96257- [24.75;24.75;25.00;26.50;26.25;24.75;25.00;24.50;24.75;24.25;25.75;33.50;32.50;25.25;25.00;25.00;24.75;25.00;26.75;39.00;37.50;25.75;25.25;24.25;24.50;24.50;26.50;40.25;38.00;26.00;24.50;24.50;24.50;25.00;27.00;41.00;37.75;25.75;24.50;23.50;23.75;24.75;26.25;38.25;33.25;24.50;23.25;23.75;23.75;23.75;24.25;31.25;27.00;24.00;23.25;22.50;23.75;24.00;24.25;24.50;23.50;23.50;23.50;24.00]
96742- [25.25;24.50;25.00;26.75;26.75;25.25;25.25;25.00;24.50;25.00;26.00;33.25;32.50;25.75;24.50;24.75;25.00;24.75;26.25;38.75;37.50;26.00;24.75;24.25;24.50;25.00;26.50;40.50;37.75;25.75;24.25;24.25;24.50;24.75;27.00;40.75;37.50;25.50;24.25;23.25;24.00;24.50;26.00;38.25;33.25;24.50;23.75;23.50;23.75;23.50;24.25;31.25;27.50;23.75;23.50;23.00;23.75;23.75;24.00;23.75;23.75;23.50;23.00;23.50]
97227- [25.25;24.25;25.00;26.50;26.75;25.50;25.50;24.75;25.00;24.50;25.75;33.25;32.75;25.75;24.75;24.00;24.75;25.00;26.50;39.00;37.25;25.75;25.00;24.50;24.50;24.25;26.50;40.00;37.75;25.50;24.25;24.00;24.50;25.00;27.25;41.25;37.50;25.75;24.00;23.75;23.75;24.50;25.75;38.25;33.25;24.75;23.25;23.50;23.25;23.50;24.50;31.25;27.25;24.00;22.75;22.75;23.00;23.00;23.75;24.00;23.75;22.75;23.00;22.25]
97712- [25.00;24.50;24.75;26.75;26.50;24.75;25.50;24.50;24.50;24.75;26.00;33.50;32.75;25.75;24.75;25.00;24.75;25.25;26.50;38.75;37.50;26.25;24.75;24.00;24.25;24.25;26.50;40.00;38.00;25.75;24.00;24.00;24.25;24.75;27.00;40.75;37.75;25.50;24.00;23.25;24.00;24.50;26.00;38.00;33.25;24.75;24.00;23.25;23.50;23.75;24.25;31.75;27.25;23.50;23.25;22.50;23.25;23.50;23.75;23.75;24.00;23.25;23.50;22.75]
98197- [25.00;24.50;25.25;26.50;26.50;25.00;25.25;25.50;25.00;24.75;25.75;33.25;32.50;25.50;24.75;25.00;24.50;24.50;26.50;39.00;37.25;25.75;24.50;23.75;24.50;24.75;26.25;40.25;37.75;25.75;24.75;24.00;24.50;24.75;27.00;40.75;37.50;25.50;24.25;23.25;24.00;24.25;25.75;38.50;33.00;25.00;24.00;23.50;23.50;23.50;24.50;31.50;27.50;24.00;23.25;22.75;23.00;23.75;23.75;23.50;24.50;23.00;23.00;23.00]
98682- [25.00;24.50;24.75;26.50;26.50;25.00;25.25;24.50;25.00;24.25;25.75;32.75;32.50;25.50;24.50;24.75;24.75;24.75;26.25;38.75;37.00;26.25;25.00;24.25;24.00;24.50;26.75;40.00;37.75;26.00;24.25;23.75;24.00;24.50;27.00;41.00;37.50;25.25;24.25;23.25;23.75;24.50;26.00;38.00;33.25;24.75;23.25;23.75;23.75;23.50;24.25;31.50;27.50;23.50;23.25;22.75;23.50;23.25;23.50;24.00;24.00;22.75;22.75;22.75]
99167- [24.75;24.50;25.25;26.50;26.50;25.25;25.25;24.50;25.25;25.00;25.50;33.25;32.25;25.75;24.50;24.75;24.50;25.25;26.25;39.00;37.25;26.25;25.00;24.25;24.75;24.75;26.50;40.25;38.00;25.75;24.00;24.00;24.25;24.50;27.00;41.25;37.50;25.75;24.50;23.50;24.00;24.50;25.75;38.25;33.25;24.75;23.75;23.75;23.50;23.50;24.75;31.00;27.50;23.75;23.25;22.50;23.25;23.25;24.25;23.75;23.50;23.50;23.25;23.50]
99652- [25.00;24.50;25.00;26.75;26.75;25.25;25.00;25.00;25.00;24.25;25.50;33.00;33.00;26.00;24.75;24.75;24.75;25.25;26.75;39.00;37.50;26.00;24.75;24.00;24.75;24.50;26.75;40.25;38.00;25.50;24.75;24.00;24.50;25.00;27.00;41.00;37.50;25.75;24.00;23.50;24.25;24.25;26.00;38.25;33.50;24.50;23.75;23.75;23.50;23.50;24.25;31.75;27.50;24.25;23.50;22.75;23.50;23.25;23.75;24.25;23.75;23.50;23.25;23.25]
100137-[24.50;24.75;25.50;26.75;26.50;25.50;25.00;25.00;25.25;24.50;25.75;33.50;32.50;26.00;25.00;24.75;25.00;25.25;26.50;38.75;37.50;25.75;25.00;24.50;24.25;24.50;26.75;40.25;38.00;25.50;24.75;23.75;24.75;24.75;27.25;41.00;37.50;25.25;24.75;23.50;24.00;24.25;25.50;38.00;33.50;24.50;24.00;23.25;23.50;23.50;24.25;31.50;27.25;24.25;23.75;23.00;23.25;23.25;23.75;24.00;24.00;23.25;23.25;23.00]
100622-[25.25;24.25;25.75;26.50;26.75;25.25;25.75;25.00;24.75;25.00;26.00;33.50;32.75;25.25;24.75;24.50;24.75;25.00;26.75;39.00;37.50;26.50;24.75;24.00;24.50;25.00;27.00;40.25;37.75;25.50;24.50;24.00;24.75;25.00;27.00;41.00;37.25;25.75;24.50;23.50;24.00;24.25;26.25;38.50;33.00;24.25;24.25;23.75;24.00;23.25;24.50;31.50;27.25;24.00;24.00;22.75;23.00;23.75;23.75;23.75;24.00;23.00;23.50;22.25]
101107-[24.75;24.50;25.50;26.25;26.75;25.00;25.75;24.50;25.00;25.00;25.75;33.00;32.75;25.75;24.25;25.00;24.75;25.00;26.75;38.75;37.50;26.00;24.75;24.25;24.75;24.75;27.00;40.25;38.00;26.00;24.50;24.25;24.50;24.50;27.00;41.25;37.50;25.75;24.50;24.00;24.25;24.50;26.25;38.25;33.25;24.75;23.50;23.75;23.50;23.25;24.25;31.50;27.00;24.00;23.25;23.00;23.75;23.50;23.50;24.00;24.00;23.50;23.00;22.75]
101592-[25.25;24.75;25.25;26.75;27.00;25.25;25.25;25.00;25.00;24.75;26.00;33.50;32.50;26.00;24.75;24.75;24.50;25.25;26.50;39.00;37.25;26.00;25.25;24.75;24.75;24.75;26.75;40.25;37.75;26.25;24.25;23.75;24.25;25.00;27.75;40.75;37.50;25.50;24.50;23.75;24.00;25.00;26.25;38.50;33.25;24.75;23.75;23.75;23.25;24.00;24.25;31.50;27.50;24.00;23.25;22.50;23.75;23.75;23.50;24.00;24.00;22.75;23.50;22.25]
102077-[25.25;24.75;25.50;26.25;26.50;25.00;25.25;24.50;25.25;24.75;25.75;33.25;32.50;25.75;25.25;25.00;25.25;24.75;26.75;39.25;37.50;26.25;24.75;24.25;24.75;25.00;26.50;40.25;37.75;25.50;24.25;24.00;24.75;24.75;27.00;41.00;37.50;25.50;24.50;24.00;23.75;24.25;25.75;38.25;33.25;24.75;23.50;23.50;23.50;23.50;24.75;31.50;27.25;24.25;23.25;22.50;23.50;23.75;23.75;24.50;24.00;23.25;23.75;23.25]
102562-[24.75;24.75;25.50;26.75;26.50;25.25;25.25;25.25;25.00;25.00;26.00;33.25;33.00;25.50;25.00;24.75;24.75;24.75;26.50;39.00;37.50;26.00;25.00;24.25;24.50;24.50;26.50;40.25;37.75;25.50;24.50;23.75;24.25;24.75;27.25;41.00;37.50;25.75;24.50;23.75;24.00;24.50;26.00;38.25;33.25;24.75;24.00;23.75;23.50;23.50;24.50;31.00;27.00;24.00;23.00;23.00;23.50;23.75;23.50;24.25;23.75;23.00;23.50;23.00]
103047-[25.25;25.00;25.00;26.25;26.75;25.75;25.00;25.00;25.25;24.75;26.25;33.25;32.75;25.75;25.00;25.00;24.75;25.25;26.50;39.00;37.75;26.00;25.00;24.25;24.75;25.00;27.25;40.00;37.75;25.75;24.50;24.00;24.50;25.00;27.50;40.75;37.75;25.75;24.50;24.00;24.75;24.25;25.75;38.00;33.25;24.75;23.25;24.00;23.75;23.50;24.25;31.25;27.25;24.00;23.25;22.75;23.50;23.50;24.00;24.25;24.25;23.50;23.50;22.50]
103532-[25.00;24.75;25.25;26.25;26.50;25.25;25.50;25.25;25.00;24.75;25.75;33.25;32.50;25.50;24.75;24.50;24.75;24.50;26.50;39.00;37.00;26.25;24.75;23.75;24.75;24.50;26.50;39.75;37.75;26.00;24.50;23.75;24.50;24.75;27.00;40.75;37.25;25.25;24.00;24.25;24.00;24.50;26.00;38.00;33.00;24.50;23.50;23.25;23.25;23.50;24.75;31.50;27.50;24.00;23.25;22.75;23.00;23.50;23.25;24.25;24.00;22.75;23.25;22.75]
104017-[25.00;24.50;24.75;26.50;26.25;25.25;25.25;25.25;24.75;25.00;25.50;33.50;32.50;25.75;24.50;24.50;24.75;24.50;26.25;38.75;37.00;25.50;24.75;24.25;23.75;24.50;26.25;40.00;37.75;26.00;24.50;23.75;24.75;24.75;27.00;40.75;37.50;25.75;24.75;23.50;24.00;24.25;26.00;37.75;33.25;24.25;23.50;24.00;23.75;23.50;24.25;31.00;26.50;24.00;23.25;22.50;23.50;23.75;23.50;24.00;23.25;22.50;23.00;23.00]
104502-[25.00;24.75;25.00;26.75;26.50;25.00;25.00;25.25;25.50;24.75;25.50;33.25;33.00;25.50;24.50;24.75;24.75;25.00;26.50;38.75;37.25;25.75;24.75;24.75;24.00;24.75;26.75;40.00;37.75;25.75;24.00;23.75;24.50;24.75;27.00;41.00;37.25;25.00;24.25;23.50;24.25;24.50;25.75;38.25;33.25;24.50;23.75;23.50;24.00;24.00;24.00;31.25;27.50;23.75;23.25;22.00;23.50;23.75;23.50;24.00;23.75;23.00;23.00;22.50]
104987-[24.75;24.50;25.50;26.50;26.25;25.25;25.50;24.75;25.00;25.00;25.25;33.25;32.75;25.25;24.50;24.50;25.00;24.75;26.50;38.25;37.25;26.25;24.75;24.00;24.50;24.00;26.50;40.00;37.75;25.50;24.50;23.25;24.25;24.50;26.50;41.00;37.75;25.50;24.00;23.25;24.00;24.00;25.75;38.25;33.25;24.50;23.25;23.50;23.75;23.50;24.25;31.00;27.25;24.00;23.50;22.25;23.25;23.50;23.50;23.75;23.75;22.50;22.75;22.25]
105472-[25.00;24.50;25.50;26.50;26.50;25.25;25.25;25.00;25.25;24.50;25.50;33.25;32.50;25.50;24.50;24.75;24.25;24.75;26.00;38.75;37.50;26.00;24.50;23.75;24.25;24.50;26.75;40.25;37.50;25.50;24.00;23.50;24.25;24.50;27.00;40.75;37.25;25.50;24.25;23.25;24.00;24.50;26.00;38.00;33.00;24.75;23.50;23.75;23.50;23.25;24.25;31.25;27.50;23.75;23.25;22.25;23.50;23.00;23.50;24.25;23.50;22.75;23.00;22.50]
105957-[25.25;24.25;25.25;26.75;26.25;24.75;25.00;25.00;25.00;24.50;25.50;33.25;32.75;25.75;24.50;24.75;25.00;24.75;26.25;38.75;37.50;26.25;25.00;24.25;24.50;25.00;26.25;39.50;37.75;25.25;24.25;24.00;24.50;24.75;27.00;40.75;37.25;25.50;24.50;23.50;24.00;24.00;26.00;37.75;33.25;24.50;23.75;23.75;23.75;23.50;24.50;31.25;26.75;24.00;23.25;23.00;23.00;23.50;23.75;24.25;23.50;23.00;22.75;23.00]
106442-[25.00;24.50;25.00;26.25;26.75;25.25;25.25;24.75;25.00;24.25;25.50;33.25;32.75;25.75;24.75;24.75;24.50;25.50;26.50;38.75;37.25;25.75;24.50;24.25;24.25;24.50;26.50;39.75;37.75;25.75;24.75;23.75;24.00;24.50;26.75;40.75;37.50;26.25;24.50;23.75;24.00;24.25;26.25;38.00;33.00;24.75;23.75;24.00;23.75;23.50;24.25;31.00;27.00;24.00;23.25;22.75;23.25;23.00;23.75;24.00;24.00;23.00;23.00;22.50]
106927-[24.75;24.25;25.25;26.75;26.50;25.00;25.50;25.00;24.75;24.75;26.00;33.75;32.50;25.75;25.00;24.75;25.50;25.00;26.50;38.75;37.50;26.00;24.75;24.25;24.50;24.50;26.75;40.25;38.00;25.25;24.75;23.75;24.50;24.25;26.75;40.75;37.75;25.75;24.25;23.25;24.00;24.25;26.00;38.25;33.50;24.50;24.00;23.50;23.50;23.75;24.50;31.25;27.25;23.75;23.00;22.25;24.00;23.00;24.00;24.00;23.75;22.50;23.25;22.75]
107412-[25.25;24.50;25.50;26.75;26.75;25.25;25.50;24.75;25.00;25.25;26.00;33.25;32.50;25.50;25.50;25.00;24.75;25.25;26.75;38.75;37.25;25.75;24.50;24.00;24.50;24.75;26.75;40.00;38.00;25.75;24.50;24.50;24.50;25.00;26.75;40.75;37.50;25.50;24.25;23.75;23.75;24.00;25.75;38.00;33.25;24.50;23.75;23.50;23.75;24.00;24.50;31.50;27.75;23.75;23.50;22.75;22.75;23.75;24.00;24.25;23.50;23.00;23.50;22.75]
107897-[25.00;24.75;25.50;26.75;26.50;25.50;25.25;24.75;25.00;24.75;25.50;33.25;32.50;25.75;24.75;25.00;25.00;25.00;26.50;39.00;37.50;26.00;24.75;23.75;24.75;24.50;26.75;40.25;38.25;25.75;24.25;23.75;24.00;24.75;27.25;40.75;37.75;25.75;24.00;23.50;24.00;24.25;26.00;38.00;33.50;24.50;24.00;23.50;24.25;23.50;24.25;31.50;27.75;24.00;23.75;22.25;23.25;23.25;24.00;24.50;24.00;23.50;23.25;22.75]
108382-[25.25;25.00;25.25;26.75;26.50;25.00;25.25;24.75;25.00;24.50;25.75;33.50;32.75;25.75;25.00;24.75;25.00;24.75;26.75;38.75;37.50;26.50;25.25;24.25;25.25;24.75;26.75;40.50;38.00;25.75;24.25;23.75;24.25;24.75;27.00;41.00;37.50;25.75;24.25;23.75;24.00;24.25;26.00;37.75;33.25;24.75;24.00;24.00;23.50;24.25;24.25;31.50;27.25;24.25;23.00;22.25;24.00;23.00;23.75;24.00;24.25;22.50;23.50;23.50]
108867-[25.50;24.50;25.25;27.00;26.50;25.50;25.25;24.75;25.50;25.00;26.25;33.75;33.00;25.75;25.25;24.75;24.75;25.25;26.50;38.75;37.50;26.25;25.00;24.00;24.50;24.75;27.00;40.25;38.25;25.75;24.50;24.00;24.25;24.75;26.75;41.00;37.75;25.75;24.50;23.75;23.75;24.25;26.25;38.00;33.50;24.25;23.75;24.00;23.25;23.75;24.25;31.50;27.50;24.25;23.25;23.00;23.25;23.75;23.75;24.25;23.50;23.50;23.75;23.00]
109352-[25.00;25.00;25.50;26.75;26.75;25.25;25.50;25.00;24.75;25.00;26.00;33.50;32.75;25.75;25.50;24.50;25.00;25.00;26.75;38.75;37.75;26.00;24.75;24.25;25.00;25.00;26.75;40.00;38.00;25.50;24.50;23.75;24.50;25.00;26.75;40.75;38.00;25.75;24.50;23.50;24.25;24.25;26.00;38.00;33.25;25.25;23.75;23.75;23.50;24.00;24.25;30.75;27.25;24.00;23.50;23.00;23.75;23.25;23.75;24.50;24.00;23.50;23.25;23.00]
109837-[25.25;25.00;25.25;26.75;26.75;25.50;25.75;24.50;25.00;24.75;25.75;33.50;32.75;26.00;24.75;25.00;24.75;25.25;26.50;39.00;37.50;26.00;25.00;24.25;24.50;25.00;26.75;40.00;38.00;25.50;24.50;24.00;24.50;25.25;27.00;41.00;38.00;25.75;24.75;24.00;24.25;24.50;26.00;38.00;33.75;25.00;24.00;24.00;23.75;24.00;24.75;31.50;27.50;24.00;23.25;22.75;24.00;23.50;24.00;24.25;24.00;22.75;23.50;23.25]
110322-[25.50;24.75;25.25;26.75;27.00;26.00;25.00;25.75;25.25;24.75;25.75;33.25;33.00;25.50;25.00;25.00;25.00;25.00;26.25;39.00;37.75;26.00;24.75;24.00;24.25;25.25;26.75;40.25;38.25;26.00;24.50;23.75;24.50;24.75;27.25;41.00;37.75;25.75;24.50;23.50;24.25;24.75;26.25;38.25;33.00;24.50;23.50;23.75;23.75;23.75;24.25;31.50;27.50;24.25;23.00;22.75;23.50;23.25;23.75;24.50;23.75;23.25;23.00;23.25]
110807-[25.50;25.00;25.25;26.75;27.25;25.50;25.75;25.00;25.00;25.00;26.25;33.50;32.75;25.75;25.25;25.25;25.25;25.00;26.75;39.00;37.50;26.00;25.00;24.25;24.50;24.75;27.00;40.50;38.00;25.75;24.75;24.00;24.75;25.00;27.00;41.00;37.50;25.50;24.75;23.75;24.25;24.50;26.25;38.50;33.00;25.00;23.50;24.00;23.75;24.00;24.25;31.50;27.25;23.75;22.75;23.25;23.50;23.50;24.00;24.50;24.00;23.25;23.50;23.50]
111292-[25.00;24.50;25.25;27.00;26.50;25.75;25.25;25.00;25.25;25.25;25.50;33.50;33.25;25.25;24.25;25.25;24.75;25.25;26.75;39.00;37.50;26.25;25.25;24.50;24.50;24.75;26.75;40.25;38.00;25.75;24.50;23.50;24.50;24.75;27.25;41.25;37.75;25.75;24.50;23.75;24.25;24.50;25.75;38.25;33.25;24.75;24.00;23.50;24.25;23.75;24.75;31.25;27.25;24.50;23.25;22.75;23.50;23.75;24.00;24.25;24.25;23.00;23.00;22.50]
111777-[25.25;24.50;25.25;26.75;26.50;25.00;25.25;24.75;24.75;24.50;25.50;33.25;33.00;26.25;24.75;24.75;25.00;25.00;26.50;39.00;37.50;26.25;24.75;24.00;24.75;24.75;26.50;40.50;37.75;25.75;24.75;23.50;24.75;25.00;27.25;41.25;37.75;25.50;24.50;23.75;24.00;24.50;26.00;37.75;33.50;24.50;23.75;23.50;23.75;23.75;24.00;31.00;27.00;24.25;23.25;22.50;23.25;23.00;24.00;24.00;23.50;23.25;23.25;22.75]
112262-[25.25;24.50;25.50;26.50;26.50;25.50;25.75;25.00;25.00;24.50;25.50;33.50;32.75;25.75;24.75;24.25;24.75;25.00;26.50;38.50;37.50;26.00;25.00;24.25;24.25;24.75;26.75;40.00;38.00;25.75;24.50;24.25;24.75;24.50;27.00;41.00;37.75;25.75;24.00;24.00;23.50;24.25;25.75;38.00;33.25;24.50;23.50;23.75;23.75;23.75;24.25;31.25;27.50;23.75;23.25;22.50;23.75;23.25;23.75;24.25;24.00;23.00;23.25;22.25]
112747-[25.25;24.75;25.00;26.75;26.75;25.00;25.50;25.25;25.00;25.25;25.75;33.50;32.50;25.75;25.00;24.50;24.50;24.75;26.75;38.75;37.50;25.75;24.50;24.25;24.50;24.75;26.75;40.00;37.75;25.75;24.50;23.75;24.50;24.50;27.25;40.75;37.75;25.50;24.50;23.75;24.25;24.25;25.50;38.00;33.00;24.25;23.75;23.75;23.50;23.75;24.25;31.50;27.50;24.00;23.50;22.75;23.50;23.00;23.75;23.75;23.75;23.00;23.00;23.25]
113232-[25.00;24.75;25.75;26.50;26.25;25.50;25.50;25.00;25.00;25.00;26.00;33.50;32.75;25.50;24.75;24.75;25.00;24.75;26.50;38.50;37.50;25.75;24.75;24.00;25.00;24.75;26.50;40.00;38.00;25.75;24.50;24.00;24.75;25.00;27.00;41.00;37.50;25.75;24.00;23.75;24.25;24.25;26.00;38.00;33.50;24.50;23.75;23.75;23.25;23.75;24.25;31.25;27.50;24.00;23.25;22.75;23.50;23.50;23.75;24.00;24.00;23.25;23.25;23.00]
113717-[25.50;25.00;25.25;26.50;26.50;25.00;25.00;25.00;25.25;25.00;25.50;33.25;32.50;25.50;24.75;25.00;24.75;25.25;26.75;39.00;37.25;26.00;25.00;24.25;24.50;24.75;26.75;40.00;38.25;25.75;24.25;24.00;24.50;24.75;27.25;41.00;37.75;25.25;24.25;23.50;24.00;24.00;25.75;38.00;33.25;25.00;23.75;24.00;24.00;23.25;24.50;31.25;27.50;24.00;23.50;22.75;23.00;23.50;24.00;24.00;24.00;23.00;23.50;23.00]
114202-[25.00;24.00;25.50;26.75;26.50;25.00;25.25;24.50;25.25;24.50;25.50;33.25;32.75;26.00;24.75;24.50;25.00;25.25;26.50;38.50;37.75;26.25;25.00;24.00;24.50;24.75;26.50;40.25;37.75;25.75;24.00;24.00;25.00;24.75;27.00;40.75;37.50;25.50;24.75;23.75;24.00;24.25;26.00;38.00;33.25;24.50;23.50;23.50;23.75;23.00;24.25;31.25;27.25;24.25;23.50;22.75;23.50;23.50;23.75;24.00;23.75;23.25;23.25;22.75]
114687-[25.00;24.75;25.50;26.75;26.75;25.25;25.50;24.50;25.00;24.75;26.25;33.75;32.75;25.75;24.75;25.00;24.50;25.00;26.00;38.75;37.75;26.00;25.00;24.25;24.50;24.75;26.50;40.00;37.75;25.75;24.25;23.75;24.25;24.75;27.00;40.75;37.50;25.75;24.50;23.75;24.00;24.00;26.00;38.00;33.00;24.75;23.75;23.50;23.50;23.25;24.25;31.25;27.50;23.75;23.50;23.00;23.50;23.50;23.50;24.00;23.50;23.25;23.50;22.50]
115172-[25.00;25.00;25.25;26.50;26.75;25.00;25.50;25.00;25.00;24.75;25.75;33.25;32.75;25.75;24.75;25.00;24.75;25.25;26.50;39.00;37.50;26.25;25.00;24.75;24.25;24.75;26.75;40.00;38.00;25.75;24.25;23.75;24.00;24.75;27.00;40.50;37.50;25.50;24.25;23.50;24.25;24.25;25.75;38.00;33.25;25.00;23.75;24.00;23.75;23.50;24.75;31.00;27.00;24.00;23.00;23.00;23.75;23.50;23.25;24.25;23.50;23.25;23.00;23.50]
115657-[25.25;24.75;25.50;26.75;26.75;25.25;25.50;25.25;25.50;24.50;25.75;33.25;32.75;25.75;25.00;24.50;24.50;24.75;26.50;39.00;37.50;26.00;25.00;24.50;24.50;24.75;26.75;40.00;38.00;26.00;24.50;24.00;24.75;25.00;27.25;41.00;37.75;25.75;24.50;24.25;24.25;24.75;25.75;38.25;33.00;24.75;24.00;23.75;23.75;23.50;24.25;31.50;27.50;24.00;23.25;23.00;23.25;23.25;24.00;24.50;23.75;23.00;23.50;23.25]
116142-[24.75;24.00;25.00;26.75;26.75;25.00;25.25;24.75;25.25;24.75;26.25;33.50;33.25;25.75;25.50;25.00;25.00;25.00;26.75;38.75;37.75;26.00;25.00;24.00;24.75;24.75;27.00;40.00;38.25;25.75;24.75;24.50;24.50;24.50;27.00;41.00;38.00;25.50;24.25;23.75;24.25;24.50;26.00;37.75;33.50;24.75;23.75;23.75;24.25;23.75;24.00;31.25;27.25;24.25;23.75;23.00;23.25;23.75;23.75;24.00;24.00;23.50;22.75;23.00]
116627-[25.25;24.25;25.25;26.50;26.50;25.25;25.00;24.75;24.75;24.75;25.50;33.75;33.00;25.75;24.75;24.75;25.00;25.25;26.25;38.75;37.50;26.25;24.75;24.25;24.50;24.50;26.75;40.25;38.00;26.00;24.25;23.75;24.75;24.75;27.50;40.75;37.50;25.50;24.50;23.25;24.00;24.25;26.00;37.75;33.50;24.75;24.00;23.75;23.75;24.00;24.25;31.00;27.25;23.75;23.25;22.25;23.50;23.50;23.75;25.00;23.75;23.25;23.25;22.75]
117112-[25.50;24.50;25.25;26.50;26.75;25.50;25.50;25.00;25.25;25.00;25.75;33.25;33.00;26.00;24.75;24.25;24.75;25.00;26.00;38.75;37.50;26.00;25.00;24.25;24.25;24.50;26.75;40.00;38.25;25.50;24.75;24.00;24.25;25.00;27.50;41.00;38.00;25.25;24.25;23.75;24.25;24.00;26.00;38.25;33.25;24.75;23.50;24.00;23.75;23.50;24.25;31.75;27.25;24.25;23.25;23.00;22.75;23.50;24.25;24.00;24.25;23.00;23.25;22.75]
117597-[24.75;24.50;25.25;27.00;26.75;25.25;25.25;25.00;25.25;24.75;25.50;33.25;32.75;25.75;24.75;24.75;25.00;24.75;26.50;38.75;37.50;26.00;24.75;24.50;24.50;24.50;26.50;40.00;38.00;25.50;24.25;24.00;24.50;25.00;26.75;40.75;37.50;25.75;24.25;23.75;24.25;24.50;26.00;38.00;33.25;24.25;24.00;23.75;23.25;24.00;24.25;31.00;27.50;23.50;23.75;23.00;23.75;23.50;24.00;24.50;24.00;23.50;23.25;23.00]
118082-[25.00;24.25;25.25;27.00;26.75;25.00;25.25;24.75;25.00;24.75;26.00;33.25;33.00;26.00;25.00;24.75;25.00;25.00;26.75;38.75;37.50;26.00;25.00;24.50;24.50;24.75;26.75;40.25;37.75;26.00;24.75;24.50;24.25;24.50;26.75;40.75;37.75;25.25;24.50;23.75;24.00;24.00;26.00;38.50;33.25;24.75;23.75;23.50;23.75;23.50;24.25;31.25;27.25;24.00;23.50;22.50;23.25;23.50;24.00;24.50;24.00;23.25;23.50;23.00]
118567-[25.25;24.50;25.00;26.75;26.75;25.00;24.75;24.75;25.25;25.00;25.75;33.25;33.00;25.75;24.75;24.50;25.25;25.50;26.25;39.00;37.25;26.00;24.75;24.75;24.50;24.50;27.00;40.00;38.00;25.50;24.50;23.50;24.75;24.50;27.00;41.00;37.75;25.75;24.25;23.50;24.50;24.25;26.00;38.00;33.00;24.75;23.75;23.75;24.00;23.75;24.00;31.25;26.75;23.75;23.25;23.00;23.25;23.50;23.75;24.25;24.00;22.75;22.75;23.00]
119052-[25.25;24.75;25.50;27.00;26.50;25.25;25.50;25.25;25.00;25.00;25.75;33.50;33.00;25.75;24.75;25.00;24.75;25.00;26.75;38.75;37.25;26.00;25.00;24.00;24.25;24.50;26.75;40.25;38.00;25.50;24.50;23.50;24.25;24.75;27.00;41.00;37.75;25.50;24.00;23.50;24.00;24.00;26.25;38.00;33.25;24.75;24.00;23.75;23.75;23.25;24.50;31.25;27.50;24.00;23.25;22.50;23.50;23.25;24.00;24.25;24.25;23.00;23.00;23.00]
119537-[25.00;25.00;25.25;26.75;26.75;25.50;25.25;25.00;25.25;24.75;26.00;33.25;32.50;26.00;24.50;24.50;24.75;25.00;26.50;38.75;37.25;26.25;25.00;24.25;24.00;24.50;26.50;40.00;38.00;25.50;24.25;23.75;24.50;24.75;27.00;41.00;37.75;25.25;24.50;23.25;23.75;24.75;25.75;37.75;33.50;24.75;23.25;23.50;23.75;23.50;24.50;31.25;27.75;24.00;22.75;22.75;23.50;23.25;23.75;24.00;24.00;23.25;24.00;23.00]
120022-[25.50;24.25;24.75;26.50;26.75;25.25;25.00;24.75;24.75;24.50;25.75;33.00;32.75;25.75;24.75;24.25;24.50;24.50;26.50;38.75;37.50;26.25;25.00;24.25;24.25;24.25;26.25;40.00;37.75;25.75;24.25;23.75;24.50;25.00;27.00;41.00;37.75;25.25;24.25;23.50;24.25;24.00;25.75;38.00;32.75;24.25;24.00;23.75;23.75;23.50;24.25;31.00;27.25;23.75;23.25;22.75;23.50;23.75;24.00;24.00;23.75;22.75;23.25;23.50]
120507-[25.25;24.50;25.00;26.50;26.25;25.00;25.00;24.50;25.25;25.00;25.50;33.25;32.75;25.50;24.75;24.75;25.00;24.50;26.25;39.00;37.25;25.75;24.75;24.50;24.25;24.50;26.50;40.00;38.00;25.50;23.75;23.50;24.50;24.50;27.00;40.75;37.75;25.50;24.50;23.25;24.00;24.00;25.75;37.75;33.00;24.50;23.50;24.00;23.50;23.50;24.25;30.75;27.50;23.75;23.50;22.50;23.50;23.50;23.50;23.75;23.50;23.00;23.00;23.00]
120992-[24.75;24.50;25.00;26.50;26.75;24.75;25.25;24.75;24.75;25.00;26.00;33.25;32.75;25.50;25.25;24.50;24.75;25.00;26.75;38.75;37.50;26.00;24.75;24.50;24.50;24.75;26.50;40.25;37.75;26.00;24.25;24.00;24.25;24.75;26.75;40.75;37.75;25.75;24.50;23.75;23.75;24.25;26.00;38.25;33.25;24.50;23.75;23.25;23.75;24.00;24.25;31.25;27.00;23.75;23.75;22.75;23.75;23.00;23.75;24.00;23.75;23.75;23.25;23.25]
121477-[25.00;24.75;25.25;26.25;26.25;25.25;25.25;25.00;25.00;24.50;25.50;33.25;32.75;25.50;25.00;24.75;25.00;25.00;26.50;38.75;37.00;26.00;24.50;24.50;24.50;24.75;26.50;40.25;37.75;25.75;24.25;23.75;24.75;24.75;27.25;40.50;37.25;25.50;24.25;23.75;24.25;24.25;25.75;38.00;33.25;24.25;23.50;24.00;23.75;23.75;24.00;31.00;27.25;24.25;23.25;22.75;23.50;23.50;23.75;24.00;23.50;22.75;23.25;23.25]
121962-[24.75;24.25;25.50;26.25;26.75;25.25;25.00;24.75;25.25;24.50;25.25;33.50;32.75;25.75;25.00;24.75;24.25;25.00;26.50;39.00;37.75;26.00;25.00;24.50;23.75;24.75;26.75;40.00;37.75;25.75;24.75;24.00;24.50;24.75;27.25;40.75;37.75;25.50;24.50;23.75;24.00;24.25;25.75;38.00;33.00;24.50;23.50;23.50;23.50;23.50;24.25;31.50;27.25;24.50;23.00;22.50;23.25;23.50;23.75;24.00;24.00;23.25;23.50;23.25]
122447-[25.25;24.50;25.25;26.00;26.50;25.25;25.25;25.00;24.75;25.00;25.75;33.50;32.50;25.75;24.50;24.50;25.00;25.00;26.50;38.50;37.25;26.00;24.50;24.00;24.50;24.25;26.25;39.75;38.00;25.75;24.50;24.25;24.50;24.75;26.50;40.75;37.50;25.75;24.25;23.50;23.75;24.50;25.50;38.00;33.25;24.50;23.75;24.00;24.00;23.75;24.50;31.25;27.25;24.00;23.50;22.50;23.75;23.50;23.50;24.50;24.50;23.50;23.25;23.00]
122932-[25.00;24.50;24.75;26.00;26.50;25.25;25.00;25.00;25.00;24.75;25.75;33.25;32.75;25.75;24.75;24.75;24.50;25.00;26.50;38.75;37.25;26.00;24.75;23.50;24.50;24.50;26.25;40.00;37.75;25.25;24.50;23.50;24.50;24.75;27.00;40.50;37.75;25.50;24.00;23.50;24.25;24.00;25.50;37.75;33.00;24.75;23.75;23.75;24.00;23.75;24.25;31.50;27.50;24.25;23.25;22.50;23.50;23.75;24.00;24.50;23.75;23.50;23.75;23.00]
123417-[25.00;24.50;25.00;26.00;26.75;25.00;25.00;24.25;25.00;24.75;25.50;33.50;32.50;25.75;24.75;24.75;24.50;24.75;26.50;38.75;37.00;26.00;24.75;24.00;24.50;24.50;27.00;40.00;37.75;25.75;24.50;23.50;24.75;24.75;27.00;40.50;37.75;25.25;24.75;23.75;24.00;24.25;26.00;37.75;33.00;24.25;23.75;23.50;23.50;24.00;24.25;31.25;27.50;24.00;23.25;22.75;23.75;23.75;24.00;24.25;24.25;23.00;23.50;23.00]
123902-[24.75;24.75;25.25;26.50;27.00;25.50;24.75;24.75;25.00;25.00;25.50;33.25;32.75;25.75;24.50;25.00;24.75;25.25;26.50;38.75;37.00;26.00;24.75;24.50;24.00;24.75;26.50;40.00;37.75;25.50;24.50;23.75;24.75;24.75;27.00;40.75;37.75;25.50;24.00;24.00;24.25;24.25;26.00;37.75;33.25;24.75;23.75;24.25;23.75;23.50;24.25;31.25;27.25;24.25;23.25;23.00;23.50;23.75;23.50;24.00;24.00;23.00;23.00;23.00]
124387-[25.00;24.50;26.00;26.25;26.75;25.25;24.75;24.50;25.00;24.50;25.25;33.50;33.25;25.75;24.50;24.50;25.25;24.75;26.25;38.75;37.50;25.75;25.50;24.00;24.25;24.50;26.25;40.50;38.00;25.25;24.25;24.00;24.75;25.00;27.00;40.75;37.50;25.75;24.25;23.75;24.75;24.25;26.25;38.00;33.25;25.00;24.25;24.00;23.75;23.75;24.75;31.25;27.50;24.00;23.50;23.25;24.00;23.50;24.25;24.00;24.00;23.50;24.00;23.25]
124872-[25.00;24.25;25.50;27.00;26.50;25.50;25.25;24.50;25.00;25.00;26.25;33.25;32.50;25.75;24.75;24.50;24.75;25.00;26.25;38.50;37.75;26.00;25.75;24.50;24.50;25.00;26.50;40.25;38.00;26.00;24.50;24.25;24.75;25.00;27.00;40.50;37.50;25.75;24.75;23.00;24.50;24.25;26.25;38.00;33.25;24.25;24.00;24.00;23.75;24.25;24.50;31.25;27.50;24.25;23.50;22.25;23.75;24.00;24.00;24.75;24.25;23.25;23.25;23.25]
125357-[25.00;24.75;25.50;26.50;26.50;25.25;25.50;25.25;25.00;25.00;26.00;33.25;32.75;25.75;24.75;25.00;24.75;25.25;26.50;39.00;37.50;26.25;24.75;24.75;24.25;24.50;26.75;40.50;37.75;25.75;24.75;24.50;24.75;25.00;27.25;41.00;37.75;25.75;24.50;24.00;24.00;24.50;25.75;38.00;33.50;24.50;23.75;24.25;23.75;23.75;25.00;32.00;27.75;24.75;23.50;23.00;23.75;24.00;24.25;24.00;24.25;23.50;23.50;23.00]
125842-[25.00;24.75;25.50;26.75;26.50;25.50;25.25;25.00;25.25;24.75;25.50;33.50;32.50;25.75;25.00;24.75;25.00;25.00;26.75;39.00;37.50;26.25;25.00;24.00;24.75;24.50;26.75;40.25;37.75;26.00;24.50;23.75;24.50;24.75;27.25;40.50;37.75;25.50;24.50;23.75;24.25;24.50;26.25;38.00;33.50;25.00;24.00;23.75;23.75;23.75;24.50;31.50;27.75;24.25;23.25;23.00;24.00;24.00;24.00;24.50;24.50;23.50;23.25;22.50]
126327-[25.00;25.00;25.50;27.00;26.50;25.75;25.50;25.25;25.00;24.75;26.00;33.50;33.00;26.00;24.75;24.75;25.00;25.00;26.50;38.75;37.50;26.25;25.00;24.75;24.75;24.75;26.75;40.00;38.00;25.50;24.75;24.25;24.75;25.00;27.00;41.00;37.75;25.75;24.75;23.50;24.25;24.25;26.00;38.50;33.25;24.75;24.25;23.75;23.75;23.75;24.75;31.25;27.50;24.50;23.75;22.75;24.25;23.75;23.75;24.50;24.00;23.00;23.00;22.75]
126812-[25.00;24.50;25.00;26.75;26.50;25.50;25.25;25.00;25.00;25.00;26.00;33.25;33.00;25.75;25.00;25.25;25.00;25.00;26.75;39.00;37.75;26.25;25.00;24.25;24.75;24.75;26.50;40.00;38.00;26.00;24.75;24.00;24.50;25.25;27.00;41.25;37.75;25.75;24.75;24.25;24.50;24.25;26.00;38.00;33.50;25.00;24.00;24.00;23.75;23.50;24.25;31.50;27.50;24.25;23.75;23.00;23.50;23.75;24.00;24.25;24.50;23.00;23.75;23.75]
127297-[25.00;25.00;25.50;27.00;26.50;25.25;25.50;25.00;25.50;24.50;25.75;33.50;32.75;26.00;25.00;24.75;24.50;25.00;26.75;39.00;37.75;26.25;24.75;24.50;24.50;25.00;26.75;40.25;38.00;26.00;24.75;23.75;24.75;25.00;27.00;41.00;37.75;25.75;24.75;24.25;24.00;24.50;25.75;37.75;33.75;25.00;24.00;24.25;23.50;23.75;24.25;31.50;27.25;24.25;23.50;22.75;23.25;23.50;24.00;24.00;24.25;23.25;23.25;23.25]
127782-[25.00;24.25;25.25;26.75;26.50;25.25;25.25;24.50;24.75;24.75;25.75;33.50;32.75;25.75;24.75;25.00;25.00;25.00;27.00;39.00;37.25;26.50;25.25;24.50;24.50;24.50;26.50;40.25;37.75;25.75;24.50;24.25;24.50;24.75;27.50;40.75;38.00;26.00;24.50;23.75;24.00;24.50;26.00;38.25;33.25;24.75;24.00;23.75;24.50;23.75;24.75;31.75;27.50;24.00;23.50;22.75;23.25;24.00;24.00;24.25;23.50;23.25;23.50;23.25]
128267-[25.00;24.50;24.75;26.25;26.50;25.00;25.50;24.50;25.25;24.75;25.75;33.75;32.50;25.75;24.75;25.00;25.00;24.50;26.50;39.00;37.50;26.00;25.00;24.50;24.75;25.00;26.75;40.00;38.25;26.00;24.50;24.50;24.75;25.25;27.25;41.00;37.75;25.75;24.50;23.50;24.00;24.50;25.75;38.00;33.50;24.75;23.75;24.00;24.00;23.75;24.75;31.25;27.75;24.00;23.75;22.75;24.25;23.50;24.25;24.50;24.00;23.00;23.00;23.00]
128752-[25.25;24.75;25.50;27.00;26.50;25.25;25.50;24.75;25.00;24.75;26.25;33.25;32.75;26.00;25.00;25.00;25.00;25.25;26.75;39.00;37.50;26.25;25.25;24.75;24.75;25.00;26.75;40.50;38.00;26.00;25.00;24.50;24.75;25.25;27.25;40.75;37.75;25.75;24.00;23.25;24.00;24.50;26.00;37.75;33.50;24.75;24.50;24.00;23.50;24.00;24.25;31.50;27.75;24.00;23.75;23.00;23.50;23.75;24.00;24.00;24.00;23.50;23.75;23.50]
129237-[25.50;24.75;25.25;26.75;26.75;25.00;25.00;24.50;24.50;25.00;25.75;33.50;32.75;25.75;25.25;24.75;25.00;25.25;27.25;39.00;37.75;26.25;25.00;24.25;25.00;24.75;27.00;40.00;38.25;26.00;24.50;24.00;24.50;25.00;27.00;41.25;37.75;25.75;24.25;23.50;24.00;24.50;26.00;38.00;33.50;25.00;24.00;23.75;24.25;23.50;24.50;31.25;27.75;24.50;23.75;22.50;23.75;23.75;24.00;24.50;24.50;23.00;23.25;23.25]
129722-[25.75;24.75;25.25;27.00;26.25;25.00;25.50;25.25;25.50;24.75;26.25;33.75;32.75;26.25;24.75;25.50;25.00;25.25;26.50;39.00;37.50;26.00;25.25;24.50;25.00;24.50;26.75;40.00;38.00;25.75;24.75;23.75;24.75;25.25;27.25;41.00;37.50;25.50;24.75;23.75;24.75;24.50;26.00;38.00;33.75;24.75;23.75;24.00;24.00;23.75;24.50;31.50;27.25;24.00;23.75;23.00;23.75;23.50;24.50;24.50;24.25;23.50;23.50;23.50]
130207-[25.50;24.75;25.50;27.00;26.75;25.50;25.75;24.75;25.50;25.50;26.00;33.25;33.00;26.00;25.00;25.00;25.25;25.25;27.00;39.00;37.75;26.50;25.25;24.75;24.75;25.00;26.75;40.25;37.75;26.00;24.50;24.50;24.75;25.25;27.00;41.00;37.75;25.50;24.50;24.25;24.25;24.25;26.25;38.00;33.25;25.00;23.50;24.00;24.25;23.75;24.50;31.50;27.50;24.50;23.50;23.00;23.25;23.75;24.00;24.75;24.25;23.50;23.75;23.25]
130692-[25.50;24.75;25.75;27.00;26.75;25.75;26.00;25.50;25.75;24.75;26.00;33.50;33.25;25.75;25.00;25.25;25.00;25.00;26.50;39.00;37.75;26.50;24.75;24.00;24.75;25.00;26.75;40.00;37.75;25.75;24.50;24.25;24.50;25.25;27.25;41.00;38.00;25.75;24.25;24.00;24.00;25.25;26.25;37.75;33.50;24.50;24.00;24.00;24.00;23.50;24.75;31.25;27.50;24.75;23.50;23.50;23.50;23.75;24.00;25.00;24.50;23.75;23.25;23.25]
131177-[25.50;25.00;25.50;27.00;27.00;25.50;25.50;25.25;25.50;24.50;26.00;33.50;32.75;26.00;24.75;25.00;25.25;25.75;27.00;39.00;37.75;26.50;25.25;24.50;24.75;24.75;27.00;40.25;38.25;26.00;24.75;24.00;24.75;25.25;27.50;41.00;38.00;25.75;24.50;23.25;24.25;24.75;26.25;38.25;33.75;25.00;24.00;24.50;24.00;23.75;24.75;31.50;28.00;24.25;24.00;23.50;23.25;23.50;24.00;24.75;24.25;23.75;23.50;23.75]
131662-[25.00;25.00;25.25;27.00;26.75;25.50;25.75;25.00;26.00;25.25;26.50;33.75;33.00;25.75;25.25;25.00;25.50;25.25;27.00;39.25;37.50;26.50;25.00;24.75;24.50;24.75;27.00;40.00;38.00;26.25;25.00;24.00;24.75;25.00;27.50;41.00;37.75;25.75;24.75;24.00;24.25;24.50;26.00;38.25;33.25;25.25;23.75;24.00;24.50;23.75;24.75;31.50;27.50;24.00;23.75;23.00;23.75;24.50;24.00;24.25;24.00;23.25;23.50;24.00]
132147-[25.25;24.75;25.50;27.00;26.75;25.75;25.25;25.00;25.50;25.25;26.00;33.75;32.75;26.00;25.00;25.00;25.00;25.25;26.50;39.00;37.75;26.25;25.50;24.75;24.25;25.00;27.25;40.25;38.00;26.25;24.75;24.50;24.50;24.75;27.50;41.25;37.75;25.50;24.50;24.25;24.50;25.00;26.25;37.75;33.50;25.25;23.75;24.00;23.75;24.25;24.75;31.25;27.75;24.00;24.00;22.75;24.00;24.00;24.25;24.50;24.50;23.50;23.75;23.50]
132632-[25.75;24.75;25.25;26.75;26.25;25.50;25.25;24.75;25.00;25.00;26.00;33.75;33.25;26.00;25.50;25.50;24.75;25.00;26.50;39.00;37.50;26.25;24.75;24.50;24.75;24.75;27.00;40.00;38.00;26.25;24.75;23.75;25.00;24.75;27.75;41.00;38.00;26.00;24.50;24.25;24.50;25.00;25.75;37.50;33.50;25.00;23.75;24.25;23.75;23.75;24.75;31.75;27.75;24.25;23.50;23.50;23.75;24.00;24.25;24.25;24.25;23.00;23.75;23.75]
133117-[25.25;24.75;25.50;26.75;26.50;25.00;25.75;25.25;25.25;25.00;26.00;33.50;33.00;25.50;25.00;25.00;24.50;25.25;26.50;38.75;38.00;26.00;24.50;24.50;24.75;24.75;26.75;40.00;37.75;26.00;24.75;24.00;24.50;25.00;27.25;41.25;37.75;25.75;24.50;23.50;24.00;24.50;26.25;37.75;33.50;24.75;23.75;24.00;23.75;23.50;24.75;31.50;27.25;24.25;23.25;23.50;23.50;24.00;24.00;24.50;23.75;23.50;23.50;23.00]
133602-[25.00;24.75;25.25;26.50;26.50;25.50;25.00;24.75;25.00;24.75;26.00;33.50;32.75;25.75;24.75;24.50;24.75;25.00;26.75;38.75;37.25;26.25;25.00;24.25;24.50;24.50;27.00;39.75;38.00;25.75;24.25;24.00;24.50;24.75;27.00;40.75;37.50;25.75;24.25;24.00;23.75;24.50;25.75;38.25;33.25;24.75;23.50;23.75;23.75;24.00;24.50;30.75;27.25;24.00;23.75;23.00;23.75;23.75;24.25;24.00;24.00;23.00;23.25;23.50]
134087-[25.00;24.50;25.25;27.00;26.50;25.25;25.50;25.25;24.50;25.00;26.00;33.00;32.75;26.00;24.50;24.50;24.50;25.00;26.50;38.75;37.50;26.00;25.25;24.25;25.00;24.50;26.50;40.25;38.00;26.00;24.50;24.25;24.50;25.00;27.00;40.75;37.50;25.50;24.50;23.25;24.25;24.50;25.75;38.00;33.25;24.75;23.50;24.00;23.50;24.00;24.00;31.25;27.25;24.00;23.50;22.25;24.00;24.25;24.00;24.50;23.75;23.25;23.25;23.25]
134572-[25.25;24.75;25.50;26.75;27.00;25.75;25.00;24.75;24.75;24.75;26.00;33.50;33.00;25.75;24.75;24.50;24.75;25.00;26.25;38.75;37.50;26.25;24.75;24.25;24.50;24.50;27.00;40.25;37.75;25.50;24.25;24.00;24.25;25.00;27.00;40.75;37.50;25.25;24.25;23.75;24.00;24.50;25.75;38.00;33.00;24.50;23.75;24.00;23.75;23.75;24.50;31.50;26.75;24.50;23.25;23.00;23.25;23.00;23.75;24.25;23.75;23.25;23.50;23.25]
135057-[25.25;24.75;25.25;26.75;26.75;25.00;25.00;25.00;25.25;24.50;25.75;32.75;32.75;25.50;25.00;24.75;24.50;24.75;26.50;38.75;37.50;26.00;24.75;24.25;24.75;24.75;26.25;40.00;37.75;25.50;24.75;24.25;24.50;25.00;26.50;40.75;37.50;25.00;24.25;23.75;24.00;24.00;25.75;37.75;33.00;24.25;23.50;23.50;23.75;23.75;24.00;31.25;27.25;24.00;23.25;22.25;23.75;23.50;23.75;24.25;24.00;23.00;23.25;23.25]
135542-[24.50;24.50;25.50;26.75;26.25;25.25;25.25;24.75;24.75;24.75;26.00;33.25;32.50;25.50;24.75;24.25;24.75;25.25;26.25;38.75;37.50;26.25;25.00;23.75;24.25;24.50;26.50;40.50;37.75;25.75;24.25;24.00;24.50;24.75;27.25;40.50;37.50;25.75;24.25;23.25;23.75;24.00;25.75;38.00;33.25;24.50;23.25;23.50;23.50;24.00;24.25;31.00;27.50;24.25;23.25;22.75;23.25;24.00;23.75;24.00;23.75;23.25;23.50;22.75]
136027-[25.25;24.50;25.00;26.25;26.50;25.25;25.00;25.00;25.00;24.75;25.75;33.25;32.50;25.50;24.75;24.75;24.75;24.75;26.50;38.50;37.50;25.75;25.00;24.25;24.50;24.50;26.75;39.75;37.50;26.00;24.25;24.00;24.25;25.25;27.25;40.50;37.25;25.00;24.50;23.75;24.00;24.25;25.75;37.25;33.00;24.75;23.75;23.50;23.00;23.00;24.50;31.00;27.75;24.25;23.50;23.25;23.25;23.75;24.00;24.00;23.50;22.75;23.50;23.25]
136512-[25.00;24.50;25.00;26.50;26.25;25.00;25.00;24.75;24.75;25.00;25.50;33.25;32.50;25.50;25.00;24.75;24.75;25.00;26.50;38.75;37.50;26.00;24.75;24.25;24.50;24.50;27.00;39.75;37.75;25.75;24.25;23.75;24.75;25.25;27.25;40.75;37.75;25.25;24.50;24.00;24.50;24.00;25.75;37.75;33.25;24.75;24.00;24.00;24.00;23.75;24.25;31.75;27.25;24.50;23.25;23.00;23.00;23.25;24.50;24.00;24.00;23.00;23.50;22.75]
136997-[25.50;24.50;24.75;26.50;26.50;24.75;25.50;25.25;25.25;24.50;25.75;33.25;32.50;25.50;25.00;24.75;24.75;25.25;26.00;38.50;37.50;26.00;24.75;24.50;24.25;24.50;26.75;40.00;38.00;25.75;24.50;24.00;24.25;24.75;27.00;41.00;37.75;25.75;24.25;23.75;24.00;24.25;26.00;37.50;33.25;24.75;23.75;23.75;23.25;24.25;24.25;31.25;27.25;24.25;23.75;22.50;23.75;23.50;23.50;24.00;24.00;23.50;23.00;23.25]
137482-[24.75;24.50;25.00;26.25;26.50;25.25;25.25;24.50;25.25;24.50;25.75;33.00;32.50;25.50;24.75;24.75;24.75;24.75;26.75;39.00;37.25;26.25;25.00;24.25;24.25;24.75;26.50;40.25;37.50;25.75;24.75;23.00;24.25;24.50;27.25;40.75;37.25;25.00;24.25;23.75;24.00;24.25;26.00;37.50;33.25;24.75;24.00;24.25;23.75;24.00;24.00;31.50;27.25;24.25;23.50;23.00;24.25;24.00;24.00;24.00;23.50;23.25;23.25;23.25]
137967-[24.50;24.50;25.50;26.75;26.50;25.00;25.25;24.75;25.00;24.50;25.50;33.00;32.50;25.50;24.50;24.50;24.50;24.75;26.75;39.00;37.50;25.75;25.00;24.50;24.25;24.25;26.75;40.00;37.75;25.50;24.25;24.25;24.
