VidroLiquidoBranco300mm
227-   [24.50;24.50;24.50;24.75;24.75;24.25;24.25;23.75;24.25;24.00;24.75;26.75;26.00;24.50;24.25;24.25;24.50;24.50;25.25;32.00;31.00;24.75;24.25;23.75;23.75;23.75;25.50;36.25;33.75;24.75;23.75;23.00;24.25;24.75;25.75;37.75;33.25;24.50;24.00;23.25;23.25;23.50;24.75;33.50;28.50;23.75;23.00;23.00;22.50;23.00;23.50;25.25;24.00;23.50;23.00;22.25;22.50;23.00;23.25;23.25;22.75;22.50;22.75;21.75]
712-   [24.25;23.50;24.75;24.75;24.75;24.00;24.25;24.00;24.00;24.00;24.50;26.75;26.50;24.25;23.75;24.00;24.25;24.00;24.75;32.25;30.75;24.75;24.25;23.00;24.00;23.75;25.25;36.00;33.50;25.00;23.75;22.75;23.75;24.00;25.25;37.50;33.50;24.25;23.50;23.00;23.25;23.50;24.50;33.25;28.25;23.75;23.25;23.00;23.25;22.75;23.50;24.75;24.25;23.25;22.75;22.25;21.75;22.50;22.75;23.00;23.00;22.00;22.50;22.25]
1197-  [24.00;23.50;24.25;25.25;25.00;24.25;24.25;23.75;24.50;24.00;24.50;26.50;26.50;24.50;23.75;23.50;23.75;23.75;24.75;31.75;30.75;25.00;24.00;23.50;23.75;24.00;25.00;36.50;33.25;24.50;24.00;23.25;24.00;24.00;25.50;37.50;33.50;24.00;24.00;23.00;23.25;23.25;24.50;33.00;28.00;23.75;22.75;22.75;23.00;22.75;23.75;24.50;24.25;22.75;22.50;21.75;23.00;22.50;23.00;22.75;23.25;22.50;22.75;22.00]
1682-  [24.00;23.50;23.75;24.50;24.75;23.75;24.00;23.75;24.00;23.50;24.25;26.25;26.50;24.00;23.75;23.50;24.00;24.25;25.00;32.25;30.50;24.50;23.75;23.50;23.50;23.50;25.00;36.25;33.25;24.50;23.75;23.00;23.75;24.00;25.00;37.50;33.00;24.25;23.50;23.00;23.25;23.50;24.50;33.00;28.00;23.50;22.50;22.50;23.25;23.00;23.25;24.75;24.00;22.75;23.00;22.00;22.00;22.25;22.75;22.75;22.50;21.50;22.25;22.00]
2167-  [23.25;23.25;24.50;24.75;24.75;24.00;24.50;23.25;24.25;24.00;25.00;26.50;26.50;24.50;24.25;23.50;24.00;24.00;24.75;32.00;30.25;24.50;24.00;23.00;23.50;23.75;25.00;36.25;33.25;24.50;23.50;22.75;23.75;24.00;25.25;37.50;33.00;24.25;23.00;22.75;23.50;23.50;24.50;33.00;27.75;23.75;23.00;22.75;23.00;22.75;23.25;24.50;23.50;23.50;22.50;21.75;22.25;22.50;23.00;23.25;22.75;22.25;22.00;22.00]
2652-  [24.25;23.75;24.00;24.50;25.00;23.75;24.25;23.50;23.75;23.50;24.50;26.50;26.25;24.50;23.25;23.25;24.50;23.75;25.00;32.25;30.75;24.75;24.00;23.25;23.50;23.25;24.75;36.00;33.25;24.50;23.50;23.50;23.50;24.00;25.50;37.25;33.00;24.25;24.00;22.50;23.25;23.50;24.75;33.25;28.00;23.50;23.00;23.00;22.75;23.00;23.50;24.75;23.50;22.75;23.00;22.25;22.50;23.00;23.00;22.75;23.00;22.25;22.50;22.00]
3137-  [23.75;23.50;24.50;24.75;24.50;24.00;24.00;24.00;24.25;23.75;24.25;26.50;26.25;24.50;23.75;24.25;24.00;24.25;24.25;31.75;30.50;24.50;24.00;23.50;24.00;23.75;25.00;36.00;33.75;24.50;23.75;23.00;23.75;24.00;25.25;37.25;32.75;24.50;23.75;22.50;23.25;23.75;24.25;33.25;28.25;24.00;23.00;22.75;23.00;23.00;23.25;24.75;24.25;23.00;22.25;21.75;22.50;23.00;23.25;22.50;23.00;22.50;22.75;22.25]
3622-  [24.50;23.25;23.50;24.50;24.25;24.00;24.25;24.00;24.00;24.00;24.50;26.50;26.25;24.25;24.00;23.75;23.75;24.00;25.00;32.00;30.75;24.75;24.25;23.50;24.00;23.75;25.00;36.00;33.50;24.25;23.75;23.00;24.00;24.25;25.25;37.50;33.25;24.25;23.50;23.00;23.00;23.50;24.75;33.25;29.00;23.50;22.75;23.00;23.00;22.75;24.00;24.50;24.25;23.25;22.75;21.75;23.00;22.75;23.25;23.25;22.75;22.25;23.00;22.25]
4107-  [24.00;23.25;23.75;24.75;25.00;24.00;24.25;23.25;24.00;23.50;24.75;26.25;26.50;24.50;23.75;24.00;24.00;24.00;25.00;31.75;30.75;24.75;24.00;23.00;23.50;23.75;25.00;36.25;33.00;24.50;23.75;23.00;23.75;24.25;25.25;37.25;33.25;24.50;23.50;23.00;23.25;23.25;24.50;33.25;28.00;23.75;23.00;22.75;23.25;22.75;23.50;24.75;23.75;23.25;23.00;22.25;22.25;22.50;23.25;23.25;22.50;22.25;22.75;22.50]
4592-  [24.00;23.75;24.50;24.75;24.50;24.00;24.00;23.75;23.75;24.00;24.50;26.25;26.50;24.25;23.25;24.00;24.00;24.00;25.00;31.75;30.50;24.75;23.75;23.75;23.75;23.75;24.50;36.25;33.25;24.50;23.50;22.75;23.50;23.50;25.25;37.25;33.25;24.00;23.75;23.25;23.25;23.75;24.50;33.50;28.50;24.00;23.00;23.25;22.75;23.00;23.25;24.75;24.25;22.75;23.00;21.75;22.75;23.25;23.00;23.50;23.25;21.50;22.75;21.50]
5077-  [24.00;23.75;24.25;24.25;24.50;24.00;24.00;23.50;24.25;24.00;24.50;26.25;26.50;24.25;23.75;24.00;24.00;24.00;25.00;32.00;30.50;24.50;24.00;23.00;24.25;24.00;24.75;36.00;33.00;24.50;23.75;23.00;24.00;24.00;25.25;37.25;33.25;24.50;23.50;23.00;22.75;24.00;24.25;33.00;28.25;23.50;23.00;23.00;23.00;23.00;23.50;25.00;24.50;23.25;22.50;21.75;22.50;23.00;23.25;23.00;23.00;22.25;23.00;22.25]
5562-  [24.00;23.75;24.25;24.75;24.75;23.75;24.50;24.00;24.25;24.00;24.50;26.50;26.50;24.50;24.25;24.00;24.25;24.50;25.25;32.25;31.00;24.75;24.00;23.50;24.25;23.75;25.00;36.00;33.50;24.50;24.25;23.50;24.00;24.25;25.50;37.50;33.50;24.50;23.75;22.75;23.00;23.75;24.50;33.50;28.25;23.75;22.75;23.00;23.00;23.00;23.25;25.50;24.00;23.50;22.50;22.00;23.00;22.75;23.50;23.25;23.00;22.75;22.75;22.25]
6047-  [24.25;23.75;24.50;25.00;25.00;24.25;24.00;23.75;24.25;23.75;25.00;26.50;26.25;24.75;23.75;24.25;24.00;24.25;24.75;31.75;30.75;24.25;23.75;23.50;23.75;24.00;25.00;36.50;33.50;25.00;23.75;23.00;24.25;24.25;25.25;37.50;33.50;24.25;23.50;23.25;23.25;23.75;24.50;33.50;28.25;24.00;23.25;23.50;23.75;23.00;24.00;25.00;24.25;23.25;23.00;22.00;22.75;22.75;23.00;22.50;22.50;22.50;23.00;22.50]
6532-  [24.50;23.50;24.25;25.25;24.75;24.25;24.50;23.75;24.50;24.00;24.50;26.25;26.50;24.25;24.00;23.75;24.25;24.25;25.00;32.00;31.00;24.50;24.50;23.50;24.00;24.00;25.00;36.00;33.25;24.25;23.50;23.00;24.00;24.00;25.00;37.75;33.25;24.25;24.25;23.25;23.50;24.00;24.75;33.25;28.50;23.75;23.75;23.25;23.00;23.00;23.50;24.75;24.25;23.50;22.75;22.50;23.00;23.00;23.50;23.50;23.25;22.50;23.00;22.75]
7017-  [24.00;23.50;24.50;24.75;24.50;24.25;24.00;23.50;24.00;23.75;24.50;26.75;26.75;24.50;23.75;23.75;24.50;24.25;25.25;31.75;30.75;24.50;23.75;23.75;24.00;24.00;25.00;36.50;33.75;25.00;23.75;23.00;24.25;24.00;25.25;37.50;33.50;24.50;24.25;22.75;23.50;23.75;24.75;33.00;28.25;23.75;23.00;23.50;23.25;23.25;23.75;24.75;24.25;23.25;22.75;22.00;23.00;23.00;23.25;23.50;23.25;22.75;22.50;22.50]
7502-  [24.00;23.50;24.25;25.00;25.00;24.00;24.25;24.25;24.50;24.00;24.00;26.75;26.50;24.75;24.25;24.50;23.75;24.25;25.00;32.25;30.75;24.75;24.25;23.75;23.75;23.50;25.00;36.25;33.50;24.75;23.50;23.75;24.25;24.25;25.50;37.50;33.75;24.50;24.00;22.75;23.25;24.00;24.25;33.00;29.00;24.00;23.25;23.75;23.25;23.25;23.75;24.75;24.25;23.75;23.00;22.25;23.00;23.50;23.25;23.00;23.00;22.50;23.25;23.00]
7987-  [24.00;24.00;24.50;24.75;25.25;24.00;24.50;24.00;24.50;24.00;24.75;26.50;26.50;24.50;24.00;24.25;24.00;24.50;25.00;32.00;30.75;25.00;24.00;23.50;24.25;24.00;25.25;36.25;33.25;24.50;24.00;23.50;23.75;23.75;25.25;37.50;33.00;24.50;24.25;23.00;23.50;23.75;24.25;33.50;28.75;24.00;23.50;23.00;23.25;23.00;23.50;25.00;24.25;23.50;23.00;22.00;23.50;23.00;23.50;23.25;23.25;22.75;22.50;22.75]
8472-  [24.25;23.75;24.25;25.25;24.25;24.50;24.00;24.00;24.00;24.25;25.00;26.25;26.50;24.50;24.25;23.75;24.50;24.25;25.25;32.00;30.75;24.75;24.25;23.75;24.00;24.00;25.00;36.25;33.25;24.75;23.75;23.25;23.75;23.75;25.50;37.25;33.00;24.25;23.75;22.75;23.50;24.25;24.75;33.75;28.75;23.75;23.00;23.25;23.00;23.25;23.50;25.25;24.25;23.50;23.00;22.00;23.50;23.25;23.00;23.25;23.00;22.25;22.75;22.50]
8957-  [24.50;23.75;24.50;24.50;24.50;24.25;24.25;24.00;24.25;24.00;24.50;26.50;26.75;24.25;23.75;24.25;23.75;24.25;25.00;31.50;30.75;24.75;24.50;23.25;23.75;23.75;25.25;36.25;33.25;24.50;23.75;23.00;23.75;24.50;25.25;37.25;33.25;24.25;23.75;23.25;23.50;24.00;24.75;33.00;28.25;24.00;22.75;23.25;23.50;23.00;23.75;24.75;24.00;23.75;23.50;22.50;23.00;23.00;23.00;23.00;23.25;23.00;23.25;23.00]
9442-  [24.25;23.75;24.25;24.75;24.75;24.00;24.25;23.75;23.75;24.00;24.75;26.50;26.75;24.50;24.50;23.75;23.75;24.50;25.00;32.25;30.75;24.75;24.00;23.75;23.75;24.00;25.00;36.50;33.25;25.00;24.00;23.25;24.00;24.00;25.00;37.25;33.25;24.50;23.75;23.50;23.50;23.75;24.25;33.25;28.50;24.25;22.75;23.00;23.00;22.75;23.50;24.75;24.25;23.50;22.75;22.00;22.75;23.25;23.50;23.00;23.00;22.75;23.00;22.50]
9927-  [24.00;23.50;23.75;25.00;24.75;24.25;24.25;23.75;24.75;23.50;24.50;26.50;26.25;24.75;24.00;24.00;24.50;24.50;24.75;32.00;31.00;24.50;23.75;23.75;23.75;23.75;25.25;36.00;33.50;24.75;23.75;23.50;24.00;24.00;25.50;37.50;33.00;24.75;23.25;23.00;23.25;23.75;24.75;33.25;28.50;23.50;23.25;23.00;23.25;23.25;23.50;25.00;24.00;23.00;23.25;22.50;22.50;23.00;23.50;23.00;23.00;22.25;23.50;23.00]
10412- [24.00;23.75;24.25;25.00;25.25;24.25;24.50;24.00;24.25;24.00;24.25;26.50;26.50;24.50;23.75;24.00;24.00;24.25;25.00;32.25;31.00;24.75;24.50;23.50;23.75;24.00;25.00;36.50;33.75;25.00;23.50;23.50;24.00;24.25;25.25;37.75;33.25;24.75;24.00;23.25;24.00;23.50;24.75;33.25;28.25;24.00;23.25;23.25;22.75;23.00;23.75;24.50;24.25;23.50;23.25;22.25;23.50;23.50;23.25;23.50;23.00;22.00;23.00;22.75]
10897- [24.50;24.00;24.25;25.00;25.25;24.25;24.00;23.50;24.50;24.00;24.25;26.75;26.25;25.00;24.00;24.50;24.00;24.00;25.25;32.00;31.25;25.00;24.75;24.00;24.00;24.00;25.25;36.25;33.50;24.50;23.75;23.50;24.00;24.25;25.50;37.75;33.50;24.75;23.75;23.00;23.50;23.75;25.25;33.50;28.50;24.00;23.75;23.50;23.00;23.00;23.75;25.25;24.50;23.50;23.25;22.75;24.00;23.00;23.50;23.00;23.75;22.75;23.50;22.75]
11382- [24.50;24.00;23.75;24.75;25.00;24.75;24.00;23.75;24.50;24.25;24.50;26.75;26.50;25.00;23.75;24.75;24.25;24.75;25.00;32.00;31.00;24.50;24.25;24.00;23.50;24.00;25.00;36.75;33.25;25.00;24.25;23.50;24.00;24.00;25.75;37.50;33.50;24.75;24.00;23.00;23.50;23.75;24.50;33.50;28.25;23.50;23.25;23.25;23.50;23.25;24.00;25.00;24.50;23.25;23.00;22.75;23.50;23.50;24.00;23.75;23.25;23.25;23.00;23.25]
11867- [24.50;24.00;24.75;25.00;25.25;24.25;24.25;24.00;24.50;24.00;24.50;27.00;26.50;24.50;24.50;24.00;24.25;24.50;25.00;32.25;30.75;25.00;24.50;24.00;24.00;24.25;25.00;36.00;33.50;24.75;24.25;23.50;24.00;24.00;25.75;37.25;33.50;24.75;24.25;22.75;23.50;24.00;24.75;33.50;28.25;24.25;23.75;23.00;23.25;23.25;24.00;25.00;24.25;23.75;23.25;22.25;23.00;23.25;23.75;23.50;23.75;23.25;23.25;23.25]
12352- [24.50;24.25;24.50;25.50;25.00;24.25;24.75;24.00;24.50;24.25;24.50;26.50;26.25;24.75;24.00;23.75;24.00;24.75;25.00;32.25;31.00;25.25;24.50;24.00;24.25;24.50;24.75;36.25;33.50;24.75;23.75;23.75;24.50;24.25;25.00;37.75;33.50;24.75;24.25;23.25;23.75;24.25;25.00;33.25;28.50;24.50;23.50;23.50;23.25;23.50;24.25;25.25;24.50;23.25;23.25;22.50;23.50;23.50;23.00;23.00;23.25;23.25;23.50;22.75]
12837- [24.00;24.00;24.50;25.00;25.00;24.25;24.25;23.75;24.50;24.00;24.50;26.25;26.25;24.50;24.25;24.00;24.25;24.25;25.00;31.75;30.75;24.75;24.50;24.00;24.00;23.50;24.75;36.50;33.50;24.25;23.75;23.25;24.25;24.50;25.00;37.75;33.50;24.25;24.00;23.00;23.50;23.75;24.50;33.25;28.25;24.50;23.00;23.25;23.50;23.75;23.75;25.25;24.00;24.00;23.00;22.50;23.50;24.00;23.25;23.00;23.25;23.25;22.75;22.50]
13322- [24.00;24.00;24.25;25.00;24.75;23.75;24.25;23.50;24.50;23.75;24.50;26.25;26.50;24.50;23.75;23.25;24.25;24.25;24.75;32.00;30.50;25.00;24.00;24.00;24.25;23.75;25.00;36.25;33.75;24.50;23.75;23.25;24.25;24.00;25.75;37.50;33.25;24.50;23.50;23.25;23.25;23.50;25.00;33.25;28.25;24.00;23.25;23.50;23.25;23.00;24.00;25.25;24.25;23.50;23.00;23.00;22.75;23.75;23.50;23.00;23.25;22.75;23.25;22.25]
13807- [24.25;24.00;24.00;25.00;25.00;24.50;24.75;24.00;24.00;24.00;24.50;26.50;26.25;24.25;24.00;24.00;24.25;24.50;25.00;31.75;31.25;24.75;24.00;23.75;24.00;24.25;25.25;36.50;33.75;24.25;24.00;23.25;24.00;24.75;25.75;37.25;33.25;24.25;24.00;23.50;23.75;24.00;24.50;33.00;28.75;24.00;23.25;23.25;22.75;23.25;23.50;25.25;24.50;23.50;22.75;22.00;22.75;23.00;23.25;23.00;22.75;22.50;23.00;23.00]
14292- [24.50;23.75;24.00;25.25;25.00;24.25;24.25;24.00;24.50;23.75;24.50;26.75;26.50;24.50;24.00;23.75;24.25;24.50;25.00;31.75;30.50;25.00;24.25;23.25;24.25;23.75;25.00;36.00;33.25;24.75;23.75;23.50;24.25;23.75;25.50;38.00;33.50;24.25;24.00;23.25;23.00;23.75;25.00;33.50;28.50;24.00;23.50;23.50;23.50;23.00;24.00;24.75;24.25;23.50;22.75;22.50;23.25;23.25;23.50;23.25;23.25;22.50;23.00;22.50]
14777- [24.50;23.50;24.25;24.75;24.75;24.25;24.00;24.25;24.25;24.00;24.75;26.50;26.75;24.75;24.25;24.50;24.25;23.75;25.25;32.25;30.50;24.75;24.25;23.50;23.50;24.25;25.00;36.25;33.50;25.00;23.75;23.25;24.25;24.50;25.50;37.50;33.50;24.50;24.00;23.00;23.50;23.50;25.00;33.00;28.50;23.75;23.25;22.75;23.25;23.50;23.75;24.75;24.50;23.25;23.00;22.50;23.00;23.50;23.00;23.00;23.25;23.25;23.00;23.00]
15262- [24.25;23.50;24.25;24.75;25.00;24.25;24.00;23.50;24.50;24.00;24.50;26.50;26.25;24.50;23.75;24.00;23.75;24.25;24.75;32.00;31.00;24.75;24.25;23.75;24.00;24.00;25.25;36.25;33.75;24.50;24.00;23.25;23.75;24.50;25.50;37.75;33.25;24.00;23.75;23.50;23.50;23.50;24.75;33.25;29.00;23.50;23.50;23.25;23.75;23.00;24.00;24.75;24.50;23.00;22.75;22.50;23.00;23.00;23.50;23.50;23.50;22.50;22.75;22.50]
15747- [24.25;24.50;24.00;24.50;25.00;24.25;24.25;24.00;24.25;24.25;24.75;26.50;26.00;24.75;23.75;24.00;24.25;24.50;24.75;31.75;30.75;24.75;23.75;23.75;24.00;24.25;25.25;36.25;33.75;24.75;23.75;23.25;23.75;24.25;25.25;37.75;33.25;24.50;23.75;23.25;23.75;24.00;24.50;33.50;28.25;23.50;23.25;22.50;23.25;23.00;23.50;25.00;24.00;23.50;22.50;22.25;22.75;23.25;23.25;23.50;23.00;22.75;23.25;22.75]
16232- [24.25;23.75;24.25;25.00;24.75;24.50;24.50;24.25;24.25;23.75;24.75;26.50;26.00;25.00;24.25;24.00;24.25;24.50;24.75;32.25;30.75;25.00;24.00;24.00;24.00;24.00;25.00;36.25;33.50;24.50;23.50;23.00;24.00;24.25;25.75;37.50;33.25;24.75;24.00;23.25;23.50;23.75;24.75;33.00;28.25;23.75;23.50;23.25;23.75;23.25;23.75;25.00;24.25;23.25;22.75;22.25;23.00;23.00;23.75;23.25;22.25;23.25;23.00;23.25]
16717- [24.25;23.25;24.25;25.00;24.50;24.75;25.00;23.75;24.00;24.00;24.50;26.25;26.50;24.25;24.00;24.25;24.25;24.00;24.75;32.00;30.75;25.00;24.00;23.50;24.00;24.00;25.25;35.75;33.50;24.50;23.75;23.00;24.00;24.50;25.50;37.25;33.25;24.50;24.00;22.75;23.25;24.00;24.50;33.00;28.25;24.25;23.25;23.00;23.25;23.00;23.50;25.00;24.25;23.50;23.00;21.50;22.75;23.00;23.00;22.75;23.00;22.25;23.00;22.50]
17202- [23.75;24.00;24.00;24.50;24.75;24.25;23.75;24.25;24.25;24.00;24.50;26.50;26.50;24.75;23.75;23.75;24.50;24.25;25.00;32.00;30.75;25.00;24.00;23.75;24.25;24.00;25.00;36.25;33.50;24.75;24.00;23.50;24.25;24.00;25.75;37.50;33.25;24.75;24.00;23.25;23.50;23.75;25.00;33.25;28.50;23.75;23.25;23.00;23.00;23.00;23.25;25.00;23.75;23.75;22.75;22.25;23.25;23.00;23.25;23.00;23.00;23.00;23.25;22.75]
17687- [24.25;23.50;24.25;24.75;25.00;24.25;24.25;24.00;24.25;24.25;24.50;26.75;26.50;25.00;24.25;23.75;24.50;24.50;24.75;32.00;30.75;24.75;24.50;23.75;24.00;23.75;25.00;36.25;33.50;24.50;24.25;23.50;24.00;24.00;25.50;37.75;33.25;24.75;23.50;22.75;23.25;23.75;24.75;33.50;28.50;24.00;23.00;23.25;23.75;23.00;23.75;24.75;24.25;23.25;22.50;22.25;22.75;23.00;23.00;23.00;23.25;22.75;22.25;22.75]
18172- [24.50;23.50;24.75;25.00;25.00;24.00;24.25;24.00;24.75;24.25;24.75;26.25;26.50;24.75;23.75;24.00;24.00;24.75;24.75;32.00;30.75;24.75;24.25;23.75;24.00;24.25;25.25;36.50;33.50;24.75;24.00;23.25;24.25;24.25;25.50;37.50;33.00;24.50;23.75;23.75;24.00;24.25;24.50;33.25;28.50;23.75;23.25;23.50;23.75;23.50;23.75;25.00;23.75;23.50;23.25;22.25;22.50;23.25;23.25;23.25;23.75;23.00;23.25;22.25]
18657- [24.50;23.75;24.50;24.75;24.50;24.25;24.50;24.00;24.50;24.00;24.50;26.25;26.75;24.50;24.00;24.50;24.00;24.50;25.00;32.00;30.75;24.75;24.75;23.50;24.00;24.00;25.00;36.50;33.75;24.50;24.00;23.50;24.00;24.25;25.50;37.75;33.50;25.00;24.00;23.00;23.25;23.75;24.75;33.25;28.25;24.00;23.25;23.25;23.75;23.25;23.75;24.75;24.00;23.50;23.50;22.50;23.25;22.75;23.50;23.00;23.50;23.00;23.25;23.00]
19142- [24.00;23.75;24.50;25.50;25.00;24.75;24.75;24.25;24.00;24.25;25.00;26.75;26.50;24.50;23.75;24.25;24.00;24.25;25.25;32.00;30.75;25.00;24.00;23.75;24.00;24.25;25.25;36.25;33.75;24.75;24.25;23.75;24.00;24.25;25.75;37.50;33.50;24.50;23.75;23.25;23.75;24.25;24.75;33.50;28.50;24.25;23.50;23.25;23.50;23.25;24.00;24.75;24.25;23.75;23.00;22.25;23.00;23.00;23.25;23.00;23.25;23.00;22.50;23.25]
19627- [24.75;24.00;24.25;25.25;24.75;24.25;24.00;23.75;24.00;24.25;24.25;26.50;26.25;24.50;24.00;24.00;24.75;24.50;25.00;32.00;30.75;24.75;24.25;23.50;24.00;23.75;24.75;36.25;33.50;24.50;23.50;23.50;24.50;24.25;25.25;37.50;33.50;24.00;24.00;22.75;24.00;24.25;24.75;33.25;28.25;23.75;23.50;23.00;23.50;23.00;23.50;25.00;24.25;23.50;23.25;22.50;23.00;23.50;23.50;23.50;23.50;22.75;23.25;23.00]
20112- [24.25;23.75;24.25;24.75;25.00;24.50;24.50;24.50;24.25;24.25;24.50;26.50;26.50;24.75;23.75;24.00;24.00;24.50;24.75;32.00;30.75;24.75;24.25;23.50;24.00;23.75;25.25;36.25;33.50;24.50;24.00;23.25;23.75;24.25;25.25;37.50;33.25;24.50;24.00;23.00;23.50;24.25;24.50;33.00;28.25;24.00;23.25;23.50;22.75;23.50;24.00;24.75;24.25;23.75;23.00;22.25;23.25;23.25;23.00;23.25;23.50;22.50;23.00;23.00]
20597- [24.75;23.75;24.50;24.75;25.25;24.25;25.00;24.50;24.25;24.00;24.50;26.25;26.75;24.50;23.75;24.50;24.75;24.25;25.00;32.00;30.75;25.00;24.50;23.25;24.00;24.25;25.25;36.25;33.50;24.50;24.00;23.25;24.00;24.25;25.00;37.25;33.25;25.00;24.25;23.00;23.25;24.00;24.75;33.00;28.50;24.00;23.25;23.00;23.50;23.00;23.75;25.00;24.50;23.25;23.00;22.50;23.25;23.00;23.50;23.25;23.00;22.75;23.00;23.25]
21082- [24.25;24.00;24.25;25.00;24.75;24.25;24.25;24.25;24.50;24.00;24.50;26.50;26.50;24.50;24.25;24.00;24.00;24.50;25.00;32.25;31.00;24.75;23.75;24.25;24.00;23.75;25.25;35.75;33.50;24.75;24.00;23.50;24.00;24.50;25.25;37.25;33.25;24.50;24.00;22.75;23.75;23.75;25.00;33.00;28.25;24.00;23.50;23.50;23.00;23.00;23.25;25.00;24.50;23.25;23.50;22.50;23.00;23.00;23.25;23.25;23.25;22.75;23.00;22.50]
21567- [24.25;23.75;24.25;24.75;25.00;24.25;24.50;24.00;24.75;24.25;24.50;26.00;26.25;24.50;24.25;24.25;24.25;24.25;25.00;32.50;30.75;25.25;24.25;24.00;24.50;24.25;24.75;36.25;34.00;24.75;24.00;23.75;23.75;24.50;25.25;37.75;33.50;24.50;24.00;23.25;23.75;23.75;24.75;33.25;29.00;23.75;23.00;23.25;23.25;23.25;23.75;24.75;24.00;23.25;23.50;22.75;23.25;23.25;23.25;23.00;23.50;23.00;23.25;22.75]
22052- [24.50;24.00;24.50;25.25;25.00;24.25;24.25;24.00;24.25;24.25;24.50;26.25;26.25;25.00;24.00;24.75;24.00;24.00;25.25;31.75;30.75;24.75;24.75;23.75;24.25;23.75;25.00;36.25;33.25;25.00;23.75;23.75;24.50;24.25;25.50;37.50;33.00;24.75;24.00;23.50;23.25;24.00;24.50;33.00;28.50;23.75;23.50;23.25;24.00;23.50;23.75;26.00;24.25;24.00;23.00;22.25;22.50;23.25;23.00;23.25;23.00;22.50;23.50;23.25]
22537- [24.75;23.75;24.00;25.00;25.00;24.50;25.00;24.25;24.75;24.00;24.75;26.25;26.50;25.25;23.75;24.50;24.50;24.00;25.25;32.25;31.00;25.00;24.25;23.50;24.00;24.25;24.75;36.25;33.75;24.75;24.00;23.25;24.25;24.50;25.50;37.75;33.50;24.50;24.00;23.00;23.25;23.50;24.75;33.00;28.50;24.00;23.50;23.25;23.50;23.25;23.75;25.00;24.00;23.75;23.50;22.25;23.50;23.25;23.25;23.25;23.25;22.75;23.00;22.75]
23022- [24.75;24.00;24.25;25.50;25.25;24.75;24.25;24.25;24.00;24.25;24.75;26.75;26.25;24.75;24.25;24.25;24.00;24.50;25.25;31.75;31.00;25.25;24.25;24.00;23.75;24.00;25.25;36.00;33.75;25.00;24.50;23.25;24.50;24.75;25.50;37.50;33.50;24.50;23.75;23.50;23.75;24.00;25.00;33.25;28.25;24.00;23.25;23.50;23.25;23.25;24.00;25.00;24.25;23.75;23.00;22.25;23.75;22.75;23.50;23.25;23.50;23.00;23.25;23.25]
23507- [24.25;24.00;24.50;25.00;24.75;24.00;24.50;24.25;24.75;24.50;25.25;26.25;26.75;25.00;24.25;24.25;24.50;24.25;25.25;32.25;31.00;25.50;24.50;23.75;24.25;23.75;25.25;36.25;33.75;24.75;23.50;23.75;24.50;24.50;25.50;37.25;33.50;24.75;24.00;23.25;24.25;23.75;24.75;33.25;29.00;24.00;24.00;23.50;24.25;23.50;23.75;25.25;24.50;23.50;23.50;23.00;24.00;23.50;23.00;23.50;23.50;22.75;23.25;22.75]
23992- [24.75;23.75;24.25;24.75;25.00;24.50;24.75;24.25;24.00;24.25;24.25;26.50;26.75;24.75;24.50;24.25;24.50;24.50;25.25;32.00;31.00;25.25;24.25;24.00;24.00;23.75;25.25;36.00;33.75;25.00;23.75;23.00;24.50;24.25;25.50;37.75;33.25;24.50;24.25;23.50;23.75;24.25;24.75;33.00;28.75;24.25;23.50;23.50;23.25;23.25;23.50;25.00;24.50;23.75;23.75;23.00;23.00;23.25;23.50;23.00;23.25;22.75;23.50;23.00]
24477- [24.75;24.00;24.75;25.00;24.75;24.50;24.75;24.50;24.25;24.00;24.75;26.75;26.50;24.50;24.25;24.25;24.25;24.50;25.00;32.00;31.25;25.25;24.50;23.75;23.75;23.75;25.00;36.50;33.50;24.50;23.25;23.25;24.00;24.50;25.50;37.25;33.25;25.00;23.75;23.00;23.75;24.00;24.75;33.00;28.50;23.75;23.50;23.50;23.75;23.50;23.75;24.50;24.50;23.25;23.50;22.75;23.25;23.25;24.00;23.00;23.00;23.00;23.50;23.00]
24962- [24.50;24.25;24.25;24.75;24.75;24.50;24.50;23.75;24.50;24.25;25.00;26.50;26.50;24.50;24.00;24.25;24.50;24.75;25.25;32.00;30.75;24.75;24.25;23.75;24.00;24.00;25.00;36.25;33.50;25.00;23.75;23.50;24.25;24.50;25.50;37.50;33.25;24.50;24.00;23.50;24.00;23.50;24.75;33.00;28.50;24.00;23.75;23.25;23.00;23.00;23.75;24.50;24.25;23.75;23.00;22.75;23.00;23.25;23.25;23.25;23.75;23.00;23.00;23.25]
25447- [24.25;24.00;25.00;24.75;24.75;24.50;24.25;23.75;24.25;24.25;24.75;26.50;26.25;24.75;24.00;24.75;24.50;24.50;24.75;32.00;31.00;24.75;24.25;23.25;23.75;23.75;25.00;36.25;33.25;24.75;24.00;23.00;24.75;23.75;25.00;37.75;33.25;24.50;23.75;23.50;23.75;23.75;24.75;33.50;28.25;24.00;23.75;23.75;23.25;23.00;24.00;25.00;24.25;23.50;22.50;22.00;23.25;23.25;23.75;22.75;23.50;22.50;23.75;23.00]
25932- [24.25;24.00;24.00;25.50;25.50;24.25;24.25;24.50;24.25;24.25;24.50;26.25;26.50;24.75;24.00;24.50;24.75;24.00;25.25;32.25;30.75;25.00;24.50;23.50;24.00;24.25;24.75;36.25;33.50;24.50;23.75;23.50;24.00;24.25;25.75;37.50;33.25;25.00;24.00;23.75;23.50;23.75;25.25;32.75;28.75;24.25;23.50;23.00;23.25;23.50;23.75;25.00;23.75;24.00;22.75;22.50;23.25;23.25;23.50;23.00;23.25;22.75;23.50;23.25]
26417- [24.75;24.00;24.75;25.25;25.50;24.25;25.00;24.75;24.25;24.50;24.50;26.75;26.75;24.50;24.50;24.75;24.25;24.50;24.75;32.00;30.50;25.00;24.75;23.75;24.25;23.75;25.25;36.50;33.75;24.75;23.75;23.75;24.25;24.50;25.25;37.50;33.25;24.75;23.75;23.25;24.00;23.75;24.75;33.50;28.50;24.00;23.50;23.00;23.50;23.25;23.75;25.25;24.25;23.75;23.00;22.50;23.25;23.50;23.25;23.00;23.25;22.75;22.75;23.00]
26902- [24.50;23.25;24.50;25.25;24.75;24.75;24.50;24.75;24.75;24.00;25.00;26.50;26.75;24.75;23.75;24.25;24.00;24.50;25.00;31.75;30.75;25.00;24.75;23.50;24.00;24.25;25.00;36.50;33.75;24.50;24.25;23.50;24.00;24.25;25.50;37.50;33.50;25.00;24.00;22.75;23.75;24.00;24.50;33.50;29.00;24.00;23.25;23.75;23.50;23.00;23.75;25.00;24.00;23.75;23.25;22.50;23.25;23.75;23.50;23.00;23.25;23.00;23.25;22.75]
27387- [24.75;23.75;24.75;25.25;25.00;24.50;25.00;24.50;24.50;24.50;25.00;26.75;27.00;25.00;24.25;24.25;24.50;24.75;25.25;32.00;31.25;25.00;24.50;23.75;24.00;24.50;24.75;36.75;33.75;25.00;24.25;23.50;24.50;24.50;25.75;37.75;33.25;24.50;24.50;23.50;23.75;24.00;24.75;33.25;28.50;24.00;23.75;23.25;23.50;22.75;23.75;24.75;24.50;24.00;24.00;22.75;24.00;23.50;23.50;23.25;23.50;23.00;23.00;23.00]
27872- [24.50;23.75;24.50;25.00;25.25;24.75;24.75;24.50;24.75;24.25;25.00;26.25;26.75;24.75;24.25;24.50;24.25;24.25;25.25;32.00;31.00;25.25;24.50;24.00;24.00;24.25;25.25;36.50;33.75;25.00;24.25;24.00;24.00;24.25;25.50;37.75;33.25;24.75;24.00;23.75;23.50;23.75;24.50;33.50;28.00;24.00;23.50;23.50;23.25;23.25;23.75;24.75;24.25;23.75;23.00;22.25;23.00;24.00;23.50;23.25;23.50;23.00;23.25;23.00]
28357- [24.75;23.75;24.25;25.00;25.00;24.25;25.00;24.00;24.25;24.25;25.00;26.50;27.00;24.75;24.50;24.00;24.25;24.75;24.75;32.00;31.25;25.00;24.50;24.00;24.25;24.25;25.00;36.25;33.50;24.75;24.25;23.75;24.00;24.50;25.25;37.50;33.50;24.75;24.00;23.50;23.50;24.00;24.50;33.25;28.50;24.00;23.75;23.75;23.75;23.25;23.75;25.00;24.00;23.25;23.25;22.25;23.00;23.25;23.25;23.25;23.25;23.00;23.00;22.75]
28842- [25.00;24.00;24.50;25.00;25.25;24.50;24.75;23.75;24.50;24.25;25.25;26.75;27.00;25.00;24.00;24.25;24.50;24.75;25.50;32.00;31.25;25.00;24.50;24.00;24.00;24.25;25.50;36.25;34.00;24.75;24.25;23.50;24.25;24.50;25.50;37.50;33.50;24.75;24.50;23.00;23.75;24.00;25.00;33.50;28.25;24.75;23.50;23.75;23.25;23.00;23.75;25.25;24.50;24.00;23.00;22.50;23.25;23.25;23.25;23.75;23.50;23.00;23.00;23.25]
29327- [25.00;23.75;24.75;25.25;25.25;24.75;25.00;25.00;24.50;24.25;24.75;26.50;26.75;25.00;24.50;24.50;24.50;24.75;25.25;32.25;31.50;25.00;24.50;23.75;24.00;24.25;25.50;36.50;33.75;25.00;24.25;23.50;24.75;24.25;25.75;37.75;33.75;24.75;24.50;23.25;23.75;23.50;24.50;33.25;28.50;24.25;23.50;23.50;24.25;23.50;23.75;25.00;24.75;23.50;23.25;23.00;23.00;24.00;23.50;23.25;23.00;22.75;23.25;23.00]
29812- [24.75;24.25;24.25;25.25;25.25;24.75;24.75;24.50;24.75;23.75;24.75;26.50;26.75;24.50;24.50;24.50;24.50;25.00;25.25;32.25;31.00;25.25;24.50;24.25;24.50;24.25;25.50;36.75;33.75;24.75;24.25;23.75;24.75;24.50;25.50;37.75;33.50;24.75;24.25;23.50;23.50;24.00;25.25;33.25;28.50;24.25;23.25;23.75;23.25;23.75;23.75;25.25;24.75;24.00;23.25;23.00;23.00;23.25;23.50;23.00;22.75;23.00;23.50;22.75]
30297- [25.25;24.50;24.75;25.50;25.50;24.75;24.75;24.50;24.75;24.50;25.00;26.75;27.00;24.75;24.50;24.50;24.75;24.50;25.50;32.25;30.75;25.25;24.50;24.25;24.50;24.50;25.75;36.50;34.00;25.25;24.25;23.75;25.00;24.75;25.75;37.75;33.75;24.75;24.25;23.25;23.25;24.00;25.00;33.50;28.75;24.50;23.50;23.75;23.25;23.75;24.00;25.50;24.50;23.50;23.75;22.50;22.75;23.00;23.50;23.50;23.00;23.00;23.00;23.00]
30782- [24.25;24.00;24.75;25.25;25.50;24.50;24.75;25.00;25.25;24.25;25.00;27.00;26.75;25.00;24.25;24.75;24.25;24.75;25.50;32.50;31.00;25.00;24.50;24.00;24.00;24.50;25.50;36.75;33.75;25.00;24.25;24.00;24.50;24.25;25.75;37.75;33.50;25.00;24.25;23.50;24.00;24.25;24.75;33.25;29.00;24.25;23.75;23.75;23.50;23.50;24.00;25.25;24.75;23.50;23.75;22.50;23.25;23.50;23.50;23.50;23.50;23.00;23.25;23.00]
31267- [25.00;24.75;25.00;25.75;25.25;24.50;25.25;24.50;24.75;24.50;25.00;26.75;26.50;24.75;24.75;24.50;24.00;24.75;25.25;32.50;31.00;25.00;24.50;24.00;24.25;24.25;25.50;36.75;34.00;25.00;24.25;23.50;24.25;24.50;25.75;38.25;33.50;24.75;24.25;23.25;23.75;24.50;25.00;33.25;29.00;24.25;23.50;23.50;23.75;23.25;24.00;25.25;24.75;23.75;23.50;23.25;23.50;23.75;23.00;23.50;23.50;23.00;23.00;23.00]
31752- [24.50;24.00;24.75;25.25;25.00;24.75;24.75;24.75;24.50;24.00;24.75;26.75;27.00;24.75;24.50;24.25;24.50;24.75;25.25;32.50;31.25;25.00;24.50;23.75;24.00;24.25;25.50;36.50;33.75;25.25;24.50;24.00;24.50;24.50;25.75;37.50;33.50;24.75;23.75;23.25;24.00;23.50;25.00;33.25;28.50;24.25;23.25;23.75;23.50;23.75;23.50;25.50;24.25;24.00;23.50;23.25;23.75;23.50;23.50;23.75;23.25;23.25;23.00;23.25]
32237- [24.50;24.00;24.50;25.25;25.25;24.50;25.00;24.75;24.75;24.50;25.00;26.50;26.75;24.75;24.50;24.25;24.25;24.50;25.50;32.00;31.00;25.25;24.50;23.75;24.50;24.25;25.50;36.50;34.00;25.25;24.25;23.25;24.25;24.75;25.75;38.00;33.50;25.00;24.25;23.50;24.00;24.00;25.00;33.25;28.50;24.75;23.50;23.00;23.50;23.50;24.00;25.25;24.25;23.50;23.00;23.00;23.50;23.50;23.50;23.25;23.25;23.00;23.00;22.75]
32722- [24.75;24.25;24.50;25.25;26.00;24.75;24.75;24.50;25.00;24.50;24.50;27.00;26.75;25.25;24.25;24.25;24.50;24.75;25.25;32.50;31.50;25.50;24.50;24.25;24.00;24.50;25.25;36.50;34.50;25.25;24.25;24.50;24.50;24.50;25.50;37.75;33.50;25.00;24.25;23.75;24.00;24.50;25.25;33.50;29.00;24.00;23.75;24.00;23.75;23.25;24.00;25.25;24.50;24.00;23.25;22.75;23.25;23.25;23.50;23.75;23.25;23.00;23.25;23.25]
33207- [24.50;24.25;24.75;25.25;25.00;25.00;24.75;24.75;24.75;24.50;25.25;26.50;27.25;25.00;24.50;24.50;24.50;24.50;25.50;32.50;31.25;25.25;24.50;24.25;24.50;24.50;25.25;36.75;34.25;25.00;24.00;23.75;24.50;25.00;26.00;37.75;33.75;25.00;24.50;23.50;23.75;24.00;25.25;33.50;29.00;24.25;23.75;23.75;24.00;23.50;23.75;25.00;24.25;24.25;22.75;22.50;23.50;23.50;23.75;23.50;23.75;22.75;23.25;23.50]
33692- [25.00;24.25;24.75;25.50;25.25;24.25;24.75;24.00;24.50;24.00;25.00;27.00;26.25;25.00;24.25;24.50;24.50;24.50;25.00;32.50;31.00;25.25;24.75;24.00;24.00;24.50;25.50;36.25;33.75;25.25;24.25;23.75;24.00;24.75;26.00;37.50;33.50;25.25;24.50;23.50;23.75;24.25;24.50;33.25;29.00;24.25;23.25;23.50;23.50;23.75;23.75;25.25;24.50;24.00;24.00;22.75;23.00;24.00;23.50;23.75;23.25;23.00;23.25;22.75]
34177- [24.75;24.50;24.75;25.50;25.50;24.50;24.75;25.25;25.00;24.75;25.00;26.75;26.50;25.00;24.00;24.25;24.50;25.00;25.25;32.50;31.00;25.25;25.00;24.25;24.00;24.50;25.50;36.50;34.00;25.25;24.50;23.75;24.50;24.50;25.75;37.75;33.75;24.75;24.50;23.50;24.00;24.00;25.00;33.25;29.00;24.00;24.00;23.75;23.50;23.25;24.00;25.25;24.25;23.25;23.50;22.75;23.25;23.50;23.75;23.25;23.50;23.50;23.00;23.50]
34662- [24.50;24.50;24.75;25.75;25.25;24.50;25.00;24.50;24.75;24.25;25.00;27.00;26.75;25.00;24.25;24.50;24.25;24.75;25.25;32.50;31.50;25.00;24.25;24.00;24.50;24.25;25.75;36.50;34.00;25.25;24.75;24.00;24.50;24.75;26.25;37.75;33.75;25.25;24.50;23.25;24.00;24.00;25.25;33.50;29.00;24.50;23.50;23.75;23.75;23.50;24.50;25.50;25.00;24.00;23.50;23.00;23.75;23.50;23.50;23.75;23.25;23.25;23.50;23.50]
35147- [25.00;24.00;24.75;25.50;25.50;24.75;24.75;24.50;25.00;24.75;25.00;27.00;27.00;25.00;24.50;24.50;24.25;25.00;25.25;32.25;31.00;25.25;24.25;24.25;24.25;24.25;25.50;36.75;34.25;25.00;24.25;23.75;24.25;24.50;25.75;38.00;33.25;25.00;24.25;23.75;23.25;23.75;25.00;33.50;28.75;24.50;23.75;23.50;23.00;23.75;24.25;25.00;24.50;23.75;23.75;23.00;23.25;23.50;23.50;23.50;24.00;23.00;23.50;23.00]
35632- [24.75;24.25;25.00;25.25;25.25;24.50;25.25;23.75;24.50;24.25;25.25;27.00;26.75;25.00;24.50;25.00;24.75;25.00;25.50;32.25;31.00;25.50;24.50;24.00;24.25;24.75;25.75;36.25;33.75;25.25;24.50;23.75;24.25;24.50;26.00;38.00;33.50;25.00;24.50;23.75;23.75;24.25;24.75;33.75;29.00;24.50;23.75;24.00;23.50;23.25;24.00;25.25;25.00;23.75;23.25;23.25;23.25;23.50;23.75;23.75;23.75;23.25;23.00;23.00]
36117- [24.25;24.50;24.75;25.50;25.25;25.00;24.75;24.75;24.75;24.50;25.00;26.75;27.00;25.25;24.75;24.50;24.50;24.25;25.50;32.25;31.00;25.25;24.75;24.00;24.50;24.50;25.50;36.75;33.50;25.25;24.25;23.75;24.50;24.75;25.75;37.25;33.75;25.50;24.50;23.25;24.00;24.25;25.25;33.50;28.75;24.50;23.75;24.00;23.50;23.50;24.00;25.50;24.50;24.00;23.25;23.00;23.00;23.25;23.75;23.25;23.50;23.25;23.25;23.00]
36602- [25.00;24.25;24.75;25.50;25.50;24.75;24.75;24.75;24.75;24.00;25.00;26.25;26.75;25.00;24.75;24.25;24.25;24.75;25.50;32.50;31.25;25.50;25.00;24.50;24.00;24.50;25.50;36.50;33.75;25.25;24.50;23.75;24.25;24.75;25.75;38.00;33.75;25.00;24.00;23.25;24.00;24.00;25.25;33.75;29.00;24.50;23.75;24.00;23.25;23.50;24.25;25.25;24.25;23.75;23.50;22.75;23.50;23.75;23.75;23.50;23.75;23.25;23.25;23.50]
37087- [24.50;24.50;24.75;25.25;25.50;25.00;25.25;24.00;24.50;24.25;24.75;27.00;27.00;25.25;24.25;24.00;24.75;24.75;25.50;32.50;31.25;25.50;24.50;24.25;24.50;24.25;25.75;36.75;34.00;25.00;24.25;23.50;24.50;24.75;25.75;37.50;33.75;24.50;24.00;23.50;24.25;23.75;25.00;33.75;29.00;24.25;23.50;23.75;23.75;23.50;24.00;25.00;24.25;24.00;23.50;23.00;23.50;23.50;23.75;23.75;23.25;23.25;23.25;23.25]
37572- [24.75;24.25;24.75;25.50;25.00;24.75;25.25;24.25;24.50;24.25;25.00;27.00;27.00;25.25;24.50;25.00;24.00;24.75;25.25;32.50;31.50;25.25;24.75;24.25;24.50;24.25;25.25;36.50;33.50;25.00;24.75;23.50;24.25;24.25;25.75;38.00;33.75;24.75;24.50;23.75;24.50;24.25;25.25;33.25;28.75;24.25;23.75;23.25;24.00;23.50;24.00;25.00;24.50;23.50;23.50;22.75;23.25;23.00;23.50;23.50;23.25;23.25;23.50;23.50]
38057- [25.00;24.25;25.00;25.50;25.25;24.75;25.00;24.75;24.75;24.25;24.75;26.50;27.00;25.00;24.50;24.50;24.75;25.00;25.50;32.25;31.25;25.00;24.50;23.75;24.25;24.25;25.25;36.50;33.50;25.00;24.25;23.75;24.50;24.25;25.50;37.75;33.50;24.75;24.50;23.25;24.00;24.00;25.25;33.25;28.75;24.25;23.50;23.75;23.50;23.50;24.00;25.25;24.50;23.50;23.75;22.75;23.00;23.25;23.75;23.00;23.25;23.00;23.25;23.00]
38542- [24.50;23.75;24.50;25.00;25.25;24.75;24.75;24.75;24.50;24.00;24.75;26.75;26.75;25.00;24.25;24.50;24.75;24.25;25.25;32.25;31.00;24.75;24.25;23.50;24.25;24.50;25.25;36.50;33.75;24.75;24.25;23.25;24.00;24.75;25.50;37.50;33.50;24.75;24.00;23.25;23.50;23.50;25.25;33.25;28.50;24.50;24.00;23.50;23.50;23.50;24.00;25.00;24.25;23.75;23.25;22.50;23.00;23.75;23.25;23.00;23.75;23.25;23.50;23.25]
39027- [24.25;23.75;24.00;25.00;25.00;24.50;24.75;24.50;24.75;24.25;24.75;26.25;26.25;25.00;24.50;24.75;24.25;24.50;25.25;32.25;31.00;25.25;24.50;23.75;24.25;24.25;25.00;36.50;33.75;25.00;24.00;23.75;24.00;24.25;25.50;37.50;33.50;24.75;24.00;23.25;23.75;23.75;25.00;33.00;28.75;24.25;23.25;23.75;23.50;23.25;23.25;25.00;24.50;23.75;23.25;22.50;23.50;23.75;23.75;23.00;23.50;22.50;23.50;22.50]
39512- [24.75;23.75;24.50;25.00;24.75;24.00;24.50;24.50;24.25;24.00;25.25;26.50;26.50;24.50;24.50;24.00;24.50;24.25;25.00;32.25;31.00;25.25;24.50;23.50;24.00;24.25;25.25;36.50;33.50;25.00;24.00;23.50;24.75;24.50;25.25;37.50;33.50;24.50;24.00;23.50;23.75;23.75;24.75;33.50;28.50;24.25;23.50;23.75;23.25;23.50;23.75;25.00;24.25;23.25;23.25;23.00;23.50;23.50;23.50;23.25;23.50;22.75;23.25;22.75]
39997- [24.25;24.00;24.75;25.00;24.75;24.50;24.75;24.00;24.50;24.00;24.75;26.50;26.75;24.75;24.00;24.50;24.50;24.75;24.75;32.25;31.00;24.75;24.50;23.75;24.00;24.25;25.25;36.50;33.75;24.75;24.00;23.50;24.25;24.25;26.00;37.75;33.50;24.75;24.00;23.00;23.75;23.75;25.25;33.25;28.75;24.25;23.50;24.00;23.75;23.25;23.50;25.00;24.25;23.75;23.25;22.75;23.00;23.25;23.50;23.25;23.25;23.00;23.75;23.25]
40482- [24.50;24.25;24.50;25.25;25.50;24.50;25.00;24.50;24.75;24.25;24.75;26.75;26.75;25.00;24.25;24.25;24.25;24.25;25.25;31.75;30.75;24.50;24.25;24.00;24.25;24.25;25.50;36.50;33.75;25.00;24.00;23.50;24.25;24.50;25.50;37.50;33.25;24.75;24.00;23.25;24.25;23.75;25.25;33.00;28.50;24.00;23.25;23.25;23.75;23.25;23.75;24.75;24.25;23.75;23.00;22.25;23.00;23.25;23.25;22.50;23.25;22.75;23.75;23.00]
40967- [25.25;24.00;24.75;25.75;25.25;24.75;25.25;24.50;25.00;24.50;25.00;26.75;26.50;24.75;24.50;24.50;24.50;25.00;25.50;32.50;31.00;25.25;24.75;24.00;24.25;24.50;25.75;36.50;33.75;25.00;24.00;23.50;24.00;24.50;25.75;37.75;33.25;24.75;24.25;23.50;23.75;24.25;25.00;33.50;28.50;23.75;23.75;23.75;23.25;23.50;23.75;25.00;24.75;24.00;23.50;22.75;22.75;23.50;23.25;23.25;23.75;22.75;23.50;23.25]
41452- [24.50;24.00;24.75;25.50;25.00;24.75;24.75;24.50;24.75;24.75;25.00;26.75;26.50;25.00;24.50;24.75;24.50;25.00;25.75;32.25;31.00;25.25;24.50;24.00;24.50;24.25;25.75;36.25;33.75;24.50;24.25;24.00;24.25;24.75;25.75;37.75;33.75;25.25;24.25;23.50;23.75;23.75;25.00;33.50;28.75;24.25;23.75;23.50;23.75;23.50;23.75;25.25;24.25;24.00;23.25;22.75;23.00;23.25;23.50;23.25;23.50;23.00;23.00;22.75]
41937- [24.75;24.00;24.50;25.25;25.25;24.25;25.00;24.25;24.25;24.00;25.00;26.50;26.50;25.00;23.75;24.75;24.00;24.75;25.50;32.25;30.75;25.25;24.50;23.75;24.25;24.25;25.50;36.50;33.75;25.00;24.50;23.50;24.25;24.50;26.00;38.00;33.00;24.50;24.50;23.75;23.50;23.75;25.25;33.25;28.50;24.00;23.50;23.25;24.00;23.25;24.00;25.00;24.50;24.00;23.00;23.00;23.25;24.50;23.75;23.50;23.00;22.75;23.50;23.00]
42422- [25.00;24.00;24.50;25.25;25.25;24.75;25.00;24.50;24.50;24.00;25.00;26.50;26.75;25.00;24.00;24.75;24.50;24.50;25.00;32.00;31.00;25.25;24.25;23.50;24.50;24.00;25.00;36.50;33.50;24.50;23.75;23.75;24.75;24.00;25.75;37.50;33.25;25.00;24.00;23.50;24.25;23.75;25.00;33.00;28.75;24.50;23.75;23.75;23.75;23.00;23.75;25.00;24.25;23.75;23.50;23.00;23.00;23.25;23.25;23.25;23.25;23.00;23.50;23.25]
42907- [24.75;24.00;25.00;25.25;25.25;24.25;24.50;24.50;24.75;24.00;25.00;26.50;26.75;25.00;24.50;24.50;24.25;24.50;25.50;32.25;31.25;25.25;24.75;24.25;24.75;24.25;25.50;36.50;33.75;25.00;24.25;23.75;24.25;24.50;25.25;37.50;33.25;24.75;24.25;23.75;23.50;24.00;24.75;33.25;28.75;24.00;23.75;23.50;23.25;23.50;24.25;25.25;24.50;23.75;23.25;22.75;23.25;23.00;23.75;23.50;23.50;23.00;23.00;23.75]
43392- [24.75;24.00;24.25;25.00;25.25;24.50;25.00;24.75;25.00;24.25;25.00;26.75;26.75;25.00;24.00;24.75;24.50;24.50;25.25;32.50;30.75;25.25;24.50;24.25;24.25;24.75;25.75;36.50;34.00;25.25;24.25;23.75;24.75;24.25;25.50;37.75;33.50;25.00;24.25;23.00;24.25;23.75;25.25;33.25;29.00;24.50;24.25;23.25;23.25;23.25;24.00;25.25;24.75;23.75;23.50;22.75;23.00;23.25;23.75;23.25;23.75;23.00;23.50;22.75]
43877- [24.25;24.25;24.75;25.25;25.00;24.25;24.75;24.75;24.50;24.25;25.00;27.00;26.75;25.00;24.25;24.75;24.50;24.75;25.00;32.25;31.00;25.25;24.50;24.00;24.00;24.25;25.25;36.50;33.50;24.75;24.25;24.00;24.75;24.50;25.50;38.00;33.75;24.75;24.00;22.75;23.75;24.00;25.25;33.50;28.75;24.25;24.00;23.75;24.00;23.00;24.00;25.00;24.50;23.50;23.50;22.50;22.75;23.25;23.50;23.50;23.50;22.75;23.00;23.25]
44362- [24.50;23.75;24.50;25.00;25.25;25.00;25.25;24.50;24.75;24.75;25.00;26.75;27.00;24.50;24.50;24.25;24.00;24.75;25.25;32.00;31.00;25.00;24.75;23.75;24.25;24.25;25.25;36.75;33.50;25.00;24.00;23.75;24.75;24.25;26.00;37.75;33.25;25.25;24.25;23.75;24.00;24.00;24.75;33.50;29.00;24.25;23.50;24.25;23.25;23.75;23.75;25.50;24.75;23.50;23.25;22.50;23.00;23.00;23.00;23.50;23.25;23.00;23.50;23.25]
44847- [25.00;24.00;25.00;25.50;24.50;24.50;24.75;24.50;25.00;24.25;25.00;27.25;27.00;25.00;24.75;25.00;24.50;24.75;25.25;32.25;31.50;25.25;24.50;24.00;24.50;24.50;25.75;36.75;33.75;25.00;24.50;23.50;24.50;25.00;26.00;37.75;33.75;24.75;24.25;23.75;24.00;24.50;25.00;33.50;28.75;24.75;23.75;24.00;23.75;23.00;24.00;25.25;24.75;23.75;23.25;22.00;23.00;23.50;23.25;23.25;23.50;23.00;23.50;22.75]
45332- [24.50;24.00;25.00;25.50;25.50;24.50;25.25;24.50;24.75;24.50;25.00;26.75;26.75;25.00;24.50;24.75;24.25;25.00;25.25;33.00;31.00;25.50;25.00;24.00;24.50;24.00;25.50;36.75;33.75;25.00;24.00;23.75;24.00;24.75;25.75;37.75;33.75;25.00;24.50;23.75;24.25;24.25;25.25;33.25;28.75;24.25;23.75;24.25;24.00;23.75;23.75;25.50;24.50;23.75;23.75;23.25;23.75;24.00;23.50;23.00;23.25;22.75;23.50;22.75]
45817- [24.50;24.00;25.00;25.25;25.25;25.00;25.00;25.00;24.75;24.50;25.00;26.75;26.50;25.00;24.50;24.75;24.75;24.50;25.50;32.75;31.25;25.25;24.50;24.50;24.25;24.25;25.50;36.75;34.00;25.00;24.50;23.75;24.75;24.50;25.50;37.75;33.75;24.75;24.00;23.50;24.25;23.75;25.25;33.00;29.00;24.00;23.75;24.00;23.25;23.50;24.00;25.25;24.50;23.50;23.25;23.00;23.50;23.50;24.00;23.25;23.25;23.50;23.25;23.25]
46302- [24.50;24.00;24.50;25.50;25.50;24.25;24.50;24.25;24.50;24.50;25.25;26.75;26.75;25.25;24.75;24.50;24.75;24.50;25.50;32.50;31.00;25.25;24.75;24.00;24.25;24.75;25.25;36.50;33.75;24.75;24.50;24.00;24.75;24.75;26.00;38.00;33.50;25.00;24.50;23.75;24.50;24.25;24.75;33.25;29.00;24.75;23.50;23.25;23.50;23.50;23.75;25.75;24.75;24.25;23.50;23.50;23.25;23.50;23.50;23.50;23.25;22.75;23.50;23.25]
46787- [24.75;24.00;25.00;25.00;25.50;24.25;24.50;24.75;25.00;24.75;25.00;27.00;27.00;25.25;24.75;24.75;24.50;24.50;25.50;32.25;31.00;25.50;24.50;24.00;24.50;24.50;25.25;36.50;33.75;25.00;24.75;23.75;24.50;24.25;26.00;37.75;33.50;24.50;24.50;23.75;24.00;24.25;25.25;33.25;28.75;24.50;24.00;24.00;23.25;24.00;24.00;25.50;24.75;24.25;23.50;23.00;23.00;23.00;23.25;23.25;23.25;23.00;23.25;23.00]
47272- [24.75;24.50;25.00;25.50;25.25;25.25;25.00;24.25;24.75;24.75;25.00;26.75;27.00;24.75;24.75;24.50;25.25;24.50;25.50;32.50;31.25;25.25;24.50;24.25;24.50;24.50;25.25;36.75;34.00;25.50;24.50;23.75;24.50;24.50;25.75;38.00;34.00;25.25;24.50;23.25;24.25;24.25;25.25;33.00;28.75;24.50;23.75;23.25;23.25;23.50;24.25;25.50;24.75;23.75;23.50;22.75;23.75;23.75;23.25;23.25;23.00;23.25;23.25;23.25]
47757- [24.75;23.75;25.00;25.00;26.00;24.75;25.25;24.50;25.00;24.25;25.00;26.75;26.75;25.25;24.50;24.25;25.00;24.75;25.50;32.25;31.00;25.25;24.50;23.75;24.50;24.50;25.75;36.50;34.00;25.00;24.25;23.75;24.50;24.75;26.00;37.75;33.50;24.75;24.25;23.00;24.00;24.00;24.75;33.50;28.75;24.25;23.50;23.25;23.75;23.50;24.00;25.00;24.50;24.00;22.75;23.00;23.00;23.25;23.50;23.50;23.75;23.00;23.25;23.25]
48242- [24.50;24.00;24.75;25.25;25.25;25.00;24.75;24.75;24.75;24.25;25.25;27.00;27.00;25.00;24.50;24.25;24.50;24.50;25.25;32.50;31.00;25.75;25.00;24.00;24.25;24.25;26.00;36.75;33.75;25.25;24.50;23.50;24.25;24.75;25.75;37.75;33.50;25.25;24.25;23.50;24.00;24.00;25.00;33.25;28.75;24.75;23.50;23.50;24.25;23.50;24.25;25.50;24.75;23.75;24.25;22.50;23.50;23.50;23.75;23.25;23.00;23.00;24.00;23.25]
48727- [25.00;24.50;24.75;25.50;25.25;24.50;25.00;24.75;24.25;25.00;25.25;26.75;27.00;25.25;24.25;25.00;24.50;25.00;25.75;32.25;31.25;25.00;24.50;24.00;24.25;24.50;25.50;36.75;34.25;25.00;24.25;24.00;24.25;24.50;25.75;38.00;33.25;25.00;24.50;23.50;24.00;24.50;25.25;33.25;28.75;24.50;23.75;24.00;23.25;23.25;24.00;25.00;25.00;24.00;23.00;22.25;23.50;24.00;23.75;23.50;23.75;23.25;23.25;23.50]
49212- [24.75;24.00;24.75;25.50;25.00;24.25;24.50;24.75;24.50;24.25;25.50;26.75;26.75;25.25;24.25;24.50;23.75;24.25;25.50;32.50;31.00;26.00;25.00;24.00;24.25;24.50;25.50;36.25;33.75;25.25;24.25;24.00;24.50;24.75;26.00;37.75;33.75;25.25;24.25;23.50;24.25;24.00;25.00;33.25;29.00;24.25;23.50;24.00;23.50;23.25;24.25;25.25;24.50;23.25;23.25;22.75;23.25;23.50;23.50;23.25;23.75;23.25;23.50;23.00]
49697- [25.00;24.50;25.25;25.50;25.50;25.00;24.50;24.50;24.50;24.50;25.00;26.75;26.50;24.75;24.50;24.25;24.75;25.00;25.75;32.50;31.00;25.25;24.75;24.00;24.25;24.50;25.75;36.50;34.25;25.25;24.50;24.00;24.50;24.25;26.25;38.00;33.50;25.25;24.50;24.00;23.75;24.00;25.00;33.25;28.50;24.50;23.75;23.75;24.00;23.75;24.25;25.25;24.50;23.50;23.50;22.75;23.50;23.75;23.75;23.50;23.25;22.75;23.25;22.75]
50182- [24.75;24.25;24.75;25.25;25.00;25.25;25.00;24.00;24.75;24.25;25.00;26.75;26.75;25.00;24.75;24.50;24.50;24.75;25.50;32.25;31.00;25.50;24.75;24.25;24.50;24.50;25.50;36.75;34.25;25.00;24.25;23.50;24.50;24.50;26.25;38.00;33.25;24.75;24.50;23.25;23.75;24.25;25.00;33.25;28.50;24.25;23.75;24.25;24.25;23.75;24.25;25.25;24.50;24.00;23.50;22.50;22.75;23.50;23.00;23.75;23.50;23.25;23.25;23.25]
50667- [25.25;24.00;24.25;25.50;25.00;24.50;25.00;25.50;24.25;24.75;25.00;27.00;26.75;25.00;24.25;25.25;25.00;24.75;25.25;32.50;31.00;25.25;25.00;24.00;24.00;24.50;25.75;36.75;33.75;25.25;24.50;23.50;24.75;24.25;26.25;37.50;33.75;25.00;24.75;23.50;24.00;24.25;25.25;33.25;29.00;24.50;23.50;23.50;23.75;23.25;24.00;25.00;24.50;23.75;23.50;22.50;23.25;23.25;23.75;23.25;24.25;23.00;23.25;22.75]
51152- [24.75;24.25;25.00;25.50;25.00;24.75;25.25;24.75;24.75;24.75;25.50;26.75;26.75;24.75;24.50;24.25;24.25;24.50;25.75;32.00;31.25;25.50;25.00;24.00;24.25;24.00;25.25;36.50;34.00;25.00;24.00;24.25;24.50;24.50;25.75;37.25;33.75;25.00;24.25;24.00;23.75;24.25;25.00;33.50;29.00;24.25;23.50;23.25;23.75;22.75;23.75;25.25;24.25;23.75;23.25;22.50;23.25;23.50;23.50;23.50;23.75;23.25;23.25;22.50]
51637- [25.00;24.25;24.75;25.50;25.00;24.50;25.00;24.75;24.75;24.25;25.00;26.75;27.00;25.50;24.50;25.00;24.25;24.75;25.50;32.50;31.00;25.25;25.25;24.25;24.75;24.25;25.50;36.75;33.75;25.00;24.25;24.25;24.50;24.25;26.00;37.75;34.00;24.75;24.50;23.75;24.25;23.75;25.00;33.50;29.00;24.50;23.50;23.50;23.50;23.50;24.00;25.25;24.50;23.75;23.50;22.75;23.50;24.00;23.75;23.00;23.75;23.00;23.75;23.25]
52122- [25.00;24.00;24.75;25.50;25.50;25.25;24.75;24.75;24.75;24.25;25.00;26.50;26.25;24.75;24.50;24.75;24.75;25.00;25.25;32.25;31.00;25.25;24.50;24.00;24.25;24.00;25.50;37.00;34.00;25.00;24.50;23.75;25.00;24.50;26.00;37.75;33.75;24.75;24.25;23.75;24.25;24.00;25.00;33.00;28.50;24.25;24.00;23.75;23.75;23.00;23.75;25.00;24.25;23.50;23.25;23.00;23.50;23.25;23.75;23.50;23.75;23.25;23.00;23.00]
52607- [24.75;24.00;24.25;25.50;25.50;24.75;24.50;24.75;24.75;24.25;25.00;26.50;27.00;25.00;24.75;24.75;24.50;24.75;25.50;32.50;31.25;25.25;24.75;24.00;24.25;24.50;25.50;36.50;34.00;25.25;24.50;23.50;24.25;24.75;26.00;37.75;33.75;24.75;24.50;23.75;23.50;24.25;24.50;33.50;28.75;24.25;23.50;23.75;24.25;23.50;24.00;25.25;24.75;23.50;23.25;22.75;22.75;23.25;23.25;23.00;23.75;23.50;23.25;23.00]
53092- [24.75;24.50;24.50;25.75;25.50;25.00;25.00;24.25;24.75;24.75;25.00;27.00;26.75;25.00;24.75;24.75;24.50;24.75;25.25;32.50;30.75;25.75;25.00;25.00;24.50;24.25;25.25;36.50;34.00;24.75;24.75;23.25;24.25;24.50;26.00;38.25;33.75;25.25;24.50;23.75;23.75;24.25;25.00;33.50;29.00;24.50;23.75;23.75;23.75;23.25;24.50;25.25;24.75;23.75;23.75;23.00;23.75;24.00;23.75;23.50;23.25;22.50;22.75;23.25]
53577- [25.00;24.25;25.25;25.25;25.50;25.00;25.00;25.00;24.75;24.50;25.00;26.50;27.00;25.25;24.75;24.25;24.25;25.00;25.50;32.25;31.25;25.25;24.50;24.00;24.50;24.25;25.50;36.75;33.75;25.00;24.25;24.25;24.50;24.75;26.00;38.00;33.75;25.50;24.50;24.00;23.75;24.50;25.25;33.50;28.75;24.50;23.50;23.50;23.75;23.75;24.00;25.75;24.75;24.00;23.75;22.75;23.25;23.75;23.25;23.75;24.25;23.00;23.25;23.50]
54062- [24.50;24.25;24.50;25.75;25.50;24.75;25.00;25.00;24.25;24.25;25.00;27.00;26.50;25.50;24.25;24.50;24.75;24.75;25.50;32.50;31.50;25.25;25.00;24.50;24.75;24.25;25.50;36.75;33.75;25.00;24.00;23.50;24.50;24.75;25.75;38.00;34.00;25.00;24.25;23.50;24.00;24.25;25.25;33.75;29.00;24.75;24.00;23.75;23.50;23.75;24.25;25.75;24.75;23.75;23.75;22.75;23.50;23.25;23.50;23.50;23.50;23.25;23.25;22.75]
54547- [25.25;24.25;24.75;25.50;25.00;24.25;25.00;24.25;24.75;24.25;25.25;26.50;26.75;25.00;24.75;24.25;24.50;24.75;25.00;32.75;31.00;25.25;24.75;24.50;24.00;24.50;25.75;36.75;34.00;25.00;24.25;23.50;24.50;24.75;26.00;37.75;34.25;24.50;24.50;23.75;23.75;24.50;25.00;33.25;28.50;24.50;23.75;23.75;23.50;23.25;24.25;25.50;24.25;23.75;23.75;23.00;23.00;23.25;23.75;23.50;23.00;22.50;22.50;22.75]
55032- [24.75;25.00;25.00;25.25;25.25;25.00;25.00;24.25;24.75;24.75;24.75;26.75;26.50;24.50;24.50;24.50;24.75;24.50;25.50;32.00;31.25;25.50;24.50;24.00;24.50;24.50;25.75;36.25;34.25;25.00;24.25;24.00;24.00;24.75;25.75;38.00;33.75;25.25;24.00;23.50;24.00;24.25;25.00;33.25;28.50;24.25;24.25;23.50;23.75;23.50;24.00;25.25;24.75;23.50;23.25;22.50;23.00;23.00;23.25;23.25;23.75;23.50;23.00;22.75]
55517- [24.25;24.00;24.25;25.00;25.25;24.75;24.75;24.75;24.50;24.50;24.75;26.75;27.00;25.25;24.25;24.50;24.50;24.75;25.50;32.50;31.25;25.25;25.00;24.00;24.50;24.25;25.50;36.25;34.00;25.00;24.25;23.50;24.25;24.50;26.25;38.00;33.75;25.00;24.25;23.50;23.50;24.50;25.00;33.50;29.00;24.50;23.25;24.00;23.50;23.75;24.00;25.25;24.75;24.00;23.50;22.75;23.25;23.25;23.75;23.25;23.25;22.75;23.00;23.25]
56002- [24.75;24.00;25.25;25.00;25.00;24.75;25.25;25.00;25.25;24.50;25.00;26.75;26.50;24.75;24.25;24.25;24.75;24.75;25.50;32.50;31.00;25.00;24.75;24.25;24.50;24.25;25.50;36.50;34.25;25.25;24.00;24.00;24.25;25.00;25.75;38.00;33.75;25.00;24.25;23.75;24.25;24.50;25.00;33.75;28.75;24.25;24.00;23.50;24.00;23.50;24.25;25.25;24.75;23.75;23.50;22.75;23.00;23.25;23.50;23.25;23.50;22.75;22.75;23.00]
56487- [24.75;24.25;25.00;25.25;25.25;24.75;24.75;24.25;24.75;24.25;25.00;26.50;26.50;25.00;24.75;24.75;24.25;25.00;25.50;32.50;31.25;25.25;24.75;24.50;24.25;24.50;25.50;36.75;34.00;25.25;24.50;23.75;24.75;25.00;26.00;38.00;33.75;25.00;24.00;23.50;24.00;24.25;25.00;33.25;28.75;24.25;23.75;23.75;24.00;23.50;23.75;25.25;24.25;24.00;23.25;22.50;23.75;23.50;23.50;23.00;23.25;23.25;22.75;22.75]
56972- [25.00;24.00;25.25;25.25;25.25;24.25;24.50;24.75;24.75;24.25;25.00;26.50;27.00;25.25;24.50;24.50;24.75;24.75;25.50;32.25;30.75;25.25;24.75;24.00;24.50;24.50;25.50;36.75;33.75;24.75;24.50;23.50;24.50;24.25;26.00;38.00;33.75;25.25;24.50;23.50;23.75;24.00;25.00;33.25;28.50;24.25;23.50;23.50;23.50;23.75;24.00;25.00;24.50;24.25;23.25;22.25;23.50;23.50;23.50;23.00;23.25;23.25;23.50;23.00]
57457- [24.50;24.25;24.25;25.25;25.25;25.00;24.50;24.50;24.75;24.50;25.25;26.50;26.75;24.75;24.25;24.25;24.25;24.75;25.25;32.50;31.00;25.00;24.50;24.00;24.25;24.50;25.50;36.50;33.75;24.75;24.00;23.75;24.25;24.25;25.50;37.50;33.75;24.75;24.25;23.75;23.50;24.25;25.00;33.00;28.75;24.25;23.50;23.75;23.50;23.25;23.75;25.50;24.50;23.50;23.00;22.50;23.25;23.25;23.75;23.25;23.75;22.75;22.75;23.25]
57942- [24.25;24.25;24.75;25.00;25.00;24.25;24.75;24.25;24.50;24.00;24.50;26.50;26.75;25.00;24.00;24.25;24.50;24.50;25.25;32.25;31.00;24.75;24.25;24.00;24.25;24.25;25.50;36.50;33.75;24.75;24.00;24.25;23.75;24.50;25.50;37.75;33.50;25.00;24.00;23.25;23.75;24.00;24.75;33.50;28.75;24.00;23.75;23.25;23.50;23.25;23.50;25.00;24.50;24.00;22.75;22.75;23.25;23.25;23.25;23.50;23.50;23.00;23.50;22.75]
58427- [24.00;24.00;24.00;25.00;24.75;24.75;24.75;24.00;24.75;24.50;25.25;26.50;26.75;24.50;24.00;24.25;24.00;24.50;25.25;31.75;31.25;25.00;24.50;23.25;24.25;24.25;25.25;36.25;34.00;24.75;24.00;23.25;24.50;24.25;25.75;37.50;33.25;24.75;24.25;23.50;23.75;23.75;25.00;32.75;28.25;24.25;23.25;23.75;23.50;23.25;23.50;24.75;24.00;23.50;23.25;23.00;23.50;23.50;23.75;23.50;23.00;23.00;23.25;23.25]
58912- [24.75;23.50;24.75;25.25;25.25;24.50;24.75;24.00;24.50;24.00;24.75;26.75;26.75;24.75;24.50;24.50;24.25;24.25;24.75;32.00;30.75;25.00;24.00;24.00;24.25;24.25;25.25;36.25;33.25;24.75;24.25;23.50;24.25;24.75;25.50;37.50;33.00;24.75;23.75;23.25;24.25;23.75;24.75;33.00;28.25;24.00;23.50;23.50;23.50;23.50;23.75;25.25;24.00;23.75;23.25;22.25;23.00;23.50;23.50;22.75;23.25;22.75;22.75;23.00]
59397- [24.75;23.75;24.00;25.00;25.00;24.25;24.25;24.00;24.50;24.00;25.00;26.50;26.25;24.75;23.75;23.75;25.00;24.50;25.25;32.25;30.75;25.00;24.00;24.00;24.00;24.00;25.00;36.25;33.25;24.75;24.25;23.25;24.25;24.50;25.50;37.00;33.25;24.75;24.00;22.75;23.50;23.75;24.75;33.00;28.25;24.00;23.50;23.25;23.50;22.75;23.75;25.00;24.25;23.25;23.25;22.50;22.75;23.25;23.50;22.75;23.00;23.25;22.50;22.50]
59882- [24.50;23.75;24.50;25.25;25.00;24.50;24.50;24.00;24.75;24.00;24.75;26.50;26.25;24.50;24.25;24.00;24.50;24.50;25.25;32.25;30.75;24.50;24.25;23.75;24.00;24.25;25.00;36.75;33.50;24.75;23.75;23.50;24.75;23.75;25.25;37.50;33.25;24.75;24.25;23.00;24.00;23.75;25.00;33.25;28.50;23.75;23.25;23.50;23.50;23.00;23.75;25.00;24.75;23.25;23.25;22.75;23.00;23.00;23.75;23.00;23.25;22.25;22.50;23.25]
60367- [24.75;23.75;24.25;25.00;24.75;24.75;24.75;24.00;24.25;24.00;24.50;26.50;26.25;24.75;24.25;24.25;24.25;24.50;25.00;32.00;30.75;24.75;24.50;23.75;23.50;24.00;25.00;36.25;33.50;24.75;24.00;23.25;24.00;24.50;25.50;37.75;33.50;24.75;23.75;23.00;24.00;24.00;25.00;33.50;28.25;24.25;23.00;23.50;23.50;23.25;23.75;24.75;24.00;23.25;23.00;22.50;23.25;23.25;23.25;23.50;23.25;22.50;23.00;22.75]
60852- [24.50;24.00;24.25;25.25;24.75;24.25;24.25;25.00;24.75;24.00;24.75;27.00;26.50;24.75;24.00;24.50;24.50;24.25;25.00;32.25;30.75;24.75;24.50;23.50;24.00;24.25;25.00;36.25;33.50;24.50;23.75;23.50;24.00;24.50;25.25;37.25;33.75;25.00;23.75;23.25;24.00;23.75;24.75;33.00;28.75;24.00;23.50;23.75;23.75;23.75;23.75;25.25;24.50;23.25;22.75;22.50;23.50;23.50;23.50;23.25;23.00;22.50;23.25;22.50]
61337- [24.75;24.25;24.00;25.25;24.75;23.75;24.25;24.00;24.25;24.25;24.50;26.75;26.75;24.75;24.00;24.00;24.25;24.25;25.25;32.25;30.50;24.75;24.50;23.50;24.00;24.25;25.00;36.50;33.50;24.50;23.75;23.75;24.00;24.75;25.50;37.50;33.00;24.75;24.00;23.25;24.00;24.00;24.75;33.00;28.25;24.00;23.25;23.00;24.25;23.25;23.50;24.75;24.25;23.75;23.25;22.25;22.75;23.25;23.75;23.75;23.25;23.00;22.75;22.25]
61822- [24.75;24.00;24.25;25.25;25.00;24.25;24.25;24.25;24.25;24.00;24.50;26.50;26.25;24.75;24.00;24.50;24.50;24.25;24.75;32.00;30.75;25.00;24.75;24.00;24.00;24.25;25.25;36.00;33.75;24.50;23.75;23.25;24.25;24.25;25.75;37.50;33.25;24.75;23.75;23.25;23.50;23.50;24.50;33.00;28.50;24.50;23.25;23.25;23.25;23.50;23.50;25.25;24.00;23.25;23.00;23.00;23.00;23.50;23.50;23.25;23.50;23.00;23.00;22.25]
62307- [24.50;24.00;24.25;25.00;24.75;24.50;24.50;24.25;24.75;24.00;24.75;26.75;26.25;24.75;24.00;24.50;24.00;24.00;25.25;32.00;30.75;25.25;24.25;24.00;24.00;24.25;25.25;36.25;33.50;24.50;24.00;23.50;24.25;24.00;25.75;37.50;33.25;24.50;24.25;23.50;23.25;23.50;24.75;33.00;28.50;24.25;23.75;23.25;23.25;23.50;23.50;24.75;24.00;23.75;23.00;22.25;23.50;23.00;23.25;23.00;23.00;22.50;23.00;23.50]
62792- [24.50;23.75;24.50;25.00;24.75;24.75;24.50;23.75;24.75;24.25;24.75;26.50;26.50;24.75;24.00;23.75;24.50;24.50;25.25;32.25;31.25;25.25;24.50;23.75;24.00;24.25;25.25;36.25;33.50;24.50;24.00;23.50;24.25;24.50;26.00;37.25;33.25;24.50;24.00;23.75;24.25;23.75;25.00;33.00;28.50;24.00;23.50;23.50;22.75;23.25;23.75;25.25;23.75;23.50;23.25;22.50;23.00;23.00;23.25;23.25;23.75;22.50;23.00;23.50]
63277- [24.75;23.75;24.25;25.50;25.00;24.25;24.50;24.00;24.50;24.00;24.75;26.75;26.75;24.75;24.00;24.25;24.25;24.50;25.25;32.00;30.75;25.00;24.50;23.75;24.00;24.00;25.50;36.00;33.75;25.25;24.00;23.75;24.00;24.50;25.50;37.50;33.25;24.75;24.00;23.50;23.75;24.50;25.00;33.50;28.75;24.00;23.50;23.25;23.75;23.50;23.50;25.00;24.50;23.00;22.75;22.50;23.50;23.50;23.75;23.25;23.25;22.50;23.50;23.25]
63762- [24.25;24.25;24.25;25.00;25.25;24.25;24.75;24.25;24.50;24.50;25.00;26.50;26.75;24.75;24.50;24.25;24.50;24.50;25.00;32.25;31.00;25.25;24.25;24.25;24.25;24.25;25.50;36.25;34.00;24.75;24.25;24.00;24.25;24.75;25.75;37.50;33.25;24.75;24.50;23.25;23.75;24.00;24.50;33.25;28.25;24.00;23.50;23.50;23.25;23.50;23.75;25.00;23.75;23.75;22.75;22.75;23.50;23.00;23.75;22.75;23.00;22.50;23.00;23.00]
64247- [24.50;24.25;24.25;25.25;25.00;24.50;24.50;24.25;24.75;24.50;24.75;26.50;26.50;24.75;24.25;24.75;24.00;24.50;25.50;32.00;31.00;25.00;24.50;23.75;24.75;24.50;25.25;36.00;34.00;25.00;24.25;24.00;24.25;24.50;25.75;37.75;33.25;25.00;24.50;23.50;23.75;23.75;24.75;33.25;28.75;24.00;23.25;23.75;23.50;23.25;23.75;25.25;24.25;23.50;23.00;22.25;23.25;23.50;23.25;23.00;23.00;23.00;23.50;23.00]
64732- [24.75;24.00;24.75;25.75;24.75;24.50;24.75;24.25;24.75;24.50;25.00;26.50;27.00;24.75;24.25;24.75;24.50;24.50;25.25;32.25;31.25;25.25;24.75;24.25;24.75;24.50;25.50;36.00;33.25;25.00;24.50;24.00;24.50;24.75;25.75;37.75;33.50;24.75;24.00;23.50;24.00;24.50;25.00;33.25;28.50;24.25;23.25;23.75;23.50;23.25;23.75;25.25;24.50;23.75;23.50;22.50;23.25;23.00;24.00;23.75;23.50;22.75;23.25;23.00]
65217- [24.75;24.00;24.50;25.00;25.00;24.75;24.75;24.50;24.50;24.25;25.00;26.75;26.50;24.75;24.25;24.75;24.25;24.75;25.25;32.00;31.00;24.75;24.75;23.50;24.00;24.00;25.00;36.50;33.75;24.75;24.00;23.75;24.50;24.50;25.25;37.50;33.25;24.50;24.50;23.50;23.75;24.00;25.00;33.00;28.75;24.25;24.00;23.25;23.50;23.25;23.50;25.00;24.50;23.75;23.00;21.75;23.50;23.00;23.25;23.75;23.50;23.00;22.75;23.50]
65702- [24.25;23.50;24.75;25.00;25.25;24.50;24.75;24.50;24.75;24.50;25.00;26.50;26.75;24.75;24.50;23.75;24.50;24.25;25.00;32.25;31.25;25.25;24.50;24.00;24.25;24.00;25.25;36.25;33.50;24.75;24.25;23.75;24.00;24.50;25.25;37.50;33.50;24.25;24.00;23.50;23.75;24.25;24.75;33.25;28.25;24.00;23.75;23.25;23.00;23.25;24.00;25.00;24.25;23.50;23.00;22.50;23.00;23.00;23.25;23.00;23.25;22.75;23.25;23.00]
66187- [24.50;24.00;24.75;25.25;25.50;24.50;24.75;24.25;24.50;24.50;24.75;26.25;26.75;24.75;24.75;24.50;24.75;25.00;25.50;32.25;31.25;25.00;24.75;24.00;24.25;24.00;25.50;36.25;33.50;25.00;23.75;23.75;24.25;24.75;25.50;37.50;33.50;25.00;24.00;23.25;23.75;24.00;25.00;33.00;28.75;24.50;23.50;23.50;23.50;23.25;23.50;25.50;24.25;23.75;23.50;22.50;24.00;23.25;23.50;23.25;23.50;22.50;23.25;23.00]
66672- [24.75;24.00;24.50;25.50;25.00;24.75;25.00;24.50;24.50;24.50;24.75;26.25;26.75;25.00;24.50;24.25;24.75;24.25;25.50;32.25;31.00;25.00;25.00;24.00;24.50;24.25;25.25;36.25;33.75;25.00;24.25;23.75;24.50;24.50;25.75;37.75;33.50;24.75;24.25;23.50;23.75;23.75;25.00;33.00;28.75;24.25;24.00;23.75;23.50;23.25;24.00;25.50;24.50;23.50;23.50;23.25;23.00;23.50;23.50;23.50;23.50;23.25;23.50;22.75]
67157- [24.75;24.25;24.25;25.50;25.25;25.00;25.00;25.25;24.25;24.50;25.25;27.25;26.75;25.00;24.50;24.25;24.50;24.75;25.50;32.25;31.25;25.00;24.50;24.25;24.25;24.25;25.50;36.50;33.75;25.50;24.25;24.25;24.75;24.50;26.00;38.00;33.75;24.75;24.25;23.75;23.50;24.25;25.00;33.50;28.75;24.50;23.75;23.75;23.75;23.75;23.75;25.25;24.25;23.25;23.50;22.50;23.75;23.25;23.25;23.75;23.75;23.00;23.00;23.00]
67642- [24.50;24.25;24.50;25.25;25.00;24.50;24.50;24.50;24.50;24.25;24.75;26.50;27.00;24.75;24.25;24.50;24.25;24.50;25.25;32.25;31.00;25.00;24.50;24.00;24.00;24.50;25.00;36.50;33.75;24.50;24.25;24.00;24.25;24.50;26.00;37.50;33.50;24.75;24.00;23.50;23.75;24.25;25.25;33.25;28.50;24.00;23.50;23.50;23.75;23.25;24.00;25.25;24.50;23.75;23.25;23.00;22.75;22.75;23.25;23.00;23.25;22.75;22.75;22.75]
68127- [24.50;24.00;24.50;25.25;25.00;24.50;24.75;24.25;24.75;24.50;24.75;27.00;26.75;25.50;24.00;24.50;24.25;24.50;25.25;32.00;31.00;25.25;24.25;23.75;24.50;24.25;25.50;36.50;33.75;24.75;24.50;23.75;24.00;24.75;25.25;37.75;33.25;25.25;24.25;23.50;23.75;24.25;25.00;33.25;28.25;24.50;23.75;23.75;23.50;23.50;24.00;25.00;24.50;23.50;23.25;22.50;23.00;24.00;23.25;23.25;23.50;23.00;23.00;22.50]
68612- [24.50;23.75;24.75;25.50;25.25;24.50;25.25;24.50;24.50;24.00;24.75;26.50;26.25;24.75;24.25;24.75;24.25;24.50;25.00;32.00;30.75;25.25;24.50;23.75;24.00;24.25;25.75;36.25;33.75;24.75;24.00;23.75;23.75;24.25;25.25;37.50;33.75;24.75;23.75;23.50;24.00;24.00;25.00;33.00;28.50;24.25;23.75;23.25;23.25;23.50;23.50;25.25;24.25;23.75;23.00;22.25;23.25;23.25;23.25;23.25;23.50;23.00;23.00;23.00]
69097- [24.50;24.50;25.25;25.00;25.50;24.75;24.75;24.75;24.50;24.25;24.75;26.50;27.00;25.25;24.25;24.25;24.50;24.50;25.25;32.50;31.50;25.75;25.00;24.00;24.00;24.50;25.75;36.50;34.00;25.00;23.75;23.75;24.50;24.75;25.75;37.50;33.25;24.75;24.25;23.75;24.00;23.75;24.75;33.25;28.50;24.25;23.00;24.00;23.75;23.50;24.00;25.25;24.25;24.00;23.25;22.75;22.50;23.50;23.75;23.50;23.50;22.75;23.00;22.25]
69582- [24.75;24.25;24.75;25.50;25.25;24.25;24.75;24.50;25.00;24.25;25.00;26.75;26.75;24.75;24.50;25.00;25.00;24.75;25.00;32.25;31.25;25.25;24.50;23.75;23.75;24.50;25.50;36.50;33.75;24.75;24.25;24.00;24.25;24.50;25.75;37.25;33.25;25.00;24.25;23.75;23.75;24.25;25.00;33.25;28.50;24.00;23.75;23.00;24.00;23.75;23.75;25.25;24.25;23.50;23.25;22.50;23.00;23.50;23.75;23.25;23.25;23.00;23.50;22.50]
70067- [24.75;24.00;24.50;25.25;25.25;24.50;24.75;24.00;24.25;24.00;25.25;26.50;26.75;24.75;24.25;24.50;24.50;24.75;25.25;32.25;31.00;25.00;24.50;23.75;24.25;24.00;25.25;36.50;33.75;24.75;24.00;23.75;24.00;24.50;25.75;37.75;33.50;24.75;24.25;23.25;23.75;23.75;24.75;33.25;28.75;24.00;23.50;23.25;23.50;23.25;23.75;25.00;24.25;23.50;23.00;22.75;23.50;23.00;23.25;23.25;23.25;23.25;23.25;23.25]
70552- [24.50;23.75;24.25;25.25;24.75;24.75;24.50;24.50;24.75;23.75;24.50;26.75;26.25;24.75;24.00;24.50;24.50;24.50;25.50;32.25;31.00;25.25;24.50;23.50;24.50;24.00;25.25;36.25;33.75;25.25;24.25;23.75;24.25;24.75;25.75;37.75;33.25;24.75;24.25;23.50;23.75;24.25;24.50;33.00;28.50;24.25;23.50;24.00;23.50;23.50;24.00;25.00;24.00;23.50;23.50;22.75;22.75;23.25;23.25;23.50;23.25;23.25;23.00;23.00]
71037- [24.25;24.00;25.00;24.75;25.25;24.75;25.00;24.50;24.25;24.00;25.00;26.25;26.75;24.75;24.25;24.50;24.50;24.50;25.25;32.00;30.75;25.00;24.25;23.50;24.00;24.00;25.25;36.00;33.50;25.00;24.00;23.75;24.25;24.25;25.50;37.75;33.25;25.00;23.75;23.25;23.75;24.00;24.75;33.50;28.25;24.25;23.50;23.25;23.00;23.25;23.75;25.25;24.50;23.25;23.25;22.00;23.25;23.25;23.75;22.75;23.00;22.50;23.25;23.00]
71522- [24.75;23.25;24.75;25.50;24.75;24.75;24.50;24.00;24.50;24.00;24.75;26.50;26.25;24.50;24.25;24.25;24.50;24.25;25.00;32.00;30.75;24.75;24.25;24.50;24.25;24.25;25.50;36.25;33.50;25.25;24.00;23.25;24.25;24.50;25.75;37.50;33.00;24.75;24.25;22.75;24.00;24.00;24.50;33.25;28.50;24.00;23.50;23.50;23.75;23.25;24.25;25.00;23.75;23.50;23.25;22.50;23.25;23.25;23.00;23.50;23.25;23.00;23.00;22.50]
72007- [24.25;24.00;24.50;24.75;25.25;24.25;24.50;24.25;24.25;24.50;24.50;26.50;26.50;24.50;24.25;24.00;24.25;24.25;25.00;32.25;30.75;24.75;24.50;23.50;23.75;24.50;25.00;36.50;33.75;24.75;23.75;24.00;24.50;24.50;25.50;37.50;33.50;25.00;24.25;23.50;23.75;23.75;24.75;33.00;29.00;24.25;23.00;23.75;23.25;23.75;23.50;24.50;24.00;23.50;23.00;23.00;23.00;23.50;23.50;23.25;23.50;23.00;22.75;22.25]
72492- [24.75;24.00;24.50;25.00;25.50;24.50;24.25;24.00;24.50;24.00;25.00;26.50;26.75;25.00;24.50;24.25;24.25;24.50;25.00;32.25;31.00;25.00;24.50;24.00;24.50;24.00;25.50;36.00;33.50;25.00;24.00;23.75;24.50;24.25;25.50;37.25;33.00;24.75;24.25;23.25;24.25;24.00;24.75;33.00;28.50;24.25;23.50;23.75;23.25;23.25;23.50;25.25;24.50;23.75;23.25;22.75;22.75;23.00;23.50;23.25;23.50;23.25;22.75;22.50]
72977- [25.00;24.00;24.25;24.75;25.00;24.75;24.75;24.00;24.50;24.00;25.00;26.50;26.50;24.75;24.25;24.50;24.00;24.25;25.75;32.00;31.00;25.00;24.50;24.00;24.00;24.50;25.50;36.25;34.00;25.00;24.50;23.50;24.25;24.50;25.75;37.75;33.50;24.50;24.25;23.50;23.75;23.75;24.75;33.25;28.50;24.00;23.50;23.50;23.50;23.25;23.75;25.00;24.25;23.25;23.00;22.50;23.25;23.25;23.50;23.25;23.00;23.00;23.00;23.00]
73462- [24.25;24.00;24.25;25.00;25.00;24.50;24.75;24.25;24.50;24.25;24.75;26.50;27.00;25.00;24.50;23.75;24.50;24.50;25.75;32.25;31.00;25.25;25.00;23.75;24.50;24.50;25.25;36.50;33.50;25.25;24.25;23.50;24.50;24.25;25.75;37.50;33.50;24.75;23.75;23.75;24.25;24.25;24.50;33.00;28.75;24.50;23.50;23.50;23.00;23.00;23.75;25.25;24.50;23.50;23.25;23.00;23.25;23.25;23.75;23.75;23.25;23.50;23.00;22.75]
73947- [25.25;24.50;24.25;25.00;25.50;24.75;24.75;23.75;24.50;24.00;24.75;26.75;26.50;24.75;24.25;24.50;24.00;24.50;25.50;32.25;31.50;25.00;24.75;23.75;24.00;24.25;25.25;36.25;33.75;24.75;24.25;23.75;24.50;24.50;26.00;37.75;33.75;25.00;24.25;23.75;24.25;24.00;25.25;33.25;28.75;24.25;23.50;23.75;23.00;23.75;23.75;25.25;24.75;23.50;23.25;23.00;23.25;23.25;23.25;23.50;23.00;22.50;23.00;23.50]
74432- [25.00;24.00;24.75;25.25;24.75;24.50;24.75;24.50;24.75;24.50;24.50;27.00;26.75;24.75;24.25;24.50;24.75;24.75;25.50;32.25;31.25;25.50;24.75;24.00;24.75;24.25;25.25;36.50;33.50;25.00;24.25;23.75;24.25;24.50;25.50;37.75;33.25;25.25;24.00;23.75;24.00;23.75;25.00;33.25;28.50;24.25;23.75;24.25;23.25;23.50;24.25;25.25;24.25;24.00;23.00;22.75;23.25;23.25;23.75;23.75;23.50;23.00;23.50;23.25]
74917- [24.50;24.50;24.25;25.50;25.50;24.50;24.75;24.50;24.75;24.50;24.75;26.50;26.75;24.75;24.50;24.25;24.50;24.75;25.50;32.25;31.00;25.25;25.00;24.00;24.25;24.00;25.25;36.50;34.00;25.00;24.00;23.75;24.25;24.50;25.50;37.75;33.50;25.00;24.25;23.75;23.75;24.50;25.00;33.25;28.50;24.00;23.75;23.00;23.25;23.25;23.50;25.25;24.25;23.50;23.50;22.75;23.25;23.00;23.75;23.25;23.50;22.75;23.00;22.75]
75402- [24.75;24.00;24.50;25.50;25.00;24.50;24.75;25.00;24.50;24.25;24.75;26.50;27.00;25.00;24.00;24.50;24.75;24.75;25.25;32.25;31.00;25.00;24.75;24.00;24.00;24.25;25.00;36.50;34.00;25.00;23.75;24.00;24.25;24.50;25.75;37.75;33.50;25.00;24.50;23.50;24.00;24.00;25.00;33.25;28.75;24.25;23.50;23.75;23.50;23.25;23.75;25.00;24.50;23.75;23.75;23.00;23.25;23.25;23.25;23.25;23.00;23.00;23.50;23.25]
75887- [25.25;24.25;24.75;25.25;25.00;24.50;24.50;24.25;24.75;24.25;25.25;26.75;26.75;24.75;24.25;24.50;24.00;24.75;25.25;32.50;31.00;25.25;24.75;24.25;24.00;24.00;25.50;36.25;34.00;25.00;23.75;23.75;24.75;24.50;26.00;37.50;33.50;25.00;24.25;23.50;23.75;24.25;25.00;33.50;28.50;24.50;23.25;23.75;23.75;23.50;23.75;24.75;24.50;24.00;23.00;22.75;23.00;23.00;23.25;23.00;23.25;22.75;23.50;22.75]
76372- [25.00;24.25;24.75;25.00;25.50;24.50;24.75;24.00;24.50;24.25;24.75;26.25;26.75;24.75;24.75;24.25;24.00;24.50;25.25;32.00;31.25;25.00;24.75;23.50;23.75;24.25;25.25;36.50;33.75;25.00;24.25;23.50;24.25;24.75;25.25;37.75;33.50;25.00;24.25;23.50;23.75;24.25;25.25;33.00;28.25;24.00;23.50;23.50;23.25;23.25;24.00;25.00;24.25;23.50;23.50;22.75;23.25;23.50;23.75;23.50;23.00;23.25;23.00;23.25]
76857- [24.00;24.00;24.25;25.25;25.25;24.00;24.75;24.25;24.50;24.00;24.75;26.25;26.50;24.75;24.00;24.25;24.25;24.50;25.00;32.00;31.00;24.75;24.00;23.75;23.75;24.00;25.00;36.25;33.25;25.00;24.00;23.75;24.00;24.50;25.50;37.50;33.25;24.50;23.75;23.50;24.00;24.00;24.75;33.00;28.75;24.50;23.25;23.50;23.50;22.50;23.50;25.00;24.25;23.50;23.25;22.75;23.00;23.75;23.00;23.50;23.00;23.25;23.25;22.75]
77342- [24.75;24.50;24.50;25.50;25.25;24.50;24.25;24.50;24.25;24.25;24.75;26.50;26.50;25.00;24.50;24.50;24.25;24.50;25.25;32.00;31.00;24.50;24.25;24.25;24.00;24.25;25.50;36.50;33.75;24.75;24.00;23.50;24.25;24.50;25.75;37.75;33.75;25.00;24.00;24.00;24.00;23.75;25.00;33.00;28.75;24.00;23.75;24.00;23.50;23.50;23.50;25.00;24.50;23.50;23.25;22.50;23.25;23.25;24.00;23.50;22.75;22.75;23.00;22.75]
77827- [24.75;24.25;24.50;25.25;25.00;24.50;24.75;24.75;24.25;24.25;25.00;27.00;26.50;24.50;24.00;24.75;24.25;24.50;25.25;32.00;31.00;24.75;24.75;24.00;24.25;24.25;25.50;36.50;33.50;25.25;23.75;23.50;24.00;24.50;25.75;37.50;33.50;24.75;23.75;23.50;24.00;23.75;24.50;33.25;28.50;24.00;23.75;24.00;23.50;23.00;24.25;25.00;24.25;24.25;23.50;23.00;23.25;23.00;23.25;23.50;23.25;23.00;23.25;22.50]
78312- [24.75;24.25;24.75;25.00;25.50;24.50;25.00;24.25;24.25;24.50;24.75;26.25;25.75;25.00;24.00;24.50;24.50;24.75;25.00;32.50;31.00;25.25;24.25;24.00;24.25;24.25;25.25;36.50;33.75;25.00;24.25;23.50;24.00;24.25;25.50;37.50;33.25;25.00;23.75;23.50;23.75;24.50;24.75;33.25;28.50;24.00;23.25;23.25;23.50;23.50;23.50;24.75;23.75;23.75;23.50;22.25;23.25;23.50;23.25;23.50;23.25;22.75;22.75;22.75]
78797- [24.75;24.50;24.50;25.25;25.25;24.50;25.00;24.50;25.00;24.25;24.50;26.75;26.75;24.75;24.50;24.25;24.50;24.75;25.50;32.00;30.75;25.25;24.50;23.75;24.25;24.25;25.25;36.50;34.00;24.75;24.50;23.50;24.25;24.25;25.50;37.75;33.50;24.75;24.00;23.00;23.75;24.00;25.25;33.25;28.75;24.00;23.75;23.75;23.50;23.25;23.50;25.25;24.50;23.75;23.50;22.00;22.75;23.25;23.75;23.00;23.50;22.75;23.75;22.75]
79282- [24.50;24.50;24.75;25.00;25.25;24.75;25.50;24.75;24.25;24.25;25.00;26.75;26.25;25.00;24.50;24.75;24.25;24.25;25.00;32.00;30.50;24.75;24.50;23.50;24.25;24.25;25.25;36.00;33.25;24.75;23.75;23.75;24.25;24.25;25.75;37.50;33.50;24.75;24.25;23.50;23.75;24.25;24.50;33.25;28.25;24.00;23.25;23.75;24.25;23.50;23.75;25.00;24.25;23.50;23.00;22.75;24.00;23.75;23.50;23.25;23.25;22.25;22.75;23.25]
79767- [24.50;24.00;24.50;25.00;25.00;25.00;25.00;24.25;24.75;24.25;24.25;26.50;26.25;24.50;24.25;24.50;24.25;24.50;25.50;32.00;30.75;25.25;24.75;23.75;24.25;24.50;25.25;36.25;33.50;24.75;24.00;23.50;24.50;24.25;25.50;37.50;33.00;24.50;24.00;23.00;23.75;24.25;24.50;33.00;28.50;24.25;23.75;23.25;23.25;23.75;24.00;25.50;24.50;23.75;23.00;22.75;23.50;23.50;23.50;23.25;23.25;22.75;23.00;23.00]
80252- [24.75;24.00;24.50;25.25;25.00;24.50;24.75;24.50;24.75;24.25;25.25;26.75;26.50;25.50;24.50;24.75;24.50;24.00;25.25;32.50;30.75;25.00;24.75;24.00;24.00;24.00;25.25;36.50;33.75;24.50;24.25;23.50;24.00;24.50;25.25;37.50;33.50;24.50;24.25;23.50;24.25;24.50;25.25;33.00;28.50;24.25;23.25;23.75;23.75;23.50;23.50;25.25;24.00;23.25;23.25;22.25;23.25;23.25;23.25;23.00;23.25;22.75;22.75;22.75]
80737- [24.50;23.75;24.50;25.00;25.25;23.75;24.50;24.50;24.00;24.50;25.00;26.75;26.75;25.00;24.25;24.50;24.25;24.75;25.25;32.00;30.75;25.25;24.50;24.00;24.25;24.50;25.25;36.00;33.25;24.50;24.50;23.25;24.25;24.50;25.75;37.25;33.25;24.50;24.00;23.25;24.25;23.50;24.75;33.00;28.00;24.00;23.00;24.00;23.50;23.00;23.50;25.00;24.00;23.00;23.25;22.25;23.00;23.00;23.50;23.50;23.25;22.25;22.75;22.50]
81222- [24.00;24.00;24.50;25.25;25.25;25.00;24.50;24.25;24.50;23.75;24.75;26.50;26.75;24.75;24.25;24.50;24.00;24.25;25.25;31.75;31.25;25.00;24.75;24.25;24.50;24.25;25.50;36.25;33.50;25.00;23.75;23.50;24.00;24.50;25.25;37.50;33.25;24.75;24.25;23.25;23.50;23.75;25.00;33.00;28.50;24.00;23.25;23.75;23.25;23.50;24.00;25.00;24.50;23.75;23.00;22.50;22.75;22.75;23.75;23.00;23.50;22.50;22.75;22.75]
81707- [24.75;23.75;24.50;25.25;25.25;24.25;24.50;24.25;24.50;24.00;24.75;26.50;26.50;25.00;24.50;24.25;24.75;24.50;25.25;32.50;31.00;25.25;24.50;23.75;24.00;24.50;25.25;36.25;33.50;24.50;23.75;23.50;24.00;24.50;25.75;37.25;33.50;24.50;24.25;23.25;23.75;23.75;24.75;32.75;28.50;24.00;23.25;24.00;24.25;23.00;23.75;25.00;24.00;23.50;23.00;22.25;22.75;23.25;23.00;23.50;23.00;22.75;22.75;23.00]
82192- [24.75;24.25;24.50;25.25;25.00;24.25;24.75;24.00;24.25;24.00;24.75;26.50;26.00;24.25;24.25;24.25;24.00;24.50;25.25;32.50;31.00;25.00;24.50;24.25;24.00;24.50;25.50;36.00;33.50;24.75;24.50;23.50;24.50;24.50;25.50;37.25;33.25;24.75;24.00;23.25;24.00;24.25;25.00;33.00;28.00;24.00;23.00;23.00;23.25;23.50;24.00;25.00;24.50;23.25;22.75;22.50;23.00;23.25;23.50;23.25;23.00;22.25;23.00;23.00]
82677- [24.25;24.00;24.75;25.00;25.00;24.50;24.75;24.50;24.75;24.25;25.00;26.25;26.25;24.75;24.00;24.75;24.25;24.75;25.25;32.00;30.75;25.25;24.25;23.00;24.25;24.25;25.50;36.25;33.50;24.75;23.75;23.75;24.50;24.25;25.75;37.50;33.25;24.50;23.75;23.50;23.75;24.00;24.25;33.00;28.25;23.75;23.50;23.50;23.25;23.50;24.00;24.75;24.25;23.25;22.75;22.25;23.25;23.25;23.00;23.50;22.25;23.00;23.00;22.50]
83162- [24.75;24.00;24.50;25.25;25.00;24.25;24.75;24.25;24.25;24.25;24.75;26.50;26.50;24.75;24.00;24.50;24.25;24.25;25.00;32.25;31.00;24.75;24.25;23.75;24.25;24.25;25.00;36.00;33.50;25.00;24.00;23.75;24.50;24.00;25.50;37.25;33.00;25.00;24.00;23.50;23.75;23.50;24.25;32.75;28.25;23.75;23.25;23.75;23.25;23.25;23.50;25.00;24.00;23.25;22.75;22.00;23.50;22.75;23.25;23.00;23.00;22.75;23.00;23.00]
83647- [24.00;24.00;24.00;25.00;25.25;24.00;24.50;23.75;24.50;23.75;24.25;26.50;26.25;24.75;23.75;24.50;24.25;24.25;25.25;32.25;30.75;24.75;24.25;23.75;24.25;24.00;25.00;36.00;33.75;24.25;24.00;23.50;24.25;24.25;25.50;37.25;33.25;24.75;24.00;23.25;23.25;24.00;24.75;32.75;28.00;23.75;23.50;23.25;23.75;23.00;23.75;24.75;24.50;23.50;23.00;22.50;22.75;22.75;23.00;23.00;23.00;22.75;22.50;22.25]
84132- [24.25;24.25;24.00;24.75;24.75;24.50;24.50;24.00;24.50;23.75;24.75;26.50;26.25;24.50;24.50;24.25;24.75;24.25;25.00;32.00;31.00;24.75;24.00;23.25;24.00;24.00;25.00;36.25;33.25;24.50;24.00;23.75;24.25;24.25;25.50;37.00;33.00;24.75;24.00;24.00;23.50;23.75;24.75;32.50;28.25;24.00;23.00;23.50;23.25;23.00;23.50;24.75;24.25;23.00;23.50;22.25;23.25;23.25;23.50;22.50;23.00;22.75;23.25;23.50]
84617- [24.25;23.25;24.00;25.00;25.25;24.50;24.75;23.25;24.25;24.00;24.50;26.25;26.25;24.25;24.00;23.75;24.00;24.25;25.00;31.75;30.75;24.75;24.25;23.75;24.00;23.50;25.00;36.25;33.25;24.75;23.75;23.25;24.25;24.25;25.25;37.25;33.00;24.50;23.75;23.50;23.50;24.00;24.75;32.75;28.25;24.00;23.00;23.25;23.25;23.00;23.25;24.75;24.25;23.75;22.50;22.25;23.00;22.50;22.75;22.75;23.00;22.25;22.25;22.25]
85102- [24.00;23.75;24.25;24.75;24.75;24.25;24.25;23.75;24.25;24.00;24.50;26.50;26.25;24.50;24.25;24.75;24.00;24.25;25.00;31.75;31.00;24.50;24.25;23.25;24.25;24.00;24.50;36.00;33.25;24.75;23.75;23.50;24.00;24.00;25.25;37.00;33.00;24.25;23.75;23.25;23.50;24.00;24.50;32.75;28.00;24.50;23.00;23.50;23.00;22.75;23.50;24.50;24.25;23.25;23.00;22.25;23.00;23.00;23.00;23.00;22.75;22.50;22.50;23.25]
85587- [24.25;24.00;24.25;24.75;24.50;24.25;24.50;24.75;24.25;24.00;24.75;26.50;26.50;24.25;23.75;24.50;24.00;24.25;25.00;31.75;30.50;24.75;24.00;23.50;24.25;24.00;24.75;36.25;33.25;24.75;23.75;23.25;24.00;24.00;25.25;37.25;33.00;24.25;23.75;23.25;23.50;23.50;24.25;32.75;28.25;23.75;23.75;23.25;23.00;23.25;24.00;24.75;24.25;23.00;23.00;22.75;22.75;23.25;23.25;23.00;23.25;23.00;23.00;22.75]
86072- [24.25;23.75;24.00;25.00;25.00;24.25;24.50;24.25;24.00;24.00;24.50;26.50;26.50;25.00;24.00;24.25;24.00;24.25;25.25;32.00;30.75;25.00;24.25;23.50;24.25;24.25;24.75;35.50;33.25;24.75;23.75;23.50;23.75;24.25;25.25;36.75;33.25;24.50;24.25;23.25;23.50;23.50;24.50;32.75;28.50;24.00;23.25;23.25;23.25;23.00;23.50;24.75;24.25;23.50;23.25;22.25;23.00;23.25;23.50;23.00;22.75;22.50;23.00;22.50]
86557- [24.50;24.00;24.25;24.75;24.75;24.00;24.00;24.00;24.50;24.25;24.50;26.50;26.50;24.50;24.25;24.00;24.75;24.50;24.75;32.25;31.50;24.75;24.25;23.50;24.25;24.25;25.25;36.00;33.25;25.00;24.00;23.25;24.00;24.25;25.25;37.25;33.75;24.50;23.75;23.25;24.00;23.75;24.75;33.00;28.50;23.75;23.50;23.25;23.00;23.50;24.00;24.75;24.00;23.50;23.00;22.25;23.25;22.75;23.50;23.25;23.00;22.75;22.75;23.00]
87042- [24.00;24.00;24.50;25.00;25.00;24.50;24.50;24.25;24.25;24.75;24.75;26.75;26.25;24.50;24.50;24.25;24.25;24.25;25.25;32.00;30.75;25.00;24.25;23.75;24.50;24.00;25.25;36.00;33.25;24.50;24.00;23.75;24.50;24.50;25.75;37.25;33.50;24.25;24.50;23.50;23.75;24.25;24.75;33.00;28.25;24.00;23.00;23.75;23.50;23.25;24.00;24.75;24.25;23.75;22.75;22.75;23.25;22.75;23.25;23.50;23.25;22.25;23.25;23.00]
87527- [25.25;24.00;24.50;25.00;25.25;24.50;24.75;24.50;24.25;24.25;24.25;26.50;26.25;24.75;23.75;24.50;24.50;24.25;24.75;32.00;31.00;24.75;24.25;23.25;24.00;24.00;25.00;36.00;33.50;24.75;24.00;23.25;24.50;24.50;25.25;37.25;33.50;24.75;24.00;23.25;24.00;23.75;24.50;33.00;28.50;24.00;23.25;23.50;23.75;23.25;23.50;24.75;24.50;23.25;23.00;22.25;23.25;22.75;23.50;22.50;23.50;23.25;22.50;22.75]
88012- [24.50;24.25;24.25;25.00;25.25;24.50;24.50;24.25;24.75;24.25;24.25;26.25;26.25;24.50;24.25;24.00;23.75;24.50;25.25;32.00;31.00;24.75;24.50;23.50;24.50;24.25;25.25;36.25;33.75;25.00;23.75;23.50;24.50;24.25;25.25;37.25;33.25;24.75;24.25;23.00;23.75;23.50;24.50;32.50;28.50;24.00;23.50;23.25;23.50;23.50;23.75;24.50;24.00;23.75;23.00;22.50;22.75;23.50;23.00;23.00;23.50;23.25;23.25;22.75]
88497- [24.75;24.25;24.25;25.00;24.75;24.25;24.50;24.00;24.50;24.00;24.75;26.50;26.50;25.00;24.00;24.50;24.25;24.50;25.00;32.00;30.50;24.75;24.25;23.75;23.75;24.00;25.00;35.75;33.75;24.75;24.00;23.25;24.00;24.75;25.50;37.25;33.50;24.50;23.75;23.25;23.75;23.50;24.75;32.75;28.25;23.75;23.25;23.25;23.50;23.25;24.00;25.25;24.25;23.25;22.75;22.25;23.25;23.25;23.00;23.50;23.50;22.25;23.25;22.50]
88982- [24.75;24.00;24.75;25.50;25.00;24.25;24.50;24.00;24.75;24.25;24.50;26.50;26.50;24.75;24.00;24.50;24.50;24.50;25.25;32.00;31.00;25.00;24.25;23.75;24.25;24.25;25.25;36.00;33.50;24.25;24.25;23.75;24.25;24.50;25.25;37.25;33.50;24.50;23.50;23.00;23.75;24.25;24.50;32.75;28.25;24.00;23.25;23.25;23.75;23.25;23.75;25.00;24.25;23.50;22.50;22.25;23.25;23.00;23.00;23.25;23.25;22.50;22.50;23.00]
89467- [24.00;24.00;24.25;24.75;25.25;24.25;24.25;24.25;24.50;24.25;24.75;26.50;26.50;24.25;24.25;24.75;24.00;24.50;25.25;32.00;31.00;25.00;24.25;23.50;24.00;24.00;25.00;36.25;33.75;25.00;23.75;23.25;24.25;24.25;25.25;37.25;33.00;24.50;24.50;23.00;23.25;23.75;24.75;32.50;28.50;24.25;23.25;23.50;23.25;22.50;23.50;24.50;23.75;23.25;23.00;22.25;22.75;24.00;23.25;23.00;22.75;23.00;23.25;24.00]
89952- [24.75;24.00;24.25;25.00;25.00;24.50;25.00;24.50;24.50;24.00;24.50;26.25;26.25;25.00;24.25;24.50;24.25;24.50;25.00;32.25;30.50;25.00;23.75;23.75;24.00;24.00;25.50;36.00;33.50;24.50;24.00;23.75;24.25;24.50;25.25;37.50;33.25;24.75;24.00;23.25;23.25;23.25;24.75;32.50;28.00;23.75;23.50;23.50;23.75;23.50;23.25;24.75;24.25;23.75;22.75;22.50;23.25;23.25;23.50;23.25;23.25;23.00;22.75;22.00]
90437- [24.75;24.00;24.25;25.25;25.00;24.50;24.25;24.25;24.50;24.25;24.75;26.25;26.50;24.50;24.00;24.00;24.50;24.50;24.75;32.00;30.75;25.25;24.00;24.00;24.00;24.00;25.00;36.25;33.50;24.75;24.00;23.50;24.50;24.50;26.00;37.25;33.25;24.50;24.00;23.50;23.50;23.75;24.25;32.75;28.25;23.75;23.50;23.25;23.25;23.25;23.75;24.75;24.00;23.75;23.00;22.00;22.75;23.25;23.75;23.25;23.00;22.50;23.00;23.50]
90922- [24.50;23.50;24.00;25.25;24.75;24.50;24.75;24.50;24.75;24.50;24.50;26.50;26.50;24.50;24.25;24.25;24.25;24.25;25.25;32.50;30.75;25.00;24.75;24.00;24.50;24.25;25.00;36.25;33.50;24.75;24.50;23.75;24.50;24.50;25.25;37.25;33.25;24.50;24.00;23.25;23.75;24.00;25.00;32.75;28.00;24.00;23.75;23.25;23.75;23.75;23.25;24.50;24.25;23.25;23.25;23.00;22.75;23.00;23.50;23.50;23.50;22.50;22.75;23.50]
91407- [25.00;24.00;24.25;25.25;25.00;24.50;24.75;24.50;24.50;23.50;24.50;26.50;26.75;24.75;24.00;24.75;24.75;24.25;24.75;32.00;30.75;24.75;24.75;24.00;24.00;24.25;25.00;36.25;33.50;24.75;24.25;23.75;24.25;24.50;25.50;37.25;33.25;24.75;24.00;23.50;23.50;24.00;24.75;32.50;28.50;24.00;23.50;23.00;23.25;23.25;23.75;25.00;24.00;23.50;23.25;22.25;23.00;23.00;22.75;23.25;22.75;23.00;22.75;23.00]
91892- [24.50;23.75;24.75;25.50;24.75;24.25;24.50;24.25;24.50;24.00;24.50;26.75;26.25;24.75;24.00;24.50;24.25;24.25;25.00;32.00;31.00;25.00;24.25;23.75;24.00;24.00;25.25;36.00;33.50;24.50;24.00;23.50;24.25;24.50;25.25;37.00;33.25;24.50;23.75;23.00;23.50;24.25;24.75;32.75;28.50;23.75;23.25;23.25;23.50;23.75;23.50;24.75;24.00;23.50;23.25;22.75;23.25;23.00;23.00;23.25;22.50;22.25;23.00;22.25]
92377- [24.25;24.00;24.25;25.25;24.50;24.75;24.75;24.50;24.75;24.25;24.75;26.25;26.50;25.00;24.25;24.25;24.00;24.50;25.25;32.25;30.75;25.25;25.00;24.00;24.25;24.25;25.50;36.00;33.75;24.50;23.75;23.75;24.50;24.25;25.75;36.75;33.50;24.75;24.25;23.25;24.00;23.75;25.00;32.75;28.00;24.50;23.50;23.75;23.50;23.25;23.50;24.75;24.25;23.25;22.50;22.25;23.00;23.50;23.25;23.50;23.00;22.50;22.75;23.00]
92862- [24.25;24.00;24.25;25.25;25.00;24.25;24.50;24.25;24.25;24.25;24.75;26.75;26.50;24.75;24.25;24.50;24.25;24.50;25.00;32.25;31.00;24.75;24.50;23.25;24.25;24.50;25.50;35.75;33.75;24.50;24.00;23.75;24.00;24.75;25.25;37.25;33.50;24.75;23.75;23.50;23.75;23.75;24.75;32.75;28.50;24.00;23.25;23.75;23.50;23.50;24.00;24.50;24.25;23.50;23.00;22.50;23.00;23.50;23.50;22.75;23.00;23.00;23.25;22.75]
93347- [24.50;24.25;24.25;25.75;25.00;24.50;24.25;24.50;24.75;24.75;24.75;26.25;26.50;24.75;24.25;24.75;24.50;25.00;25.50;32.00;31.25;25.00;24.25;23.50;24.25;24.00;25.75;36.50;33.50;25.00;23.75;23.75;24.50;24.50;25.75;37.50;33.50;24.75;24.25;23.50;24.00;24.25;24.75;32.75;28.25;24.00;23.25;23.75;23.50;23.25;23.75;24.75;24.00;23.75;22.75;22.50;23.00;23.25;23.25;23.50;23.00;22.50;23.00;23.00]
93832- [24.75;24.25;24.50;25.00;25.25;24.50;24.75;24.25;24.75;24.25;25.00;26.75;27.00;25.00;24.00;24.50;24.50;24.75;25.00;32.00;31.00;25.25;24.50;24.25;24.25;24.25;25.50;36.25;34.00;25.50;24.00;24.25;24.25;24.50;25.50;37.25;33.50;24.75;24.00;23.25;23.75;24.00;24.75;33.00;28.50;24.25;23.75;23.50;23.50;23.25;24.25;24.75;24.00;24.00;23.25;22.50;23.25;23.25;23.50;23.50;24.25;23.00;23.25;23.25]
94317- [24.50;24.25;24.75;25.50;25.25;24.25;24.75;24.25;24.50;24.50;24.75;26.75;26.50;24.75;25.00;25.00;24.25;24.50;25.50;32.25;31.00;25.00;24.25;24.00;24.00;24.25;25.50;36.50;33.75;24.75;24.25;23.75;24.50;24.75;25.50;37.25;33.25;25.00;24.25;23.50;24.00;24.25;24.75;33.00;28.50;24.00;24.00;23.50;24.00;23.25;23.25;25.25;24.50;23.50;23.50;22.50;23.25;23.50;23.25;23.50;23.25;23.00;23.25;22.50]
94802- [24.75;24.25;24.50;25.25;25.25;24.75;25.00;24.75;24.50;24.50;24.75;27.00;26.50;24.50;24.50;24.25;24.50;24.75;25.25;32.25;31.00;25.25;24.50;24.00;24.25;24.25;25.50;36.50;33.50;25.00;24.25;23.50;24.25;24.50;25.75;37.25;33.25;24.75;24.25;23.50;24.25;24.00;25.00;33.00;28.75;24.00;23.75;23.75;24.00;23.50;23.50;24.50;24.50;23.25;23.00;23.00;23.25;23.25;23.25;23.50;23.25;23.00;23.50;22.75]
95287- [24.50;24.25;24.75;25.50;25.50;24.50;24.50;24.50;24.50;24.25;25.25;26.50;26.75;25.00;23.75;24.50;24.25;24.50;25.50;32.25;31.00;25.25;24.75;23.50;24.00;24.25;25.25;36.75;33.75;25.00;24.25;23.75;25.00;24.75;25.50;37.75;33.25;24.75;24.25;23.75;24.00;23.75;25.00;33.25;28.25;24.25;23.75;23.25;23.50;23.50;23.75;25.00;24.50;24.25;23.25;22.75;23.25;23.25;23.50;23.50;23.50;23.00;23.00;23.00]
95772- [24.75;24.25;24.75;25.25;25.25;24.50;25.00;24.50;24.75;24.25;24.75;26.25;26.25;24.75;24.25;24.50;24.00;24.50;25.25;32.00;30.50;25.00;24.50;23.75;24.50;24.25;25.75;36.25;33.75;24.75;24.25;23.50;24.50;24.50;25.75;37.25;33.75;25.25;24.25;23.25;23.75;24.25;25.00;32.75;28.75;24.00;24.00;23.50;23.75;23.50;24.00;25.00;24.50;24.00;23.00;23.50;23.75;23.50;23.75;23.00;23.50;22.50;23.50;23.25]
96257- [24.75;24.00;24.50;24.75;25.00;24.25;24.50;24.75;25.25;25.00;25.00;26.75;26.50;25.25;24.50;24.75;24.75;24.50;25.50;32.25;31.00;25.50;24.50;23.50;24.75;24.25;25.25;36.50;33.50;25.25;24.25;23.75;24.25;24.75;25.50;37.50;34.00;24.50;23.75;23.50;24.00;23.75;25.00;33.00;28.50;24.00;23.50;23.75;23.50;23.50;24.25;24.75;24.50;24.00;23.25;22.25;24.00;23.50;23.25;23.50;23.50;23.00;23.25;22.75]
96742- [25.00;24.25;24.75;25.00;25.50;24.25;25.00;24.50;24.75;24.50;24.50;26.75;26.50;25.00;24.50;24.25;24.50;24.50;25.50;32.25;31.00;25.00;24.50;23.75;24.50;24.00;25.75;36.00;33.75;25.00;24.25;23.75;24.25;24.25;25.75;37.25;33.75;24.75;24.25;23.50;23.75;24.00;24.75;32.75;28.50;24.25;23.50;23.75;23.00;23.75;23.75;24.75;24.25;24.00;23.25;22.75;23.50;23.00;23.25;23.25;23.00;22.75;23.00;23.00]
97227- [24.50;24.00;25.00;25.00;25.50;25.00;25.00;24.75;24.50;24.50;25.25;26.75;26.50;24.50;24.50;24.50;25.25;24.25;25.50;32.00;31.25;25.00;24.50;24.00;24.50;24.50;25.50;36.25;33.75;25.00;24.25;23.75;24.50;24.75;25.75;37.25;33.75;25.00;24.25;23.25;24.25;24.00;24.75;33.00;28.75;24.50;24.00;23.75;23.25;23.25;24.00;25.00;24.50;23.75;23.25;22.50;23.25;23.25;23.25;23.00;23.25;22.75;23.00;23.00]
97712- [25.00;24.25;24.75;25.25;25.25;24.75;25.00;24.50;25.00;24.00;24.75;27.00;26.50;25.00;24.25;24.25;24.25;24.75;25.50;31.75;30.75;24.75;24.50;23.75;24.50;24.50;25.25;36.25;33.50;25.25;24.25;23.75;24.50;24.75;26.00;37.25;33.25;25.00;24.50;23.25;23.50;24.50;25.00;33.00;28.75;24.00;24.00;23.75;23.25;23.50;24.25;25.00;24.25;23.50;23.25;22.75;23.50;23.25;23.25;23.75;23.50;22.75;23.00;23.00]
98197- [24.50;24.50;24.75;25.25;25.25;24.25;24.75;24.25;24.50;24.00;24.50;26.50;26.75;24.50;24.25;24.75;24.50;24.50;25.50;32.50;31.25;25.25;24.75;24.00;24.75;24.25;25.50;36.00;33.50;25.00;24.25;23.75;24.50;24.25;26.00;37.00;33.25;24.75;24.00;23.75;23.50;24.00;24.75;33.00;28.75;24.00;23.25;23.75;23.50;23.50;23.50;25.00;24.50;23.50;23.00;22.50;22.75;23.00;23.75;23.25;23.75;22.75;23.00;22.75]
98682- [24.75;24.25;25.00;25.50;25.00;24.75;24.50;24.50;24.50;24.50;24.75;26.50;26.75;24.75;24.75;24.25;24.25;24.50;25.25;32.25;31.00;25.25;24.75;24.00;24.25;24.50;25.25;36.25;33.75;25.00;24.25;24.50;24.25;24.50;25.75;37.25;33.50;25.00;24.25;23.50;24.00;23.75;25.00;33.25;28.75;24.25;23.50;23.50;23.75;23.25;23.50;25.00;24.50;23.75;23.75;22.50;23.75;23.75;23.50;23.00;23.50;23.00;23.25;23.25]
99167- [24.25;24.25;24.75;25.25;25.75;24.75;24.75;24.50;24.50;24.25;25.25;26.50;26.50;24.75;24.25;24.25;24.50;25.00;25.00;32.25;31.00;25.50;24.75;24.00;24.00;24.50;25.50;36.00;33.25;25.00;24.50;24.00;24.00;24.50;25.50;37.25;33.50;24.75;23.75;23.50;23.50;24.00;24.75;33.25;28.50;24.00;23.75;23.50;23.50;22.75;23.75;25.25;24.25;23.50;23.00;22.50;23.50;23.50;24.00;23.00;23.25;23.00;23.25;22.75]
99652- [25.00;23.50;24.25;25.00;25.00;24.75;25.00;24.25;24.50;24.00;24.75;26.25;26.25;24.50;24.25;24.00;24.25;24.75;25.00;32.00;30.75;25.25;24.50;24.00;24.25;24.00;25.25;35.75;33.50;25.00;23.75;23.75;24.25;24.75;25.50;37.50;33.00;24.50;23.75;23.50;24.00;24.25;24.75;33.00;28.25;24.00;23.00;23.50;23.00;23.25;23.75;25.00;24.50;23.25;23.00;22.00;23.00;23.25;23.00;23.25;23.25;22.25;23.25;22.75]
100137-[24.75;24.00;24.25;25.00;25.50;24.25;24.75;24.25;24.50;24.25;24.50;26.25;26.50;24.75;24.50;24.25;24.25;24.25;25.00;31.75;30.75;25.00;24.25;24.25;24.25;24.25;25.00;36.25;33.75;24.75;24.00;23.50;24.25;24.25;25.50;37.25;33.25;24.75;24.25;23.50;23.75;24.00;25.00;33.00;28.50;24.25;23.75;23.25;23.75;23.25;24.25;24.75;24.50;23.50;23.50;22.75;23.25;23.50;23.25;23.00;23.00;23.00;23.00;23.00]
100622-[24.50;24.00;24.50;25.25;25.00;24.75;24.25;24.25;25.00;24.25;24.75;26.50;26.50;24.75;24.25;24.25;24.50;24.50;25.50;31.75;30.75;24.75;24.75;24.00;24.00;24.25;25.00;36.25;33.25;25.00;24.50;23.50;24.25;24.50;25.00;37.25;33.50;24.75;24.00;23.50;24.00;24.00;24.75;33.25;29.00;24.00;23.50;23.25;23.50;23.50;24.00;24.75;24.25;23.50;23.00;23.00;23.25;23.25;23.25;23.00;23.50;22.75;23.25;22.50]
101107-[24.50;24.50;24.25;25.50;25.25;24.75;25.00;24.75;24.50;24.25;25.25;26.75;26.50;24.75;24.75;24.50;24.75;24.50;25.25;32.25;31.00;24.75;24.25;24.50;24.25;24.00;25.00;36.50;33.00;25.00;24.00;23.50;24.50;24.25;25.75;37.25;33.50;25.00;24.25;23.25;23.50;24.25;25.25;33.00;28.50;24.25;23.25;23.50;23.50;23.00;23.75;25.00;24.00;23.75;22.75;22.75;23.25;23.25;23.25;23.75;23.25;23.00;22.75;22.75]
101592-[25.00;24.50;25.00;25.50;25.25;24.75;25.25;24.75;24.50;24.75;24.75;26.25;26.50;25.00;24.50;24.75;24.50;24.50;25.25;32.00;30.75;25.50;24.50;24.00;23.75;24.25;25.00;36.25;33.50;25.25;24.50;23.00;24.25;24.25;25.25;37.75;33.25;25.25;24.25;23.75;24.00;23.75;25.50;33.00;28.50;24.25;23.25;23.50;23.75;23.50;24.00;25.00;24.25;23.25;23.25;22.25;23.00;23.25;23.00;23.00;23.25;23.00;23.00;22.75]
102077-[24.50;24.00;24.50;25.25;25.25;24.75;24.75;24.25;24.75;24.25;25.00;26.75;26.75;25.25;24.50;24.25;24.25;24.75;25.50;31.75;31.25;25.50;24.75;24.00;24.25;24.25;25.50;36.25;33.75;24.75;24.00;23.75;24.50;24.50;25.75;37.50;33.25;24.75;24.25;23.50;23.50;24.00;25.00;32.75;28.50;24.00;24.00;23.25;23.75;24.00;23.75;25.00;24.75;24.25;23.00;23.00;23.25;23.50;23.50;23.50;23.50;22.50;23.75;22.75]
102562-[24.50;23.75;24.50;25.75;25.25;24.25;24.75;24.25;24.25;24.25;25.00;26.75;26.25;24.75;24.25;24.75;24.75;24.75;25.50;32.00;31.00;25.25;24.50;23.75;24.00;24.50;25.25;36.00;33.50;25.00;24.00;24.00;24.25;24.75;26.00;37.50;33.25;25.00;24.25;23.50;23.50;24.50;25.25;33.25;28.50;24.00;23.50;24.00;23.25;23.50;24.25;25.00;24.50;24.00;23.00;22.75;23.75;23.25;23.75;22.75;23.75;23.00;23.00;22.25]
103047-[24.50;24.25;24.50;25.50;25.00;24.75;24.50;24.25;24.75;24.00;25.00;26.50;26.50;25.00;24.00;24.50;24.75;24.75;25.25;32.50;31.00;25.25;24.50;24.25;24.25;24.25;25.50;36.00;33.75;24.75;24.00;23.25;24.50;24.25;26.00;37.50;33.25;24.50;23.75;23.25;23.75;24.25;24.75;33.25;28.50;24.00;23.75;23.50;23.50;23.50;24.25;25.00;24.50;23.75;23.50;22.50;23.00;23.50;23.75;23.00;23.25;23.25;23.25;22.75]
103532-[24.50;24.50;24.75;25.50;25.50;24.50;24.75;24.50;24.50;24.50;25.25;27.00;26.50;24.75;24.50;24.50;24.25;24.75;25.25;32.00;31.25;25.25;24.50;24.25;24.75;24.50;25.50;36.25;33.75;25.25;24.25;24.00;24.50;24.50;25.75;37.25;33.25;25.25;24.25;24.00;24.25;24.00;25.00;33.25;28.50;24.25;23.50;24.00;23.50;23.75;24.25;25.25;24.25;23.50;23.25;22.50;23.50;23.25;23.00;23.75;23.50;23.50;22.75;23.00]
104017-[24.50;24.00;24.75;25.00;25.00;24.50;24.75;24.25;24.50;24.25;24.25;26.75;26.50;24.75;24.25;24.75;24.75;25.00;25.50;32.00;31.00;25.25;24.50;23.75;24.25;24.25;25.75;36.25;33.75;24.75;24.75;23.75;24.25;24.75;25.50;37.50;33.00;25.00;24.25;23.75;23.50;24.00;25.25;33.25;28.25;24.50;23.75;23.25;23.50;23.25;23.50;25.00;24.50;24.25;23.00;22.75;22.75;23.00;24.00;23.00;23.50;22.75;22.75;22.75]
104502-[24.25;24.25;24.00;25.25;24.75;24.25;24.75;24.50;24.75;24.50;25.25;26.75;26.75;24.75;24.25;24.50;24.50;24.25;25.50;32.00;31.00;25.00;24.75;24.00;24.50;24.50;25.00;36.25;33.25;25.25;23.75;23.75;24.00;24.75;25.75;37.75;33.75;24.75;24.25;23.25;24.00;23.75;25.00;33.00;28.50;24.25;23.75;23.50;23.75;23.75;24.00;25.50;24.75;24.00;23.50;22.75;23.50;23.25;23.75;23.25;23.00;23.00;23.25;22.75]
104987-[25.00;24.25;24.50;25.50;25.25;24.25;24.50;24.25;25.00;24.25;25.25;26.50;26.50;25.00;24.25;25.00;24.75;24.50;25.50;32.00;31.00;25.00;24.50;24.25;24.75;24.50;25.25;36.50;33.75;25.50;24.00;24.00;24.75;24.75;25.75;37.50;33.50;25.00;24.25;23.50;23.25;24.00;25.00;33.25;28.50;24.50;23.75;23.75;23.75;23.25;24.00;25.50;24.75;23.50;23.25;22.50;23.25;23.25;23.50;23.50;23.25;23.25;23.50;23.25]
105472-[24.50;24.25;24.75;25.25;25.00;24.50;24.75;24.25;24.75;24.00;25.00;26.50;26.50;24.75;24.25;23.75;24.00;24.75;25.25;32.00;31.25;25.00;24.50;23.75;24.50;24.25;25.50;36.00;33.50;24.75;24.00;23.50;24.50;24.50;25.75;37.50;33.25;24.75;24.50;24.00;24.00;24.50;24.75;32.75;28.25;24.25;23.75;24.00;23.75;23.00;23.50;25.00;24.50;24.00;23.75;22.75;23.50;23.00;23.75;23.25;23.50;22.75;23.75;22.25]
105957-[25.00;23.50;24.50;25.50;25.25;24.50;24.50;24.50;24.50;24.25;24.75;26.75;26.75;25.00;24.25;24.50;24.25;24.75;25.50;32.00;31.00;25.25;24.25;23.50;25.00;24.50;25.75;36.00;33.50;24.75;24.00;23.75;24.50;24.75;25.50;37.25;33.50;25.00;24.00;23.75;24.00;24.00;24.75;33.50;28.25;24.00;23.75;24.00;24.00;23.75;24.00;25.00;24.50;23.50;23.75;22.75;23.25;22.75;23.50;23.25;23.50;23.25;23.00;23.00]
106442-[25.00;24.50;24.50;25.50;25.50;24.75;25.00;25.00;24.50;24.75;25.00;26.50;27.00;25.25;24.25;25.00;24.50;24.50;25.25;31.75;31.25;25.25;24.50;24.25;24.50;24.50;25.50;36.50;33.75;25.25;24.25;24.00;24.50;24.75;26.00;37.50;33.75;25.25;24.25;23.50;23.50;24.25;25.00;33.25;28.25;24.25;23.50;23.50;23.50;23.25;24.00;25.00;24.50;23.75;23.00;22.50;23.00;23.50;23.50;23.50;23.25;23.50;23.25;23.25]
106927-[24.75;24.25;24.75;25.25;25.25;24.50;24.75;24.50;24.50;24.25;25.25;26.75;26.50;24.50;24.25;24.25;24.50;24.75;25.25;32.50;31.00;25.00;25.00;24.50;24.50;24.50;25.50;36.50;33.25;25.00;24.25;24.50;24.50;24.75;26.00;37.75;33.75;25.00;24.25;23.75;23.75;24.25;24.75;33.25;28.75;24.25;23.25;24.00;24.25;23.50;24.00;25.00;24.50;23.75;23.25;22.75;23.50;23.75;23.50;23.75;23.75;23.00;23.50;22.75]
107412-[24.75;24.25;24.25;25.50;25.00;24.50;24.75;24.25;24.75;24.75;24.75;26.75;26.50;25.25;24.75;24.00;24.50;24.75;25.25;32.00;31.00;25.25;24.75;24.00;24.50;24.25;25.50;36.50;34.00;25.00;24.25;23.75;24.00;24.50;26.00;37.25;33.50;25.00;24.25;23.75;23.75;24.00;25.00;33.50;28.75;24.00;24.00;23.75;23.25;23.75;24.25;25.00;24.00;23.75;23.25;22.50;23.75;23.25;23.75;23.75;23.00;22.50;23.25;23.00]
107897-[24.75;24.25;24.50;25.00;25.25;24.75;24.75;24.75;24.50;24.50;25.00;26.75;27.00;25.00;24.75;24.50;24.50;24.75;25.25;32.00;31.00;25.50;24.75;23.75;24.25;24.75;25.50;36.25;33.50;25.00;24.25;24.00;24.25;24.75;25.75;37.75;33.75;25.00;24.25;24.00;24.75;24.50;24.75;33.75;29.00;24.50;24.00;23.50;23.50;23.50;24.00;25.25;24.50;23.50;23.25;23.00;23.25;23.50;23.75;23.25;23.75;23.25;23.50;23.25]
108382-[24.75;24.25;24.75;25.25;25.50;24.50;25.25;24.50;24.50;24.25;25.00;26.50;26.50;25.00;24.00;24.75;24.25;24.50;25.50;31.75;31.00;25.00;25.00;24.25;24.25;24.50;25.75;36.25;34.00;25.00;24.25;23.50;24.50;24.75;25.50;37.25;33.50;24.75;24.00;23.50;23.75;24.25;25.25;33.00;28.75;24.00;23.50;23.75;23.50;23.50;24.00;24.75;24.50;23.75;23.25;22.50;23.25;23.00;23.50;23.50;23.50;22.50;23.00;22.50]
108867-[24.75;24.50;24.50;25.50;25.50;24.50;24.75;24.75;24.50;24.50;24.75;27.00;26.75;25.25;24.25;25.00;24.75;24.75;25.50;32.25;31.25;25.50;24.50;24.25;24.50;24.25;25.75;36.50;34.00;25.00;24.75;24.00;24.75;25.25;25.75;37.50;33.75;25.00;24.25;23.50;24.00;24.00;25.25;33.50;28.50;24.50;23.50;23.75;23.25;24.00;24.00;25.00;24.50;24.25;23.25;22.75;23.25;23.25;23.50;23.50;23.25;23.00;23.25;22.75]
109352-[24.75;24.25;24.75;25.25;25.25;24.75;24.50;24.25;24.75;24.75;25.25;27.00;26.75;25.25;24.50;24.50;24.75;25.25;25.75;32.25;31.25;25.50;24.75;24.25;24.75;24.50;25.50;36.25;33.50;25.00;24.25;24.25;24.75;24.50;25.75;37.75;33.75;25.25;24.50;24.25;24.25;24.50;25.25;33.00;29.00;24.25;23.75;23.75;24.00;23.75;24.25;25.50;24.50;24.00;23.25;22.75;24.25;23.25;23.75;22.75;23.50;22.75;23.75;23.50]
109837-[24.75;24.50;24.75;25.25;25.50;24.50;25.00;24.75;24.75;24.25;25.00;26.75;26.75;25.00;24.25;24.75;24.50;24.50;25.00;32.50;31.25;25.00;24.75;24.00;24.50;24.75;25.25;36.25;33.75;25.00;24.25;23.75;24.50;24.25;25.50;37.25;33.00;25.00;24.25;23.75;23.50;24.25;25.25;32.50;28.50;24.50;23.75;23.75;23.75;23.25;23.75;24.75;24.75;23.50;23.25;22.50;23.50;23.75;23.25;23.50;23.25;23.50;23.50;22.75]
110322-[24.50;24.25;24.50;25.50;25.00;24.00;24.75;24.25;24.25;24.50;25.00;26.75;26.50;25.00;24.25;24.50;24.25;25.00;25.25;31.75;31.00;25.25;24.50;24.00;24.25;24.25;25.50;36.50;33.50;25.00;24.00;24.00;24.00;24.75;25.75;37.50;33.50;25.00;24.25;23.75;24.00;24.00;25.00;33.25;29.00;24.25;23.75;24.00;23.50;23.50;23.75;24.75;24.00;23.75;23.50;22.75;22.75;23.50;24.00;24.00;23.75;23.25;23.25;22.25]
110807-[24.75;24.00;24.50;25.00;25.25;24.50;24.75;24.25;24.75;24.50;25.00;26.50;26.75;24.75;24.75;25.00;24.50;24.50;25.25;32.00;31.00;25.25;24.75;24.25;24.25;24.50;25.50;36.00;34.00;25.00;24.00;23.50;24.50;24.50;25.75;37.50;33.25;25.00;24.25;23.75;23.75;24.25;24.75;33.00;28.50;24.25;24.00;23.50;23.50;23.00;23.50;24.75;24.75;23.50;23.25;22.25;23.25;23.75;23.25;23.75;23.25;22.75;23.50;22.25]
111292-[24.75;24.25;24.25;25.25;24.50;24.50;24.25;24.25;24.50;24.50;24.75;26.25;26.25;24.75;24.00;24.50;24.25;24.50;25.25;32.25;30.75;25.00;24.50;24.00;24.25;24.50;25.50;36.25;33.50;25.00;24.25;24.00;24.25;24.50;25.50;37.25;33.25;24.75;24.25;23.75;24.00;24.00;24.75;33.00;28.25;24.00;23.75;23.75;23.50;23.50;24.00;25.25;24.25;24.00;23.25;23.00;22.50;24.25;23.75;23.75;22.75;23.25;23.75;23.25]
111777-[24.75;24.00;24.50;25.50;25.00;25.00;24.75;24.75;24.75;24.25;25.00;26.25;26.50;24.75;24.25;24.25;24.75;24.50;25.00;32.00;31.00;25.25;24.75;24.25;24.25;24.00;25.25;35.75;33.50;25.00;24.00;23.50;24.50;24.25;25.50;37.50;33.25;24.75;24.00;23.25;23.50;24.00;24.75;33.00;28.25;24.25;23.75;23.50;23.50;23.50;23.75;25.25;24.50;23.75;23.25;23.00;23.50;23.00;23.50;23.25;23.25;23.00;23.00;23.00]
112262-[24.75;23.50;24.25;25.00;25.25;24.25;24.50;24.50;24.50;24.25;24.50;26.50;26.25;24.75;24.00;24.00;24.50;24.50;25.25;31.50;30.25;24.75;24.25;23.75;23.75;24.00;25.25;36.00;33.50;24.50;23.75;23.75;24.50;24.25;25.25;37.00;33.00;24.50;24.00;23.00;24.25;24.25;24.75;33.00;28.25;24.25;23.50;23.50;23.75;22.75;24.00;25.00;24.00;23.75;22.75;22.50;23.50;23.75;23.00;23.25;23.50;23.00;23.25;22.50]
112747-[24.25;24.00;24.50;25.00;25.25;24.75;24.50;24.25;24.75;24.75;24.75;26.50;26.25;25.00;24.25;24.25;24.25;24.50;25.00;31.75;30.50;24.75;24.25;24.00;24.25;24.50;25.25;35.75;33.50;24.75;24.00;23.75;24.25;24.75;25.50;37.25;33.25;24.75;24.00;23.25;23.75;24.25;24.75;33.00;28.50;24.25;23.75;23.75;24.00;23.50;24.25;25.25;24.25;23.50;23.50;22.75;23.25;23.50;23.25;23.00;23.25;23.25;22.75;22.50]
113232-[24.75;23.75;24.25;25.25;25.00;24.25;24.75;24.50;24.50;24.50;25.00;26.50;26.25;25.00;24.50;24.25;24.75;24.50;25.50;32.25;30.50;25.25;24.25;24.00;24.00;24.25;25.50;36.25;33.25;24.75;24.00;23.75;24.50;24.50;25.50;37.75;33.50;25.00;24.50;23.50;23.75;24.25;24.75;32.75;28.75;24.00;23.75;23.75;23.50;23.25;24.00;25.00;24.25;23.75;23.25;22.50;23.00;23.25;23.25;23.00;23.25;22.75;23.00;23.00]
113717-[24.50;24.25;24.50;25.25;25.25;24.25;24.75;24.50;24.25;24.25;24.75;26.00;26.50;24.75;24.75;24.50;24.50;24.50;25.25;32.00;30.75;25.25;24.50;24.00;24.25;24.25;25.25;36.00;33.50;24.75;23.75;23.50;24.75;24.50;25.75;37.00;33.25;25.00;24.00;23.75;24.00;24.00;25.00;33.00;28.25;24.25;23.50;23.00;23.75;23.50;23.75;25.00;24.25;23.50;23.00;22.50;23.25;23.25;23.50;23.00;23.25;22.75;23.75;22.75]
114202-[24.75;24.00;24.75;25.50;25.00;24.50;25.00;24.50;24.50;24.25;24.75;26.50;26.50;24.25;24.25;24.50;24.25;24.75;25.00;32.00;30.50;25.25;24.25;24.00;24.00;24.00;25.50;36.00;33.25;24.75;24.00;23.75;24.50;24.50;25.50;37.00;33.25;24.50;23.75;23.25;23.50;23.75;25.00;33.00;28.25;24.00;23.50;23.50;23.25;23.25;23.75;25.25;24.00;23.75;23.00;22.50;22.75;23.25;23.50;23.00;23.50;23.00;23.25;22.50]
114687-[24.00;24.00;24.75;25.00;25.25;24.25;24.50;24.25;24.75;24.25;24.25;26.50;25.75;24.75;24.25;24.25;24.25;24.50;25.25;31.50;30.75;25.00;24.75;23.50;24.50;24.25;25.25;35.75;33.25;25.00;24.25;23.25;24.00;24.50;25.75;37.25;33.25;24.25;23.50;23.50;23.75;23.75;24.75;33.00;28.25;24.25;23.75;23.50;23.25;23.75;23.50;24.75;24.50;23.50;23.00;22.25;22.75;23.25;23.25;23.25;23.25;22.75;23.25;22.25]
115172-[24.25;24.00;24.25;25.00;25.00;24.25;24.50;24.00;24.75;24.00;24.75;26.50;26.25;24.25;24.00;24.25;24.50;24.50;24.75;31.75;30.50;25.25;24.25;23.75;24.00;23.75;25.25;36.25;33.25;24.75;24.25;23.25;24.50;24.25;25.25;37.00;33.25;24.75;23.75;23.25;23.75;24.50;25.00;32.75;28.50;24.00;23.25;23.75;23.25;23.25;23.25;25.00;24.50;23.50;23.00;22.50;22.50;23.25;23.25;23.25;23.25;22.75;22.75;22.75]
115657-[24.50;23.75;24.25;25.00;24.50;24.25;24.00;24.25;24.00;24.50;24.50;26.75;26.25;24.75;24.00;23.75;24.50;24.25;24.75;31.50;30.50;25.00;24.25;23.75;24.00;24.00;25.25;36.00;33.50;24.75;23.50;23.50;24.50;24.00;25.00;37.50;33.00;24.25;23.75;22.75;23.50;23.50;24.50;32.75;28.25;24.00;23.50;23.25;23.00;22.50;23.50;25.25;24.25;23.25;23.00;22.25;23.00;22.50;23.25;23.00;23.25;22.25;22.50;22.25]
116142-[24.25;23.50;24.00;25.00;24.75;24.75;24.75;24.50;24.50;23.75;24.50;26.25;26.25;24.75;24.25;24.50;24.00;24.50;25.00;32.00;30.75;24.50;24.50;24.00;24.25;23.75;25.25;36.00;33.25;24.50;24.25;23.50;23.75;24.25;25.00;37.00;33.00;25.00;23.75;22.75;23.50;24.00;24.50;32.50;28.25;24.25;23.25;23.25;23.25;23.00;23.50;24.75;24.25;23.00;23.00;22.25;23.25;23.00;23.00;23.25;23.00;23.25;23.25;23.00]
116627-[24.75;24.25;24.50;25.00;25.50;24.50;24.50;24.75;24.25;24.00;24.75;26.50;26.75;25.00;24.25;24.75;23.75;24.75;25.25;31.50;30.75;25.00;24.50;24.00;24.25;24.00;25.50;36.00;33.25;24.50;24.25;23.75;24.25;24.50;25.75;37.25;33.25;24.75;23.50;23.50;24.00;24.00;24.75;33.25;28.50;23.75;23.75;23.25;23.25;23.50;23.50;25.00;24.00;24.00;23.25;22.75;22.75;22.75;23.50;23.75;23.25;22.75;23.00;22.75]
117112-[24.00;24.25;24.50;24.75;25.25;24.00;25.00;24.25;24.25;24.50;24.25;26.25;26.50;24.75;24.00;24.50;24.00;24.75;25.25;31.75;30.75;24.75;24.50;24.50;24.00;24.00;25.25;36.00;33.50;24.75;23.75;23.25;24.00;24.50;25.50;37.25;33.00;24.25;24.00;23.75;23.75;24.00;24.50;32.50;28.25;24.25;23.25;23.25;23.25;23.75;23.50;25.25;24.50;23.50;23.25;22.50;23.25;23.25;23.25;23.00;23.00;22.75;23.25;22.75]
117597-[24.50;23.50;24.50;25.00;25.00;24.25;24.25;23.75;24.25;24.50;24.75;26.25;26.75;24.75;24.00;24.50;24.25;24.00;25.00;32.25;30.75;25.00;24.00;24.00;24.00;24.25;25.25;35.75;33.25;24.50;24.00;24.00;24.25;24.25;25.75;37.00;33.25;24.75;23.75;23.25;24.25;24.00;24.75;33.00;28.50;23.75;23.50;23.50;23.50;23.50;23.50;24.50;24.50;23.50;23.00;22.25;22.50;23.25;23.00;23.25;23.25;22.50;23.00;22.25]
118082-[24.25;24.00;24.25;25.25;25.25;24.00;24.50;24.25;24.75;24.25;24.50;26.00;26.50;24.50;24.25;24.50;24.50;24.75;25.00;31.75;30.50;25.00;24.00;24.00;24.00;24.00;25.00;36.00;33.50;24.50;24.25;23.75;24.00;23.75;25.75;37.25;33.00;24.50;24.00;23.25;23.75;23.50;25.00;32.75;28.50;23.75;23.50;23.25;22.75;23.25;23.75;24.75;24.50;23.50;23.25;22.00;23.25;23.75;23.25;23.25;23.50;23.25;23.25;22.25]
118567-[24.75;24.00;24.25;24.75;24.75;24.00;24.50;24.75;24.75;24.25;24.00;26.25;26.50;24.50;23.75;24.25;24.00;24.00;25.25;31.75;30.50;24.75;24.25;23.75;24.00;24.25;25.00;36.00;33.25;24.50;23.75;23.75;24.25;24.50;25.50;37.25;33.25;24.75;24.00;23.50;23.50;24.50;24.75;32.75;28.25;24.00;23.50;23.75;23.25;23.50;23.75;24.75;24.00;23.75;23.00;22.00;23.50;23.50;23.75;23.25;23.50;22.75;23.00;23.50]
119052-[25.00;23.25;24.00;24.75;25.00;24.00;24.25;24.50;24.00;24.00;24.25;26.25;26.25;24.75;24.00;24.50;24.50;24.75;25.00;31.50;30.50;24.75;24.50;24.25;24.00;24.25;24.75;36.00;33.50;24.75;23.75;23.75;24.00;24.25;25.25;37.00;33.00;24.75;24.25;23.25;23.25;23.75;24.75;33.25;28.25;23.75;23.25;23.25;23.50;23.25;23.75;24.75;24.50;23.50;22.75;23.00;23.00;23.25;23.75;22.75;23.50;22.75;23.25;22.25]
119537-[24.50;24.25;24.25;24.75;25.00;24.25;25.00;24.25;24.25;24.50;24.75;26.25;26.25;24.50;24.00;24.25;24.00;24.50;25.25;31.50;30.50;24.75;24.25;23.75;24.00;24.00;25.25;36.00;33.50;24.75;24.25;23.50;24.25;24.00;25.75;37.75;33.25;24.75;24.50;23.00;24.25;24.00;25.00;33.00;28.75;24.25;23.75;23.25;23.50;23.50;23.75;25.25;24.25;23.75;22.75;23.00;23.50;23.25;23.50;23.00;23.25;23.00;23.00;23.25]
120022-[24.50;24.00;24.00;24.75;25.00;24.25;24.25;24.25;24.50;24.00;24.00;26.50;26.25;24.25;24.25;24.50;24.25;24.75;25.00;31.50;31.25;24.75;24.25;23.50;24.25;24.00;25.25;36.00;33.25;24.75;24.00;23.75;24.25;24.50;25.50;37.00;32.75;24.25;24.25;23.25;23.75;24.00;24.75;32.75;28.75;23.75;23.00;23.25;23.50;23.00;23.75;25.00;24.00;23.50;22.75;22.50;23.25;23.75;23.00;22.75;23.00;23.50;22.75;23.25]
120507-[24.50;24.00;24.00;25.00;24.75;24.00;24.50;24.50;24.75;24.50;24.75;26.75;26.25;24.75;24.25;24.00;24.50;24.25;25.00;32.00;30.75;25.00;24.75;23.75;24.00;24.25;25.00;36.25;33.25;24.75;24.00;23.75;24.25;24.50;25.50;37.25;32.75;24.50;24.25;23.25;23.50;24.00;25.00;32.75;28.50;24.25;23.25;23.75;23.50;23.50;23.75;25.00;24.50;23.50;23.00;22.50;23.00;23.00;23.25;23.25;23.75;22.50;23.00;22.50]
120992-[24.50;24.25;24.50;25.00;25.25;24.00;24.50;24.25;24.00;24.25;24.75;26.00;26.50;24.75;24.25;24.75;24.00;24.50;24.75;31.75;30.50;24.75;24.00;24.00;24.25;24.25;25.25;35.75;33.50;24.75;24.00;23.50;24.75;24.50;25.50;37.25;33.00;24.75;24.00;23.50;23.75;24.25;24.50;33.00;28.50;24.25;23.00;23.25;23.25;23.50;23.50;25.00;24.00;23.50;23.00;22.75;23.50;23.25;23.00;23.25;23.25;22.75;23.25;22.25]
121477-[24.25;24.00;24.50;24.75;24.75;24.25;24.50;24.25;24.50;24.25;24.75;26.00;26.50;24.75;24.25;24.00;24.50;25.00;25.00;31.75;30.75;24.75;24.75;23.75;24.00;24.25;24.75;36.00;33.25;24.75;24.00;24.00;24.25;24.25;25.25;37.25;33.25;24.75;24.00;23.25;23.75;23.75;24.50;33.25;28.25;24.25;23.00;23.00;23.25;23.25;23.50;25.00;24.50;23.75;23.00;22.50;23.25;23.75;23.50;23.25;23.50;22.50;23.00;22.50]
121962-[23.75;24.00;24.50;25.00;25.00;24.50;24.75;24.25;24.25;24.00;24.50;26.00;26.00;24.50;23.75;23.75;24.25;24.50;25.00;32.00;30.75;24.75;24.25;23.75;23.75;24.00;25.50;36.00;33.50;24.75;24.00;23.50;24.50;24.75;25.25;37.25;33.25;24.50;24.00;23.50;24.25;23.75;25.00;32.75;28.50;24.00;23.75;23.75;23.00;23.00;24.00;25.00;24.50;23.75;23.50;22.25;23.00;23.50;23.25;23.50;23.75;22.75;23.25;23.50]
122447-[25.00;23.50;24.25;25.00;25.00;24.25;24.50;24.50;24.50;24.00;24.75;26.25;26.25;24.50;24.50;24.50;24.00;24.00;24.75;32.00;31.00;24.75;24.50;23.50;24.00;24.25;25.00;36.25;33.25;24.75;24.00;23.75;24.25;24.50;25.25;37.25;33.25;24.25;24.25;23.00;23.75;23.75;24.75;32.75;28.25;23.75;23.50;23.25;22.75;23.25;23.50;25.00;24.25;23.25;22.75;22.25;23.50;23.25;23.75;23.75;23.25;22.75;23.50;23.00]
122932-[24.25;24.00;24.25;25.00;24.50;24.25;24.75;23.75;24.00;24.00;24.75;26.25;26.00;24.50;24.00;24.00;24.50;24.75;25.25;31.75;30.50;25.00;24.75;23.50;24.25;24.75;25.25;36.00;33.25;24.75;23.75;23.75;24.25;24.00;25.50;37.25;33.00;24.50;24.00;24.00;23.50;23.75;24.75;32.75;28.50;23.75;23.50;23.00;23.25;23.00;23.25;24.75;24.75;23.50;22.50;22.50;23.75;23.00;23.50;22.75;23.50;22.75;23.50;23.00]
123417-[24.50;24.00;24.75;25.50;25.00;24.50;25.00;24.25;24.50;24.25;25.25;26.50;26.50;24.50;23.50;24.00;24.25;24.25;25.25;32.00;30.75;25.25;24.00;23.75;24.00;24.25;25.50;36.00;33.25;24.50;24.00;23.25;24.25;24.50;25.25;37.25;33.25;24.75;24.00;23.50;23.25;24.00;25.00;33.00;28.50;24.75;23.75;22.75;23.50;23.25;24.00;25.00;24.00;23.75;23.00;22.75;22.75;23.25;23.25;23.50;23.75;22.50;23.00;23.00]
123902-[24.75;24.25;24.25;25.00;25.25;24.25;24.75;24.75;24.75;24.25;24.75;26.50;26.25;24.75;24.25;24.75;24.50;24.50;25.25;31.75;30.75;25.00;24.25;24.25;24.00;24.50;25.00;35.75;33.50;24.75;24.25;23.75;24.25;24.50;26.00;37.25;33.25;24.75;24.00;23.50;24.25;24.25;24.75;33.00;28.50;24.50;23.50;24.00;23.50;23.50;23.75;25.00;24.50;23.25;23.00;22.25;23.75;22.75;23.50;23.00;23.50;22.75;23.75;22.75]
124387-[24.50;24.00;25.00;25.25;25.25;24.75;24.50;24.50;24.50;24.50;24.75;26.75;26.25;24.75;24.50;24.50;24.00;24.50;25.50;32.00;31.25;25.00;24.25;24.25;24.25;24.00;25.50;36.25;33.75;25.00;24.25;23.75;24.50;24.50;25.50;37.25;33.25;24.75;24.00;23.50;23.75;23.75;24.75;33.00;28.50;24.00;23.75;23.50;23.75;23.50;24.00;25.00;24.25;23.75;23.50;23.00;23.50;23.25;23.75;24.00;23.50;22.50;23.25;23.00]
124872-[24.50;23.75;24.75;25.00;24.75;24.75;24.50;24.75;24.00;24.25;24.50;26.50;26.50;25.00;24.50;24.75;24.25;24.75;25.25;32.25;31.25;25.25;24.25;23.75;24.00;24.25;25.50;36.00;33.75;25.25;24.25;23.75;24.75;24.25;25.75;37.00;33.00;25.00;24.00;23.75;24.00;24.00;25.25;32.50;28.50;24.25;23.75;23.50;23.25;23.75;23.50;25.00;24.25;24.00;23.00;22.50;23.25;23.50;23.25;23.50;23.50;22.75;22.75;23.00]
125357-[24.75;23.75;24.50;25.25;25.00;24.00;25.00;24.00;24.25;23.50;25.00;26.25;26.25;25.00;24.25;24.25;24.50;24.50;25.25;32.25;31.25;25.25;24.25;24.25;24.00;24.25;25.50;35.75;33.75;24.75;24.00;23.75;24.25;24.00;25.50;37.50;33.25;25.00;23.75;23.25;23.75;24.00;25.00;32.75;28.25;24.25;23.25;23.75;23.75;23.00;23.50;24.75;24.50;23.50;23.00;22.50;23.00;22.75;23.50;23.00;23.25;22.75;22.75;22.75]
125842-[24.50;24.00;24.75;25.00;24.75;24.25;24.75;24.25;24.75;24.50;25.00;26.25;26.50;25.00;24.25;24.25;24.50;24.50;25.00;32.00;31.00;25.00;24.50;23.75;24.00;24.25;25.25;35.75;33.00;25.00;23.75;24.00;24.25;24.00;25.75;37.00;33.25;24.50;23.75;23.75;24.25;24.00;24.75;32.75;28.00;24.00;23.50;23.50;23.50;23.25;23.75;25.25;24.25;23.25;22.75;22.50;23.00;23.25;23.50;23.25;23.00;22.75;22.75;23.50]
126327-[24.75;23.75;24.25;25.25;25.50;24.50;24.75;24.25;24.50;24.50;24.50;26.75;26.75;24.50;24.25;24.50;24.00;24.25;25.25;32.00;30.75;25.00;24.25;23.75;24.50;24.25;25.00;36.00;33.75;25.00;24.25;23.75;24.50;24.50;25.75;37.25;33.25;25.25;24.00;23.75;24.00;24.00;24.75;32.50;28.75;24.25;23.50;23.75;23.50;23.25;23.75;25.25;24.25;23.25;23.25;22.75;23.25;23.25;23.50;23.00;23.25;22.75;23.25;23.00]
126812-[25.00;23.50;24.75;25.25;25.25;24.50;24.50;24.50;24.75;24.50;25.25;26.25;26.50;24.75;24.25;25.00;24.50;24.50;25.25;32.25;31.00;25.00;24.50;23.75;24.00;24.00;25.00;35.75;33.75;25.00;24.25;23.50;24.25;24.25;25.50;37.00;33.25;25.00;24.25;23.50;23.50;24.00;25.00;32.75;28.75;24.25;23.50;23.50;23.50;23.25;23.75;25.00;24.25;24.00;23.25;22.50;23.25;23.75;23.50;23.25;23.75;22.50;23.25;22.75]
127297-[24.50;24.00;24.50;25.00;25.00;24.50;25.00;24.50;25.00;25.00;24.75;26.50;26.50;24.75;23.75;24.75;24.50;24.25;25.25;32.00;31.00;25.25;24.50;23.50;24.00;24.00;25.50;36.25;33.50;25.00;24.50;23.50;24.00;24.50;25.25;37.50;33.25;24.50;24.25;23.25;23.75;24.25;24.50;33.00;28.25;24.00;23.25;23.50;23.75;23.50;23.50;24.50;24.25;23.50;23.25;22.50;23.00;23.75;23.50;23.50;23.00;23.00;23.25;23.25]
127782-[24.25;24.00;24.25;25.25;25.00;24.50;24.50;24.25;23.75;24.00;24.50;26.50;26.00;24.50;23.75;24.50;25.00;24.50;25.25;32.00;31.00;24.75;24.50;24.00;24.25;24.25;25.50;36.00;33.50;24.50;24.00;23.50;24.25;24.75;25.50;37.00;33.50;25.00;23.50;23.25;23.50;24.25;25.25;32.50;28.25;24.00;23.25;23.50;23.25;23.25;23.25;25.00;24.25;24.00;23.25;23.00;23.25;23.50;23.25;23.50;23.50;22.25;23.75;23.00]
128267-[24.75;24.25;24.50;24.75;25.00;24.75;24.50;23.75;24.50;24.25;24.50;26.50;26.50;24.50;24.00;24.50;24.25;24.25;25.00;31.75;31.00;25.00;24.50;24.25;23.75;24.00;25.00;36.00;33.25;24.50;24.25;23.75;24.25;24.50;25.50;37.50;33.50;24.75;24.50;23.50;23.75;24.00;24.75;32.75;28.50;23.50;23.25;24.00;23.75;22.75;23.50;24.75;24.00;23.75;23.00;22.75;23.25;23.50;23.25;23.00;23.00;22.50;22.75;23.00]
128752-[24.75;24.25;24.50;25.00;25.00;24.50;24.75;24.75;24.25;24.25;25.00;26.50;26.25;24.50;24.25;24.75;24.50;24.75;25.00;32.00;30.75;24.75;24.75;24.00;24.25;24.25;24.75;36.00;33.25;25.00;24.00;23.75;24.00;24.50;25.25;37.00;33.75;24.25;24.25;23.25;24.00;24.25;24.75;32.75;28.25;23.50;23.50;23.75;23.50;23.25;24.00;25.00;24.25;23.75;23.00;22.25;23.25;23.00;23.25;23.25;23.50;23.00;23.25;23.00]
129237-[24.25;24.00;24.50;24.75;25.00;24.25;24.50;23.75;25.00;23.75;24.75;25.50;26.25;24.75;24.25;24.00;24.00;23.75;25.25;31.75;30.75;25.00;24.00;23.50;24.00;24.25;25.00;36.00;33.50;24.75;24.00;23.25;23.75;24.50;25.50;37.25;33.00;24.25;24.25;23.25;23.75;24.00;24.75;32.75;28.25;23.75;23.50;23.75;23.25;23.00;23.75;24.75;24.50;24.00;23.00;22.00;23.25;23.25;23.25;22.75;23.25;22.75;22.75;23.00]
129722-[24.25;24.00;24.50;25.00;24.75;24.25;24.50;24.25;24.50;24.00;24.75;26.50;26.50;24.75;24.25;24.25;24.25;24.50;25.00;32.00;31.00;25.50;24.25;24.00;24.25;24.00;25.25;35.75;33.25;24.75;24.25;23.75;24.00;24.25;25.75;37.25;33.50;25.00;23.75;23.25;23.50;24.00;25.00;32.50;28.00;24.00;23.25;23.00;23.50;23.25;23.25;25.00;24.25;23.25;23.00;22.75;23.00;22.75;23.25;23.25;23.00;22.75;23.00;22.50]
130207-[24.50;24.00;24.50;24.75;24.75;24.50;24.50;24.25;24.50;24.25;24.75;26.00;26.25;24.50;24.00;23.50;24.50;24.75;25.00;31.75;31.00;25.00;24.25;24.00;24.25;24.00;25.25;36.00;33.50;24.50;24.25;23.50;24.50;24.25;25.75;37.50;33.25;24.50;24.00;23.00;24.00;23.50;24.50;32.75;28.00;24.25;23.25;23.75;23.50;23.00;23.75;24.50;24.50;23.50;23.00;22.50;23.00;23.00;23.25;23.50;23.25;22.75;23.00;22.75]
130692-[24.50;24.00;24.25;25.50;24.50;24.25;24.50;24.50;24.50;24.00;24.50;26.00;26.75;24.75;24.25;24.25;24.00;24.25;25.00;32.00;30.50;25.00;24.25;24.00;23.75;24.00;25.25;36.00;33.25;24.75;23.75;23.50;24.00;24.25;25.50;36.75;33.25;24.50;24.00;23.00;24.00;24.25;24.50;32.75;28.00;24.25;23.25;23.50;23.75;23.50;23.50;24.75;24.25;23.50;23.00;22.75;23.75;23.50;23.50;23.50;23.50;22.75;23.00;23.00]
131177-[23.75;24.00;24.50;25.25;25.00;24.50;25.00;24.00;25.00;24.25;24.75;26.50;26.25;24.50;24.25;24.25;24.25;24.50;25.50;31.75;30.75;24.50;24.75;23.75;24.25;24.00;25.25;36.00;33.25;25.00;24.00;23.50;24.50;24.50;25.25;37.25;33.00;24.50;24.25;22.75;24.00;24.00;24.75;33.25;28.25;24.25;23.25;24.00;23.75;23.25;23.75;24.75;24.50;23.25;23.25;22.75;22.75;23.50;23.75;23.25;23.50;23.25;23.25;22.75]
131662-[24.50;24.25;24.25;25.25;25.50;24.25;24.50;24.25;25.00;24.00;24.50;26.25;26.25;24.75;24.25;24.00;24.25;24.00;25.75;32.00;
