AluminioNatural200mm
227-   [23.50;23.75;24.25;24.50;24.75;24.25;24.50;23.50;23.75;23.50;25.00;26.75;26.50;24.25;24.00;23.75;24.00;24.50;24.75;27.75;27.75;24.50;24.00;23.25;23.25;23.00;24.25;26.75;26.75;24.00;23.50;22.75;23.50;23.75;24.75;27.75;27.00;23.50;23.50;22.25;22.75;23.25;24.00;25.75;25.00;23.50;22.75;22.25;22.75;22.50;23.00;23.25;23.00;23.25;22.75;21.75;21.75;22.00;22.75;22.50;22.50;22.25;22.25;21.75]
712-   [23.75;23.75;24.00;25.00;25.00;24.00;23.75;23.75;24.00;23.75;24.50;26.25;26.50;24.75;23.75;24.50;23.75;24.00;24.75;27.75;27.00;24.50;24.00;23.25;23.25;23.75;24.50;27.00;26.75;24.00;23.50;22.75;23.25;24.00;25.00;27.50;27.00;23.75;23.25;22.50;23.50;23.50;24.25;25.25;25.50;23.25;23.00;22.75;22.75;22.75;22.75;23.75;23.50;22.50;23.00;22.25;22.00;22.75;22.75;22.50;22.75;22.50;22.25;22.50]
1197-  [24.00;22.75;24.50;25.00;24.50;24.25;24.25;24.00;23.75;24.00;24.75;27.00;26.50;24.50;24.00;23.25;24.00;24.00;24.75;27.75;27.50;24.75;23.75;23.50;23.50;24.00;24.75;27.75;26.75;24.25;24.00;23.25;23.00;23.75;24.75;27.75;26.75;24.25;23.75;22.50;23.25;23.50;24.25;26.00;25.25;23.50;22.75;22.75;22.75;23.00;23.50;24.00;23.25;23.50;22.25;22.00;22.75;23.00;22.75;22.50;22.75;23.00;23.00;22.00]
1682-  [24.00;23.50;24.50;24.75;24.75;23.75;24.75;23.50;24.50;24.00;24.50;27.00;26.75;24.25;23.75;24.00;23.75;24.00;25.00;28.00;27.25;25.25;23.75;23.25;23.75;24.00;24.50;27.25;26.50;24.25;23.25;23.00;23.50;24.00;25.00;27.75;27.25;23.75;23.50;23.00;23.75;23.50;24.25;25.75;25.00;23.25;22.75;23.00;23.25;23.00;23.25;23.25;23.50;23.00;22.75;22.00;22.75;22.50;23.00;22.50;22.75;22.75;22.25;22.25]
2167-  [24.00;23.50;24.00;24.50;24.25;24.25;24.50;23.25;24.00;24.00;24.75;26.75;26.50;24.50;23.50;23.75;23.50;24.25;24.75;27.75;27.50;24.50;24.25;23.50;23.50;23.25;25.00;27.50;26.75;24.00;23.75;23.00;23.50;23.75;24.75;28.00;27.00;24.00;23.25;22.50;23.25;23.25;24.00;25.25;25.00;23.25;22.75;23.00;22.75;22.50;23.00;23.00;22.75;23.00;22.50;21.75;23.00;22.75;23.00;22.50;22.25;22.75;22.25;21.75]
2652-  [24.50;23.50;24.00;24.75;24.50;23.75;24.25;23.00;24.75;24.25;24.50;26.75;26.50;24.50;24.00;23.75;23.75;24.00;24.75;27.75;27.50;24.75;24.00;23.00;23.00;24.00;25.00;27.00;27.00;24.00;23.50;23.00;23.25;23.75;24.75;27.75;27.00;24.00;23.50;22.75;23.25;23.50;24.00;25.75;25.25;23.25;23.00;23.00;23.25;23.25;23.25;23.50;23.25;23.00;22.75;22.25;22.50;22.75;22.75;23.00;23.25;22.50;22.25;22.25]
3137-  [23.50;23.75;24.25;25.00;24.75;24.00;24.25;23.50;23.75;24.00;24.50;26.75;26.50;24.50;24.25;24.00;24.00;24.50;25.00;27.50;27.75;24.25;24.00;23.00;23.50;23.50;24.50;27.75;27.00;24.25;23.50;23.00;23.75;23.75;24.25;27.50;27.00;24.00;23.25;23.50;23.25;23.50;24.25;26.25;24.75;23.75;22.75;23.25;23.00;22.50;23.25;23.25;23.00;22.75;22.50;21.75;22.50;22.50;23.25;23.00;23.00;22.25;22.25;22.75]
3622-  [23.50;23.50;24.25;24.75;24.50;24.25;24.25;23.50;24.25;24.00;24.50;26.50;26.75;24.50;24.25;23.75;23.75;24.00;24.50;27.75;28.00;24.50;24.00;23.00;23.25;23.50;24.50;27.00;26.50;24.00;23.25;23.25;23.25;24.00;24.50;27.50;26.75;23.50;23.25;22.50;22.75;23.50;23.75;25.50;25.00;23.25;22.75;22.75;22.25;22.75;23.50;23.00;23.25;22.50;23.00;22.00;22.25;23.00;22.75;23.00;22.75;22.25;22.75;21.75]
4107-  [23.75;23.50;24.25;24.00;24.75;24.00;23.75;23.50;24.00;24.00;24.25;26.50;26.50;24.50;23.75;24.00;24.00;24.00;24.75;27.75;27.25;24.25;24.00;23.00;23.50;23.50;24.50;27.50;26.75;23.75;23.25;23.00;23.75;23.75;24.50;27.75;27.00;23.75;23.00;22.50;23.00;23.50;23.75;25.50;24.75;23.25;22.75;23.00;22.75;23.00;22.75;23.25;22.75;23.00;23.00;22.50;23.25;23.00;22.75;23.00;22.25;22.50;22.25;22.25]
4592-  [23.75;23.75;24.00;24.50;24.50;23.75;24.00;23.50;24.00;23.75;24.00;26.50;26.25;24.25;23.75;23.75;23.50;24.00;24.50;27.50;27.25;23.75;24.00;23.50;23.25;23.25;24.25;27.00;26.75;23.75;23.50;23.00;23.50;23.75;24.75;28.00;27.00;24.00;23.50;22.50;22.75;23.25;24.00;25.75;25.00;23.25;22.75;22.75;22.75;23.00;23.00;23.25;23.25;23.00;22.75;21.75;22.50;22.75;22.50;22.75;23.00;22.25;22.75;22.25]
5077-  [23.75;23.50;24.00;24.50;24.75;24.25;24.00;23.25;24.50;23.50;24.25;26.75;26.75;24.50;23.75;24.00;23.75;24.00;25.25;27.75;27.25;24.50;23.75;23.50;23.75;23.75;24.50;27.00;27.00;24.00;23.75;23.00;23.50;24.00;24.75;27.75;26.75;24.00;23.50;22.75;23.50;23.75;24.25;25.75;25.25;23.00;22.75;23.00;22.75;22.50;23.25;23.25;23.00;23.25;23.00;21.50;23.00;22.75;22.75;23.00;22.75;22.50;22.50;22.25]
5562-  [24.00;23.25;24.50;24.75;24.50;24.50;24.25;23.75;23.75;23.75;24.50;26.75;26.75;24.25;23.75;24.00;23.75;24.50;24.50;28.00;27.50;24.75;23.75;23.50;23.25;23.75;24.75;27.50;26.75;24.25;23.75;23.25;23.50;24.25;25.00;28.00;26.75;24.25;23.50;22.50;23.50;23.25;23.75;26.25;25.25;23.25;23.00;23.00;23.25;23.00;23.25;23.00;23.25;23.25;22.75;21.50;22.25;23.25;22.75;23.00;22.75;22.50;22.75;22.75]
6047-  [24.00;23.75;23.75;24.75;24.75;24.00;24.25;23.25;24.25;24.25;24.50;27.00;26.25;24.00;24.00;23.75;23.75;24.00;24.75;27.50;27.25;24.75;24.00;23.50;23.50;24.00;24.50;27.50;26.75;24.25;23.75;23.50;24.00;23.75;25.00;28.00;27.25;24.25;23.75;23.25;23.25;23.75;24.25;26.25;25.00;23.50;23.00;23.00;23.25;23.25;23.75;23.50;23.75;23.25;22.75;21.75;23.00;23.25;23.00;22.75;23.00;22.50;22.50;22.25]
6532-  [23.75;23.75;24.25;24.75;24.50;23.50;24.25;23.75;23.75;23.50;24.25;26.75;26.50;24.25;23.50;24.00;23.50;24.25;24.50;27.75;27.25;24.50;23.50;23.50;23.50;23.75;24.25;27.50;26.50;24.50;23.25;23.50;23.75;23.50;25.00;27.75;26.75;24.00;23.50;23.00;23.50;23.25;24.25;25.50;25.25;23.00;22.75;23.00;23.00;22.50;23.00;23.50;23.25;22.75;22.75;22.00;22.25;22.50;22.50;22.75;22.50;22.75;22.75;22.25]
7017-  [24.00;24.00;24.50;24.50;24.75;24.00;24.25;23.25;23.75;23.50;24.50;26.50;26.25;24.50;23.25;23.75;23.75;24.00;24.50;27.75;27.25;24.50;23.75;23.25;23.50;24.00;24.50;27.75;27.00;24.25;23.75;23.50;23.50;23.75;25.00;28.00;27.00;24.00;23.75;22.75;22.75;23.25;24.00;25.75;25.25;23.25;22.75;22.75;23.25;23.25;23.00;23.50;23.25;23.25;22.50;22.00;22.75;22.50;23.25;22.50;22.75;22.25;23.00;22.75]
7502-  [24.25;23.75;24.25;24.75;24.50;24.00;24.25;24.00;24.00;23.75;24.50;26.75;26.25;24.50;23.75;23.50;24.00;24.00;24.75;28.00;27.25;24.50;24.00;23.50;23.50;23.50;24.25;27.25;26.75;24.25;24.00;23.00;23.50;24.00;24.75;28.25;27.25;24.25;23.25;22.50;23.75;23.50;23.75;25.75;25.00;23.00;22.50;22.50;23.00;22.50;23.00;23.00;23.25;23.00;22.50;21.75;22.50;23.50;22.75;22.75;22.75;22.25;22.50;22.25]
7987-  [23.75;23.50;23.75;24.50;24.75;24.25;24.25;23.25;23.75;23.50;25.00;26.50;26.75;24.00;24.00;23.50;24.00;24.00;24.50;27.75;27.50;24.25;23.75;23.00;23.50;23.75;24.50;27.50;27.00;24.25;23.75;23.00;23.75;23.50;24.50;28.25;27.00;23.75;23.25;22.50;22.75;23.50;24.00;25.75;25.25;23.25;22.75;22.75;23.00;22.50;23.00;23.50;23.00;23.00;22.50;22.00;22.75;23.00;23.00;22.75;22.75;22.75;22.50;21.75]
8472-  [23.75;24.00;24.25;24.50;24.50;24.00;24.25;23.75;24.25;23.75;24.25;26.75;26.50;24.25;23.75;24.00;24.00;23.50;24.50;27.75;27.25;25.00;24.00;23.25;23.75;23.50;24.50;27.50;27.00;24.25;23.50;23.00;24.00;23.75;25.00;28.25;27.00;23.75;23.50;23.00;23.50;23.50;24.00;26.00;25.50;23.25;23.00;23.00;22.50;23.00;23.00;23.25;23.25;23.25;22.75;22.00;22.50;23.00;23.00;22.50;22.50;22.75;22.25;22.50]
8957-  [23.75;23.50;24.00;24.75;24.50;24.25;24.25;23.50;24.00;23.50;24.25;27.00;26.50;24.50;23.50;24.00;23.25;24.00;24.50;27.25;27.00;24.25;23.75;23.00;23.50;23.50;24.50;27.50;26.50;24.00;23.25;23.00;23.75;23.75;25.00;27.75;27.00;24.00;23.25;22.50;23.25;23.25;24.00;26.00;25.00;23.50;22.75;23.00;23.00;22.75;22.75;23.00;23.25;22.75;22.50;21.75;23.00;22.75;23.25;22.50;23.00;22.25;22.50;22.00]
9442-  [23.75;23.25;24.50;24.50;24.50;24.50;24.00;23.50;24.25;23.75;23.75;26.75;27.00;24.50;24.00;23.75;23.75;24.00;25.00;27.75;27.50;24.25;24.00;23.50;23.50;23.75;24.25;27.25;26.50;24.25;23.00;22.75;23.75;24.00;24.50;27.75;27.25;24.25;23.25;23.25;23.50;23.25;24.00;25.75;25.00;23.25;23.00;23.75;23.00;23.00;23.25;23.25;23.25;23.00;22.50;22.25;23.00;22.50;23.25;23.25;23.25;22.75;22.75;22.25]
9927-  [23.75;23.25;24.00;24.75;24.25;24.00;24.00;23.75;23.75;23.25;24.25;26.50;26.50;24.50;23.50;23.75;24.25;24.00;24.50;27.25;26.75;24.50;23.75;23.50;23.75;23.50;24.50;27.50;26.75;23.75;23.25;23.00;23.75;23.75;24.75;28.25;27.00;24.50;23.50;22.75;23.25;23.25;24.25;25.50;25.25;23.25;23.00;23.00;23.50;22.75;23.00;23.75;23.25;22.75;22.75;22.00;22.50;23.00;22.50;23.25;22.50;23.00;22.50;22.25]
10412- [24.25;24.00;24.25;24.75;24.75;24.25;24.75;23.75;24.25;24.00;24.50;26.75;26.75;24.25;23.75;23.75;23.75;23.75;24.75;28.00;27.50;24.75;24.00;23.75;23.75;23.50;24.25;27.50;27.00;24.25;23.50;23.00;23.50;24.00;25.50;28.00;27.00;24.00;23.75;22.75;23.50;23.50;24.25;26.00;25.50;23.50;23.00;22.50;23.00;23.00;23.00;23.25;22.75;23.25;23.00;22.00;22.50;23.75;22.75;23.00;23.00;22.75;22.25;22.50]
10897- [23.75;24.00;24.00;24.50;25.00;24.00;24.00;24.50;24.00;24.00;24.75;27.25;26.75;24.50;23.75;23.50;23.75;24.75;24.75;28.25;27.50;24.75;24.00;23.25;23.75;23.50;24.75;27.50;27.00;24.00;23.25;23.25;24.00;23.75;25.25;27.75;27.00;24.00;23.00;22.75;22.75;23.75;24.00;26.25;25.50;23.25;23.25;23.00;23.00;23.00;23.25;23.50;23.50;23.25;22.75;22.50;22.75;22.75;23.50;22.75;23.25;22.50;23.00;23.00]
11382- [24.00;23.50;24.25;24.75;25.00;24.25;24.25;24.00;24.00;24.00;24.25;26.75;27.00;24.25;24.25;23.50;24.00;24.00;25.00;27.75;27.50;24.75;24.25;23.50;23.50;23.25;24.75;27.25;27.00;24.25;23.50;23.50;23.50;23.50;25.00;28.00;27.00;24.00;23.50;23.00;23.00;23.50;24.00;25.50;25.00;23.75;22.75;22.50;22.50;22.75;23.25;23.50;22.75;23.00;22.75;22.25;22.50;22.75;23.25;22.75;23.25;22.25;22.50;22.50]
11867- [24.00;23.75;24.00;24.50;24.75;24.00;24.25;23.75;24.00;23.75;24.50;26.50;26.75;24.50;23.50;23.75;24.50;24.00;24.75;28.00;27.50;24.75;23.75;23.50;23.75;23.50;24.75;27.75;27.00;24.00;23.50;22.75;23.75;24.50;25.00;28.25;27.00;24.00;23.75;22.75;23.25;23.25;24.00;25.75;25.25;23.75;23.00;23.25;23.25;22.75;23.25;23.75;23.75;23.50;23.00;22.25;22.75;23.00;23.25;22.50;23.25;22.25;22.50;22.75]
12352- [23.75;24.00;24.25;24.50;24.50;24.00;24.50;24.00;23.75;23.75;24.75;27.00;26.50;24.25;24.00;24.00;24.25;24.50;24.50;27.75;27.50;24.50;24.75;23.75;24.00;23.50;24.75;27.25;27.25;24.25;24.00;23.00;24.00;23.75;25.25;28.25;27.25;24.25;23.75;23.25;23.25;23.50;24.00;25.75;25.50;23.25;22.75;23.25;22.75;23.50;23.25;23.50;23.00;23.25;22.50;22.25;23.50;23.00;23.25;22.75;22.75;22.75;23.00;22.75]
12837- [23.75;24.00;24.00;24.25;24.75;24.25;24.00;23.50;24.00;23.50;24.25;26.75;26.50;24.50;24.25;23.50;24.50;24.25;24.75;27.75;27.50;24.75;24.25;23.50;23.25;24.25;24.50;27.75;27.00;24.50;23.25;23.25;23.50;24.00;25.00;28.25;27.25;24.00;23.25;23.00;24.00;23.50;24.25;25.75;25.25;23.50;23.25;22.75;23.00;22.75;23.00;23.75;23.50;23.00;23.00;22.50;22.75;22.75;23.00;22.75;22.75;22.50;22.25;22.75]
13322- [23.50;24.00;24.75;24.75;25.00;24.25;24.00;24.00;24.00;24.25;24.75;27.00;27.00;24.75;24.00;24.25;24.00;24.25;25.00;28.25;27.25;24.50;24.25;23.75;24.00;23.75;24.75;27.50;27.00;24.50;23.75;23.50;24.00;23.75;24.75;28.25;27.00;24.25;23.50;23.25;23.25;23.75;24.50;26.25;25.75;23.25;23.75;23.25;23.25;23.00;23.75;23.50;23.25;23.25;22.75;23.00;23.50;23.50;23.50;23.00;23.00;22.75;22.50;22.75]
13807- [24.00;24.00;24.50;25.00;24.75;24.50;24.50;24.00;24.25;23.50;24.50;26.75;27.00;24.75;24.00;23.75;23.75;24.25;25.25;27.75;27.50;24.50;24.00;23.25;23.75;23.50;24.75;27.75;27.25;24.00;23.75;23.50;23.25;23.75;25.00;27.50;27.00;24.00;23.25;23.00;23.25;23.75;24.25;26.00;25.25;24.00;23.00;22.75;22.75;23.50;23.75;23.50;23.50;23.00;23.00;22.25;23.00;22.75;23.25;22.50;22.50;23.00;23.00;22.50]
14292- [23.75;23.25;24.00;24.75;24.75;23.75;24.50;23.75;24.00;24.00;24.75;26.50;27.00;24.25;24.00;23.50;24.00;23.75;24.75;28.00;27.50;24.25;24.50;23.50;23.50;23.75;24.75;27.25;26.75;24.00;23.75;23.00;23.50;24.00;24.75;28.25;26.75;24.25;23.25;23.25;22.75;23.50;24.00;25.75;24.75;23.50;23.25;23.00;23.25;23.00;23.25;23.25;23.25;23.25;22.50;22.50;22.50;23.25;23.25;23.00;23.00;22.75;23.00;22.50]
14777- [23.75;23.50;24.25;24.75;24.25;24.00;24.50;23.75;24.50;23.75;24.25;27.00;27.00;24.00;24.00;24.25;23.75;24.25;24.75;27.75;27.50;24.25;24.00;23.25;24.00;23.50;24.25;27.50;27.00;24.00;23.75;23.25;24.00;23.50;25.00;28.25;27.00;24.00;23.50;23.00;23.00;23.25;24.00;25.75;25.50;22.75;23.25;23.25;23.25;23.00;23.25;23.25;23.00;23.00;22.50;22.25;23.00;22.50;22.75;22.75;23.00;22.50;22.25;22.75]
15262- [23.75;23.50;24.00;24.75;24.50;24.00;24.25;23.75;23.50;23.50;24.25;26.75;27.00;24.25;23.75;23.75;24.00;23.75;24.50;27.50;27.25;24.50;24.00;23.75;23.75;23.75;24.50;27.50;26.75;23.75;23.50;23.00;23.75;23.75;25.00;27.75;27.00;23.75;23.50;22.50;23.00;23.00;23.50;25.75;25.00;23.50;23.00;23.75;23.00;23.25;22.75;22.75;23.50;22.75;23.00;22.00;22.75;23.25;23.25;22.75;23.50;22.75;22.50;23.00]
15747- [23.50;23.25;24.00;24.50;24.50;23.75;24.00;23.50;24.25;23.75;24.00;26.50;27.00;24.50;23.50;24.25;24.00;24.25;25.00;27.75;27.50;24.50;23.75;23.75;23.75;23.50;24.50;27.25;27.00;23.75;23.25;23.25;23.75;23.75;24.75;28.00;27.25;24.00;23.50;23.00;23.75;23.50;23.75;25.75;25.25;23.00;23.25;23.25;22.50;22.75;23.25;23.25;22.75;23.00;22.75;22.25;23.00;23.00;23.25;23.00;22.75;22.25;22.75;22.25]
16232- [24.00;24.00;24.25;24.25;25.00;24.25;24.00;24.00;24.50;24.00;24.50;26.50;26.75;24.50;23.50;23.50;24.00;24.50;25.00;27.50;27.25;24.75;23.75;23.75;23.75;24.00;24.50;27.75;26.75;24.50;23.75;22.75;23.75;24.00;25.00;27.75;27.00;24.25;24.00;22.75;23.75;24.00;24.50;26.00;25.25;23.50;23.25;23.25;23.50;23.25;23.00;23.25;23.25;23.00;22.75;22.25;22.25;23.25;23.25;22.75;22.50;22.25;22.75;23.00]
16717- [24.25;24.00;24.25;25.00;24.75;24.50;24.50;24.00;24.50;24.00;24.50;26.75;26.50;24.25;24.00;23.75;24.25;24.00;25.00;28.00;27.50;24.50;24.25;23.25;24.00;23.75;24.75;27.50;26.75;24.50;23.75;23.50;23.75;24.00;25.00;28.25;27.25;24.00;23.75;23.25;23.00;23.50;24.25;26.25;25.25;23.25;23.25;23.50;23.25;23.00;24.00;23.50;23.50;23.50;23.00;22.75;23.00;23.50;23.00;22.75;23.00;22.25;23.00;22.50]
17202- [23.50;23.75;24.00;25.00;24.50;24.25;24.25;24.50;24.25;24.50;24.00;27.00;26.75;24.50;24.00;23.75;23.25;24.25;25.00;28.00;27.50;25.00;24.25;23.50;24.00;24.00;24.75;27.75;27.00;24.25;23.75;23.75;24.00;24.00;24.75;28.00;27.25;24.75;23.25;23.25;23.50;23.75;24.50;25.75;25.25;23.50;22.75;23.00;23.50;23.25;23.50;23.75;23.50;23.25;23.25;22.25;22.00;23.00;23.25;22.75;23.00;22.50;22.50;22.50]
17687- [24.00;23.75;24.50;24.75;24.50;24.00;24.75;24.00;24.25;24.00;24.75;27.00;26.75;24.25;24.00;24.00;23.75;24.00;25.00;28.00;27.25;24.75;24.00;23.75;24.00;23.75;24.50;27.50;27.25;24.50;23.75;23.25;23.75;24.00;25.25;28.25;27.25;24.00;23.75;23.00;23.75;23.25;24.25;26.25;25.50;23.50;23.00;23.50;23.25;23.25;23.50;23.75;23.25;23.25;23.00;22.00;23.00;23.50;23.25;23.00;23.00;23.00;23.00;22.50]
18172- [24.25;24.00;24.00;25.25;24.75;24.50;24.25;24.00;24.50;24.00;24.75;27.25;27.25;24.75;24.00;24.00;24.00;24.25;24.75;28.00;27.50;24.50;24.25;23.75;24.00;24.00;24.75;27.75;27.00;24.50;23.50;23.50;23.75;23.75;25.00;28.50;27.50;24.25;23.50;23.50;23.25;23.75;24.50;26.25;25.50;23.50;22.50;23.50;23.25;23.00;23.50;23.75;23.75;23.50;22.75;21.75;23.25;22.50;23.25;23.00;23.50;22.75;23.50;22.50]
18657- [24.00;23.50;24.25;25.00;24.75;24.25;24.50;23.50;24.50;24.25;24.75;27.00;27.25;24.50;24.00;24.00;24.00;24.25;25.00;28.00;27.75;24.50;24.25;23.75;23.50;23.75;24.50;27.75;26.75;24.50;23.75;23.50;23.75;24.00;25.00;28.50;27.50;24.50;23.75;22.50;23.50;23.75;24.50;26.00;25.25;23.75;23.50;23.50;23.50;23.00;23.75;23.75;23.50;23.25;23.25;22.25;23.25;23.50;23.25;22.50;23.25;22.75;22.75;22.50]
19142- [24.00;24.00;24.75;24.75;24.75;24.25;24.50;24.25;24.25;24.50;24.75;26.75;26.75;24.75;24.00;24.25;24.25;24.75;24.75;28.00;27.75;24.75;24.50;23.50;23.75;23.75;24.75;27.75;27.25;24.50;24.00;23.25;24.00;24.00;25.00;28.50;27.00;24.25;23.75;23.00;23.25;23.50;24.00;26.50;25.25;23.25;23.00;23.25;23.25;23.00;23.50;23.25;23.50;23.00;22.75;22.25;22.75;24.00;23.00;23.00;22.75;22.75;23.00;23.00]
19627- [24.25;24.00;24.25;25.50;24.75;24.75;24.50;24.25;24.25;24.00;25.00;26.75;27.00;24.75;24.25;24.00;24.25;24.50;24.75;28.00;28.00;25.50;24.25;23.50;23.50;23.75;24.75;27.75;27.50;24.25;23.75;23.50;24.50;24.25;25.00;28.00;27.25;24.00;23.75;23.00;23.75;24.00;24.50;26.00;25.50;23.50;23.25;23.00;23.25;23.00;23.25;23.50;23.50;23.00;22.50;22.75;23.00;23.25;23.25;23.25;23.50;22.25;23.25;22.50]
20112- [24.25;23.75;24.25;25.00;25.25;24.25;24.50;24.25;23.75;24.00;24.75;27.00;26.75;25.00;24.00;24.50;24.25;24.25;25.00;28.00;28.00;25.00;24.25;23.75;24.00;23.75;25.00;28.00;27.00;24.50;24.00;23.50;24.00;24.00;25.25;28.25;27.50;24.25;24.25;23.50;23.25;23.75;24.00;26.25;25.50;23.50;23.50;23.50;23.25;23.25;23.25;23.75;23.25;23.25;22.75;22.50;23.25;23.25;23.75;23.25;23.00;22.50;23.25;22.75]
20597- [24.00;23.75;24.75;25.25;25.00;24.50;24.25;24.00;24.25;24.25;24.75;27.25;26.75;24.25;24.00;24.50;24.00;24.50;25.00;28.25;27.50;25.00;24.25;23.75;24.00;24.00;25.25;28.00;27.25;24.25;24.00;23.50;23.75;24.00;25.25;28.50;27.50;24.25;24.00;23.00;23.50;23.75;24.25;26.00;25.25;23.50;23.25;23.25;23.75;23.25;23.50;23.50;23.25;23.50;22.75;22.50;23.75;23.50;23.00;23.00;23.50;22.75;23.00;22.00]
21082- [24.25;24.00;24.50;25.00;25.00;24.25;24.50;23.75;24.50;23.75;25.00;26.75;27.00;25.00;23.50;24.00;24.25;24.75;25.00;28.25;27.75;24.50;24.00;23.75;24.00;23.50;24.50;27.75;27.00;24.25;23.50;23.50;24.25;24.25;25.00;28.25;27.25;24.00;23.75;23.00;23.25;23.75;24.25;26.50;25.50;23.75;23.25;23.25;23.00;23.25;23.25;23.25;23.25;23.25;22.75;22.50;23.00;24.00;23.50;23.00;23.00;22.75;22.75;22.25]
21567- [24.50;23.50;24.25;25.00;25.00;25.00;24.75;24.50;24.50;24.00;24.50;27.50;27.00;24.75;24.25;24.25;24.00;24.00;24.75;28.00;27.50;25.00;24.25;24.00;24.25;23.75;24.50;27.75;27.00;24.25;24.25;23.75;23.75;24.25;24.75;28.25;27.50;24.00;23.75;23.50;23.75;23.75;24.75;26.25;25.50;23.75;23.50;23.50;23.50;23.50;23.50;23.75;23.50;23.00;23.00;22.50;23.25;23.50;23.25;23.25;22.75;23.25;22.75;22.25]
22052- [23.75;23.50;24.50;25.00;25.00;23.75;24.50;24.00;24.00;24.00;24.75;26.75;26.75;24.25;23.75;24.25;24.25;24.25;24.75;27.75;27.50;24.75;23.75;23.75;23.75;24.00;24.50;27.50;27.00;24.00;24.00;23.25;23.75;24.00;24.50;27.75;27.25;24.00;24.00;23.00;23.50;23.50;24.50;26.25;25.50;23.50;22.75;23.25;23.00;22.75;23.25;23.50;23.75;23.00;22.50;22.00;23.25;23.00;22.75;22.25;23.50;22.00;22.25;22.50]
22537- [24.00;24.25;24.25;25.00;24.50;24.50;24.50;24.50;23.75;24.00;24.50;26.75;26.75;24.75;24.00;24.25;23.75;24.25;24.75;28.00;27.75;24.75;24.50;23.50;23.75;24.00;24.50;27.25;27.00;24.00;24.00;23.25;23.75;24.00;25.00;28.00;27.25;23.75;23.75;23.00;23.50;23.50;24.00;26.00;25.00;23.50;23.25;23.00;23.00;23.25;23.00;23.50;23.25;23.25;23.00;22.50;23.00;23.00;23.25;22.75;22.75;22.50;23.00;22.75]
23022- [24.00;23.75;24.25;24.50;25.25;24.00;25.00;24.00;24.00;23.75;24.50;26.75;26.50;24.50;23.75;24.00;23.75;24.25;24.75;28.00;27.50;24.50;24.25;23.25;23.75;23.75;24.50;27.25;27.00;24.25;24.00;23.50;24.00;23.75;25.00;28.25;27.25;24.00;23.75;23.00;23.00;23.25;24.50;26.00;25.25;23.50;23.25;23.25;23.25;23.25;23.50;23.00;23.25;23.50;23.25;22.25;23.00;23.00;23.50;23.25;23.00;22.25;22.75;21.75]
23507- [24.00;24.25;24.25;24.75;25.00;24.50;24.75;24.00;24.25;24.25;24.25;26.75;27.00;24.50;23.75;24.25;24.00;24.00;24.75;28.25;27.75;24.50;24.50;23.50;23.75;24.00;24.75;27.50;27.00;24.00;23.75;23.25;23.75;24.50;25.00;28.25;27.00;24.25;23.50;22.50;24.00;24.00;24.00;26.25;25.50;24.00;23.25;23.50;23.00;23.50;23.50;23.50;23.25;23.25;22.75;22.25;22.50;23.25;23.50;23.50;23.00;22.50;23.00;22.75]
23992- [24.00;23.75;24.50;24.75;25.00;24.25;24.75;24.00;24.00;23.75;24.75;27.00;27.25;24.75;24.25;24.00;23.75;24.25;24.50;27.75;27.25;24.50;24.25;23.50;23.75;24.00;24.75;27.75;27.00;24.00;23.75;23.50;23.75;24.25;25.25;27.75;27.50;24.50;23.75;23.00;23.75;23.75;24.25;26.50;25.25;23.75;23.00;23.25;23.50;23.25;23.50;23.25;23.00;22.75;23.25;22.50;22.50;23.00;23.25;23.00;23.00;23.00;23.00;22.25]
24477- [24.25;23.75;24.25;24.75;25.25;24.25;24.25;24.00;24.50;23.75;24.50;27.25;27.00;24.50;24.00;24.50;24.25;24.50;25.25;27.75;27.75;24.25;24.25;23.75;23.75;23.75;24.75;27.50;27.00;24.25;24.00;23.00;24.25;24.00;25.25;28.50;27.25;24.00;23.75;23.25;23.50;23.75;24.25;25.75;25.25;23.25;23.25;23.25;23.00;23.00;23.50;23.50;22.75;23.25;23.00;22.50;23.00;23.25;23.00;22.50;23.00;22.50;22.75;22.75]
24962- [24.00;24.00;24.25;24.75;24.50;23.75;24.50;23.50;24.25;24.00;24.50;27.00;26.75;24.75;23.75;24.00;24.25;24.00;25.25;28.25;27.75;24.75;24.00;23.50;23.75;23.50;24.50;27.75;27.00;24.25;23.25;23.50;23.50;24.00;25.00;28.25;27.00;24.00;23.50;23.25;23.75;23.50;24.25;25.75;25.25;23.00;23.25;23.25;23.00;23.25;23.25;23.75;23.75;23.50;23.25;22.25;23.00;23.00;23.25;22.25;23.50;22.50;23.00;22.75]
25447- [24.50;23.50;24.25;25.25;24.50;24.50;24.50;24.00;24.00;24.00;24.25;27.25;26.75;24.25;24.00;24.50;24.00;24.00;24.75;27.75;27.50;24.50;23.75;23.50;23.75;23.75;24.75;27.75;27.25;24.25;23.75;23.75;24.00;24.00;25.25;28.00;27.50;24.00;23.75;23.25;24.00;23.75;24.00;26.25;25.00;23.25;23.25;23.50;23.00;23.25;23.50;23.50;23.25;23.25;23.00;21.75;22.75;23.25;23.50;22.75;23.00;22.50;23.00;22.50]
25932- [24.00;24.00;24.25;25.00;24.75;24.25;24.25;24.25;24.50;23.75;25.00;27.00;27.00;24.75;23.75;24.25;24.25;24.25;25.00;28.00;27.75;25.00;24.00;23.75;23.50;24.00;24.75;27.50;27.00;24.25;24.00;23.75;24.00;24.00;25.00;28.25;27.50;24.00;23.50;23.00;23.50;23.50;24.50;26.00;25.50;23.75;23.00;23.50;23.50;23.00;23.75;23.50;23.50;23.75;22.75;22.25;22.75;23.25;23.75;23.25;23.00;23.00;23.00;23.00]
26417- [24.50;24.00;24.25;24.75;25.00;24.25;24.50;24.25;23.75;24.25;24.50;27.00;27.00;24.00;24.00;24.75;23.50;24.50;25.00;27.75;27.50;25.00;23.75;23.50;23.75;23.75;25.00;27.75;27.25;23.75;23.75;23.50;23.75;24.00;24.75;28.00;27.25;24.25;23.50;22.75;23.50;23.50;24.25;26.00;25.75;23.00;23.00;23.50;23.00;22.75;23.25;23.50;23.25;23.00;23.25;22.25;23.00;23.50;23.25;23.25;23.00;22.25;23.25;22.75]
26902- [24.50;24.50;24.50;25.00;25.00;24.75;24.50;23.75;24.25;23.75;24.75;27.25;26.50;24.50;24.00;24.00;24.25;24.00;24.75;28.00;27.25;25.00;24.25;24.00;23.75;24.25;24.75;27.50;27.00;24.25;23.75;23.50;23.50;24.00;24.75;27.75;27.25;24.25;23.75;23.25;23.25;24.00;24.50;26.25;25.50;23.50;23.00;23.50;23.00;23.25;23.00;23.50;23.25;23.50;23.25;22.50;22.50;23.00;23.25;23.00;23.25;22.75;23.00;23.25]
27387- [24.50;23.75;24.25;25.25;24.75;24.50;24.50;24.00;24.00;24.00;24.50;27.50;26.75;24.75;24.25;24.25;24.75;24.50;25.25;27.75;27.75;25.00;24.00;23.50;23.75;24.00;24.50;27.75;26.75;24.25;24.25;23.75;23.75;23.75;24.75;28.00;27.25;24.00;23.75;23.00;23.50;24.00;24.00;26.25;25.50;24.00;23.25;23.50;23.25;23.25;23.00;23.50;23.00;23.25;23.25;22.00;22.75;23.00;23.00;23.25;23.25;22.50;23.00;22.75]
27872- [23.75;23.75;24.25;25.00;24.75;24.50;24.50;23.75;24.00;24.50;24.75;27.00;27.25;24.75;24.50;24.25;24.00;24.00;24.50;27.50;27.50;24.75;24.25;23.75;23.75;23.50;24.75;27.25;26.75;24.50;24.25;23.50;23.75;23.75;25.00;28.00;27.25;24.25;23.50;23.00;23.50;23.75;24.25;25.75;25.25;23.50;23.00;23.50;23.25;23.50;23.25;23.25;23.25;23.25;23.25;22.50;23.00;23.25;23.25;22.75;23.25;22.50;23.50;22.25]
28357- [23.50;24.00;24.25;25.00;25.00;24.50;24.50;23.75;24.25;24.00;24.50;27.25;26.75;25.00;24.00;24.25;24.00;24.00;25.25;28.00;27.50;24.50;24.25;23.75;23.50;24.00;24.75;27.75;27.00;24.25;23.75;23.25;24.00;24.00;24.75;28.25;27.50;24.25;23.75;23.00;23.00;23.00;24.00;25.75;25.50;23.25;23.25;22.50;23.25;22.75;23.25;23.25;23.25;23.75;23.00;22.25;23.50;23.50;23.00;23.25;23.00;23.00;23.00;23.00]
28842- [24.50;23.50;24.50;25.00;25.25;24.50;24.75;24.25;23.50;24.00;24.75;27.00;27.00;24.50;24.00;24.25;24.00;24.00;24.75;27.75;27.50;24.75;24.50;23.75;23.75;23.75;24.75;27.50;26.75;24.00;23.75;23.25;23.75;23.75;25.00;27.75;27.00;24.25;23.75;23.00;23.50;23.50;24.25;26.00;25.50;23.50;22.75;22.75;23.25;23.50;23.75;23.75;23.75;23.00;22.75;22.50;22.75;22.75;22.75;22.75;23.00;22.25;23.00;22.25]
29327- [23.75;24.00;23.75;24.75;24.50;24.25;24.50;24.25;24.50;24.00;24.75;27.00;27.25;24.50;23.75;24.50;23.75;24.50;25.25;27.75;27.50;24.50;24.25;23.75;23.75;23.50;24.50;27.00;26.75;24.00;23.75;23.25;23.75;24.25;25.00;28.25;27.25;24.25;23.75;23.25;23.75;23.50;23.75;25.75;26.00;23.75;23.25;23.00;23.25;23.50;23.25;23.50;23.25;23.00;23.00;22.25;22.50;22.75;22.50;22.75;23.00;22.75;22.75;23.00]
29812- [24.00;23.00;24.50;25.00;24.75;24.25;24.00;23.75;24.00;23.75;24.50;26.75;26.75;24.75;23.75;24.25;24.00;23.75;25.00;27.75;27.50;24.50;23.50;23.75;23.25;24.00;24.25;27.25;26.50;24.25;23.50;23.25;23.75;24.25;24.75;28.00;27.00;24.00;23.50;23.25;23.00;23.25;24.00;26.00;25.50;23.75;23.25;23.00;22.75;22.25;23.00;23.25;23.25;23.00;22.75;22.00;23.00;23.00;22.50;22.50;22.75;22.50;22.75;22.50]
30297- [24.00;24.00;24.00;24.75;24.50;24.00;24.50;23.75;24.25;24.50;24.50;27.25;27.00;24.50;24.00;24.25;24.00;24.25;24.50;27.75;27.25;24.50;24.00;23.25;23.75;24.00;24.50;27.00;26.50;23.75;23.50;23.25;24.00;23.75;24.50;27.50;27.25;24.00;23.50;22.50;23.25;23.25;24.25;25.75;25.50;23.50;23.25;23.00;23.50;23.00;23.00;23.50;23.00;23.50;23.00;22.50;22.75;23.50;22.75;22.50;22.50;22.50;22.50;22.75]
30782- [24.00;23.75;24.50;25.00;24.75;24.00;24.25;23.75;24.25;24.25;24.25;27.00;26.75;24.75;24.00;24.25;24.00;24.25;24.75;27.75;27.00;25.00;24.00;23.50;24.00;23.75;24.75;27.25;27.00;24.00;24.00;23.25;23.50;23.75;24.75;27.75;27.00;24.00;23.50;23.00;23.00;23.50;24.00;25.75;25.00;23.75;23.00;23.25;23.00;23.00;23.25;23.75;23.25;23.50;22.50;22.25;22.75;23.00;23.25;22.50;22.75;22.25;22.00;22.00]
31267- [23.75;23.75;24.50;24.75;25.00;24.50;24.25;24.50;24.25;24.00;24.75;27.00;26.75;24.50;24.50;23.75;24.00;23.75;24.75;27.50;27.50;24.25;24.50;23.75;23.50;23.50;24.50;27.25;27.00;24.00;23.50;23.50;23.75;24.00;25.00;27.75;27.25;24.00;23.75;22.75;23.00;23.50;24.25;25.75;25.25;23.50;23.00;23.50;23.00;23.00;23.00;23.50;23.25;23.25;23.00;22.50;23.25;23.00;22.75;22.50;23.25;22.50;23.00;22.25]
31752- [24.25;23.50;24.75;24.75;24.75;24.00;24.50;24.00;24.25;24.25;24.25;26.50;26.75;24.50;23.75;24.25;24.25;24.50;24.75;27.50;27.50;24.75;24.00;24.00;24.00;23.75;24.75;27.25;26.50;24.00;23.75;23.25;23.75;24.00;24.75;27.50;27.50;24.00;23.75;23.00;23.25;23.75;24.25;26.00;25.00;23.50;23.50;23.50;23.00;22.50;23.50;23.50;23.00;23.00;22.75;23.00;22.50;23.25;22.50;22.50;23.00;22.50;22.75;22.25]
32237- [24.50;23.75;24.50;24.75;24.75;24.00;24.25;23.75;23.75;24.00;24.75;27.00;26.75;24.75;23.75;23.75;24.50;24.00;25.00;27.50;27.50;24.75;24.00;23.75;23.75;23.75;24.50;27.50;26.75;24.00;23.75;23.00;24.00;23.75;25.00;28.25;27.00;23.75;23.50;22.50;23.25;23.75;23.75;25.75;25.50;23.75;22.75;23.00;23.00;23.25;22.75;23.25;23.50;23.75;22.75;22.25;23.00;22.75;23.00;22.75;23.25;22.50;22.75;22.50]
32722- [24.25;23.50;24.00;24.75;24.50;24.75;24.50;23.75;24.25;23.75;24.75;27.00;27.25;24.50;24.25;24.25;24.00;23.75;24.50;27.75;27.25;24.25;24.00;23.75;23.75;23.75;24.50;27.25;26.50;24.50;23.75;23.00;23.75;23.50;24.75;27.75;27.25;23.75;23.25;22.75;23.00;23.50;23.75;25.75;25.50;23.25;23.25;23.25;22.75;23.25;23.25;23.50;23.25;23.00;23.25;22.50;22.75;22.75;23.50;22.75;23.00;22.25;23.00;23.00]
33207- [24.25;23.75;24.50;24.75;25.00;24.25;24.50;23.75;24.50;23.75;24.50;27.00;27.50;24.25;23.75;23.75;24.00;23.75;24.75;27.50;27.25;24.75;24.00;23.75;23.50;24.00;24.50;27.50;26.75;24.50;23.50;23.00;23.75;24.00;25.00;28.00;26.75;24.25;23.75;22.75;23.00;23.75;24.00;26.00;25.50;23.50;23.00;22.75;23.00;22.75;23.25;23.50;23.25;23.25;22.75;22.25;22.75;22.75;23.00;22.75;22.75;22.75;23.00;22.50]
33692- [23.75;24.25;24.00;24.75;25.00;24.75;24.50;23.75;24.25;24.00;24.25;26.75;27.00;24.50;24.25;24.25;23.75;24.50;24.75;27.50;27.25;24.50;24.25;23.75;23.75;23.75;24.75;27.50;27.25;24.25;24.00;23.75;23.75;23.50;25.25;28.00;27.00;24.00;23.75;23.25;22.75;23.50;24.00;26.00;25.50;23.75;23.00;23.25;23.50;23.25;23.25;23.50;23.75;23.50;23.00;22.75;22.25;22.75;23.25;22.75;23.25;22.25;23.00;22.75]
34177- [24.25;23.75;24.50;24.75;25.25;24.50;24.75;24.00;24.50;24.25;25.00;27.25;27.25;24.50;24.25;24.25;24.00;24.25;25.00;27.75;27.75;24.50;24.50;23.75;23.75;24.00;24.75;27.00;26.75;24.25;23.50;24.00;23.50;24.00;25.25;28.00;27.50;24.25;24.00;22.75;23.75;24.00;24.00;25.50;26.00;23.50;23.25;23.50;23.50;23.50;23.50;23.25;23.75;23.25;23.00;22.25;23.00;22.50;23.75;23.00;23.00;23.00;23.00;22.75]
34662- [24.00;24.00;24.75;24.50;25.00;24.25;24.75;24.00;24.00;24.00;24.75;27.25;26.75;24.50;24.25;24.25;24.00;24.50;25.00;27.75;27.50;25.00;23.75;23.50;23.75;23.75;25.00;27.00;26.75;24.25;24.00;23.25;23.50;24.25;25.25;28.25;27.50;24.50;23.50;23.00;23.25;24.00;24.00;26.50;25.75;23.50;23.00;23.00;23.25;23.50;23.50;24.00;23.50;23.25;23.25;22.25;22.50;23.25;23.50;22.50;23.00;22.75;22.75;22.50]
35147- [24.00;23.75;25.00;25.25;25.00;24.50;24.75;24.25;24.75;24.00;25.00;27.50;27.50;25.00;24.00;24.50;24.50;24.25;25.00;28.00;27.50;25.25;24.00;23.50;24.00;23.75;24.50;27.50;26.75;24.50;23.50;23.50;23.75;24.00;25.00;27.50;27.25;24.00;24.00;23.75;23.50;23.50;24.50;26.25;25.50;23.25;23.00;23.25;23.25;23.00;23.25;24.00;23.25;23.75;23.50;22.50;22.75;23.00;23.25;22.25;23.25;22.50;23.00;22.50]
35632- [24.00;24.00;24.00;25.00;24.75;24.25;24.00;24.25;24.00;23.75;24.25;27.25;27.00;25.00;24.25;24.50;24.00;24.25;24.50;28.00;27.25;24.25;24.50;23.50;23.50;23.75;24.75;27.50;27.00;24.25;24.00;23.50;23.75;24.00;25.00;28.25;27.25;23.75;23.75;23.00;23.50;23.75;24.00;26.00;25.75;23.50;23.25;23.75;23.25;23.25;23.25;23.00;23.25;23.75;23.25;22.00;23.25;22.75;23.50;23.00;23.25;22.50;22.75;22.50]
36117- [24.00;23.75;24.50;25.25;25.25;24.50;25.00;24.25;24.75;23.75;25.00;27.00;27.25;24.75;24.25;24.00;24.00;24.50;25.00;27.75;27.75;25.00;24.50;24.00;24.50;23.75;25.00;27.50;27.25;24.50;24.00;24.00;24.00;24.25;24.75;28.00;27.00;24.00;24.00;23.25;23.50;23.50;24.25;25.75;25.75;23.50;23.25;23.00;23.00;23.25;23.50;23.75;23.75;23.25;23.25;22.25;23.00;23.50;23.50;23.25;23.00;23.00;22.50;22.75]
36602- [24.00;24.25;24.50;24.75;25.25;24.50;25.00;24.00;25.00;24.00;25.00;27.00;27.00;25.00;24.50;24.25;24.25;24.75;25.00;28.00;27.50;24.75;24.25;24.00;23.50;24.00;24.75;27.75;27.00;23.75;23.75;23.50;24.00;24.00;25.50;28.00;27.75;23.75;24.00;23.25;23.75;23.75;24.25;25.75;26.00;23.50;23.75;23.25;22.50;23.00;23.25;23.75;23.25;23.75;23.00;22.50;23.00;23.75;23.50;23.25;23.50;22.75;23.50;22.75]
37087- [24.50;24.00;24.50;25.00;25.00;24.25;24.50;24.25;24.25;24.50;24.75;27.25;27.25;24.75;24.50;23.75;24.00;24.25;24.50;28.00;27.75;24.75;24.25;24.00;24.25;24.25;24.50;27.75;27.00;24.25;23.75;23.25;24.00;24.00;25.00;27.75;27.25;24.00;23.75;23.00;23.50;23.75;24.50;26.00;25.75;23.50;24.00;23.25;23.25;23.25;23.00;24.00;23.50;23.25;22.75;22.25;23.00;23.00;23.25;22.75;23.00;22.75;22.75;22.75]
37572- [24.25;23.75;24.75;25.00;24.75;24.25;24.25;23.50;24.25;23.75;24.50;27.25;27.00;24.75;23.75;24.25;24.25;24.00;24.75;27.50;27.50;25.00;24.00;23.25;24.00;23.50;24.75;27.25;26.75;23.75;24.25;23.00;23.75;23.25;25.00;27.75;27.25;23.75;23.75;23.00;23.50;23.25;24.25;25.75;25.25;23.50;22.75;23.25;23.00;23.25;23.00;23.25;23.25;23.75;23.00;22.25;23.00;23.00;23.00;23.00;23.00;23.00;23.50;22.50]
38057- [24.00;24.00;24.50;24.75;24.50;24.25;24.50;24.00;24.25;24.00;24.50;27.25;27.25;24.75;23.75;24.25;24.25;24.25;25.00;28.00;27.50;25.00;24.00;23.75;23.75;24.00;24.50;27.00;27.00;24.50;24.00;23.25;23.50;23.75;25.25;27.75;27.00;24.25;23.75;23.50;23.50;23.75;24.50;26.00;25.75;23.25;22.75;23.50;23.25;22.50;23.25;23.25;23.00;23.25;22.75;22.25;22.50;23.00;23.00;22.75;23.00;22.75;23.25;22.25]
38542- [24.75;23.75;25.00;24.75;25.00;24.25;24.75;24.00;24.00;23.75;24.75;27.00;27.25;24.75;24.50;24.00;23.75;24.50;24.75;28.25;27.75;25.00;24.25;23.75;24.00;24.00;24.75;27.75;27.00;24.25;23.75;23.25;24.00;24.25;25.00;28.00;27.25;24.25;23.50;23.00;23.25;23.50;24.50;26.25;25.75;23.75;23.00;22.75;23.25;23.00;23.25;23.50;23.75;23.50;23.25;22.25;22.75;23.25;23.00;23.25;23.25;22.75;23.00;23.00]
39027- [23.75;24.00;25.25;25.00;25.50;24.50;24.75;24.00;24.50;24.25;24.75;27.25;27.25;25.00;24.25;24.75;24.25;24.50;25.25;28.25;27.75;25.25;24.50;23.50;24.00;23.75;25.00;27.50;27.00;24.50;24.00;23.75;24.00;24.00;25.50;28.25;27.25;24.25;24.00;22.75;23.75;24.00;24.25;26.25;25.75;23.75;23.25;23.50;22.75;23.00;23.50;23.50;23.75;23.50;23.25;22.75;23.00;22.75;23.25;22.50;23.00;23.00;23.00;23.25]
39512- [24.25;24.25;24.50;25.00;25.00;25.00;24.50;24.75;24.00;24.25;24.75;27.00;27.00;24.75;24.00;24.25;24.00;24.50;25.25;28.25;28.00;25.00;24.50;24.00;23.75;24.50;24.75;27.75;27.50;24.50;24.25;24.00;23.75;24.00;24.75;28.25;27.25;24.25;23.75;23.25;23.50;23.75;24.50;26.25;25.75;23.50;23.00;23.25;23.25;23.00;23.50;23.75;23.50;23.75;22.75;22.50;23.25;23.50;23.25;23.25;23.25;23.00;23.25;22.75]
39997- [24.75;24.00;25.00;25.00;24.50;24.75;24.75;24.50;24.25;24.00;24.50;27.25;27.50;25.25;24.25;24.25;24.00;24.50;25.00;28.25;27.25;24.75;24.25;23.75;24.25;24.00;25.00;27.50;27.00;24.75;23.75;23.50;24.00;24.50;25.25;27.75;27.00;24.00;24.00;22.75;23.50;23.75;24.25;26.25;25.75;23.75;23.25;23.75;23.75;23.25;23.75;23.75;23.50;23.50;23.25;22.50;23.25;23.25;23.50;22.75;23.50;23.00;23.25;22.75]
40482- [23.50;23.50;25.00;25.00;25.25;24.50;24.50;24.25;24.50;24.50;24.75;27.25;27.00;25.00;24.00;24.00;24.00;24.00;25.00;28.25;27.75;24.75;24.50;24.25;23.75;24.00;24.75;27.50;27.00;24.50;24.00;24.00;24.00;24.25;25.00;28.00;27.50;24.25;23.50;23.00;23.50;23.25;24.75;25.75;25.50;23.50;23.00;23.00;23.25;23.00;23.75;23.50;23.75;23.25;22.75;22.25;22.75;23.00;23.50;23.25;23.00;22.75;23.25;22.50]
40967- [24.00;24.50;24.75;24.75;24.75;24.50;24.50;24.25;24.75;24.25;24.75;27.00;27.50;24.75;24.50;24.00;24.50;24.50;25.00;27.75;27.50;24.75;24.00;23.75;23.75;24.25;24.75;27.75;27.00;24.25;24.25;23.50;23.75;24.25;24.75;28.00;27.50;24.50;23.75;23.00;23.50;23.75;24.50;26.00;25.50;23.00;23.50;23.50;23.25;23.25;23.00;23.50;23.25;23.75;22.75;22.75;23.00;23.25;23.75;23.00;23.25;22.50;22.75;22.50]
41452- [24.50;23.50;24.25;24.75;25.00;24.50;24.50;24.25;24.25;23.75;24.75;27.25;27.25;25.00;24.25;24.25;24.50;24.50;25.25;28.00;27.25;25.00;25.00;24.00;23.50;24.00;25.00;27.50;27.50;24.25;23.75;23.50;24.00;23.75;25.25;28.25;27.25;24.25;23.75;23.25;23.25;23.50;24.00;25.75;26.00;23.75;23.25;23.25;22.75;23.00;23.25;23.25;23.75;23.50;23.00;22.50;22.75;23.00;23.00;22.50;23.25;22.75;23.00;22.50]
41937- [24.00;24.50;24.50;25.00;25.25;24.50;24.50;24.00;24.25;24.00;25.00;27.00;27.50;25.25;24.25;24.00;24.00;24.75;25.00;28.25;27.50;25.00;24.25;23.25;24.00;24.00;25.00;27.50;27.25;24.75;23.50;23.00;23.75;23.75;25.00;28.50;27.50;24.00;24.00;23.50;23.50;24.00;24.50;26.25;26.25;23.50;23.50;23.25;23.50;23.00;23.75;23.25;23.50;23.25;23.50;22.25;23.00;23.25;23.50;23.00;23.00;22.75;22.75;22.50]
42422- [24.50;24.00;24.75;25.25;25.00;24.50;24.50;24.00;24.25;24.25;24.75;27.25;27.25;24.50;24.75;24.50;24.00;24.25;25.25;27.75;27.75;25.00;24.50;24.00;23.50;24.00;25.00;27.75;27.50;24.50;24.00;23.25;23.50;24.00;25.00;28.25;27.50;24.00;24.00;23.00;23.75;23.75;24.50;26.25;25.50;23.75;23.25;23.75;23.50;23.25;24.00;23.75;23.50;23.50;23.25;22.25;23.25;23.50;23.25;23.00;22.75;22.50;22.75;22.75]
42907- [24.50;24.25;24.50;25.25;25.00;24.75;24.50;24.50;24.25;24.25;24.50;26.75;27.25;25.00;24.25;24.75;24.00;24.25;25.00;28.00;27.75;24.75;24.50;23.75;23.75;24.00;24.50;28.00;27.00;24.50;24.25;23.50;24.50;24.25;25.25;28.25;27.25;24.00;23.75;22.75;23.50;24.00;24.00;26.25;25.50;23.75;23.00;23.00;23.00;22.75;23.50;23.25;24.00;23.50;22.75;22.00;22.50;23.00;23.25;23.25;22.75;22.75;23.00;23.00]
43392- [24.50;24.25;24.75;25.00;25.25;24.50;25.00;24.00;24.75;23.75;24.50;27.25;27.00;25.00;24.25;24.25;24.00;24.00;25.00;27.75;27.75;25.25;24.25;23.25;23.50;24.00;24.75;27.75;27.25;24.50;23.50;23.50;23.50;24.25;25.00;28.00;27.25;24.50;24.00;23.25;23.75;24.00;24.75;26.00;25.25;23.25;23.25;22.75;23.25;23.00;23.75;23.50;23.25;23.25;23.25;22.25;22.50;23.25;23.00;23.25;22.75;22.25;22.75;23.00]
43877- [24.00;24.00;24.50;25.25;25.00;24.50;24.75;24.50;24.25;23.75;25.00;27.75;27.75;24.75;24.50;24.50;24.25;24.25;25.00;28.00;27.50;25.00;24.00;23.50;24.25;24.00;24.75;27.25;27.00;24.75;24.00;23.50;24.00;24.00;25.00;28.00;27.25;24.00;23.75;23.00;23.75;23.50;24.25;25.75;25.50;23.50;23.50;23.50;23.00;23.00;23.50;23.50;23.75;23.00;23.00;22.00;24.00;23.75;23.25;22.75;23.25;22.50;23.00;23.25]
44362- [24.75;24.25;24.50;25.25;25.00;24.50;24.75;24.00;24.00;24.25;24.50;27.50;27.00;25.00;24.00;24.25;23.75;24.25;24.75;28.00;27.50;24.75;24.50;24.00;24.00;24.00;24.50;27.50;26.75;24.50;24.25;23.50;23.75;24.25;25.00;28.25;27.00;24.00;23.50;23.00;23.75;23.75;24.25;26.25;25.00;23.75;23.00;23.50;22.75;23.50;23.50;23.50;23.75;23.50;22.75;22.50;23.00;23.00;23.00;23.25;23.00;22.75;23.00;23.00]
44847- [24.25;24.00;24.50;24.75;25.00;24.50;25.00;24.00;24.00;24.25;24.25;26.75;27.00;24.50;24.00;23.75;24.25;24.00;25.00;28.00;27.25;24.75;24.50;23.50;24.00;23.75;24.75;27.50;27.00;24.25;23.75;23.50;23.50;24.00;25.00;27.75;27.25;24.00;23.50;23.00;23.25;23.50;24.50;26.50;25.25;23.75;22.75;23.50;23.25;22.75;23.25;23.25;23.75;23.00;23.00;22.75;22.75;23.00;23.25;22.50;22.75;22.50;22.50;23.50]
45332- [23.75;24.00;24.25;25.00;25.00;24.25;24.75;23.50;24.25;23.75;24.50;26.75;27.00;24.75;24.25;23.75;24.00;23.75;24.50;28.00;27.50;24.75;24.50;23.75;23.50;24.00;25.00;27.25;27.00;24.25;23.75;23.50;23.25;23.75;25.00;27.75;27.00;24.50;23.50;23.00;23.75;23.50;24.25;25.75;25.25;23.50;23.25;22.75;23.25;22.75;23.00;23.50;23.50;23.25;23.00;22.50;23.00;22.75;22.75;22.50;23.25;23.00;23.00;22.25]
45817- [23.75;24.00;24.00;24.75;25.00;24.25;24.25;24.25;24.25;24.00;24.25;27.00;27.50;25.00;24.50;24.25;24.00;24.00;25.00;27.50;27.75;25.00;24.25;23.75;23.50;23.75;24.75;27.50;27.25;24.50;23.50;23.50;24.25;24.00;25.50;28.25;27.25;24.00;23.50;23.25;23.00;24.00;24.50;26.25;25.25;23.25;23.75;23.25;23.50;23.25;23.25;23.75;23.50;23.00;23.00;22.75;23.25;23.00;23.50;23.00;23.00;22.50;23.00;23.25]
46302- [24.25;23.75;24.25;25.00;24.50;24.50;24.50;24.25;24.50;23.75;24.75;27.00;27.25;24.75;24.25;24.25;24.00;24.25;25.00;28.00;27.25;25.25;24.25;23.75;23.75;23.75;24.75;27.75;27.25;24.25;23.75;23.75;23.50;24.25;24.75;28.75;27.25;23.75;23.75;23.00;23.50;24.00;24.25;25.75;25.25;23.75;23.25;23.50;23.50;23.00;23.50;23.75;23.25;23.75;22.75;22.50;22.75;23.50;23.00;23.00;23.00;22.50;23.00;22.75]
46787- [24.00;23.50;24.25;25.00;25.00;24.50;24.50;24.00;24.25;24.25;24.50;27.25;27.00;24.75;24.25;24.25;24.00;24.00;24.50;28.00;27.75;24.75;24.25;24.00;23.75;24.00;24.50;27.75;27.25;24.25;23.75;23.50;24.00;24.00;25.00;28.00;27.50;24.25;23.75;23.00;23.75;23.75;24.50;26.00;25.25;23.50;23.25;23.50;23.50;23.25;23.50;23.25;23.25;23.50;23.00;22.50;22.75;23.00;23.25;22.75;23.25;22.75;22.25;22.75]
47272- [24.50;23.75;24.50;25.25;25.00;24.50;24.50;24.75;24.00;24.25;24.50;27.25;27.00;25.00;24.00;24.50;24.00;24.25;24.50;27.75;28.00;24.75;24.25;23.75;23.75;23.50;24.50;27.75;27.25;24.00;23.75;23.25;24.25;24.25;25.25;28.50;27.25;24.00;23.50;23.00;23.75;23.50;24.50;25.75;25.25;23.25;22.75;22.75;23.00;23.00;23.25;23.75;23.75;23.50;22.75;22.50;23.00;23.00;23.00;22.75;22.75;22.75;23.25;22.25]
47757- [24.25;24.00;24.75;25.25;25.00;24.75;24.00;24.00;24.25;23.75;25.00;27.00;27.00;24.50;24.00;24.00;24.00;24.25;25.00;28.25;27.50;24.75;24.25;24.00;23.75;24.25;24.75;27.50;27.25;24.25;24.25;23.25;23.50;24.50;25.25;28.25;27.25;23.75;23.75;23.00;23.50;24.00;24.25;26.00;25.50;23.50;23.00;23.50;22.75;22.75;23.50;23.50;23.00;23.00;23.25;22.25;23.00;23.00;23.00;23.25;23.00;22.75;22.25;23.00]
48242- [24.25;23.50;24.25;25.00;25.00;24.25;24.75;24.50;24.25;24.00;24.50;26.75;27.00;24.50;24.50;24.25;24.00;24.00;24.75;27.75;27.75;25.00;24.25;23.25;24.00;24.00;24.75;27.50;27.25;24.50;23.75;23.50;24.00;23.75;25.25;28.25;27.25;23.75;23.50;23.00;23.50;23.50;24.25;26.00;25.50;23.50;23.00;22.75;23.00;23.00;23.25;23.75;24.00;23.00;23.25;22.75;22.50;22.75;23.75;23.00;23.00;22.50;23.25;22.75]
48727- [24.50;24.00;24.75;24.25;25.00;24.50;24.50;24.00;24.50;23.75;24.50;27.00;27.50;24.75;24.25;24.50;24.00;24.50;24.75;28.25;27.50;24.75;24.25;23.75;24.00;23.75;24.25;27.75;27.25;24.00;23.25;23.25;23.75;23.75;25.25;28.00;27.25;24.50;24.00;23.00;24.00;24.00;24.25;26.25;25.50;23.50;23.50;23.25;22.75;22.75;23.50;23.75;23.25;22.75;23.00;22.00;23.00;23.25;23.25;22.50;23.00;22.25;23.25;22.75]
49212- [24.50;24.00;24.50;25.25;24.75;24.25;24.50;24.00;23.75;23.75;24.50;27.25;27.25;24.75;24.00;24.00;24.25;24.25;25.00;27.75;27.50;25.00;24.00;24.00;24.25;24.00;25.00;27.25;27.25;23.75;24.00;23.25;23.75;24.25;25.25;28.00;27.25;24.00;23.75;22.75;23.50;24.00;24.50;26.00;25.25;23.25;23.00;23.50;23.50;23.00;23.25;23.50;23.25;23.00;23.00;22.25;22.75;23.25;23.00;22.50;22.75;22.75;23.00;23.00]
49697- [23.75;23.75;24.25;25.50;24.75;24.00;24.75;24.50;24.50;24.00;24.75;27.25;27.00;24.75;23.75;24.25;24.00;24.25;25.00;27.75;27.50;24.75;24.50;24.00;24.00;23.75;24.50;27.75;27.50;24.50;24.00;23.25;24.00;23.25;25.00;28.25;27.25;24.00;23.75;23.00;23.00;23.75;24.00;26.25;25.00;23.50;23.50;23.25;23.25;23.25;23.25;23.75;23.25;23.25;22.75;22.00;22.75;23.25;23.50;22.50;23.00;22.75;22.75;22.75]
50182- [24.25;23.50;24.25;25.25;25.00;24.50;24.50;24.25;23.75;23.75;24.50;27.00;27.25;24.50;24.25;23.75;24.00;24.25;25.00;28.00;27.50;24.75;24.50;23.50;24.00;24.00;24.75;27.75;27.00;24.25;24.00;23.25;24.25;24.00;25.00;28.25;27.25;24.00;23.75;23.00;23.50;23.75;24.00;26.00;25.50;23.75;23.00;23.25;23.50;23.25;23.25;23.50;23.50;23.25;23.00;22.75;22.50;23.00;23.25;23.25;23.25;22.50;22.75;23.00]
50667- [24.00;24.25;24.50;25.00;25.25;24.50;24.50;24.25;24.50;24.00;25.00;27.00;27.50;24.50;24.00;24.50;24.75;24.25;24.75;27.50;27.75;25.25;24.50;24.25;24.25;23.75;24.50;27.75;27.25;24.25;23.75;23.25;24.00;24.00;25.25;28.00;27.25;24.50;23.50;23.00;23.00;23.50;24.25;26.00;25.00;24.00;22.75;23.25;23.25;22.75;23.50;23.50;23.75;23.50;22.75;23.00;23.25;23.00;23.50;22.75;23.25;22.75;23.00;22.50]
51152- [23.75;24.00;24.75;24.75;25.00;23.75;24.25;23.50;24.50;24.00;25.00;27.50;27.25;25.00;24.25;24.25;24.00;24.50;25.00;27.75;27.50;24.50;24.25;23.25;23.75;23.75;24.50;27.25;26.75;24.25;23.75;23.25;23.75;24.25;24.75;28.00;26.75;24.00;23.75;22.75;23.25;23.75;24.25;26.25;25.50;23.75;22.75;23.25;23.00;23.00;23.25;23.75;23.25;23.50;23.25;22.25;23.00;23.00;23.50;23.00;23.25;22.75;22.75;22.50]
51637- [24.25;24.00;24.75;24.75;25.25;24.25;24.25;24.25;24.25;24.25;24.50;27.25;27.25;24.75;24.25;24.50;23.75;24.00;24.75;27.75;27.75;25.00;24.25;23.50;24.00;23.50;24.75;27.25;27.00;24.50;23.75;23.50;24.25;24.00;24.75;28.00;27.00;24.00;23.75;23.25;23.50;23.50;24.00;26.25;25.50;23.75;23.25;23.25;23.50;23.50;23.25;23.50;23.75;23.25;23.25;22.50;23.25;22.75;23.25;22.50;23.25;22.50;23.00;22.75]
52122- [24.00;24.25;24.25;25.00;24.75;24.50;24.25;23.75;24.00;24.25;24.50;27.00;27.00;24.50;24.00;24.00;24.00;24.50;24.50;27.75;27.25;25.00;24.25;23.50;24.25;23.75;24.50;26.75;26.75;24.50;23.75;23.50;24.00;24.00;24.75;27.75;27.25;23.50;23.75;22.75;23.25;23.75;24.25;26.25;25.25;23.75;23.50;23.25;23.25;23.50;23.00;23.50;23.75;23.25;22.00;22.25;22.50;23.00;23.50;22.50;23.50;22.75;22.25;23.00]
52607- [24.50;23.75;24.25;24.50;25.00;24.25;24.75;23.75;24.25;23.75;24.50;27.25;27.25;24.50;24.00;24.00;24.00;24.25;24.75;28.00;27.75;24.75;24.00;23.50;23.75;23.75;24.75;27.25;26.75;24.50;23.75;23.00;23.75;24.00;24.75;27.75;27.00;24.00;23.50;23.25;23.25;23.75;24.25;26.00;25.50;23.50;23.00;23.00;23.50;23.00;23.50;23.75;23.50;23.00;22.75;22.25;23.00;23.00;23.50;22.75;22.75;22.50;23.00;22.25]
53092- [24.25;23.75;24.00;25.00;25.00;24.50;24.50;23.75;24.25;23.75;24.75;27.00;27.00;24.75;24.00;24.25;24.25;24.25;25.25;27.50;27.50;24.75;24.50;23.50;24.00;24.00;24.75;27.00;26.75;24.25;23.50;23.25;23.50;24.00;25.00;27.75;26.75;23.75;23.75;23.25;23.25;23.50;24.50;25.50;25.50;23.50;23.00;22.75;22.75;23.00;23.00;23.50;23.50;23.25;23.00;22.75;22.75;23.25;23.50;23.25;23.25;22.00;22.75;22.50]
53577- [24.00;24.00;24.25;25.25;25.00;24.25;24.00;24.25;24.25;24.25;24.50;27.00;26.50;24.50;24.00;24.00;24.25;24.25;25.00;27.75;27.75;24.75;24.25;23.75;23.75;23.75;24.75;27.00;27.25;24.25;23.75;23.50;23.75;23.75;25.00;27.50;27.25;23.75;24.00;22.75;23.50;23.75;24.25;25.75;25.50;23.75;23.25;23.25;23.00;22.75;23.25;23.25;23.50;23.00;22.75;22.25;22.25;23.50;23.50;23.00;23.25;22.75;23.25;22.75]
54062- [24.00;24.00;24.50;25.00;25.00;24.50;24.50;24.00;24.25;24.00;24.50;27.50;27.00;24.75;24.00;24.00;24.00;24.25;24.75;27.75;27.75;24.75;24.25;23.50;24.00;23.75;24.25;27.25;26.75;23.75;24.00;23.50;23.75;23.50;25.25;27.75;27.25;24.00;23.25;23.25;23.25;23.50;24.25;25.75;25.25;23.25;23.25;23.25;23.25;23.00;23.00;23.75;23.25;23.25;23.25;22.25;22.75;23.00;23.00;23.25;23.50;22.75;23.00;22.75]
54547- [24.50;24.00;24.25;25.00;25.00;24.50;25.00;23.75;24.00;23.75;24.50;27.25;27.00;24.75;23.50;23.25;23.75;24.50;25.00;27.50;27.50;24.50;24.25;23.50;23.50;24.25;24.75;27.50;27.00;24.50;23.25;23.50;23.75;23.75;25.00;27.75;27.00;24.00;23.50;23.25;23.75;23.50;24.25;26.25;25.25;23.75;23.25;23.50;23.50;23.25;23.50;23.75;23.75;23.00;23.00;22.50;22.50;23.00;23.50;23.00;22.75;22.75;23.00;22.50]
55032- [24.25;23.75;24.75;25.25;25.00;24.50;25.00;24.00;24.00;24.25;24.75;27.25;26.75;24.75;24.00;24.00;24.25;24.25;25.00;27.75;27.75;25.00;24.00;23.75;23.75;23.75;24.75;27.25;27.00;24.25;24.00;23.75;24.00;23.75;25.25;27.50;27.00;24.00;23.75;23.00;23.25;23.50;24.00;25.50;25.50;23.25;22.75;23.50;23.25;23.00;23.25;23.75;23.25;23.00;23.00;22.50;23.00;23.25;23.00;23.00;23.25;22.50;23.00;22.25]
55517- [24.00;24.00;24.25;24.75;25.00;24.00;24.50;24.25;24.00;23.50;24.50;27.00;27.00;24.50;24.00;24.25;24.25;24.50;24.75;28.00;27.50;24.75;24.25;23.75;23.75;23.75;24.50;27.25;26.50;24.25;23.50;23.00;24.25;24.25;25.00;27.75;27.00;24.00;23.50;23.25;23.50;23.75;24.50;26.25;25.25;23.50;23.00;23.75;23.25;23.25;23.50;23.50;23.50;24.00;22.50;22.00;23.00;23.25;23.00;22.75;23.00;23.00;23.00;22.50]
56002- [24.00;24.50;24.25;25.25;24.75;24.25;24.25;23.75;24.25;23.75;24.25;27.00;27.00;25.00;24.25;24.00;24.00;24.00;24.75;28.25;27.75;25.00;24.25;23.75;23.75;24.00;24.75;27.50;27.00;24.50;24.25;23.75;24.00;24.25;25.25;28.00;27.00;24.00;23.75;23.25;23.50;23.50;24.50;25.75;25.00;23.50;23.25;23.25;23.00;23.75;23.25;23.50;23.50;23.25;22.75;23.00;23.00;23.25;23.75;23.25;23.00;22.75;22.75;23.00]
56487- [24.25;24.00;24.25;25.25;24.75;24.50;24.75;24.50;25.00;24.25;24.50;27.25;27.50;24.75;24.75;24.75;24.50;24.50;25.00;27.75;27.75;24.75;24.75;24.00;23.75;23.75;24.75;27.25;27.00;24.25;23.75;23.25;24.00;24.50;25.25;28.25;27.00;24.25;23.75;22.75;23.25;23.75;24.25;26.00;25.25;23.25;23.25;23.25;23.00;23.25;23.00;23.75;23.25;22.75;23.00;22.25;23.25;23.25;23.50;22.50;23.00;22.75;23.00;22.75]
56972- [24.25;23.75;24.25;25.25;24.75;24.25;24.75;24.00;24.00;24.00;24.75;27.25;27.00;24.75;24.00;24.00;24.00;24.25;25.00;28.00;27.50;24.50;24.50;23.75;23.75;23.75;24.75;27.50;27.00;24.25;24.00;23.75;24.00;24.00;25.00;28.00;27.25;24.00;23.75;22.50;23.25;23.75;23.75;26.00;25.50;23.75;23.25;23.25;23.50;23.25;23.50;23.25;23.50;23.50;23.00;22.50;23.00;23.50;23.00;22.50;23.25;23.00;23.00;22.75]
57457- [24.25;24.25;24.75;25.00;24.75;24.50;24.50;24.00;24.25;23.75;24.75;27.00;27.25;24.75;24.50;24.00;24.00;24.25;24.75;27.75;27.50;25.00;24.50;23.75;24.25;24.00;24.75;27.25;27.00;24.25;24.25;23.50;24.00;24.25;25.25;28.00;27.00;24.25;23.75;23.25;23.50;24.25;24.25;26.25;25.25;23.50;23.25;23.25;23.25;23.00;23.50;23.75;23.50;23.25;22.75;22.25;23.00;23.75;23.50;22.50;22.75;22.50;22.75;22.25]
57942- [24.50;24.50;24.25;25.00;25.25;24.75;24.75;24.25;24.25;23.75;25.25;27.25;27.75;24.75;24.50;24.25;24.25;24.50;25.25;27.75;28.00;24.75;24.50;23.75;23.75;24.25;25.25;28.00;27.25;24.50;24.00;23.75;24.50;24.50;25.25;28.00;27.25;24.25;23.75;23.00;23.50;23.75;24.25;26.25;25.25;23.75;23.50;23.75;23.25;23.25;23.75;23.75;23.50;23.50;23.25;22.75;23.00;22.75;23.25;22.75;23.00;23.00;23.00;23.25]
58427- [24.25;24.50;24.75;25.25;25.25;25.00;24.50;24.50;24.00;24.25;25.00;27.25;27.50;24.75;24.00;24.50;24.25;24.25;25.00;28.00;27.75;25.25;24.25;24.00;24.25;24.25;25.00;27.75;27.25;24.50;24.50;23.50;24.00;24.00;25.50;28.00;27.25;24.25;24.25;23.50;23.50;23.75;24.75;26.75;25.75;24.00;23.25;23.75;23.50;22.75;23.75;24.00;23.75;23.00;23.00;22.75;23.25;23.75;23.75;23.50;23.25;23.00;23.25;23.25]
58912- [24.75;24.25;24.50;25.25;25.25;24.25;25.00;24.75;24.25;24.25;25.00;27.75;27.75;25.00;24.75;24.25;24.25;24.75;25.50;28.00;28.00;25.50;24.25;24.25;24.00;24.25;25.00;27.75;27.00;24.50;24.00;23.50;24.00;24.25;25.25;28.00;27.75;24.25;24.00;23.50;23.75;24.00;24.50;26.50;25.75;24.00;23.25;23.75;23.50;23.25;23.50;24.00;23.50;23.50;23.25;23.00;24.00;23.75;23.50;22.75;23.50;23.00;23.50;23.00]
59397- [24.50;24.25;24.50;25.50;25.25;24.75;25.25;24.25;24.75;24.50;24.75;27.50;27.25;25.00;24.25;24.50;24.50;25.00;25.75;28.25;27.75;25.00;24.75;24.00;24.25;24.25;25.25;27.75;27.25;24.50;24.00;23.75;24.50;24.00;25.25;28.25;27.25;24.50;24.25;23.75;24.00;24.00;24.75;26.25;25.25;24.00;24.00;23.25;23.50;23.25;23.25;24.00;24.25;24.00;23.50;23.00;23.50;23.00;22.75;23.25;23.75;23.25;23.00;23.25]
59882- [24.75;23.75;24.50;25.50;25.00;24.50;24.75;24.25;24.25;23.75;24.75;27.50;27.25;25.00;24.25;23.75;24.25;24.25;25.00;28.00;28.00;25.25;24.00;23.75;24.00;23.75;25.00;27.75;27.25;24.25;24.00;23.00;23.50;24.25;25.00;28.25;27.25;24.00;23.75;23.25;23.50;23.75;24.25;26.25;25.75;23.75;23.50;23.50;23.50;23.25;23.25;23.50;23.75;23.50;22.75;23.00;22.75;23.50;23.50;23.25;22.50;22.50;22.75;23.00]
60367- [24.00;23.75;24.50;25.00;25.00;24.75;24.75;24.25;24.25;24.25;25.25;27.50;27.50;24.50;24.50;24.75;24.25;24.50;25.25;27.75;27.75;24.75;24.50;23.50;24.00;23.75;24.75;27.25;27.00;24.50;23.50;23.25;24.00;24.00;25.25;28.00;27.50;24.25;23.75;23.25;23.50;23.75;24.50;26.25;25.50;23.75;23.25;23.75;23.25;23.25;23.75;24.00;23.75;23.50;22.75;22.75;22.75;23.50;23.50;22.75;22.75;22.75;22.75;22.50]
60852- [24.50;23.75;24.75;25.50;25.25;24.50;24.75;24.75;24.50;24.50;25.00;27.25;27.00;25.00;24.00;23.75;23.75;24.25;25.00;28.00;27.50;24.75;24.25;24.25;23.75;23.75;24.75;27.25;27.00;24.25;23.75;23.75;24.00;24.00;24.75;28.00;27.25;24.00;23.75;23.25;23.50;24.25;24.00;26.50;25.50;23.75;23.25;23.50;23.25;22.75;23.00;23.50;23.75;23.75;23.00;22.50;23.00;23.50;23.25;22.75;23.00;23.00;23.25;23.25]
61337- [24.50;24.25;24.75;25.00;25.25;24.75;25.00;24.50;24.50;24.00;25.25;27.50;27.25;24.50;24.50;24.00;24.25;24.50;25.00;28.00;27.75;25.00;24.50;24.00;23.75;24.00;25.00;27.75;27.25;24.75;24.25;23.25;23.50;24.00;25.00;28.00;27.50;24.25;23.75;23.00;23.50;23.50;24.50;26.00;25.50;23.50;23.00;23.25;23.25;23.50;23.25;23.50;23.75;23.50;23.25;22.25;23.00;22.75;23.75;23.00;22.75;22.75;23.00;22.50]
61822- [24.50;24.25;24.75;25.25;25.50;24.25;24.50;24.00;24.25;24.25;24.50;27.50;27.50;24.75;24.50;23.75;24.25;24.25;24.75;28.00;27.50;25.00;24.25;23.50;23.75;23.75;25.25;27.50;26.75;24.50;23.50;23.50;24.25;24.00;25.25;28.00;27.50;24.25;23.75;23.00;23.50;24.00;24.25;26.00;25.00;23.50;24.00;23.50;23.00;23.00;23.00;23.25;23.50;23.75;22.75;22.25;22.50;23.25;23.25;23.00;23.00;23.25;22.50;22.75]
62307- [24.75;23.75;24.50;25.25;25.00;24.75;24.50;23.75;24.50;24.00;24.50;27.25;27.50;24.50;24.00;24.00;24.25;24.25;24.75;27.50;27.25;25.00;24.25;24.00;23.75;23.25;25.00;27.00;27.00;24.50;23.75;23.50;24.00;23.75;25.25;27.75;27.50;24.25;23.75;23.25;23.50;23.75;24.00;25.50;25.25;23.25;23.50;23.25;23.50;23.25;23.25;23.75;23.50;23.50;23.00;23.00;22.75;23.25;23.25;23.25;23.00;22.50;23.00;23.00]
62792- [24.00;24.00;24.25;25.00;25.00;24.25;24.75;24.00;24.00;24.25;24.75;27.50;27.50;24.75;24.00;24.50;23.75;24.00;24.75;27.50;27.25;24.75;24.25;23.50;24.25;23.75;24.50;27.50;27.25;24.50;24.00;23.25;23.25;23.75;25.00;28.25;27.50;24.25;23.75;23.25;23.50;23.75;24.25;26.00;25.00;23.25;23.25;23.50;23.25;22.50;23.25;23.75;23.25;23.50;22.50;23.00;22.75;22.50;23.25;22.75;23.00;22.50;23.00;22.75]
63277- [24.25;24.25;24.50;25.00;24.75;24.25;24.50;23.50;24.50;24.00;24.75;27.25;27.25;24.75;23.75;24.25;23.75;24.25;24.75;27.75;27.25;24.75;24.50;24.00;23.50;23.50;24.50;27.25;27.25;24.25;23.50;23.50;24.00;24.00;25.00;27.75;27.25;24.50;23.75;23.25;22.75;23.50;24.00;25.50;25.25;23.25;23.00;23.75;23.50;23.25;23.25;23.25;23.00;23.25;23.00;22.25;23.00;23.50;23.25;23.00;23.25;22.50;23.25;22.75]
63762- [24.50;24.00;24.50;24.75;25.00;24.00;24.00;23.50;23.75;24.00;24.50;27.25;27.00;24.50;24.00;24.00;23.50;24.00;24.75;27.25;27.00;24.75;24.00;23.75;23.75;23.75;24.50;27.25;27.00;24.25;23.25;23.50;24.00;24.25;24.50;27.50;27.00;24.00;23.00;22.75;23.00;23.50;24.25;25.25;25.25;23.25;22.75;23.25;23.25;22.75;23.25;23.25;23.00;23.25;23.00;22.00;23.00;22.75;23.00;23.00;22.75;22.25;22.50;22.75]
64247- [23.50;23.50;24.25;25.25;24.75;24.25;24.50;23.50;24.25;23.75;24.25;27.25;27.25;24.75;24.25;24.25;24.00;24.00;25.00;27.50;27.50;24.50;24.00;23.75;24.00;23.75;24.25;27.25;26.50;24.00;23.75;23.75;24.00;23.75;25.00;27.75;27.25;23.75;23.50;22.75;23.50;23.25;23.75;25.75;25.25;23.25;23.00;23.25;23.00;23.25;23.25;22.75;23.25;23.00;22.75;22.25;22.75;22.50;22.50;22.75;22.75;22.50;22.25;21.75]
64732- [24.00;23.75;24.50;25.00;24.50;24.25;24.25;24.50;24.00;24.00;24.50;27.25;27.00;24.75;24.25;24.00;24.25;24.00;24.75;27.25;27.25;24.75;24.25;23.50;23.25;23.25;24.75;27.25;26.75;23.75;23.25;23.25;23.50;23.50;24.50;27.75;27.00;24.50;23.75;23.25;22.75;23.50;24.00;25.75;24.75;23.75;22.75;22.75;23.00;22.75;23.25;23.25;23.00;23.25;23.25;22.50;22.50;23.75;22.75;23.00;23.25;22.50;22.75;22.75]
65217- [24.25;24.00;24.00;24.75;25.00;24.25;24.25;23.50;24.25;23.75;24.50;27.00;27.25;24.25;24.25;23.50;24.00;23.75;24.50;27.75;27.00;24.50;23.75;23.50;23.75;23.50;24.50;27.00;26.75;24.75;23.50;23.00;24.00;23.75;24.75;28.00;27.00;23.75;23.25;23.25;23.50;23.50;23.75;25.50;25.25;23.25;23.00;23.25;23.00;23.00;23.00;23.00;23.50;23.25;22.50;22.00;22.75;23.00;23.50;22.75;23.00;22.50;22.75;23.00]
65702- [24.25;23.50;24.25;24.75;24.50;24.25;24.25;24.00;24.25;23.75;24.25;27.25;27.25;24.50;23.75;24.00;24.00;24.00;24.50;27.50;27.50;24.50;23.75;23.00;23.75;23.75;24.25;27.75;26.50;24.25;23.50;23.50;23.50;24.00;24.75;27.75;27.25;23.50;23.75;23.00;23.25;23.50;23.75;25.50;24.75;23.25;22.75;23.25;23.50;23.00;23.00;23.50;23.50;22.75;23.00;22.25;22.50;23.00;23.00;22.50;23.00;23.00;23.00;22.50]
66187- [24.50;23.75;24.00;24.75;25.00;24.00;24.00;23.75;23.75;23.75;24.50;27.00;26.75;24.25;23.75;23.50;23.75;24.25;24.50;27.75;27.00;24.25;24.25;23.75;23.75;23.75;24.25;27.25;26.50;24.25;23.25;23.25;23.50;23.50;24.75;27.25;26.75;24.00;23.00;22.25;23.00;23.75;24.25;25.50;25.25;23.50;22.75;23.00;23.00;23.25;23.25;23.75;23.25;23.25;22.75;22.25;23.25;23.00;23.25;22.75;23.25;22.75;22.75;22.50]
66672- [23.75;23.75;24.00;25.00;24.25;24.25;24.25;24.00;24.00;23.75;24.75;27.50;27.00;24.75;23.50;23.75;24.00;24.25;24.50;28.00;27.50;24.50;24.25;23.50;23.75;23.50;24.75;27.00;26.25;24.25;23.75;23.50;23.75;23.75;25.00;27.75;26.75;24.00;23.75;22.75;23.00;23.25;24.00;25.25;25.00;23.00;23.00;22.75;23.00;23.00;23.50;23.25;23.00;23.00;22.25;22.00;22.75;23.00;23.25;23.25;23.00;22.75;22.50;22.50]
67157- [24.25;24.00;24.50;25.00;25.00;24.25;24.25;24.00;24.25;24.00;24.50;27.00;26.75;24.25;23.75;24.00;23.50;24.25;24.00;27.75;27.25;24.75;24.25;23.75;24.00;24.00;24.50;27.00;26.75;24.00;23.75;23.00;23.25;23.75;24.50;28.00;27.00;24.00;23.50;23.25;23.75;23.75;24.00;25.75;25.50;23.50;22.75;23.00;23.25;23.25;23.25;23.50;23.50;23.25;22.50;22.00;22.50;22.50;22.75;22.50;22.75;22.25;22.50;22.50]
67642- [24.00;24.00;24.50;24.75;24.50;24.25;24.00;24.00;24.00;24.00;24.25;27.00;26.75;24.50;24.00;23.75;23.75;24.25;24.25;27.50;27.00;24.75;24.00;23.50;23.50;23.50;24.25;27.25;26.75;24.25;23.50;23.00;23.75;24.00;25.00;27.75;27.00;24.00;23.50;22.50;23.00;23.25;23.75;25.50;25.00;23.50;22.50;22.75;23.25;23.50;23.25;23.00;23.00;23.00;22.50;22.25;23.25;23.25;23.00;22.50;22.75;22.75;22.50;22.75]
68127- [23.50;23.75;24.75;24.75;24.75;24.00;24.75;24.25;24.50;24.00;24.25;27.00;27.50;24.50;23.75;23.75;23.75;24.25;25.00;27.50;27.25;24.50;23.75;23.25;23.75;23.50;24.50;27.25;27.00;23.75;23.50;23.25;23.50;24.00;24.75;28.00;26.75;24.25;23.50;23.00;23.00;23.50;23.75;25.50;25.25;23.25;23.25;23.00;23.00;23.00;23.50;23.25;23.25;23.25;22.50;22.25;22.50;22.75;23.00;22.75;22.75;22.75;22.50;22.25]
68612- [24.00;23.50;24.25;24.75;24.50;24.00;24.50;24.00;24.25;23.75;24.25;27.00;27.25;24.50;23.75;24.50;23.75;24.25;24.50;27.50;27.25;24.50;24.50;23.75;23.25;23.75;24.25;27.00;26.75;24.00;24.00;23.00;23.75;23.75;24.75;27.75;27.00;23.75;23.50;23.00;22.75;23.75;24.50;25.50;25.00;23.25;23.00;23.25;23.00;22.75;23.25;23.25;23.25;23.00;22.75;22.25;22.50;23.25;22.50;22.75;22.25;22.75;23.00;22.50]
69097- [24.25;24.00;24.50;25.25;24.75;24.25;24.75;24.00;24.25;24.25;24.25;27.25;27.25;24.50;24.00;24.25;23.75;24.50;25.00;28.00;27.50;24.50;24.00;23.75;23.75;23.75;24.75;27.00;27.25;24.00;23.50;23.25;24.00;23.75;25.00;27.75;27.00;24.00;23.50;23.00;23.25;23.25;24.00;26.00;25.00;23.25;23.25;23.00;23.00;22.75;23.50;23.00;23.50;23.25;22.50;22.00;22.75;23.00;23.25;23.00;23.25;22.50;22.50;23.25]
69582- [24.00;23.50;24.25;24.75;25.00;24.50;24.75;24.00;24.25;24.00;24.50;27.50;27.50;24.75;24.25;23.75;24.50;24.00;24.75;27.75;27.50;25.25;24.50;23.75;23.75;23.75;24.50;27.25;27.25;24.25;23.75;23.50;23.75;23.50;25.00;28.00;27.00;24.25;23.50;22.75;24.00;23.50;24.00;25.75;25.25;23.50;22.75;23.50;23.25;22.75;23.25;23.50;23.50;23.00;22.50;22.50;22.75;22.75;22.75;22.75;22.75;23.00;23.00;23.00]
70067- [24.00;24.00;24.50;24.75;25.25;24.25;24.75;24.00;24.25;23.50;24.25;27.50;27.25;24.75;24.25;24.00;23.75;24.50;24.75;28.00;27.25;24.50;24.50;23.50;23.50;24.00;24.25;27.00;27.00;24.25;23.75;23.50;23.50;24.25;25.00;28.00;27.00;24.00;23.25;23.00;23.50;23.50;24.00;25.75;25.00;23.25;23.00;23.25;23.25;23.00;23.25;23.50;23.50;23.25;23.00;22.75;22.75;23.00;23.25;22.75;22.75;22.75;23.00;23.00]
70552- [24.00;24.00;24.25;25.00;25.00;24.50;24.50;24.00;24.00;24.00;24.50;27.25;27.00;24.75;24.00;23.75;24.25;24.00;25.00;27.75;27.50;25.00;24.25;24.00;24.00;23.75;24.50;27.00;26.75;24.00;23.50;23.00;23.50;23.75;24.75;27.50;27.00;24.00;23.50;23.00;23.25;23.25;24.00;25.50;25.00;23.50;23.00;23.50;23.25;23.00;23.75;23.50;23.50;23.50;22.75;22.50;22.25;23.00;23.25;22.75;22.75;22.50;22.75;23.00]
71037- [24.25;24.25;24.25;25.00;25.00;24.25;24.50;24.00;24.00;24.00;24.75;27.25;26.75;24.75;23.75;24.25;24.00;24.25;24.75;27.50;27.50;24.75;24.25;23.25;23.50;23.50;24.50;27.50;27.00;23.75;23.50;23.00;24.25;24.00;24.75;27.75;27.00;24.00;23.75;23.00;23.50;23.50;24.25;25.75;25.00;23.00;23.00;23.00;23.25;23.00;23.25;23.50;23.25;23.00;23.00;23.00;22.25;22.50;23.00;22.75;22.75;22.50;23.00;23.00]
71522- [24.25;23.50;24.50;25.00;24.75;24.50;24.50;23.75;24.50;24.00;24.50;27.00;27.00;24.50;24.00;23.75;24.00;24.25;24.75;27.50;27.50;24.75;24.25;23.25;23.75;23.50;24.25;26.75;26.75;24.00;24.00;23.25;23.25;24.00;25.00;27.50;27.00;24.00;23.50;23.00;23.25;23.75;23.50;25.25;24.75;23.50;23.00;23.50;22.75;23.00;23.25;23.25;23.25;23.25;23.25;22.25;23.00;23.00;23.25;22.75;22.75;22.25;23.00;22.75]
72007- [24.25;23.75;24.25;24.50;25.00;24.25;24.75;23.75;23.75;23.50;24.75;27.25;27.25;24.75;24.00;24.25;24.00;24.50;25.00;27.50;27.25;25.00;24.25;23.50;23.50;23.50;24.50;27.50;27.50;24.25;23.75;23.75;23.75;23.75;24.75;27.50;26.75;24.00;23.25;22.75;23.25;23.25;24.25;25.50;25.00;23.25;23.50;22.75;23.00;22.75;23.50;23.25;23.75;23.00;22.25;22.25;22.75;23.00;23.50;22.50;23.00;22.50;22.50;22.50]
72492- [24.00;24.00;24.75;25.00;24.75;24.50;24.25;24.00;24.00;24.00;25.00;27.00;27.25;24.75;24.00;24.25;24.00;23.50;24.75;28.00;27.75;24.75;24.25;23.75;23.75;23.50;24.50;27.25;26.75;24.00;23.50;23.75;23.75;23.50;24.75;28.00;27.00;23.75;23.75;23.25;23.00;23.50;24.25;25.75;25.00;23.50;23.00;23.50;22.75;23.25;23.50;23.00;23.75;23.00;23.00;22.50;22.50;23.25;23.25;23.00;23.00;22.50;22.75;22.50]
72977- [24.50;24.00;24.25;24.75;24.75;24.25;24.75;24.50;24.25;24.00;24.75;27.25;27.50;24.50;23.75;24.00;23.75;24.00;25.00;27.50;27.25;24.75;24.25;23.00;23.75;24.00;24.25;27.00;27.00;24.25;23.75;23.50;24.00;24.00;24.75;27.75;27.00;23.75;24.00;23.00;23.50;23.50;23.75;25.50;25.00;23.25;22.75;23.00;23.50;23.25;23.00;23.25;23.75;23.25;22.75;22.25;23.00;23.25;23.50;22.50;23.25;22.75;22.75;22.75]
73462- [24.00;23.75;24.50;25.25;25.00;24.25;25.00;24.25;23.75;23.50;24.75;27.25;27.00;24.50;23.75;23.75;23.75;24.00;24.75;28.00;27.50;24.25;24.25;23.25;23.50;23.50;24.50;27.50;26.75;24.00;23.75;23.25;23.75;24.00;24.75;27.75;27.25;24.00;23.25;23.00;23.50;23.50;24.00;26.00;25.00;23.25;23.25;23.00;23.75;22.75;23.25;23.50;23.50;23.25;23.25;22.75;23.25;22.75;23.00;22.75;23.50;23.00;23.00;23.25]
73947- [24.25;23.75;24.25;25.25;25.25;24.50;24.25;23.75;24.00;23.75;24.75;26.75;27.00;24.75;24.25;24.00;24.50;24.00;24.75;28.00;27.75;25.00;23.75;23.25;23.75;23.50;24.25;27.50;26.75;24.50;23.50;23.75;23.75;24.00;25.00;28.00;27.00;23.75;23.50;23.25;23.25;23.75;24.00;25.50;24.75;24.00;23.25;23.50;23.00;23.00;23.25;23.50;23.25;23.50;23.25;22.50;23.25;22.75;22.75;22.75;22.75;23.00;22.75;22.50]
74432- [23.75;23.50;24.25;25.00;24.75;24.25;24.50;24.25;24.00;23.50;24.25;27.50;27.25;24.25;24.00;23.75;24.25;23.75;24.50;27.75;27.50;24.50;23.75;23.75;23.50;23.25;24.75;27.50;26.75;24.00;23.75;23.00;23.75;23.75;25.00;27.75;27.25;24.25;23.50;23.00;23.25;23.50;23.75;25.50;25.00;23.50;23.25;23.25;22.75;23.00;23.50;24.00;23.00;23.00;23.00;22.75;23.00;23.00;23.25;22.75;22.75;22.25;23.00;22.00]
74917- [23.75;24.00;24.25;25.00;24.75;24.75;24.50;23.25;23.75;24.00;24.25;27.25;27.25;25.00;24.00;23.75;23.75;23.75;25.00;27.50;27.25;24.50;23.75;23.25;23.75;23.50;24.00;27.00;26.50;24.00;23.25;23.50;23.75;24.25;24.50;27.75;27.00;24.00;23.50;23.25;23.00;23.25;24.00;25.75;24.75;23.50;23.50;22.75;23.00;22.75;23.25;23.25;23.75;23.00;22.75;22.00;23.00;23.00;23.00;23.00;22.50;22.25;23.00;23.00]
75402- [23.25;23.50;24.25;25.00;24.75;24.00;23.75;23.75;23.75;23.75;24.50;27.25;27.00;24.50;24.00;23.75;24.00;23.75;25.00;27.75;27.00;24.50;24.00;23.25;23.50;23.50;24.50;27.25;26.75;24.00;23.50;23.25;23.75;24.00;24.25;27.75;26.75;24.00;23.50;23.00;23.25;23.00;24.00;25.50;24.75;23.25;23.50;22.75;22.75;23.00;23.25;23.25;23.50;22.75;22.50;22.00;22.75;22.75;23.00;22.75;22.50;22.00;22.50;22.50]
75887- [24.25;23.25;24.00;24.75;24.75;23.75;24.00;23.50;24.25;23.75;24.25;27.00;27.00;24.75;23.50;23.50;23.50;24.00;24.50;27.50;27.00;24.75;23.75;23.25;23.50;23.25;24.50;27.00;26.50;24.00;23.25;22.75;23.75;23.75;24.50;27.50;27.00;24.00;23.25;23.00;23.00;23.25;23.50;25.25;24.75;23.25;22.50;22.75;22.50;22.75;22.75;23.25;23.25;22.75;23.00;22.25;22.50;23.00;23.25;22.50;23.25;22.25;22.50;22.75]
76372- [24.00;24.00;24.00;25.00;25.00;23.75;24.25;23.75;23.50;24.25;24.00;27.00;27.00;24.00;23.50;24.00;23.75;23.75;24.75;27.25;27.25;24.50;24.25;23.50;23.75;23.75;24.50;27.25;26.50;24.00;23.25;23.25;23.75;23.75;24.75;27.50;26.50;23.75;23.75;23.00;23.50;23.50;23.75;25.25;24.75;23.00;23.00;23.25;23.25;22.75;23.50;23.25;23.25;23.25;22.75;22.25;22.75;23.25;23.25;22.50;23.25;22.25;22.50;22.50]
76857- [23.50;23.50;24.25;24.75;25.00;23.75;24.50;23.75;24.00;24.25;24.50;26.75;27.00;24.75;24.00;24.00;24.00;23.50;24.75;27.25;27.25;24.75;24.00;23.50;24.00;23.00;24.50;27.00;27.00;23.75;23.50;23.25;23.75;23.25;24.75;27.50;26.75;23.75;23.25;22.50;23.00;23.25;23.50;25.25;24.75;23.50;22.75;23.25;23.25;23.00;23.00;23.00;23.25;22.75;22.25;22.25;22.75;22.75;22.75;22.50;23.00;22.25;23.00;22.75]
77342- [23.50;23.75;24.00;24.75;24.75;24.25;23.75;23.75;24.00;23.50;24.50;27.00;27.00;24.50;23.75;23.50;23.75;23.75;24.50;27.75;27.00;24.75;24.00;23.00;23.75;23.75;24.25;27.00;26.75;23.50;23.50;23.00;23.25;23.50;25.00;27.50;26.75;24.25;23.50;22.50;23.00;23.00;23.75;25.25;25.00;23.25;22.75;23.00;22.75;23.50;22.50;23.00;23.25;23.25;22.50;22.50;22.75;23.25;23.00;22.50;23.00;22.50;23.00;22.50]
77827- [24.00;23.50;24.00;24.75;24.50;24.25;24.25;24.00;24.25;23.25;24.25;27.00;27.25;24.25;24.50;23.75;24.00;24.00;24.75;27.50;27.25;24.50;23.75;23.50;23.75;23.75;24.00;27.25;26.75;24.00;23.50;23.25;23.50;23.50;24.75;27.75;26.50;23.75;23.75;22.75;23.50;23.25;24.00;25.50;24.75;23.50;23.25;23.00;23.50;23.00;23.75;23.75;23.50;23.25;23.00;22.00;23.25;23.00;23.00;22.75;22.50;22.00;22.75;22.25]
78312- [24.00;23.75;24.25;24.75;24.75;24.25;24.00;24.00;24.25;23.50;24.50;27.00;27.50;24.25;24.00;23.75;24.00;23.75;24.75;27.25;27.00;24.75;23.75;23.25;23.25;24.00;24.50;27.00;26.25;24.00;23.75;23.25;24.00;24.00;24.75;27.75;27.00;24.00;23.25;23.50;23.00;23.75;23.75;25.75;24.75;23.50;23.50;23.00;22.75;22.75;23.25;23.00;23.00;22.50;22.50;22.00;22.75;22.75;22.75;22.75;23.00;22.00;23.00;22.50]
78797- [24.50;23.00;24.25;25.00;24.75;24.25;24.50;24.25;24.25;24.50;24.25;27.00;27.25;24.50;24.00;24.00;24.50;24.00;24.75;28.00;27.00;25.25;24.00;23.50;23.75;23.75;24.75;27.00;27.00;24.50;23.75;23.50;23.50;24.25;24.50;27.50;27.00;24.25;23.75;23.25;23.50;23.50;24.25;25.75;25.00;23.50;23.25;23.25;23.50;23.25;23.25;23.25;23.25;23.50;23.00;22.25;22.75;23.00;23.00;23.00;22.75;22.75;23.00;22.50]
79282- [24.50;24.00;24.25;25.00;24.75;24.00;24.25;23.75;24.25;24.00;24.50;27.25;27.25;24.25;24.00;24.25;24.00;24.00;24.50;27.75;27.00;25.00;24.25;24.00;23.75;23.50;24.25;27.00;27.00;24.00;24.00;23.00;24.00;24.00;24.75;27.75;27.00;24.00;23.25;22.75;23.25;23.75;24.00;25.75;25.00;23.75;23.00;23.25;23.00;23.25;23.00;23.75;23.75;23.25;22.75;22.50;22.75;23.25;23.00;23.00;23.00;22.25;22.75;23.00]
79767- [24.25;23.75;24.25;25.00;25.00;23.75;24.50;24.00;24.50;24.25;24.75;27.00;27.50;24.50;24.25;24.25;23.75;24.25;24.75;27.75;27.75;25.00;24.50;23.75;23.75;24.00;24.50;27.75;27.00;24.50;23.25;23.50;24.00;23.75;25.25;28.00;26.75;24.50;23.75;23.25;23.25;24.00;24.00;25.75;25.25;23.50;23.25;23.00;23.50;23.50;23.50;23.50;23.50;23.50;23.25;22.75;23.00;22.75;23.50;22.75;23.25;22.75;22.50;23.00]
80252- [24.25;23.50;24.75;25.00;25.00;24.00;24.50;24.25;24.50;24.00;24.75;27.50;27.50;24.75;24.25;24.00;23.75;24.25;25.00;27.75;27.25;25.25;23.75;23.75;23.75;23.75;24.50;27.25;26.75;24.75;23.75;23.50;24.00;23.75;24.50;27.50;27.00;24.00;23.50;23.25;23.00;23.50;24.25;26.00;25.00;23.75;23.25;23.50;23.00;23.50;23.00;23.00;23.25;23.25;23.00;22.00;23.25;23.25;23.25;22.75;23.00;22.75;22.75;23.00]
80737- [24.00;24.00;24.25;24.75;25.00;24.00;24.50;24.25;24.00;24.00;24.75;27.25;26.75;25.00;24.00;24.00;24.00;24.50;25.00;27.50;27.50;24.50;24.00;23.25;23.50;23.75;24.75;27.25;26.75;24.25;23.75;23.50;23.75;23.75;25.00;28.00;27.00;24.00;23.25;22.75;23.25;23.75;24.00;26.00;25.25;23.25;23.00;23.50;23.50;23.25;23.75;23.00;23.25;23.50;22.25;22.75;22.50;23.00;23.25;23.50;23.00;22.25;22.75;22.75]
81222- [24.50;23.75;24.75;25.00;24.75;24.50;24.50;24.00;24.25;24.00;24.50;27.25;27.25;24.75;23.75;24.25;24.00;24.00;24.50;27.75;27.75;24.75;24.00;23.50;23.75;23.50;24.50;27.00;26.50;24.00;23.75;23.50;24.00;24.00;25.00;27.75;26.75;23.75;23.50;23.00;23.75;23.25;24.25;25.75;25.25;23.25;23.00;23.25;23.25;22.50;23.25;23.50;23.25;23.75;23.00;22.00;23.00;22.75;23.50;23.00;23.00;23.25;23.00;22.75]
81707- [24.25;23.75;24.25;24.75;25.00;24.25;24.25;24.00;24.25;24.00;24.50;27.25;27.00;24.50;23.75;24.00;24.00;23.75;24.25;27.50;27.75;25.00;24.25;23.50;24.00;24.00;24.25;27.25;26.50;24.00;23.75;23.50;23.50;23.75;25.00;27.75;26.75;24.25;23.75;22.75;23.25;23.75;24.00;25.75;25.25;22.75;23.00;22.75;23.25;22.75;23.25;23.50;23.00;23.00;23.00;22.75;22.75;23.00;23.25;22.50;23.00;22.50;22.50;22.25]
82192- [23.75;23.75;24.25;25.00;24.75;24.00;24.50;23.75;24.00;23.50;24.25;27.50;26.50;24.75;24.00;24.00;24.00;24.00;24.50;27.75;27.00;24.75;24.25;23.25;23.50;23.75;24.25;27.00;26.75;24.25;23.75;23.50;23.75;24.25;25.00;27.75;27.00;23.75;23.25;22.75;23.25;23.50;23.75;26.00;25.00;23.25;23.00;23.00;23.25;23.25;24.00;23.50;23.50;23.25;22.75;22.00;22.75;23.25;23.75;23.00;22.50;22.25;23.25;23.00]
82677- [24.00;23.75;24.25;24.50;25.00;24.25;24.25;23.75;24.50;24.00;24.25;26.75;27.00;24.25;23.75;24.00;23.75;23.75;24.75;27.50;27.00;24.25;23.50;23.50;23.50;24.00;24.25;27.00;26.50;24.00;23.50;22.75;23.50;23.50;25.00;27.50;26.50;24.00;23.25;22.75;23.25;23.00;23.75;25.75;25.00;23.50;22.50;22.75;23.25;22.50;23.25;23.50;23.25;23.00;22.75;21.75;23.00;22.75;23.50;22.50;23.25;22.50;23.00;22.50]
83162- [23.75;23.25;23.75;24.75;24.25;24.25;24.50;24.00;24.00;23.75;24.25;26.75;27.00;24.50;23.50;24.00;24.00;24.00;24.50;27.50;27.25;24.50;23.75;23.50;23.50;23.25;24.00;27.50;26.25;24.25;23.75;23.00;23.75;23.50;24.75;27.50;26.75;23.50;23.25;22.75;23.25;23.00;23.75;25.75;25.00;23.25;22.75;23.25;23.00;22.75;22.75;23.25;23.25;23.25;22.75;22.50;22.75;22.50;22.75;22.25;23.00;22.25;22.75;22.25]
83647- [23.75;23.50;24.00;24.75;24.50;24.25;24.00;23.75;23.75;23.50;24.25;26.75;27.00;24.25;24.00;24.25;23.50;24.00;24.50;27.75;27.00;24.75;23.75;23.50;23.75;23.50;24.00;27.00;26.25;23.75;23.75;23.00;23.75;23.75;24.50;27.25;26.25;23.25;23.75;22.75;23.00;23.25;24.00;25.75;25.00;23.50;23.25;23.25;23.00;23.00;23.25;23.00;22.75;22.25;22.50;22.25;22.00;23.00;23.00;22.25;22.50;22.50;22.75;22.75]
84132- [24.00;23.75;24.25;24.75;25.00;24.50;24.50;24.00;23.75;24.00;24.25;27.25;27.00;24.25;24.25;24.25;23.75;24.00;25.00;27.50;27.25;24.25;24.00;23.50;23.50;23.25;24.75;27.25;26.50;24.25;23.25;23.50;23.75;23.50;25.00;27.50;27.00;23.50;23.25;22.75;22.75;23.25;24.00;25.25;24.75;23.25;23.25;23.00;23.00;22.50;23.00;23.25;23.00;22.50;22.50;21.75;23.00;22.75;23.00;22.50;22.75;22.50;22.25;22.50]
84617- [23.50;23.75;24.25;24.50;24.25;24.00;24.50;24.00;24.25;23.50;24.50;26.75;26.75;24.25;24.25;23.50;23.75;23.50;24.75;27.75;27.00;24.75;24.00;23.50;23.50;23.50;24.50;27.25;26.50;23.75;23.50;22.75;23.75;23.50;24.75;27.50;26.50;23.75;23.25;22.75;23.50;23.25;23.75;25.50;25.25;23.50;23.25;23.50;22.75;22.75;23.00;23.00;23.25;23.00;22.75;22.25;22.50;23.25;23.25;22.25;22.50;22.25;22.75;22.75]
85102- [24.00;23.50;24.00;24.75;24.50;24.25;24.25;23.75;23.75;24.00;24.25;26.50;27.25;24.00;23.50;23.50;24.25;23.75;25.00;27.50;27.25;24.50;24.00;23.50;23.50;23.25;24.25;26.75;26.75;23.75;23.75;23.25;23.50;23.75;24.75;27.75;26.75;24.00;23.75;23.25;23.75;23.00;23.75;25.50;25.00;23.25;22.75;22.75;23.25;23.25;22.50;23.00;23.00;23.00;23.00;22.25;22.50;22.75;23.00;22.25;22.75;22.50;22.50;22.50]
85587- [24.00;23.75;24.00;24.50;24.75;24.50;24.25;23.75;24.25;23.75;24.25;26.75;26.75;24.25;23.50;24.00;24.25;23.75;24.50;27.25;27.25;24.50;23.75;23.00;23.50;23.25;23.75;26.75;26.50;24.00;23.00;23.50;23.50;23.50;24.50;27.25;26.75;24.00;23.75;22.50;22.25;23.25;23.75;25.75;24.75;23.50;22.75;22.75;23.00;23.00;22.75;23.25;22.75;23.00;22.50;23.00;22.75;22.75;22.75;22.50;22.50;22.50;22.50;23.00]
86072- [23.50;23.50;24.25;24.25;24.00;24.00;24.25;24.00;24.00;23.50;24.00;26.75;27.00;24.25;24.25;24.00;23.50;23.50;24.75;27.25;27.00;24.75;23.50;23.50;23.75;23.50;24.50;26.50;26.50;23.75;24.25;23.00;23.00;23.50;24.50;27.50;26.50;23.75;23.25;23.25;23.50;23.25;23.75;25.50;25.00;23.25;22.50;23.25;23.25;23.00;23.25;23.25;23.25;23.00;22.50;21.75;23.00;23.25;22.75;22.75;22.75;22.00;22.75;22.50]
86557- [23.75;23.50;23.75;24.50;24.50;24.00;24.00;23.50;23.75;23.50;24.25;27.25;26.75;24.00;23.50;24.00;23.75;23.75;24.75;27.25;27.00;24.50;23.75;23.25;23.50;23.25;24.50;27.00;26.75;23.75;23.25;23.00;23.50;24.00;24.50;27.50;26.25;23.75;23.00;23.00;23.25;23.00;23.50;25.75;24.75;23.25;23.25;23.00;23.25;22.50;23.25;23.00;23.50;23.00;22.25;21.50;23.25;23.75;23.00;22.75;22.25;22.50;22.75;22.50]
87042- [23.75;24.00;23.75;24.00;24.50;24.25;23.75;23.75;24.00;23.75;24.25;27.25;27.00;24.00;23.75;23.50;23.75;24.00;24.50;27.75;27.00;24.25;23.50;23.75;23.25;23.50;24.25;27.00;26.50;23.50;23.75;23.25;23.50;23.25;24.50;27.00;26.75;23.50;23.25;22.75;23.25;23.25;23.75;25.50;24.75;23.25;23.00;22.75;23.25;22.25;23.25;23.00;23.25;23.00;22.50;22.50;23.00;22.75;22.75;22.75;23.00;23.00;22.25;22.75]
87527- [23.75;23.50;24.00;24.75;25.00;23.75;24.25;23.75;24.25;23.75;24.25;26.75;26.25;25.00;24.00;24.00;23.75;24.25;24.75;27.25;27.00;24.50;23.75;23.25;23.75;23.50;24.25;26.50;27.00;24.25;23.75;23.00;23.25;23.50;25.00;27.25;26.75;23.50;23.50;22.50;23.25;23.00;24.00;25.50;24.50;23.00;23.00;22.75;23.50;22.75;23.00;23.50;23.00;22.75;22.50;22.25;22.50;23.00;23.00;22.50;23.00;22.75;22.50;22.75]
88012- [24.25;23.50;24.25;24.75;24.50;24.00;24.25;24.25;24.25;24.00;24.25;26.75;27.00;23.75;23.75;23.50;24.00;23.75;24.50;27.50;27.00;24.25;24.00;23.00;23.25;23.25;24.25;26.75;26.50;24.25;23.50;23.00;23.50;23.50;24.75;27.25;26.75;24.00;23.25;22.75;23.25;23.25;23.75;25.50;25.00;23.00;22.75;23.00;22.75;22.75;23.25;23.25;23.25;22.75;22.75;22.25;22.50;23.25;23.25;22.75;23.00;21.75;22.50;22.25]
88497- [23.75;23.25;24.25;24.50;24.25;23.50;24.25;24.25;23.75;23.75;24.00;26.75;26.75;24.00;23.75;23.50;23.75;23.50;24.50;27.25;26.75;24.50;23.75;23.00;23.75;23.25;24.25;27.00;26.50;24.00;23.00;23.25;23.75;23.50;24.50;27.25;26.50;23.50;23.25;23.00;23.00;23.25;23.75;25.75;24.75;23.00;22.75;23.25;23.50;22.50;22.75;23.00;22.50;22.75;23.00;22.25;22.75;23.25;22.75;22.50;22.50;22.25;22.50;22.50]
88982- [23.75;23.25;24.25;25.00;24.50;24.25;24.75;23.50;23.75;23.50;24.00;26.75;26.75;24.50;23.50;24.00;24.00;23.75;24.50;27.50;27.00;24.75;23.75;23.00;23.00;23.50;24.00;27.00;26.25;24.00;23.50;22.50;23.25;23.75;24.50;27.50;26.75;23.75;23.00;23.00;23.00;23.25;23.75;25.50;24.75;22.75;23.00;23.00;22.75;22.50;23.00;23.25;23.00;23.00;22.25;22.00;22.25;22.75;22.50;22.75;22.75;22.25;22.75;22.50]
89467- [24.00;23.25;24.00;24.75;24.75;24.25;24.50;23.75;23.75;23.50;24.25;27.00;26.50;24.50;24.00;24.25;23.75;23.75;24.75;27.50;26.75;24.50;23.75;23.50;23.25;23.25;24.50;27.00;26.50;23.75;23.50;22.75;24.00;23.50;24.50;27.25;26.75;23.75;23.00;22.75;23.25;23.00;23.75;25.75;24.75;23.00;22.50;23.25;23.00;23.00;22.50;23.00;23.25;23.00;22.25;22.00;22.50;22.50;23.00;22.75;23.00;22.25;22.50;22.75]
89952- [23.75;23.50;24.25;24.50;24.50;23.75;24.50;23.25;23.75;23.50;24.00;27.25;26.75;24.25;23.75;24.25;23.75;23.75;24.25;27.50;27.50;24.25;24.00;23.25;23.25;23.00;24.00;26.75;26.50;23.50;23.25;22.50;23.50;23.25;24.50;27.25;26.75;23.75;23.50;22.75;23.25;23.25;23.25;25.25;24.75;22.75;23.00;23.00;23.25;22.50;22.75;23.00;23.00;23.00;22.50;22.00;22.75;22.75;22.75;22.50;22.75;22.50;22.50;22.25]
90437- [24.25;23.75;24.25;24.50;24.50;24.00;24.25;24.25;24.00;23.75;24.25;27.00;27.25;24.50;24.00;23.75;23.50;24.25;24.50;27.50;27.00;24.50;24.00;23.75;23.25;23.50;24.25;27.25;27.00;24.00;23.25;22.75;23.50;23.50;24.75;27.75;26.50;23.75;23.25;22.75;23.50;23.50;24.25;25.25;24.75;23.25;23.25;23.00;23.25;23.00;23.00;23.50;23.25;23.00;22.50;22.25;22.50;23.00;22.75;22.50;22.75;22.50;23.00;22.50]
90922- [24.00;23.25;24.25;24.50;24.75;24.25;24.25;23.75;24.25;23.25;24.50;27.00;27.00;24.50;23.50;24.00;23.75;23.50;24.25;27.50;27.25;24.50;24.00;23.25;23.25;23.50;24.25;27.00;26.50;24.00;23.50;23.50;23.50;23.75;24.50;27.25;27.00;23.50;23.75;22.75;23.25;23.00;23.75;25.00;24.50;23.50;23.00;23.00;22.50;22.75;23.00;22.50;22.75;23.00;22.75;22.25;23.00;22.50;23.00;22.75;22.50;22.00;23.00;23.00]
91407- [23.50;23.75;24.25;24.75;25.00;23.75;24.25;24.00;24.50;23.75;24.50;27.50;27.25;24.75;24.00;23.50;23.75;24.25;24.75;27.75;27.25;24.50;24.50;24.00;23.25;24.00;24.25;27.50;26.50;24.00;23.25;23.25;23.75;23.75;25.00;27.50;27.00;24.25;23.75;23.25;23.50;23.25;24.25;25.75;25.00;23.75;22.75;23.25;23.25;23.25;23.00;23.25;24.00;23.25;23.00;22.25;23.00;22.75;23.50;23.00;23.00;23.00;23.00;22.00]
91892- [24.50;24.00;23.75;24.75;24.75;24.25;24.25;24.00;24.50;23.75;24.75;27.25;27.25;24.25;24.25;24.50;24.00;24.50;24.75;27.50;27.25;25.00;23.75;23.50;23.50;24.00;24.25;27.25;27.00;24.00;23.75;23.25;23.75;24.00;24.50;27.50;27.00;24.00;23.50;23.25;23.00;23.50;23.50;25.75;25.00;23.25;22.50;22.75;23.00;23.00;23.50;23.25;23.25;23.25;23.00;22.25;23.25;23.00;23.00;22.50;23.00;22.50;22.50;22.50]
92377- [24.00;23.50;24.75;25.00;25.25;24.00;24.50;23.75;24.00;23.75;24.75;27.25;27.25;24.50;24.00;24.25;24.25;24.25;24.50;27.75;27.25;24.75;23.75;23.50;23.50;23.75;24.50;27.25;26.75;24.25;23.50;23.25;24.00;23.75;24.50;27.50;27.00;24.00;23.75;23.25;23.25;23.00;23.75;25.25;24.75;23.50;23.50;23.00;23.25;23.25;23.75;22.75;23.50;23.25;23.25;22.00;22.75;22.75;22.50;22.50;22.50;22.75;22.75;22.25]
92862- [24.25;23.50;24.00;25.00;25.00;24.00;24.50;24.25;24.00;23.75;24.50;27.25;27.00;24.75;24.00;24.00;24.25;24.00;24.50;27.25;27.25;24.50;23.75;24.00;23.25;23.75;24.50;27.25;26.50;24.25;23.50;23.00;23.25;23.75;24.75;27.50;26.50;24.25;23.50;22.75;23.00;23.50;23.75;25.75;24.75;23.25;22.75;22.75;23.25;23.25;23.25;23.50;23.00;23.25;22.50;22.75;23.25;23.50;23.00;22.75;23.00;22.25;22.75;22.75]
93347- [23.75;23.75;24.25;24.75;24.75;24.25;24.00;24.00;24.00;23.75;24.75;27.00;27.00;24.75;24.25;24.00;24.25;24.00;24.50;27.50;27.25;24.25;24.00;23.50;23.75;23.50;24.50;27.00;26.50;23.50;23.50;23.00;23.25;23.75;24.75;27.75;26.75;24.00;23.50;22.75;23.25;23.50;24.00;25.50;24.50;23.25;23.00;23.25;23.00;23.25;23.00;23.00;23.00;23.00;23.25;21.75;22.75;23.25;23.00;22.75;23.00;22.25;22.75;22.50]
93832- [24.00;23.75;24.00;24.25;25.00;24.00;24.75;23.75;23.75;23.75;24.50;26.75;27.00;24.25;23.75;23.75;23.75;24.00;24.75;27.50;27.25;24.75;24.25;23.25;23.75;23.50;24.50;26.75;26.75;24.25;23.50;23.00;23.25;23.50;24.75;27.50;27.00;24.25;23.50;22.75;23.00;23.75;24.00;25.50;24.75;23.00;23.25;22.75;23.25;22.50;23.25;23.25;23.25;23.00;22.75;22.00;23.25;23.00;23.25;23.00;22.75;22.00;23.00;22.25]
94317- [23.50;23.50;24.25;24.75;24.75;24.00;24.25;24.25;23.75;23.75;24.25;26.75;26.75;24.75;23.50;24.00;24.00;24.00;25.00;27.50;26.75;24.50;24.00;23.50;23.50;23.50;24.25;27.00;26.75;24.00;23.75;23.50;23.75;23.75;24.50;27.75;27.00;24.25;23.25;22.50;23.00;23.50;23.75;25.75;24.75;23.25;22.75;23.00;23.00;22.75;23.00;23.25;23.00;23.00;22.75;22.25;22.75;22.50;23.25;22.75;22.75;22.50;23.25;22.50]
94802- [24.00;23.50;24.00;25.00;24.75;24.25;24.25;24.00;23.75;24.00;24.25;27.25;27.00;24.75;23.75;24.00;24.00;24.50;24.50;27.25;27.25;24.25;24.25;23.75;23.75;23.25;24.75;27.00;26.75;23.75;23.50;22.50;23.75;23.50;24.75;27.25;26.50;23.75;23.50;22.75;23.25;23.25;23.75;25.50;25.00;23.25;22.50;22.50;23.50;22.75;23.25;23.00;23.75;23.00;22.50;22.50;22.75;23.50;22.75;23.00;23.00;22.50;22.50;22.25]
95287- [24.00;24.00;24.50;24.25;25.00;24.25;24.25;23.50;24.25;23.75;24.50;27.00;27.00;24.00;23.75;23.25;24.25;24.00;24.75;27.50;27.00;24.50;24.00;23.00;23.25;23.50;24.25;27.25;26.50;24.25;23.50;23.50;23.75;23.75;24.75;27.50;26.50;24.00;23.00;22.50;23.25;23.25;23.75;25.75;25.00;23.25;23.00;23.25;22.75;22.50;22.75;23.25;23.50;22.75;22.50;22.00;22.50;22.75;23.25;22.50;22.50;22.50;22.50;22.75]
95772- [24.25;23.50;24.00;25.00;25.00;23.75;24.50;24.00;23.75;24.00;24.50;27.00;27.25;24.75;23.50;24.00;23.75;24.00;24.75;27.50;27.25;24.75;24.25;24.00;23.50;23.25;24.25;27.00;26.75;24.25;23.75;23.50;23.50;24.00;24.75;27.75;26.75;23.75;23.25;23.00;23.00;23.50;24.00;25.50;25.25;23.50;23.00;23.25;23.00;23.00;23.00;23.25;23.00;23.00;22.75;22.00;22.50;23.00;23.25;22.25;22.50;22.75;22.75;22.50]
96257- [24.25;23.75;24.00;25.00;24.75;24.50;24.50;23.25;24.25;23.50;24.25;27.25;27.50;24.25;24.00;23.75;24.00;24.00;24.50;28.00;27.50;24.50;24.25;24.25;24.00;24.00;24.50;27.25;27.00;24.50;23.75;23.50;24.00;23.75;24.50;27.75;27.50;24.00;23.25;22.75;23.25;23.75;23.50;25.25;24.75;23.50;22.75;22.75;23.25;23.00;23.50;23.25;23.00;23.50;23.50;22.75;22.75;23.25;23.00;23.00;23.00;22.50;23.25;22.50]
96742- [23.75;23.75;24.25;24.75;24.75;24.50;24.00;24.00;23.50;23.50;24.75;27.25;27.25;24.25;24.25;23.75;23.75;24.00;24.75;27.75;27.00;24.50;24.25;23.50;23.50;23.75;24.50;27.25;26.50;24.25;23.50;23.25;23.50;23.75;25.00;27.75;26.75;23.75;23.25;22.75;23.00;23.25;24.00;26.00;25.00;23.50;23.00;23.25;23.00;23.00;23.50;23.00;23.50;23.25;22.50;22.00;22.50;23.25;23.25;22.75;23.00;22.75;22.75;22.75]
97227- [24.00;23.75;24.00;24.75;24.50;23.75;24.25;24.00;24.00;24.00;24.50;27.25;27.25;24.75;23.25;24.00;24.00;24.00;24.75;27.50;27.00;24.50;24.25;23.50;24.00;23.75;24.75;27.25;26.50;24.00;23.50;23.50;23.75;23.75;24.75;27.50;26.75;24.25;24.00;23.25;23.50;23.50;24.00;25.50;25.00;23.50;22.75;23.25;23.00;23.25;23.00;23.50;23.00;23.25;23.00;22.25;23.00;23.00;23.50;23.00;23.00;22.50;22.75;23.00]
97712- [23.50;23.25;24.00;24.75;24.50;24.00;23.75;24.00;24.25;23.50;24.00;27.25;26.75;24.25;23.50;23.50;23.75;24.25;24.75;27.50;27.50;24.25;24.00;23.25;23.75;23.50;24.25;27.25;26.75;24.00;23.25;23.00;24.00;23.50;24.50;27.75;26.75;24.00;23.00;23.00;23.25;23.25;24.00;25.25;24.75;23.25;22.75;22.50;23.25;23.25;23.50;23.25;23.75;23.00;23.00;22.00;23.25;22.75;22.25;22.50;22.50;22.25;22.25;22.50]
98197- [24.00;23.25;23.75;24.50;24.25;24.00;24.00;23.50;23.75;23.50;24.00;27.00;26.75;24.25;24.00;23.50;23.75;24.00;24.75;27.50;27.00;24.50;24.00;23.50;23.25;23.50;24.50;27.00;26.75;23.75;23.25;23.00;23.50;23.50;24.50;27.75;27.00;23.75;23.00;23.25;23.25;23.25;24.00;25.25;24.50;23.50;22.75;23.00;23.00;23.00;22.75;23.75;23.00;23.00;22.75;22.75;23.50;23.00;23.50;22.50;22.75;22.50;22.50;22.50]
98682- [23.75;23.00;24.00;25.00;24.50;23.75;24.00;23.75;24.00;23.75;24.00;27.25;27.25;24.50;23.75;24.25;23.75;24.25;24.75;27.75;27.00;24.50;23.75;23.50;23.75;23.25;24.00;27.00;26.75;23.75;23.75;23.50;23.50;23.75;24.50;27.50;27.00;23.75;23.50;22.75;23.25;23.25;23.75;25.50;25.00;23.25;23.00;23.25;23.00;23.00;23.00;23.00;23.25;23.25;22.75;22.25;23.00;23.00;23.00;22.75;23.00;22.25;22.75;22.50]
99167- [23.75;23.75;24.00;24.75;25.00;24.25;24.25;24.00;24.00;23.75;24.50;27.25;27.00;24.50;24.00;24.00;23.50;24.25;24.50;27.75;27.00;24.75;24.00;23.25;23.50;23.75;24.25;27.25;26.50;24.00;23.50;23.25;24.00;24.00;24.75;28.00;27.00;24.00;23.75;23.00;23.00;23.50;24.25;25.50;25.00;23.00;23.00;23.25;22.75;22.75;23.25;23.00;22.75;23.25;22.75;22.25;22.50;23.25;22.75;23.00;23.00;22.50;22.75;22.75]
99652- [24.25;24.50;24.00;25.00;25.00;24.25;24.50;24.25;24.25;23.75;24.50;27.00;27.50;24.75;24.00;24.25;23.50;24.00;24.75;27.25;27.00;24.25;23.75;24.00;23.75;23.75;24.50;27.00;26.75;24.50;23.50;23.50;23.75;24.00;24.75;27.75;27.00;24.25;23.25;23.00;23.00;23.25;24.00;25.50;24.75;23.50;23.00;22.75;23.25;22.75;23.25;23.25;23.25;23.25;23.25;22.25;23.00;23.50;23.50;22.50;22.75;22.50;22.75;23.00]
100137-[24.00;23.75;24.25;25.00;25.00;24.00;24.25;23.75;24.25;23.50;24.75;27.25;27.25;24.50;24.00;24.25;23.50;24.25;24.75;27.50;27.00;24.75;24.00;23.25;23.75;23.25;24.50;27.25;26.75;23.75;23.75;23.25;24.00;23.75;24.50;27.75;27.00;24.00;23.50;23.25;23.25;23.50;23.50;25.50;25.00;23.50;22.75;22.75;23.25;23.00;23.00;23.50;23.00;23.00;23.00;22.50;22.25;23.25;22.75;22.00;23.00;22.50;22.00;22.75]
100622-[23.75;23.25;24.50;25.00;25.00;24.75;24.25;23.75;24.00;24.00;24.75;27.25;27.50;24.75;23.50;24.50;24.25;24.50;24.50;27.75;27.50;25.25;24.25;24.25;23.75;23.25;24.50;27.75;26.50;24.50;23.50;23.50;24.00;24.00;25.00;27.50;27.25;24.25;23.50;22.75;23.25;23.75;24.25;25.50;25.00;23.75;22.75;23.50;23.50;22.75;23.25;23.25;23.50;23.50;22.75;22.50;23.25;23.00;23.25;23.25;22.75;22.75;23.00;23.00]
101107-[24.00;23.75;24.25;24.50;25.25;24.00;24.75;24.50;24.00;24.00;24.75;27.50;27.00;24.75;24.00;24.50;24.25;24.50;25.00;27.50;27.50;24.75;24.00;24.00;23.50;23.50;24.50;27.25;27.00;24.25;23.50;23.25;24.00;23.50;25.00;28.00;26.75;24.00;23.50;22.25;23.50;24.00;24.25;26.00;25.00;23.50;22.75;23.00;22.75;22.75;23.25;23.00;23.75;23.50;22.50;22.50;22.75;22.75;23.00;22.75;23.00;22.50;22.75;23.25]
101592-[24.75;23.75;24.00;24.75;24.75;24.25;24.50;24.00;24.25;24.00;24.75;27.75;27.00;24.75;24.50;24.00;24.00;24.50;24.75;27.75;27.25;25.00;24.50;23.75;23.50;24.00;24.50;27.25;27.00;24.00;23.25;23.00;23.25;23.75;25.00;27.75;27.25;24.00;23.50;23.25;23.25;23.75;24.25;25.75;25.00;23.50;23.00;23.00;23.00;23.50;23.25;23.25;23.00;23.50;23.00;22.25;22.75;23.00;23.00;22.75;23.00;22.25;22.75;22.75]
102077-[24.00;23.75;24.50;25.00;25.00;24.50;24.50;24.25;24.50;24.00;24.75;27.00;27.00;24.75;24.00;23.75;24.25;24.00;24.50;27.75;27.50;24.75;24.75;23.75;24.25;23.75;25.00;27.00;27.00;24.25;23.75;23.75;24.00;24.00;24.50;28.00;27.00;24.25;23.50;23.25;23.50;23.50;24.75;26.00;24.75;23.50;23.00;23.25;23.50;23.00;23.50;23.25;23.00;23.25;23.00;22.75;22.75;23.00;23.25;23.00;23.25;22.50;22.75;23.00]
102562-[24.25;23.75;24.25;25.00;25.25;24.50;24.75;24.25;24.00;23.75;24.50;27.00;27.75;24.25;24.25;24.25;24.00;24.50;25.25;27.75;27.25;24.75;24.25;23.75;24.00;23.75;24.75;27.50;26.75;24.25;23.75;23.00;23.75;24.25;25.25;27.50;27.25;24.50;23.75;23.25;23.50;23.75;24.25;25.75;25.00;23.50;23.25;23.25;23.00;23.25;23.50;23.25;23.25;23.75;22.75;22.50;23.25;23.50;23.25;22.75;23.50;22.25;23.00;23.00]
103047-[24.00;23.75;24.75;25.25;24.75;24.25;24.75;24.25;24.00;24.25;24.25;27.25;27.25;25.00;24.00;24.25;24.50;24.25;25.00;27.75;27.00;24.75;24.25;23.75;24.00;23.50;24.25;27.50;27.25;24.25;23.75;23.75;24.25;24.25;24.75;28.25;27.00;24.25;24.00;23.00;23.25;23.25;24.25;25.75;25.25;23.75;23.25;23.00;23.25;22.75;23.25;23.25;23.25;23.50;23.00;22.75;23.50;23.50;23.25;23.00;23.25;23.00;23.00;22.75]
103532-[24.00;23.75;24.50;25.25;25.25;24.50;24.50;24.00;24.25;24.25;25.00;27.50;27.50;24.75;24.50;24.25;24.00;24.25;24.75;27.75;27.50;25.00;24.00;23.50;24.00;24.00;24.50;27.00;26.75;24.25;23.75;23.25;24.00;23.75;25.00;28.00;27.00;24.25;23.75;23.25;23.00;23.75;24.00;26.25;25.00;23.50;23.25;23.00;23.50;23.00;23.50;23.25;23.75;23.00;22.75;22.75;23.25;23.00;23.00;23.00;22.75;22.25;22.50;23.25]
104017-[24.50;24.00;24.75;25.25;25.00;24.50;25.00;24.25;24.50;24.50;24.75;27.50;27.50;25.00;24.50;24.25;24.50;24.25;25.00;27.50;27.50;24.50;24.00;23.50;23.50;24.00;24.50;27.25;27.00;24.25;23.75;23.50;23.75;24.00;25.00;27.50;27.00;24.25;23.25;23.25;23.50;23.75;24.25;25.50;25.25;23.25;23.00;23.25;22.75;23.00;23.25;23.25;23.25;23.75;22.75;22.25;23.00;23.25;23.00;23.00;22.50;23.00;22.75;22.75]
104502-[24.25;23.50;24.50;25.00;25.25;24.50;24.75;24.00;24.25;24.00;24.75;27.50;27.50;25.00;24.00;24.50;24.00;24.25;24.50;28.00;27.25;25.00;24.25;23.50;23.75;23.75;24.75;27.25;26.50;24.00;23.50;23.50;24.00;23.75;24.75;27.75;27.00;24.50;23.50;23.50;23.25;23.50;24.25;25.75;25.00;23.50;23.25;23.50;23.25;23.50;23.00;23.25;23.50;23.25;22.75;22.50;23.25;23.00;23.00;22.75;23.50;22.00;23.00;22.75]
104987-[24.25;24.00;24.25;25.00;25.25;24.00;24.75;24.00;24.25;24.50;24.50;27.00;27.50;24.50;23.75;24.25;23.50;24.25;24.50;27.75;27.25;24.50;24.00;23.50;24.25;23.75;24.25;27.00;27.00;24.00;23.75;23.50;24.25;24.00;24.50;27.50;27.00;23.75;23.50;22.50;23.25;23.00;24.25;25.50;25.25;23.50;23.50;23.25;23.00;23.00;23.25;23.75;23.50;23.25;22.75;22.25;23.00;23.50;23.00;22.75;22.50;22.75;22.50;22.25]
105472-[24.25;24.25;24.25;25.00;24.75;24.75;24.25;24.25;24.50;24.25;24.75;27.00;27.25;24.75;24.25;24.50;24.00;24.00;24.75;27.75;27.25;24.75;24.25;23.75;23.75;23.75;24.75;27.25;27.00;24.25;23.50;23.25;23.75;23.50;25.00;27.75;27.25;23.75;23.50;22.75;22.50;23.75;23.75;25.50;24.50;23.25;23.00;23.25;23.00;23.00;23.25;23.50;23.25;23.25;22.75;22.50;22.50;23.25;23.00;22.50;23.25;22.75;23.25;23.25]
105957-[24.25;23.25;24.75;25.00;25.00;24.50;24.75;23.50;24.25;24.25;24.75;27.25;27.25;24.75;24.00;23.75;23.75;24.50;24.75;28.25;27.50;25.00;23.75;23.50;24.00;23.50;24.50;27.25;26.50;24.25;23.75;23.75;23.50;24.00;24.75;28.00;27.00;23.75;23.75;23.25;23.00;23.50;24.00;25.25;25.00;23.25;22.75;23.00;23.00;23.00;23.00;23.00;23.50;22.75;23.00;22.25;22.75;23.00;22.75;23.00;23.00;22.75;22.75;22.25]
106442-[24.25;24.25;24.00;24.75;25.00;24.50;24.75;24.00;24.25;24.25;25.00;27.25;27.25;24.75;24.00;24.50;24.25;24.50;24.25;27.50;27.50;24.75;24.75;23.75;24.00;23.50;24.75;27.25;26.75;24.25;24.00;23.50;24.00;23.50;25.00;28.00;26.75;24.25;23.75;23.00;23.25;23.75;24.25;26.00;25.00;23.25;23.25;23.25;23.25;23.25;23.50;23.25;23.75;23.00;23.25;22.50;23.50;22.75;23.00;23.25;23.25;22.75;23.00;22.50]
106927-[24.25;24.25;24.75;25.25;25.50;24.25;25.00;24.00;24.75;23.75;24.75;27.25;27.25;24.75;24.50;24.25;24.00;24.25;25.00;28.25;27.50;24.75;24.25;24.00;23.75;23.75;24.25;27.25;26.75;24.25;24.00;23.75;24.00;23.75;24.50;28.25;27.00;24.25;23.50;23.50;23.00;23.50;24.00;26.00;25.00;23.75;23.75;23.25;23.00;23.25;23.25;23.25;23.25;23.50;23.25;22.50;23.00;23.00;23.25;23.00;23.00;22.25;23.00;23.00]
107412-[24.25;24.00;24.75;25.00;25.25;24.50;24.50;24.50;24.25;24.25;25.00;27.75;27.50;25.00;24.00;24.25;24.00;24.25;25.00;27.50;27.50;24.75;24.25;23.75;24.00;23.50;24.75;27.50;27.00;24.25;23.75;23.75;24.00;24.25;25.00;28.00;27.25;24.00;24.00;23.50;23.25;23.75;24.50;25.50;25.00;23.50;23.25;23.25;23.00;23.00;23.00;23.75;23.75;23.75;23.00;23.25;22.75;23.00;23.25;22.25;22.75;22.25;23.00;22.25]
107897-[24.50;23.75;24.50;25.25;24.75;24.50;24.50;24.00;24.25;23.75;25.00;27.50;27.50;25.00;24.25;24.25;24.50;24.50;25.00;27.75;27.75;25.00;24.25;24.00;24.25;23.75;25.00;27.50;26.75;24.25;24.00;23.25;23.75;24.00;24.75;28.00;27.25;24.00;23.50;22.75;23.25;23.75;24.00;26.00;25.25;23.50;23.25;23.75;23.25;23.25;23.00;23.50;23.75;23.25;22.50;22.50;22.50;23.00;22.75;23.00;23.25;22.75;23.00;23.00]
108382-[24.00;24.50;24.50;25.00;25.25;24.75;25.00;24.00;24.75;24.25;24.50;27.25;27.50;24.75;24.00;24.25;24.25;24.25;25.25;27.50;27.25;24.75;24.25;23.50;24.00;24.00;24.50;27.25;27.00;24.75;23.75;23.75;24.00;24.00;24.50;27.75;27.00;24.50;23.75;23.50;23.50;23.75;24.00;25.75;25.25;23.50;23.25;23.25;23.25;23.25;23.50;23.75;23.50;23.00;22.75;22.25;23.00;22.75;23.25;23.00;23.25;22.50;22.75;23.00]
108867-[24.25;23.75;24.50;25.00;25.00;24.25;24.75;24.25;24.25;24.00;25.00;27.25;27.25;24.50;24.50;24.25;24.75;24.00;25.00;27.75;27.50;25.00;24.50;24.00;23.00;24.00;24.75;27.50;26.75;24.50;23.75;23.50;23.75;24.00;25.00;28.00;26.75;24.25;23.50;23.25;23.50;23.75;24.00;26.00;25.25;23.75;23.25;23.25;23.25;23.00;23.25;24.00;23.50;23.00;23.25;23.00;23.25;23.75;23.00;23.25;23.25;22.75;22.50;23.00]
109352-[24.00;23.75;24.50;25.00;25.00;25.00;24.75;24.25;24.00;24.00;24.75;27.50;27.75;24.75;24.25;24.75;24.25;24.25;25.00;28.00;27.25;24.75;24.50;23.75;24.00;23.50;25.00;27.25;26.75;24.00;23.75;23.25;24.00;24.00;25.00;28.00;27.25;24.25;24.00;23.00;23.25;23.50;24.50;25.75;25.00;23.50;23.25;23.50;23.00;22.75;23.00;23.00;23.25;23.50;23.00;22.25;23.50;23.25;23.00;22.75;23.25;22.50;23.25;22.50]
109837-[24.25;24.25;24.50;25.25;25.25;24.25;24.75;24.50;24.25;24.25;24.75;27.50;27.50;24.50;24.50;24.25;24.25;24.50;25.00;27.75;27.75;24.50;24.25;24.25;23.25;23.75;24.75;27.25;27.00;24.50;24.00;23.25;23.75;24.00;25.00;28.00;27.25;24.25;23.75;22.75;23.75;23.75;24.75;26.00;25.25;23.25;23.25;23.75;23.25;23.25;23.75;23.50;23.00;23.25;23.00;22.75;22.75;23.25;23.00;22.75;22.75;23.25;23.00;22.75]
110322-[24.00;24.00;24.50;25.00;25.00;24.50;24.75;24.25;24.25;24.50;24.75;27.75;27.25;25.00;24.50;24.50;24.25;24.25;24.75;27.75;27.75;25.50;24.25;23.75;24.00;24.50;24.75;27.75;26.75;24.25;23.75;23.75;23.75;23.75;25.00;28.25;27.00;24.00;24.00;22.50;23.25;24.00;24.25;26.25;25.25;23.75;23.25;23.25;22.75;23.50;23.50;23.25;23.75;23.25;23.00;22.75;22.50;22.50;22.75;23.00;23.00;22.75;22.75;22.50]
110807-[24.00;23.75;24.50;24.75;25.25;24.75;24.75;24.00;24.25;24.00;24.75;27.25;27.50;24.75;24.50;24.25;24.00;24.25;25.00;28.00;27.50;24.75;24.00;24.00;23.50;24.25;24.50;27.50;26.75;24.75;23.75;23.00;24.00;24.00;25.00;28.00;27.25;24.50;23.50;23.50;23.50;23.50;24.25;26.00;25.50;23.75;23.25;23.25;23.25;23.00;23.00;23.50;23.75;23.00;23.00;22.25;22.50;23.25;23.25;22.75;23.00;22.25;23.00;22.25]
111292-[24.00;24.25;24.50;25.25;24.75;24.25;24.50;24.00;24.75;23.75;24.75;27.50;27.00;24.75;24.00;24.25;24.00;24.25;25.00;27.75;27.50;24.75;24.25;23.50;24.00;24.00;25.00;27.50;27.00;24.00;24.00;23.50;24.00;24.25;25.00;28.00;27.25;24.00;23.50;23.50;23.25;23.75;24.75;25.75;25.50;23.75;23.00;23.25;23.00;23.00;23.50;23.50;23.00;23.25;22.75;22.25;22.75;22.75;23.00;22.75;23.00;22.50;23.00;22.75]
111777-[24.25;24.00;24.50;25.50;24.75;24.75;24.50;24.00;24.25;24.25;24.75;27.50;27.75;25.00;24.50;24.00;24.25;24.25;24.75;27.75;27.75;24.75;24.00;23.75;24.00;23.75;24.50;27.25;27.25;24.25;23.75;23.75;23.75;24.00;25.00;27.75;27.00;24.25;24.00;23.75;23.75;23.75;24.25;26.25;25.50;24.00;23.25;23.25;22.75;23.00;23.25;23.50;23.25;23.50;22.50;22.50;23.00;22.50;23.50;22.75;23.00;22.50;22.75;22.75]
112262-[24.25;24.25;24.75;25.00;25.50;24.50;25.00;24.00;24.25;24.00;24.75;27.75;27.25;25.00;24.50;24.50;24.75;24.50;25.25;27.75;27.75;25.00;24.00;23.50;24.00;23.75;24.50;27.75;27.00;24.50;24.00;23.50;24.00;24.25;25.25;27.75;27.00;24.50;24.25;23.50;23.50;23.75;24.25;25.75;25.25;23.50;23.50;23.25;23.50;23.25;23.75;23.50;23.75;23.75;23.25;22.75;22.75;24.00;23.25;23.25;23.00;23.00;22.75;22.50]
112747-[24.00;24.25;24.75;25.00;24.50;24.75;24.50;23.50;23.75;24.00;24.50;27.50;27.50;24.50;24.00;24.25;24.00;24.00;24.75;27.75;27.25;24.75;23.75;23.25;23.75;23.75;24.75;27.50;27.00;24.50;24.00;23.50;23.50;23.75;25.00;27.75;27.00;24.50;23.75;23.25;23.25;23.50;24.00;25.75;25.00;23.50;23.50;23.25;23.00;23.00;23.25;23.00;23.25;23.25;23.00;22.25;22.75;22.75;22.75;22.75;23.25;23.00;23.00;23.25]
113232-[24.25;24.00;24.25;25.00;25.00;24.50;24.75;24.00;24.75;23.75;24.50;27.25;27.50;24.75;23.75;23.75;24.25;24.25;24.75;27.75;27.50;24.75;24.25;23.25;24.00;24.00;24.25;27.25;26.75;24.00;24.00;23.25;24.00;23.50;25.00;27.75;26.75;24.25;23.75;23.25;23.50;23.50;24.25;25.75;25.25;23.75;23.25;23.25;23.00;22.75;23.25;23.25;23.00;23.00;23.00;22.50;23.00;23.00;23.25;22.75;22.75;22.25;23.00;22.75]
113717-[24.25;24.00;24.50;24.75;25.00;24.75;24.25;23.75;24.25;24.25;24.50;27.25;27.50;24.75;24.00;24.25;24.25;24.50;25.00;27.75;27.00;24.50;24.25;23.50;23.50;23.75;24.50;27.25;27.00;24.25;23.75;23.00;23.75;23.75;24.75;28.00;27.25;24.25;24.00;22.75;23.75;23.25;24.25;25.75;25.00;23.75;23.00;23.25;23.00;22.50;23.25;23.25;23.25;23.00;22.50;22.00;23.00;22.50;23.00;22.75;22.50;22.25;22.25;22.50]
114202-[24.00;23.75;24.25;24.75;24.75;24.25;24.50;24.50;24.00;24.00;24.75;27.00;27.50;24.75;24.00;24.25;24.50;23.75;24.50;27.75;27.50;24.75;24.25;23.50;23.50;23.75;25.00;27.50;27.00;24.50;23.75;23.75;23.50;24.00;25.00;27.50;27.50;24.00;23.75;23.75;23.75;23.25;24.00;26.25;24.75;23.75;23.00;23.25;22.75;23.00;23.00;23.50;23.25;23.00;22.75;22.50;22.75;23.25;23.25;23.00;22.75;22.25;22.75;22.50]
114687-[24.25;24.00;24.50;25.00;25.00;24.25;24.50;24.25;24.50;24.25;24.75;27.75;27.50;24.50;23.75;24.25;24.25;24.00;25.25;27.75;27.75;24.75;24.00;23.50;24.00;24.00;24.75;27.50;26.75;24.50;23.75;23.50;23.75;24.00;25.00;28.00;26.75;24.25;23.50;23.25;23.25;23.50;24.00;26.00;25.50;23.50;23.25;23.00;23.25;23.00;23.00;23.75;23.25;23.25;22.75;22.50;23.25;23.00;23.25;22.75;23.00;22.75;23.00;22.50]
115172-[24.50;23.25;24.50;25.25;24.75;24.00;24.50;24.00;24.25;24.00;24.75;27.25;27.00;24.75;23.75;24.50;24.25;24.25;25.00;27.50;27.50;24.75;24.00;24.00;23.50;23.75;24.75;27.00;26.50;24.00;24.00;23.75;24.00;23.75;24.75;27.50;27.00;24.00;23.50;23.00;23.00;23.75;24.00;25.25;25.00;23.75;23.00;23.25;23.00;22.75;23.25;23.25;23.50;23.25;22.75;22.50;23.00;23.00;22.75;22.75;22.75;22.25;22.75;22.25]
115657-[23.50;23.75;24.75;24.75;24.75;24.50;24.00;24.25;24.50;24.25;24.75;27.50;27.50;24.75;24.25;24.00;23.75;24.25;24.75;27.75;27.50;24.75;24.25;23.50;23.75;23.25;24.50;27.00;26.75;23.75;23.75;23.50;23.75;24.00;25.00;27.50;26.75;24.00;23.75;23.25;23.25;23.50;24.25;26.00;25.50;23.75;23.50;23.25;23.75;23.25;23.75;23.50;23.50;23.00;23.00;22.75;22.75;23.00;22.75;23.25;23.00;22.00;22.75;23.00]
116142-[24.00;23.75;24.25;24.75;25.00;24.00;24.25;23.75;24.25;23.75;24.50;27.25;27.25;24.00;23.75;24.25;23.75;24.50;24.75;27.75;27.25;24.75;24.00;22.75;23.25;23.75;24.25;27.50;27.00;24.25;23.50;23.25;23.50;23.75;24.75;27.75;27.00;24.00;24.00;22.75;23.25;23.75;24.00;25.50;25.00;23.25;22.75;23.00;23.00;22.75;23.00;23.75;23.25;23.25;22.50;22.00;22.50;23.25;23.25;22.75;23.00;22.75;23.00;22.50]
116627-[24.50;24.00;24.50;25.25;24.75;24.00;24.00;24.00;24.00;23.50;24.50;27.25;27.00;24.50;23.75;24.50;24.25;24.00;24.75;27.50;27.25;24.75;24.00;23.75;24.00;23.50;24.25;26.75;26.75;24.25;23.50;23.00;23.75;24.00;25.00;27.50;26.75;24.00;23.75;23.25;23.25;23.75;24.00;25.75;24.75;23.50;23.00;23.00;23.00;23.25;22.75;23.25;23.25;23.50;22.50;22.25;22.50;22.75;23.00;22.50;23.25;22.50;23.00;22.25]
117112-[24.25;23.50;24.25;25.00;25.25;24.25;24.75;23.50;24.00;23.50;24.50;27.50;27.50;24.00;24.25;24.25;24.00;24.00;24.25;27.50;27.00;24.75;24.00;23.00;23.25;23.75;24.50;27.25;26.50;24.00;23.50;23.25;23.50;24.00;24.75;27.75;27.00;23.75;23.50;22.75;23.25;23.25;24.00;25.75;25.00;23.50;23.00;23.50;23.50;23.00;22.75;23.25;23.25;23.00;22.75;22.25;23.50;23.00;23.00;22.75;23.00;23.00;22.50;22.75]
117597-[23.75;23.75;24.50;24.75;25.25;24.25;24.25;24.25;24.50;23.75;24.75;27.00;27.25;24.25;23.75;24.00;23.75;24.00;24.50;27.50;27.25;24.75;23.75;23.25;23.75;23.75;24.50;27.00;26.75;23.75;23.25;23.50;23.50;23.50;24.75;27.50;27.00;23.50;23.50;23.00;23.50;23.75;24.25;25.50;25.00;23.25;22.75;22.75;22.75;23.00;23.75;23.25;23.00;23.25;23.00;22.25;22.75;23.50;23.00;22.75;22.75;22.50;22.50;22.50]
118082-[23.75;23.75;24.50;25.00;24.50;23.75;24.25;24.25;23.75;24.00;24.25;27.25;26.75;24.50;23.75;24.00;23.75;24.00;24.50;28.00;27.00;24.50;24.00;23.50;23.75;23.50;24.00;27.00;26.75;24.00;24.00;22.50;23.25;23.75;24.75;27.75;26.75;24.25;23.50;23.25;23.00;23.50;23.75;25.25;24.75;23.00;23.00;23.25;23.25;23.00;23.25;23.50;23.00;22.75;22.50;22.00;23.00;23.00;23.00;22.75;22.75;22.25;23.00;22.50]
118567-[24.00;23.75;24.50;24.75;25.00;24.00;24.50;24.25;24.25;24.00;24.50;27.50;27.25;24.50;24.00;24.00;23.75;24.00;24.75;27.50;27.00;24.50;24.25;23.50;23.50;24.00;24.50;27.25;27.00;24.00;23.75;23.25;23.75;24.00;25.00;27.25;26.75;23.75;23.25;22.50;23.00;23.25;23.75;25.25;24.75;23.00;23.00;23.25;23.25;23.25;23.25;23.00;23.25;23.25;22.75;22.25;22.75;22.75;23.25;22.75;23.25;22.50;23.00;22.50]
119052-[24.00;23.75;24.00;25.00;25.00;24.25;24.25;23.50;24.00;23.75;24.75;27.50;27.25;24.50;24.25;24.00;24.00;23.75;25.00;27.50;27.25;24.50;24.00;23.50;23.75;23.75;24.25;27.50;27.25;24.25;23.75;23.75;23.50;23.75;24.75;27.75;27.00;24.00;23.75;23.00;23.25;23.50;23.50;25.50;25.25;23.25;23.00;23.25;23.75;22.75;23.50;23.25;23.25;23.00;23.25;22.25;23.25;23.50;22.75;22.75;23.00;23.00;23.25;23.00]
119537-[24.00;23.75;24.50;24.75;24.75;24.50;24.50;24.25;24.25;23.75;24.25;27.25;27.00;25.00;24.00;24.00;23.75;24.50;24.75;27.50;27.25;24.75;24.25;23.75;23.75;24.00;24.50;27.50;27.00;24.00;23.75;23.00;23.75;23.75;24.75;27.75;27.00;24.00;23.00;23.50;23.50;23.25;24.00;25.50;25.00;23.50;23.00;23.50;23.00;23.25;23.25;23.25;23.25;23.00;23.00;22.00;23.00;23.50;23.00;22.50;23.00;22.00;22.25;22.50]
120022-[24.25;23.75;24.25;24.50;25.25;24.25;24.75;24.00;24.00;24.25;24.50;26.75;27.00;24.75;23.75;24.00;24.25;23.75;25.00;27.75;27.50;25.00;24.00;24.00;23.50;23.50;24.25;27.50;26.75;24.25;23.50;23.25;23.75;23.75;24.50;28.00;26.75;24.00;23.50;23.00;23.25;23.25;24.00;25.25;25.00;23.25;23.25;23.25;22.50;22.75;23.25;23.75;23.00;23.00;22.75;22.50;22.75;23.25;23.00;22.75;23.00;22.25;23.00;22.50]
120507-[24.50;23.50;24.25;24.75;25.00;24.25;24.25;24.25;24.00;24.00;25.00;27.50;27.25;24.75;23.75;24.25;23.50;23.75;24.75;27.50;27.00;25.00;23.75;23.25;23.75;23.50;24.50;27.00;27.00;24.25;24.00;23.25;23.75;24.00;24.50;27.50;26.50;24.00;23.75;23.00;23.50;23.75;24.00;25.75;25.00;23.25;23.00;23.00;23.00;22.75;23.25;23.25;23.25;23.25;23.00;22.00;22.50;23.00;22.50;22.75;23.25;22.75;23.00;22.75]
120992-[24.50;23.75;24.00;24.75;24.50;24.25;24.50;24.00;23.75;23.75;24.25;27.25;27.00;24.50;24.25;23.50;23.50;24.00;24.50;27.75;27.75;24.75;23.75;23.50;23.75;23.75;24.00;27.25;27.00;24.25;23.75;23.25;24.25;23.75;24.75;27.75;27.00;24.00;23.75;22.75;23.00;23.50;24.25;25.50;25.25;23.25;23.25;23.00;23.00;23.00;23.00;23.50;23.50;23.50;22.50;22.00;22.50;22.75;23.50;22.25;22.75;22.50;23.00;22.50]
121477-[24.00;23.50;24.25;24.25;25.25;24.25;24.00;24.00;24.25;23.50;24.25;27.25;27.25;24.25;23.75;23.75;23.75;24.25;24.75;27.50;27.25;24.50;24.00;23.50;24.00;23.75;24.25;27.25;26.50;24.00;23.50;23.25;23.75;23.50;25.00;27.75;27.00;24.00;23.50;23.00;23.25;23.50;24.00;25.50;25.00;23.50;23.25;23.25;23.00;23.00;23.25;23.50;23.50;22.75;22.75;22.25;22.50;23.00;23.00;22.50;23.00;23.00;22.50;22.75]
121962-[24.75;24.25;24.50;24.50;25.00;24.25;24.75;24.00;23.75;24.00;24.75;27.75;27.50;24.50;24.50;23.75;24.00;24.00;25.00;28.00;27.50;24.50;24.25;23.75;23.75;23.50;24.25;27.25;26.75;24.25;23.50;23.50;23.75;24.25;24.50;27.75;27.00;23.75;23.50;23.00;23.50;23.75;24.00;26.00;25.25;23.25;22.75;23.50;23.25;23.25;23.50;23.50;23.00;23.75;22.50;21.75;23.00;23.00;23.50;22.75;23.00;22.25;22.75;22.25]
122447-[24.25;23.75;24.50;25.25;25.00;24.25;24.25;24.00;24.00;23.75;25.25;27.25;27.50;25.00;24.00;24.25;24.00;24.00;24.75;28.00;27.00;24.50;24.25;23.75;23.75;23.50;24.25;27.50;26.50;23.75;23.75;23.25;24.00;23.75;25.25;28.00;27.00;24.00;24.00;23.00;23.50;23.25;23.75;25.50;25.00;23.50;23.00;23.25;23.00;23.00;23.00;23.25;23.50;23.00;22.75;22.00;23.00;22.50;23.25;23.25;22.75;22.00;23.00;22.50]
122932-[24.25;24.25;24.00;24.75;25.00;24.25;24.50;23.50;24.25;24.25;24.75;27.25;27.25;24.50;23.75;24.25;24.00;24.00;24.50;27.75;27.25;24.75;24.25;23.75;23.75;23.75;24.25;27.25;26.50;24.00;24.00;23.50;23.75;24.00;25.00;27.75;26.75;24.25;23.75;23.25;23.25;23.50;24.00;25.75;24.75;23.25;22.75;23.50;23.25;23.00;23.75;23.50;23.25;23.25;23.00;22.00;23.00;22.50;22.75;22.75;23.00;22.00;22.50;23.00]
123417-[23.50;24.00;24.50;25.00;25.00;24.50;24.25;24.00;24.00;24.25;24.75;27.25;27.25;24.25;23.75;23.75;24.25;24.25;24.50;27.50;27.50;24.75;24.25;24.00;24.00;24.00;24.50;27.00;26.75;24.25;23.50;23.25;23.75;24.00;24.75;27.75;27.00;24.00;23.50;23.25;23.75;23.75;24.25;25.75;25.00;23.00;22.75;23.25;23.50;23.25;23.25;23.50;23.75;23.00;22.75;22.25;23.25;22.75;23.50;23.00;22.75;22.75;23.00;22.75]
123902-[23.75;23.50;24.25;24.75;24.50;24.25;24.75;23.25;24.00;24.00;24.25;27.25;28.00;24.25;24.00;23.50;24.25;24.25;24.75;27.50;27.50;24.50;24.25;24.00;23.75;23.75;24.75;27.25;26.75;24.50;23.50;23.50;24.00;23.75;24.75;27.75;27.00;24.00;23.50;22.75;23.25;23.50;24.00;25.75;25.25;23.50;23.25;23.25;22.75;23.00;23.00;23.00;23.00;23.25;22.75;22.25;22.50;23.00;23.50;22.50;23.25;22.25;22.75;22.25]
124387-[24.25;24.00;24.50;24.75;24.75;24.50;24.25;24.00;24.00;24.00;25.00;27.25;27.25;24.75;24.00;24.00;24.00;24.50;25.00;27.50;27.50;24.75;24.00;23.75;24.00;23.25;24.25;27.00;27.25;24.25;23.50;23.00;23.50;23.75;24.50;27.75;27.00;23.75;23.75;23.00;23.50;23.50;24.25;25.75;25.25;23.50;23.00;23.50;23.00;23.25;23.25;23.50;23.50;23.00;22.50;22.50;23.00;23.00;22.75;23.00;22.75;22.25;23.00;22.25]
124872-[24.25;24.25;24.50;25.00;25.00;24.25;24.75;24.00;24.00;24.25;24.50;27.50;27.50;24.75;24.00;24.25;24.00;24.50;25.00;27.50;27.25;25.00;24.50;24.00;23.75;23.50;24.50;27.25;27.00;24.00;23.75;23.50;24.25;23.75;25.00;27.75;27.50;24.25;23.50;22.75;23.50;23.50;24.00;25.75;24.75;23.25;23.25;23.25;22.75;22.75;23.25;23.25;23.25;23.50;23.00;22.25;23.00;23.00;23.00;22.75;22.75;22.50;23.00;23.00]
125357-[24.00;23.75;24.25;25.00;24.50;24.25;24.50;23.75;24.00;24.00;24.50;27.50;27.50;23.75;24.00;24.25;23.75;24.25;24.50;27.75;27.25;24.75;24.50;23.25;24.00;24.25;25.00;27.50;26.50;24.50;24.00;23.50;23.75;24.00;24.75;27.50;27.25;24.50;23.50;23.25;23.75;23.75;24.25;25.50;25.00;23.00;23.50;23.00;22.75;23.50;23.25;23.50;23.50;23.50;23.00;22.50;23.00;23.25;23.50;23.25;23.00;22.50;23.00;23.00]
125842-[23.50;23.75;24.50;25.00;25.00;24.00;24.50;23.75;24.25;24.25;24.75;27.50;27.50;24.50;24.25;24.50;24.00;24.25;24.75;28.00;27.25;24.75;24.00;24.25;24.00;23.50;25.00;27.50;26.75;24.50;23.75;23.50;24.00;24.25;25.00;27.75;27.00;24.00;23.75;23.25;23.25;23.75;24.50;26.25;25.50;23.50;23.25;23.00;23.50;23.00;23.50;23.50;23.75;23.50;23.50;22.25;23.25;23.00;23.50;22.75;23.00;22.75;22.50;22.75]
126327-[24.50;24.00;25.00;25.25;25.25;25.00;24.75;24.25;24.50;24.50;24.75;27.50;27.50;25.00;24.00;24.50;24.50;24.50;25.00;28.00;27.75;25.00;24.50;23.50;24.25;23.75;25.00;27.75;27.00;24.50;24.00;23.50;24.25;24.25;25.25;28.00;27.50;24.25;24.00;23.50;23.75;23.75;24.50;26.00;25.50;23.75;23.25;23.50;23.25;23.25;23.50;23.75;23.75;23.00;22.50;22.75;23.25;23.50;23.50;22.75;23.25;22.75;23.00;23.25]
126812-[24.00;24.00;24.50;25.25;25.25;24.50;24.50;24.25;24.25;23.75;25.00;27.75;27.75;25.00;24.50;24.75;24.50;24.25;25.25;28.00;28.00;25.00;24.25;24.00;24.00;24.00;24.75;27.75;27.25;25.00;23.75;24.25;24.50;24.50;25.00;28.00;27.75;24.50;24.00;23.50;23.75;23.75;25.00;26.00;25.50;23.50;24.00;23.50;23.50;23.50;23.25;23.25;23.25;23.50;23.25;22.50;23.50;24.00;23.50;23.00;23.50;22.75;23.50;22.75]
127297-[24.75;24.50;24.75;25.75;25.50;24.75;25.00;24.50;24.25;24.50;24.75;28.00;27.50;25.00;24.25;24.25;24.25;24.50;25.25;28.00;27.75;25.00;24.25;24.00;24.00;24.00;25.00;28.25;27.25;24.50;24.25;24.00;23.50;24.25;25.00;28.00;27.75;24.50;24.00;23.50;23.75;23.75;24.25;26.25;25.50;24.00;23.50;24.00;23.50;23.25;23.75;23.75;23.50;23.25;23.25;22.50;23.25;23.50;23.25;23.00;23.75;23.25;23.00;22.75]
127782-[24.75;24.25;24.75;25.25;25.00;24.75;24.75;24.50;24.50;24.25;25.00;27.50;27.25;25.00;24.00;24.75;24.25;24.50;25.00;28.00;27.50;25.00;24.75;23.75;24.50;24.00;24.75;27.75;27.25;24.50;24.25;24.00;24.00;24.75;25.25;27.75;27.50;24.25;24.00;23.50;23.50;24.25;24.75;26.00;25.75;24.00;23.50;23.50;23.50;23.00;24.00;23.50;24.00;23.00;23.25;22.75;23.00;23.00;23.25;23.00;23.00;23.00;22.75;22.25]
128267-[24.00;24.00;25.00;25.25;25.50;24.50;24.50;24.25;24.50;24.50;25.00;28.00;27.75;25.25;24.25;25.00;24.00;24.75;24.75;28.00;27.50;25.25;24.50;23.50;23.75;24.00;24.75;28.00;27.25;24.75;24.50;23.75;23.75;24.00;25.25;28.25;27.50;24.25;24.25;23.25;23.75;24.00;24.75;26.00;25.00;23.75;23.75;23.75;23.50;23.00;23.25;23.25;23.25;23.50;23.00;22.75;23.50;22.75;23.75;23.25;23.25;22.50;22.75;22.50]
128752-[24.50;24.00;24.75;25.25;25.25;24.25;24.50;24.00;24.50;23.75;24.75;28.00;27.50;24.75;24.00;24.50;24.00;24.25;25.00;27.75;27.75;25.25;24.50;24.00;24.00;23.75;25.00;27.50;27.25;24.75;24.25;23.50;24.50;24.25;25.00;27.75;27.00;24.25;24.00;23.25;23.50;24.00;24.25;25.75;25.50;23.50;23.50;23.00;23.75;23.50;23.50;23.75;23.00;23.25;23.00;22.25;22.75;23.00;23.50;22.75;23.25;22.50;23.00;23.00]
129237-[24.75;24.00;24.75;25.25;25.25;24.50;24.75;24.75;24.75;24.50;25.00;27.75;27.50;24.50;24.25;24.00;24.25;24.25;25.00;27.75;27.50;25.25;24.25;24.25;24.25;24.00;25.00;27.50;27.25;24.50;24.00;23.75;24.00;24.00;25.25;27.75;27.25;24.50;24.00;23.00;23.25;23.75;24.25;26.00;25.25;23.50;23.50;23.75;23.75;23.50;23.25;24.00;23.50;23.00;23.00;23.00;23.50;23.25;23.50;23.00;23.00;22.75;23.25;22.50]
129722-[24.25;24.25;25.00;25.50;25.25;24.75;24.75;24.75;24.25;24.25;24.75;27.75;27.50;25.25;24.25;24.00;24.50;24.00;25.25;28.00;27.75;25.00;24.00;24.00;24.00;23.75;24.75;27.75;27.25;24.50;23.75;23.75;23.75;24.25;25.00;28.00;27.50;24.25;23.75;23.50;23.50;24.00;24.25;25.75;25.25;23.75;23.00;23.75;23.50;23.50;23.75;23.50;23.50;23.25;23.00;22.50;23.25;23.25;23.75;23.00;23.50;22.50;23.25;22.75]
130207-[24.00;23.75;24.25;25.50;25.00;24.50;24.75;24.00;24.25;24.25;24.75;27.75;27.50;25.00;24.00;24.00;24.00;25.00;25.00;28.00;27.50;24.75;24.50;23.75;24.00;24.00;24.50;27.25;27.00;24.25;23.75;23.50;23.75;24.50;25.00;28.00;26.50;24.25;23.75;23.25;23.50;23.75;24.25;26.00;25.00;23.50;23.25;23.25;23.00;23.50;23.00;23.25;23.50;23.25;23.25;22.75;22.75;23.00;23.25;23.50;23.00;23.00;23.00;22.75]
130692-[24.25;24.00;24.75;25.75;25.00;24.25;24.75;24.00;24.00;24.00;24.50;27.50;27.50;25.00;24.00;24.50;24.25;24.25;24.75;28.25;27.50;24.75;24.50;23.75;24.50;24.00;24.50;27.25;27.00;24.50;23.75;23.25;24.00;23.75;25.25;27.75;27.75;24.50;23.75;23.00;23.50;23.75;24.25;26.00;25.25;24.00;23.50;23.25;23.25;22.50;23.50;23.75;23.25;22.75;23.25;22.50;22.75;23.25;23.25;22.75;23.00;23.25;23.25;22.75]
131177-[24.00;24.00;24.00;25.25;25.25;24.25;24.75;24.00;24.00;24.00;24.25;27.25;27.50;24.75;24.25;24.50;24.00;24.00;25.00;27.50;27.50;24.75;24.50;23.75;24.00;23.75;24.75;27.50;27.00;24.00;23.75;23.50;23.50;24.25;25.00;27.50;27.25;24.00;23.75;23.25;23.75;23.25;24.00;25.75;24.75;23.50;23.25;23.50;23.50;23.00;23.50;24.00;23.25;23.25;23.00;22.50;23.25;23.00;22.75;23.00;23.00;22.50;23.00;22.50]
131662-[24.00;24.00;24.50;25.00;25.00;24.50;24.50;24.25;24.25;24.25;24.50;27.25;27.25;24.75;24.25;24.00;23.75;24.25;24.75;27.75;27.25;25.00;24.25;23.50;24.00;23.50;24.75;27.50;27.00;24.50;24.00;23.50;23.75;23.75;25.00;28.00;27.25;24.50;23.75;23.00;23.25;24.00;24.00;25.75;25.25;23.50;23.50;23.75;23.25;23.00;23.00;23.25;23.25;23.50;22.25;22.50;22.75;23.00;23.50;23.25;22.75;22.75;23.00;22.75]
132147-[24.00;23.75;24.50;24.50;25.00;24.50;24.50;24.00;24.50;24.25;25.25;27.50;27.50;24.75;23.75;24.75;24.00;24.75;24.75;27.50;27.50;24.75;24.25;24.25;24.00;24.00;24.75;27.50;27.25;24.25;24.00;23.25;23.75;24.25;25.25;28.00;27.00;24.25;23.25;23.00;23.75;23.75;24.00;25.75;25.25;23.50;23.50;23.75;23.00;23.25;23.25;23.75;23.50;23.25;22.75;22.50;22.50;23.25;23.50;23.00;23.50;22.50;23.25;23.25]
132632-[24.00;23.75;24.50;24.75;25.00;24.25;24.75;24.00;24.25;24.50;24.75;27.50;27.50;24.75;24.50;23.50;23.75;23.75;24.75;28.00;27.25;24.75;24.25;23.50;23.50;23.75;24.25;27.25;27.00;24.00;23.75;23.50;23.75;24.00;24.75;28.25;27.25;24.25;23.75;23.25;23.25;23.25;24.25;25.75;25.50;23.50;23.00;23.25;22.75;23.25;23.75;23.50;23.25;23.25;22.75;22.00;23.00;23.00;23.25;22.75;23.00;23.00;22.50;22.75]
133117-[24.25;24.25;24.25;25.25;25.25;24.75;24.75;24.00;24.00;24.50;24.75;27.50;27.25;24.75;24.00;24.50;24.25;24.75;25.00;28.00;27.50;25.25;24.25;23.50;24.00;24.00;25.00;27.50;27.00;24.25;23.75;23.25;23.75;23.75;25.00;28.00;26.75;24.25;24.00;23.00;23.75;23.50;23.75;25.75;25.00;23.75;23.25;23.00;23.00;22.75;23.00;23.25;23.25;23.50;23.00;22.50;23.25;23.25;23.50;22.75;23.25;22.75;22.75;22.50]
133602-[24.50;23.75;24.50;24.75;25.00;24.50;24.50;24.25;24.00;24.00;24.50;27.50;27.25;24.50;24.00;24.50;24.00;24.25;25.00;27.50;27.50;25.00;24.25;24.00;23.75;23.50;24.50;27.25;27.50;24.50;23.75;23.00;24.00;24.00;25.00;27.75;27.00;24.00;23.75;23.50;23.50;23.75;24.25;25.50;25.25;23.50;23.50;23.50;22.75;23.25;24.00;23.50;23.75;23.25;23.25;22.50;23.25;23.00;23.50;22.75;23.00;22.75;23.25;23.00]
134087-[24.25;24.50;24.50;25.00;25.25;24.75;25.00;23.50;24.50;24.50;25.00;27.25;27.50;24.75;24.00;24.50;24.50;24.00;24.75;27.75;28.00;25.25;24.75;24.00;23.75;24.25;25.00;27.00;27.00;24.50;24.00;23.50;24.00;24.00;25.50;27.75;27.00;24.25;23.75;23.50;23.75;23.50;24.25;25.75;25.50;23.50;23.50;23.25;23.50;23.00;23.75;23.75;23.50;23.75;23.00;22.75;23.00;23.00;23.25;22.75;23.00;22.50;22.75;22.75]
134572-[24.25;24.25;24.25;25.25;25.25;24.25;24.75;23.75;24.50;24.00;24.75;27.50;27.50;25.00;24.25;24.25;24.25;24.50;25.00;27.75;27.75;24.75;24.25;24.00;24.00;24.25;25.25;27.50;27.00;24.50;24.25;23.50;24.00;23.75;25.25;28.00;27.00;23.75;24.00;23.00;23.50;23.75;24.00;25.75;25.00;23.50;23.50;23.75;23.75;22.75;23.75;23.25;23.75;23.75;23.00;23.00;23.25;23.25;23.50;22.50;23.25;22.75;23.00;23.00]
135057-[24.25;23.50;24.25;25.50;25.50;24.50;25.00;24.50;24.50;24.00;24.50;27.50;27.25;25.00;24.00;24.50;24.00;24.00;25.00;28.00;28.00;25.00;24.25;23.75;24.00;24.00;24.75;27.50;27.00;24.50;23.75;23.00;24.00;24.00;25.00;28.00;27.00;24.00;23.75;23.25;23.25;23.75;24.00;26.00;25.00;24.00;22.75;23.25;23.00;23.25;23.25;23.50;23.50;23.50;23.00;22.25;23.50;24.25;23.00;23.00;23.00;22.75;22.75;23.00]
135542-[24.25;23.75;24.25;25.50;25.00;24.75;24.25;24.50;24.50;24.25;24.50;27.50;27.75;24.75;24.25;24.50;24.50;24.25;25.25;28.00;27.50;24.75;24.50;23.50;23.75;24.00;25.00;27.25;27.25;24.75;23.75;23.25;24.00;24.00;24.75;27.75;27.50;24.25;23.50;23.25;23.50;24.00;24.00;25.50;25.25;23.75;23.25;23.00;23.00;23.00;23.50;23.75;23.75;23.25;23.00;22.75;22.75;22.75;23.75;22.50;23.50;22.25;22.75;23.00]
