AluminioNatural300mm
227-   [23.75;23.25;24.00;24.00;24.25;23.75;23.75;23.50;24.25;23.25;24.25;24.75;25.50;24.25;24.00;23.25;23.50;24.25;24.50;26.75;26.50;24.25;23.75;23.25;23.00;23.75;24.00;26.50;25.75;23.25;23.50;22.75;23.50;23.50;24.25;26.75;26.00;23.25;23.25;22.50;23.00;23.50;23.50;24.25;24.00;22.75;22.25;22.75;23.00;22.50;22.75;22.75;23.25;22.75;22.50;21.75;22.25;22.50;22.25;22.25;22.75;22.25;22.50;21.75]
712-   [23.50;23.25;23.50;24.25;24.00;23.25;23.75;23.25;24.00;23.75;24.00;24.75;25.25;24.25;23.50;23.25;23.50;23.75;24.00;26.50;26.25;24.25;24.00;22.75;23.25;23.25;24.00;26.75;25.75;24.00;23.50;22.75;23.25;23.50;24.00;26.75;25.50;23.00;22.75;22.00;22.75;23.00;23.50;24.25;23.75;23.25;22.50;22.75;22.75;23.00;23.00;23.00;22.75;22.50;22.25;21.50;22.25;22.25;22.50;21.75;22.00;21.75;22.00;21.75]
1197-  [23.75;23.00;23.75;24.50;23.75;23.50;23.75;23.00;23.25;23.50;24.00;25.25;25.00;24.00;23.50;23.50;23.25;23.75;24.00;26.75;26.25;24.00;24.00;23.25;23.75;23.25;23.75;26.50;26.00;23.75;23.25;22.25;23.00;23.25;23.75;26.75;25.25;23.00;23.00;22.00;22.75;22.75;23.75;24.25;23.50;23.00;22.25;22.50;22.50;22.25;23.00;22.75;22.75;22.75;22.25;21.50;22.50;22.25;22.75;22.00;22.50;22.00;21.75;21.50]
1682-  [23.75;23.25;24.00;24.25;24.00;24.25;23.75;23.50;23.75;23.50;24.00;25.25;25.25;24.25;23.50;23.25;23.50;23.75;24.25;26.50;26.50;24.00;23.75;23.00;23.25;23.25;24.00;26.75;25.75;23.75;23.00;23.00;23.00;23.25;24.25;27.00;25.50;23.75;23.00;22.25;22.75;23.25;23.50;24.50;23.75;22.75;22.50;22.75;22.50;22.75;23.25;22.75;22.75;23.25;22.75;22.00;22.75;22.75;22.50;22.25;22.50;22.50;22.00;21.50]
2167-  [23.25;23.75;23.50;24.25;24.25;23.50;24.25;23.25;23.75;23.25;24.00;25.00;25.25;24.00;23.75;23.75;23.25;23.50;24.50;26.50;26.75;24.50;24.00;23.25;23.25;23.50;24.00;26.75;25.50;23.75;23.50;23.00;23.50;23.50;24.00;27.00;25.50;23.50;23.25;22.50;23.00;23.50;23.25;24.50;23.50;23.50;23.00;23.25;22.25;22.75;22.75;23.00;22.25;22.75;23.00;22.00;22.50;22.75;23.00;22.50;22.75;22.00;22.00;21.50]
2652-  [23.75;23.00;23.75;24.00;24.25;24.00;24.00;23.25;23.50;23.50;24.00;25.25;25.25;24.00;23.50;23.75;23.25;23.75;24.00;26.50;26.50;24.00;23.75;23.00;22.75;23.50;23.50;26.75;25.75;23.50;23.25;23.00;23.25;23.75;24.25;26.75;25.50;23.00;23.00;22.25;23.00;23.00;23.25;24.00;23.50;22.75;22.25;22.50;23.00;22.75;22.75;23.00;22.75;22.75;22.50;21.75;22.50;23.25;22.50;22.75;22.25;21.50;22.25;22.00]
3137-  [23.75;23.25;24.00;24.50;24.25;23.50;24.00;23.50;23.25;23.25;24.00;25.50;25.25;24.25;23.25;23.25;24.00;23.50;24.00;26.25;26.50;24.25;23.75;23.00;23.25;23.50;24.00;26.25;25.75;23.75;23.25;22.50;23.50;24.00;24.00;27.00;25.50;23.50;23.00;22.25;23.25;22.75;23.75;24.00;23.50;23.00;23.00;22.50;22.75;22.50;23.00;22.75;22.75;23.00;22.75;21.75;22.50;23.00;22.75;22.50;22.50;22.00;22.50;22.25]
3622-  [23.50;23.25;23.75;24.00;24.25;23.75;24.00;23.00;23.50;23.75;23.75;25.50;25.00;23.75;23.50;23.75;23.50;23.50;23.75;27.00;26.50;24.00;23.50;23.50;23.50;23.25;23.75;26.75;25.75;23.75;23.50;23.25;23.50;23.25;24.00;26.75;25.25;23.25;23.25;22.50;22.75;23.25;23.75;24.50;23.75;23.25;22.75;22.50;22.50;22.75;22.50;23.00;23.25;23.00;22.50;22.50;22.25;22.75;22.75;22.50;22.75;22.50;22.00;22.00]
4107-  [23.75;23.25;23.75;24.50;24.25;24.00;24.75;23.25;24.25;23.50;24.00;25.25;25.25;24.50;23.25;23.75;23.25;24.00;24.50;26.50;26.25;24.75;24.00;23.25;23.25;23.75;24.00;26.50;25.75;23.50;23.25;22.75;23.50;23.50;24.00;26.75;25.50;23.75;23.25;22.50;23.00;23.50;23.50;24.50;23.75;23.00;22.75;23.00;22.25;22.75;22.75;23.25;23.00;23.00;22.50;22.25;22.50;23.50;22.75;22.25;22.50;22.00;22.75;21.75]
4592-  [24.00;23.25;23.75;24.00;24.00;24.00;24.00;23.00;23.75;23.50;24.75;25.00;25.25;24.00;24.00;23.25;23.25;23.50;24.25;26.75;26.25;24.50;24.00;23.00;23.25;23.50;24.00;26.50;25.75;23.75;23.50;23.25;23.50;23.25;24.25;26.75;25.75;23.50;23.25;23.00;23.00;23.00;23.50;24.25;23.75;23.00;22.75;22.75;22.75;23.00;23.00;23.00;22.75;23.00;22.50;22.00;22.50;22.50;23.25;23.00;22.25;22.50;22.50;22.25]
5077-  [23.75;23.00;23.50;24.00;24.50;24.00;24.25;22.75;24.00;23.75;24.50;24.75;25.50;24.50;23.75;23.50;23.75;23.75;24.50;26.75;26.50;24.25;24.00;23.50;23.25;23.25;24.00;26.75;26.00;23.75;23.00;22.75;23.50;24.00;23.75;26.50;26.00;23.50;23.50;22.50;23.00;23.00;23.50;24.50;23.50;23.50;22.75;22.50;23.25;22.25;23.25;23.00;23.25;23.00;22.25;22.25;22.75;22.50;22.75;22.50;23.00;22.25;22.50;22.50]
5562-  [24.00;23.50;24.25;24.00;24.00;23.50;24.00;23.50;23.50;23.25;24.25;25.00;25.00;24.00;23.50;23.75;23.25;24.00;24.25;26.75;26.75;24.25;24.00;23.25;23.75;23.25;24.00;27.00;26.00;23.75;23.50;22.50;23.75;24.00;24.25;27.00;26.00;23.50;23.25;22.75;23.00;23.50;23.75;24.50;23.50;23.00;23.00;23.00;22.75;22.50;23.00;23.50;23.25;23.00;23.00;22.00;22.25;23.50;23.00;22.25;23.00;22.25;22.00;22.50]
6047-  [23.25;23.50;23.75;23.75;24.25;23.75;24.00;24.00;23.75;23.50;24.00;25.25;25.50;24.00;24.00;24.00;24.00;23.75;24.25;26.50;26.75;24.25;24.25;23.50;23.25;23.50;24.00;26.50;25.75;23.75;23.00;23.00;23.25;23.75;24.00;27.00;25.75;23.50;23.25;22.50;22.75;23.50;23.75;24.25;23.75;23.50;22.50;22.25;23.25;23.00;22.75;23.00;23.25;23.00;22.75;22.00;23.00;23.25;22.75;22.75;22.25;22.50;22.50;22.50]
6532-  [23.75;23.50;24.00;24.50;24.00;24.00;24.00;23.50;23.50;24.00;24.25;25.25;25.25;23.75;23.75;23.75;23.75;24.00;24.50;27.00;26.50;24.50;23.75;23.50;23.75;23.75;24.25;26.75;26.00;23.75;23.50;23.00;24.25;23.25;24.00;27.00;25.75;23.75;23.50;22.50;23.00;23.50;23.75;24.25;23.75;23.50;23.00;23.00;22.50;22.50;23.00;23.50;23.00;23.25;22.75;22.00;22.75;23.00;23.25;22.50;23.00;22.25;22.50;22.50]
7017-  [23.75;23.25;24.00;24.25;24.25;23.75;24.25;23.00;24.00;23.50;23.75;25.25;25.25;24.50;23.50;24.00;23.50;23.75;24.25;26.50;26.50;24.25;24.00;22.75;23.25;23.25;24.00;26.50;25.75;23.25;23.50;23.00;23.50;23.50;24.25;26.50;25.75;23.50;23.00;22.25;23.00;23.00;23.75;24.50;24.00;22.75;23.00;22.75;23.00;22.75;22.75;23.00;23.50;23.00;22.50;22.00;22.50;22.50;22.75;22.75;23.00;22.50;22.75;22.50]
7502-  [24.00;23.50;24.00;24.00;24.00;23.50;24.25;23.25;23.50;23.50;23.75;25.25;25.00;24.00;23.75;23.25;23.25;23.75;24.25;26.50;26.75;24.25;24.00;23.50;23.25;22.75;24.00;26.50;25.75;23.50;23.50;22.75;23.75;23.50;24.00;26.75;25.50;23.00;23.00;22.25;23.25;23.00;23.50;24.25;23.75;23.00;22.50;23.00;23.00;22.50;23.25;22.50;23.25;22.50;22.50;22.00;22.50;22.75;22.75;22.75;22.75;22.25;22.75;22.00]
7987-  [23.75;23.00;23.75;24.25;24.25;24.25;23.75;23.50;23.25;23.50;23.75;25.00;25.00;24.25;23.50;23.25;23.75;23.75;24.00;26.25;27.00;23.75;23.75;23.25;23.50;23.00;23.50;26.50;26.00;23.50;23.25;23.00;23.00;23.25;23.75;26.50;25.50;23.25;23.25;23.00;23.00;23.00;23.25;24.00;23.50;22.75;22.75;23.00;23.25;22.75;23.25;22.75;23.00;22.75;22.50;22.00;22.25;22.25;22.50;22.25;22.25;22.50;22.75;22.50]
8472-  [23.50;23.00;23.75;24.75;23.50;23.75;23.75;24.00;23.50;23.50;23.75;25.00;25.25;23.75;23.75;23.75;23.75;23.75;24.00;26.75;26.50;24.00;23.75;23.50;23.25;23.50;23.75;26.25;25.75;23.75;23.25;22.75;23.25;23.25;23.75;26.75;25.50;23.25;23.50;23.25;22.75;23.00;24.00;24.50;23.75;22.75;22.75;22.75;22.50;22.75;23.00;22.75;23.25;23.25;22.75;21.50;22.25;23.25;23.00;22.50;22.50;22.75;22.50;22.75]
8957-  [23.75;23.50;24.00;24.50;24.50;24.00;24.25;23.50;24.00;24.00;24.00;25.50;25.00;24.25;23.25;23.50;23.50;24.00;24.00;26.50;27.00;24.50;23.50;23.50;23.00;23.25;23.75;26.50;25.50;24.00;23.00;22.75;23.50;23.00;24.00;26.75;25.75;23.50;23.50;22.25;23.00;23.50;23.50;24.50;23.50;23.25;22.75;22.50;23.00;22.50;23.00;22.75;23.00;23.00;23.00;22.25;23.00;23.25;22.75;22.75;23.00;22.50;22.25;22.50]
9442-  [23.75;23.50;23.75;24.25;24.25;23.75;24.00;23.25;24.00;23.50;24.00;25.25;25.25;24.25;23.50;23.25;24.00;24.00;24.25;26.75;26.50;24.50;23.75;23.25;23.50;23.50;23.75;26.50;25.75;24.00;23.00;23.50;23.50;23.75;24.00;27.00;25.25;23.25;23.50;22.75;23.50;23.25;23.50;24.25;23.75;22.50;22.50;23.25;22.75;23.25;23.75;23.00;23.00;22.75;22.50;22.00;22.75;23.25;23.00;22.50;23.00;22.00;23.00;22.25]
9927-  [24.00;23.25;23.75;24.25;24.50;24.25;24.00;24.00;23.50;23.50;24.25;25.25;26.00;24.00;24.00;23.75;23.75;24.00;24.50;26.75;26.50;24.75;24.00;23.75;24.00;23.25;23.75;27.00;25.75;23.75;23.75;23.25;23.75;23.50;24.00;27.25;25.75;23.75;23.00;22.50;23.00;23.75;23.50;24.50;23.50;23.50;22.75;23.00;23.00;22.75;23.25;23.00;23.00;22.75;22.75;22.00;22.50;22.75;23.00;23.00;22.75;22.75;23.00;23.25]
10412- [23.75;24.00;24.00;24.00;24.00;24.00;24.25;23.75;24.25;23.25;24.25;25.25;25.25;24.25;24.00;23.50;23.75;24.25;24.50;26.75;26.50;24.50;24.00;23.00;23.75;24.00;23.75;26.75;26.00;23.50;23.25;22.75;23.50;23.75;24.00;27.00;25.50;23.25;23.25;22.75;23.25;23.50;23.50;24.25;23.50;22.75;22.75;23.00;22.75;23.00;23.00;23.25;23.50;23.00;23.00;22.00;22.75;23.25;23.25;22.75;23.00;22.75;22.50;22.50]
10897- [24.25;23.75;24.00;24.00;24.50;24.25;24.25;23.75;23.75;24.00;24.25;25.50;25.25;24.50;23.75;24.50;23.75;23.50;24.75;26.75;26.50;24.25;23.75;24.00;23.50;23.50;24.25;27.50;26.00;24.00;23.25;23.00;23.50;24.00;24.25;27.25;25.75;23.50;23.50;23.00;23.50;23.75;23.75;24.75;24.25;23.25;23.00;23.25;23.00;22.75;23.50;23.25;23.75;23.50;22.50;22.00;22.25;23.50;23.00;23.00;23.25;22.75;22.75;22.75]
11382- [24.00;23.50;24.00;24.75;24.50;24.00;24.25;23.50;24.25;24.00;24.50;25.75;25.25;24.50;23.75;24.25;23.75;24.25;24.25;26.75;26.50;24.25;23.50;23.50;23.50;23.75;24.25;27.00;26.25;23.75;23.75;23.00;24.00;23.75;24.00;27.50;26.00;23.75;23.50;23.25;23.25;23.75;24.00;24.75;24.25;23.25;23.00;22.75;23.25;23.75;23.50;23.50;23.25;23.00;22.25;22.25;23.25;23.50;23.25;23.00;23.50;22.75;22.75;22.50]
11867- [23.50;23.50;24.25;24.25;24.50;24.25;24.50;23.75;23.75;24.00;24.00;25.25;25.50;24.25;23.75;24.00;24.25;24.00;24.25;27.00;26.75;24.25;23.75;23.50;23.50;23.50;24.00;26.75;26.50;23.75;23.75;23.25;23.50;24.25;24.25;27.50;25.75;23.50;23.50;23.25;23.25;23.50;23.75;24.75;23.75;23.75;23.00;23.50;23.00;23.00;23.25;23.25;23.25;22.75;22.50;22.25;23.00;23.00;23.00;22.50;23.00;22.50;22.50;23.00]
12352- [23.75;23.75;24.00;24.50;24.75;24.25;24.25;23.75;24.00;23.50;24.50;25.50;25.00;24.25;24.00;23.75;24.00;24.25;24.25;26.75;26.75;24.50;24.00;24.00;23.75;23.25;24.25;27.25;26.00;23.75;23.75;23.50;23.75;23.75;24.25;27.25;26.25;23.75;23.50;22.75;23.50;23.00;24.00;24.50;24.00;23.50;23.25;22.75;23.50;22.75;23.50;23.50;23.50;23.00;23.00;22.50;22.50;23.25;23.00;22.75;22.75;22.50;22.75;22.50]
12837- [23.75;23.75;24.50;23.75;24.50;23.75;24.25;23.75;24.25;23.75;24.50;25.50;25.25;24.25;23.75;24.00;23.25;24.50;24.00;27.00;26.50;24.75;23.75;23.50;23.75;23.50;24.25;27.00;26.00;24.00;23.50;23.25;24.00;23.75;24.50;27.25;26.00;23.75;24.00;22.75;23.50;23.50;23.50;24.50;23.50;23.00;22.75;23.00;23.00;23.00;23.25;23.50;23.50;23.25;23.00;22.75;22.50;22.75;23.00;22.75;22.75;22.25;22.75;22.25]
13322- [23.75;23.25;24.25;24.25;24.50;24.00;24.50;23.50;24.50;23.50;24.50;25.25;25.50;24.25;23.50;23.75;24.00;24.00;24.50;27.00;26.50;24.50;24.00;24.00;23.75;23.75;24.25;27.00;26.00;23.75;23.25;23.00;24.00;23.75;24.25;27.25;26.25;23.75;23.75;23.00;23.25;23.25;23.50;24.75;24.00;23.50;23.00;22.75;22.50;23.25;23.50;23.50;22.75;22.75;23.00;22.25;23.25;23.75;23.25;22.75;23.00;22.25;22.75;22.50]
13807- [23.50;23.50;23.75;24.50;24.25;24.00;24.00;23.75;24.25;23.50;24.25;25.75;25.50;24.25;23.50;24.00;24.00;24.25;24.50;27.00;26.75;24.25;24.25;24.00;23.50;24.00;24.00;27.00;25.75;24.00;23.75;23.50;23.25;23.75;24.50;27.25;26.00;23.50;23.50;23.25;24.00;23.50;24.25;24.50;24.25;23.25;23.00;23.00;23.00;23.50;22.75;23.25;23.25;23.25;22.75;21.75;23.50;23.00;23.25;22.50;22.75;22.75;23.00;22.75]
14292- [23.75;23.50;24.25;24.75;24.50;24.00;24.50;23.75;24.50;24.00;23.75;25.25;25.50;24.25;23.75;24.00;24.00;23.75;24.50;27.00;26.50;24.25;24.25;23.50;24.00;23.50;24.25;27.00;26.25;24.00;23.50;23.00;24.25;24.25;24.25;27.50;25.75;23.75;23.75;23.00;23.00;23.75;23.75;25.00;24.25;23.50;22.50;23.00;23.00;23.25;23.25;23.50;23.25;23.00;22.50;22.75;23.00;23.00;23.50;22.75;22.75;22.75;23.00;22.50]
14777- [24.00;23.00;24.25;24.25;24.75;23.75;24.75;23.75;24.00;23.50;24.75;25.50;25.00;24.25;23.50;24.00;23.50;24.25;24.75;26.75;27.00;24.25;24.25;23.75;23.25;23.75;24.00;26.75;26.00;24.00;23.25;23.25;23.75;23.75;24.00;27.50;25.75;23.75;23.50;22.75;23.00;23.25;23.75;24.50;24.00;23.50;22.50;23.00;22.75;23.00;22.75;23.25;23.25;22.75;22.50;22.50;23.25;23.50;23.00;23.00;22.75;22.00;22.50;22.50]
15262- [23.75;23.50;24.00;24.25;24.25;23.50;24.00;23.25;23.50;23.75;23.75;25.25;25.25;24.25;23.25;23.75;23.50;23.75;24.25;26.75;26.50;24.00;23.75;23.50;23.75;23.00;23.50;26.75;26.00;23.50;23.50;23.25;23.25;23.50;23.75;27.00;25.50;23.25;22.75;22.50;23.00;22.75;23.75;24.25;23.75;23.00;22.75;22.75;23.00;22.50;23.00;22.75;23.00;22.50;23.00;21.75;22.75;23.25;23.00;22.50;22.75;22.75;22.50;22.25]
15747- [23.50;23.50;24.00;24.25;24.00;23.25;24.00;23.25;23.25;23.25;23.50;25.25;25.00;24.25;23.75;23.50;24.25;23.75;24.00;26.75;26.50;24.00;23.75;23.50;23.75;23.25;24.00;26.25;26.00;23.75;22.75;22.75;23.25;23.50;24.00;27.00;25.50;23.50;23.25;22.25;22.50;23.25;24.00;24.25;23.75;23.00;22.75;22.75;23.25;22.75;23.00;23.25;23.25;22.75;23.00;22.00;22.50;22.50;23.00;22.75;22.75;22.25;22.75;22.50]
16232- [24.00;23.50;23.25;24.25;24.25;23.75;24.00;23.00;23.75;23.50;24.25;24.75;25.00;24.25;23.50;23.50;23.25;23.50;24.00;26.75;26.50;23.75;23.50;22.75;23.50;23.50;24.25;26.75;25.75;23.25;23.50;23.00;23.75;23.50;24.00;26.75;25.50;23.25;23.25;22.75;23.25;23.75;24.00;24.25;23.75;23.00;23.00;22.75;22.75;22.50;23.50;23.50;22.75;22.75;22.50;22.25;22.75;22.75;23.00;22.50;23.00;22.25;22.50;22.25]
16717- [24.00;23.50;23.75;24.25;24.25;23.75;24.25;23.50;24.00;24.00;24.00;25.50;25.25;24.25;23.50;23.75;24.25;24.00;24.25;26.50;26.50;24.50;24.00;23.50;23.50;23.25;23.75;26.75;25.75;23.50;24.00;23.00;24.00;23.75;24.00;27.00;26.00;23.50;23.25;22.50;23.50;23.50;23.75;24.50;24.00;23.25;23.25;23.00;22.75;22.50;23.25;23.25;23.25;23.25;22.50;21.75;23.25;23.50;23.00;22.75;23.25;22.75;22.50;22.50]
17202- [24.00;23.50;24.25;24.25;24.75;24.00;24.25;24.00;24.50;23.50;24.00;25.50;24.75;24.75;23.50;23.75;24.00;24.25;24.25;27.25;26.25;24.25;24.00;23.25;23.25;23.25;23.75;27.00;26.00;23.75;23.50;23.25;23.75;23.50;24.25;27.00;26.00;23.75;23.50;22.25;22.75;23.50;23.50;25.00;24.25;23.50;22.75;23.75;23.25;23.25;23.00;23.25;23.25;23.25;22.75;22.50;22.50;23.25;23.25;23.25;23.00;22.50;22.25;23.00]
17687- [23.75;23.25;24.00;24.75;24.00;24.50;24.75;23.75;23.75;23.75;24.75;25.00;25.50;24.75;23.75;23.75;23.75;23.75;24.50;26.75;26.50;24.50;24.25;23.75;23.75;23.50;24.00;26.75;26.00;24.00;23.25;23.25;23.75;23.75;24.00;27.25;26.00;24.00;23.50;22.75;23.00;23.50;23.75;24.75;24.00;23.25;22.75;23.00;23.00;22.75;23.00;23.25;23.00;23.25;23.00;22.00;23.00;23.00;23.50;23.00;23.00;22.75;22.50;22.75]
18172- [24.50;23.75;24.00;24.50;24.25;24.25;24.50;23.50;24.00;23.25;24.50;25.25;25.25;24.25;24.25;23.75;24.00;24.50;24.25;27.00;26.50;24.50;23.50;23.25;23.50;23.50;24.25;27.25;26.25;23.50;23.00;23.25;23.25;24.00;24.25;27.00;26.00;23.75;23.25;23.00;23.25;23.75;23.75;24.50;24.00;23.50;22.75;22.75;23.00;22.75;23.25;22.75;23.00;22.75;22.75;22.25;23.00;23.25;22.75;23.25;22.50;22.75;22.25;22.75]
18657- [23.75;23.50;24.00;24.25;24.00;24.25;24.25;24.25;24.00;23.75;24.25;25.00;25.50;24.25;24.25;23.25;23.50;23.75;24.25;27.00;26.75;24.25;24.25;23.50;23.50;23.75;24.00;27.00;26.00;23.75;23.75;23.00;23.50;23.50;24.00;27.25;26.25;23.25;23.50;22.50;23.25;23.75;23.50;24.75;23.75;23.00;22.75;22.75;22.75;23.00;23.75;23.50;23.25;22.75;22.50;22.25;22.75;23.25;23.00;23.00;22.75;23.00;23.00;22.75]
19142- [23.75;24.00;24.25;24.75;24.75;24.25;24.25;23.25;23.50;23.00;24.25;25.25;25.50;24.25;24.00;23.75;23.50;23.75;24.50;26.50;27.00;24.25;24.25;23.75;23.50;23.50;24.00;27.00;26.00;24.00;23.50;23.00;23.25;23.50;24.25;27.25;26.00;23.75;23.50;23.00;23.50;23.50;24.00;24.75;24.00;23.25;23.25;23.50;23.50;22.75;22.75;23.25;23.00;23.25;23.00;22.50;22.50;23.00;23.00;22.75;23.00;22.00;22.75;22.50]
19627- [24.00;23.75;24.25;24.50;24.50;24.50;24.00;23.50;24.25;23.75;24.25;25.00;25.50;24.50;23.50;23.75;24.00;24.25;24.00;27.00;26.75;24.25;23.75;23.50;23.75;24.00;24.25;27.00;26.00;23.75;23.50;23.00;24.00;23.75;24.50;27.25;26.00;23.75;23.50;23.25;23.00;23.50;24.00;24.50;24.00;23.25;22.75;23.00;23.00;23.00;22.75;23.25;23.50;23.25;22.75;22.50;23.00;22.75;23.50;22.50;22.75;22.25;22.75;23.00]
20112- [23.75;23.75;24.00;24.00;24.50;23.75;24.00;24.25;23.50;23.50;24.25;25.50;25.25;24.25;24.25;23.50;23.75;23.50;24.25;27.00;26.00;24.50;23.75;22.75;23.50;23.50;23.75;26.75;26.00;24.25;23.50;23.25;23.50;23.75;24.25;27.00;25.50;23.50;23.50;22.25;23.25;23.25;23.75;24.75;23.25;23.25;22.75;23.25;22.75;23.00;22.75;23.50;23.00;22.75;22.50;22.25;23.00;23.25;22.75;22.75;23.00;22.50;22.50;23.00]
20597- [23.75;23.50;23.75;24.50;24.50;24.50;24.25;24.00;23.75;23.50;24.00;25.25;25.50;23.75;23.75;24.00;24.00;24.25;24.50;26.75;26.50;24.25;24.00;23.75;23.75;23.50;24.00;26.50;25.50;24.00;23.25;23.50;23.75;23.75;24.25;27.25;26.00;23.75;23.50;22.50;23.25;23.25;23.75;24.75;23.75;23.50;23.25;22.75;23.00;22.50;23.25;23.50;23.00;23.50;23.25;22.50;22.75;22.75;23.00;22.75;22.50;22.75;22.75;22.50]
21082- [23.75;23.75;24.00;24.50;24.00;24.00;24.25;23.25;23.75;23.75;24.50;25.25;25.25;24.00;23.75;23.50;23.50;24.00;24.25;26.75;26.50;24.25;23.75;23.50;23.50;23.25;24.25;26.75;26.25;24.25;23.75;23.25;23.50;23.75;23.75;27.25;25.75;23.25;23.25;22.75;22.75;23.25;23.50;24.75;23.75;23.00;23.25;23.25;22.50;22.75;23.00;23.25;23.00;23.25;22.75;22.25;23.25;22.75;23.00;22.50;23.00;22.25;22.75;22.75]
21567- [24.50;24.00;24.25;24.50;24.25;24.00;24.50;24.00;23.25;24.00;24.25;25.00;25.25;24.50;23.75;23.50;23.25;24.00;24.75;26.75;26.75;24.50;24.00;23.00;23.75;23.50;24.25;27.00;26.00;23.75;23.25;23.25;23.25;23.75;24.25;27.00;25.75;23.50;24.00;22.75;22.75;23.25;23.75;25.00;24.00;23.25;23.25;22.75;23.00;23.00;23.00;23.00;23.25;23.25;22.75;22.25;22.25;22.50;23.00;23.25;22.50;22.25;22.25;22.25]
22052- [24.00;23.75;24.25;24.25;24.50;24.25;24.50;23.75;23.50;23.75;23.75;25.25;25.50;24.00;24.00;24.00;23.50;24.25;24.25;26.75;26.75;24.25;24.25;23.25;23.25;23.75;24.50;27.00;26.00;23.75;23.50;23.25;23.50;23.75;24.00;27.25;26.00;23.50;23.50;22.75;22.75;23.50;23.75;24.50;24.00;23.25;22.75;22.75;23.00;22.50;23.25;23.25;23.00;23.00;22.50;21.75;22.50;23.25;23.00;23.00;22.75;23.00;22.25;22.25]
22537- [24.00;23.25;23.75;24.25;23.75;23.75;24.00;23.50;24.00;23.25;24.25;25.00;24.75;24.00;23.50;23.75;24.00;23.75;24.25;26.75;26.50;24.25;23.25;23.75;23.50;23.50;24.00;27.00;25.50;23.25;23.00;22.50;23.50;23.25;23.75;26.50;26.00;23.50;23.50;22.50;22.75;23.25;23.50;24.25;24.00;23.25;22.50;22.00;22.50;22.75;22.75;22.75;22.75;22.50;22.50;22.00;22.50;22.00;22.75;22.50;23.00;22.50;22.50;22.25]
23022- [23.50;23.25;24.25;24.50;24.25;24.00;24.00;23.25;24.00;23.75;24.00;25.25;25.25;24.25;24.25;23.50;23.75;23.75;23.75;26.75;26.75;24.25;23.75;23.00;23.25;23.50;23.75;26.50;26.00;23.50;23.25;23.00;23.50;24.00;24.00;27.25;25.25;23.25;23.25;22.50;22.75;23.25;23.25;24.25;23.50;23.00;23.00;22.50;22.50;22.75;23.25;23.25;23.00;22.75;23.00;22.50;23.00;23.00;23.00;22.75;22.75;21.75;22.50;22.25]
23507- [23.50;23.50;23.50;24.75;23.75;24.00;24.25;23.50;23.75;23.75;24.25;25.50;25.00;24.00;23.25;23.75;23.50;24.00;24.25;26.75;26.50;24.50;23.75;23.25;23.50;23.25;24.00;26.75;26.00;23.75;23.00;22.75;23.25;23.75;24.00;27.25;26.00;23.25;23.25;22.25;23.25;23.75;23.75;24.50;23.75;23.00;23.00;22.75;23.00;22.50;22.75;23.25;23.25;23.00;22.50;22.00;22.25;23.25;23.00;22.25;22.50;22.25;22.50;22.75]
23992- [24.00;23.75;24.00;24.50;24.25;24.25;24.50;23.25;23.50;24.00;24.50;25.25;25.25;24.00;23.75;23.75;24.00;24.25;24.25;26.75;26.50;24.25;24.50;23.25;24.00;23.50;24.00;27.00;26.50;24.00;23.50;23.00;23.25;23.25;24.25;27.25;25.75;23.75;23.50;23.00;23.25;23.25;23.50;24.50;24.00;23.25;22.75;23.00;23.25;22.75;23.00;23.00;23.00;23.25;22.75;22.00;23.00;23.25;22.75;23.00;22.50;23.00;22.75;22.25]
24477- [23.75;24.00;24.25;24.50;24.75;24.00;24.25;23.75;23.75;23.75;23.75;25.25;25.75;24.50;24.00;23.50;24.00;24.25;24.25;26.75;26.75;24.25;24.25;23.50;23.75;23.25;24.00;26.75;26.00;23.75;23.50;23.00;23.50;23.50;24.25;27.50;26.00;24.00;23.75;22.75;23.25;23.00;23.75;24.25;24.00;23.00;23.00;22.75;23.00;23.25;23.50;23.25;23.50;23.25;22.75;22.25;22.50;23.50;23.00;22.75;22.75;22.75;22.50;22.50]
24962- [24.00;23.50;24.25;24.50;25.00;23.75;24.25;23.25;24.25;23.50;24.25;25.00;25.50;24.25;24.00;24.25;23.50;24.00;23.75;26.50;26.75;24.25;24.00;23.25;23.50;23.50;24.00;26.75;26.25;24.00;23.25;22.75;23.50;23.75;24.00;27.00;25.75;23.50;23.00;22.50;23.25;23.25;23.50;24.75;23.75;23.25;22.25;22.50;23.00;22.50;23.25;23.50;23.25;23.00;22.75;22.00;22.50;23.00;23.00;22.25;22.75;22.50;22.25;22.75]
25447- [23.75;23.75;23.75;24.50;24.25;24.25;24.00;23.75;24.00;23.50;24.25;25.00;25.00;24.00;24.00;23.50;24.25;24.00;24.25;26.75;26.50;24.00;24.00;23.50;24.00;23.25;24.25;27.00;26.00;23.75;23.50;22.75;23.50;23.50;24.25;27.00;26.00;23.50;23.50;22.75;23.50;23.00;24.00;24.50;23.75;23.25;22.75;23.00;22.75;23.00;23.25;23.25;23.00;23.25;22.50;22.00;22.75;23.50;23.00;22.75;23.25;22.25;22.75;22.25]
25932- [23.75;23.50;24.00;24.50;24.00;23.50;24.50;23.50;24.25;23.50;24.00;25.25;25.25;24.50;23.75;23.75;24.00;24.00;24.50;27.00;26.50;24.25;24.00;23.25;23.75;23.50;24.00;26.75;26.50;23.75;23.25;22.75;23.50;23.75;24.50;27.00;25.75;23.00;23.50;22.25;23.25;23.50;23.50;24.50;24.25;23.50;22.75;23.25;23.00;22.75;23.00;23.50;23.50;23.00;22.75;22.00;22.50;23.00;23.00;23.25;22.75;22.25;23.00;22.75]
26417- [23.75;23.75;24.25;24.50;24.25;24.25;24.25;23.50;23.75;23.75;24.00;25.25;25.50;24.25;24.00;24.00;24.00;24.50;24.50;26.75;26.75;24.50;24.00;24.00;23.50;23.50;24.00;27.25;25.75;24.00;23.50;23.00;23.50;23.75;24.00;27.50;26.00;23.25;23.75;23.00;23.25;23.25;23.50;24.75;23.75;23.25;23.25;23.00;23.00;23.00;23.50;23.25;23.00;23.25;23.25;22.50;23.25;23.00;23.00;22.75;23.00;22.50;23.00;23.25]
26902- [23.50;24.00;24.25;24.50;24.00;24.25;24.25;23.50;23.75;24.25;24.50;25.50;25.50;24.25;23.75;24.00;24.25;23.75;24.25;26.75;26.75;24.25;24.00;23.50;24.00;24.00;24.50;26.75;26.25;23.75;23.50;23.25;23.75;23.75;24.50;27.25;25.75;23.50;23.75;22.75;23.25;23.50;23.75;25.00;24.25;23.75;23.00;23.00;23.25;22.50;23.25;23.50;23.50;22.75;23.00;22.25;23.25;23.25;23.00;22.75;23.25;22.50;22.50;23.00]
27387- [23.75;23.75;23.75;24.50;24.25;24.25;24.00;23.75;24.00;23.75;24.25;25.50;25.00;24.25;24.25;24.00;23.75;23.75;24.50;27.00;26.50;24.50;24.00;23.25;23.75;23.50;24.25;27.00;25.75;24.00;23.50;23.25;23.50;23.75;24.00;27.50;26.25;23.75;23.50;23.00;23.25;23.50;23.75;24.75;23.50;23.50;23.25;23.25;23.25;23.00;23.25;23.25;23.25;23.50;22.75;22.25;22.75;23.25;23.50;22.75;23.25;22.50;22.50;22.50]
27872- [24.25;23.75;24.25;24.50;24.75;24.25;24.25;23.75;23.75;23.75;24.25;25.75;25.25;24.75;24.00;23.75;23.50;23.75;24.00;26.75;26.50;24.50;23.50;23.00;23.50;23.25;24.00;26.50;25.75;24.00;23.25;23.00;23.50;23.75;24.75;27.25;26.00;23.75;23.75;22.75;23.25;23.50;23.25;24.75;23.50;23.00;23.00;23.00;22.75;23.25;23.25;23.50;23.25;23.00;22.75;22.25;22.75;22.75;23.00;22.75;22.50;22.25;22.75;22.50]
28357- [24.00;23.50;23.75;24.25;24.75;24.00;24.00;23.75;23.50;24.00;24.25;25.50;25.00;24.75;24.00;23.75;23.75;23.75;24.00;26.75;26.25;24.25;23.75;23.50;23.25;23.50;24.00;26.50;26.00;24.00;23.50;23.00;23.50;23.75;24.50;27.00;25.75;23.50;23.75;22.50;23.25;23.00;23.50;24.50;23.75;23.75;22.75;23.00;22.75;22.50;23.00;23.25;22.75;23.00;22.75;22.00;23.00;23.25;23.25;23.00;22.50;22.50;22.75;22.50]
28842- [24.00;23.75;24.25;24.50;24.25;23.75;24.00;23.50;24.00;23.75;24.50;25.25;25.25;24.50;24.00;24.00;23.75;24.00;24.25;26.75;26.25;24.75;24.00;23.25;23.75;23.50;24.25;26.75;26.00;23.75;23.50;23.25;23.75;24.00;24.25;27.25;25.75;23.75;23.50;22.75;23.25;23.75;23.75;24.50;24.00;23.25;23.00;23.25;23.25;23.00;23.50;23.25;23.25;23.25;22.50;22.00;22.75;23.00;23.00;23.00;22.75;22.50;22.75;22.75]
29327- [24.00;23.50;24.25;24.25;24.00;24.50;23.75;23.75;24.00;23.50;24.25;25.25;25.50;23.75;23.75;24.00;24.00;23.75;24.25;26.75;27.00;24.00;23.50;23.25;23.50;23.50;24.00;26.50;26.00;23.50;23.50;22.75;23.50;23.50;24.50;26.75;26.00;23.75;23.25;22.50;23.25;23.25;23.75;24.50;24.00;23.25;23.00;23.00;23.25;22.75;23.00;22.75;23.00;22.75;23.00;22.50;22.75;23.75;22.75;22.75;23.25;22.50;22.50;22.50]
29812- [24.00;23.50;24.00;24.75;24.50;24.25;23.75;23.50;23.75;23.75;24.25;25.00;25.00;24.00;23.75;23.75;23.50;24.00;24.75;26.75;26.25;24.25;23.50;23.25;23.75;23.75;23.75;26.25;26.00;23.50;23.50;22.75;23.50;23.50;24.25;26.50;26.00;23.25;23.50;22.25;22.75;23.75;23.50;24.25;23.50;23.00;23.00;23.00;23.00;22.75;23.50;23.25;22.75;23.25;22.50;21.75;23.25;22.50;23.00;22.50;23.00;22.50;22.25;23.00]
30297- [23.50;23.25;23.25;24.75;24.25;23.75;24.25;23.25;23.50;23.50;24.00;25.00;25.00;23.75;24.00;23.25;23.75;24.00;24.25;26.75;26.25;24.00;23.75;23.50;23.25;23.25;24.25;26.75;25.50;23.75;23.00;22.75;23.75;23.50;24.00;27.00;25.75;23.25;23.50;22.50;23.75;23.25;23.50;24.25;24.00;22.75;23.00;22.75;23.00;23.00;23.00;22.75;23.00;23.25;22.00;22.50;22.50;22.75;22.50;22.75;22.50;22.00;22.50;22.00]
30782- [24.25;23.50;23.50;24.25;24.50;24.00;24.00;23.75;23.75;23.50;24.00;25.50;25.25;23.75;24.00;23.25;23.50;24.00;24.00;27.00;26.25;24.25;23.75;23.75;23.50;23.50;23.75;27.00;25.50;23.75;23.25;23.00;23.25;23.75;23.75;27.00;25.50;23.25;23.25;22.50;23.00;23.50;23.50;24.75;23.75;23.00;22.75;23.25;23.50;23.00;23.25;23.25;22.50;23.25;22.75;22.50;23.00;22.50;23.00;22.75;22.75;22.75;22.25;21.75]
31267- [23.25;23.75;24.25;24.50;24.25;24.00;24.25;24.00;23.50;23.75;24.50;25.50;25.00;24.25;24.25;23.75;23.75;23.50;24.50;27.00;26.75;24.00;24.25;23.25;23.75;23.50;23.75;26.50;26.00;23.75;23.25;23.00;23.50;23.75;23.75;27.00;25.75;23.50;23.25;23.00;23.75;23.75;23.75;24.75;23.75;22.75;23.00;23.00;23.25;23.00;23.75;23.00;23.00;23.00;22.50;21.75;22.75;22.75;23.25;22.50;22.50;22.75;22.50;22.25]
31752- [24.00;24.00;24.25;24.75;24.00;24.25;24.25;24.25;24.00;23.50;24.50;25.25;25.25;24.25;23.50;24.25;23.75;24.50;24.25;27.00;26.75;24.50;23.75;23.50;23.00;23.75;24.25;27.00;26.25;24.00;23.00;23.00;24.00;23.75;24.50;27.00;25.50;24.25;23.50;23.50;23.25;23.00;24.00;24.75;23.50;23.50;23.25;23.25;22.75;23.00;23.25;22.75;23.00;23.25;22.75;22.00;23.25;23.25;23.00;22.50;22.75;22.50;22.75;22.25]
32237- [24.25;23.25;24.25;24.50;24.75;24.50;24.25;24.00;24.25;24.00;24.25;25.25;25.75;24.50;23.50;24.25;24.25;24.00;24.50;26.75;26.75;24.50;24.25;23.50;24.00;23.75;24.25;27.00;26.50;23.75;23.75;23.75;23.25;23.75;24.25;27.50;26.25;24.00;23.25;23.25;23.50;23.25;24.00;24.75;24.00;23.50;23.25;22.75;23.00;22.75;23.25;23.25;23.50;23.75;22.50;22.25;22.50;23.25;23.50;23.00;23.25;22.75;22.25;22.75]
32722- [23.75;23.50;24.25;25.00;24.00;24.25;24.25;24.50;24.00;23.50;24.50;25.25;25.25;24.50;24.25;23.50;23.50;24.25;24.25;27.00;27.00;24.75;23.75;23.25;24.00;23.50;24.25;27.25;26.25;24.00;23.75;23.75;23.75;23.50;24.25;27.50;25.75;23.50;23.50;22.25;23.00;23.25;24.00;24.75;24.25;23.50;23.25;23.00;22.75;23.00;23.50;23.00;23.25;23.75;22.75;22.50;22.50;23.50;23.25;23.00;23.00;22.75;23.25;23.00]
33207- [24.25;23.50;24.25;24.50;24.75;24.25;24.50;23.50;23.75;23.50;24.25;25.50;25.50;24.50;24.25;24.25;24.00;24.50;24.00;26.75;26.75;24.50;24.00;23.50;23.75;24.00;24.25;26.75;26.00;24.25;24.25;23.75;23.50;23.50;24.25;27.25;25.75;23.50;23.75;22.75;23.25;23.50;23.75;25.00;24.00;23.50;23.00;23.00;23.00;23.00;23.25;23.50;23.75;23.75;23.25;22.50;23.25;23.50;23.00;22.75;23.25;22.50;23.00;22.50]
33692- [24.00;24.00;24.00;24.25;24.50;24.75;24.25;24.00;24.50;23.50;24.50;25.50;25.25;24.25;23.50;24.25;24.25;24.50;24.50;27.00;26.75;24.50;23.75;24.00;23.50;23.75;24.25;27.00;26.25;23.75;23.75;23.25;23.75;24.00;24.75;27.25;26.50;24.00;23.75;23.00;23.50;23.50;23.75;24.50;24.25;23.50;23.00;23.50;23.50;23.00;23.00;23.00;23.50;23.25;22.75;22.25;22.75;23.25;23.00;23.00;23.00;22.50;23.00;22.75]
34177- [23.75;23.50;23.75;24.25;23.50;24.00;24.00;24.50;23.75;23.50;24.25;25.25;25.50;24.25;24.00;24.25;24.25;23.75;24.50;27.25;26.50;24.50;23.75;23.50;24.00;24.00;24.00;27.25;26.00;24.25;23.50;23.25;23.75;24.00;24.50;27.25;25.50;23.75;23.25;22.50;23.25;23.75;24.00;24.75;24.00;23.50;23.50;23.75;23.25;23.00;23.25;23.25;23.25;23.25;22.75;22.50;22.75;23.25;23.50;22.75;23.00;22.50;23.00;22.50]
34662- [23.75;24.00;23.75;24.50;24.25;24.00;24.50;24.00;24.75;23.75;24.50;25.75;25.25;24.25;24.00;24.00;23.75;23.75;24.50;27.00;26.50;24.50;23.75;23.75;23.25;23.75;24.00;27.00;26.00;23.75;23.75;23.25;23.75;23.75;24.25;27.25;26.00;24.00;23.75;23.00;24.00;23.50;24.00;24.75;24.00;23.25;23.00;23.00;23.25;22.25;23.50;23.50;23.25;23.00;22.75;22.25;22.75;23.25;23.25;22.75;22.75;22.75;23.00;23.00]
35147- [23.75;24.00;24.00;24.00;24.25;24.25;24.25;23.25;24.00;23.75;24.25;25.25;25.50;24.50;24.00;24.00;24.00;24.00;24.50;27.25;26.75;24.75;24.25;24.00;23.75;23.75;24.25;27.00;25.75;24.25;23.75;23.50;24.00;24.00;25.00;27.25;26.00;23.50;23.50;23.50;23.00;23.50;23.75;24.75;24.00;23.50;23.25;22.75;23.25;22.75;23.00;23.25;22.75;23.00;23.00;22.00;23.25;23.50;23.00;23.25;23.00;22.50;23.50;22.25]
35632- [23.75;23.75;24.25;24.50;24.25;24.00;24.00;23.50;24.25;23.50;24.00;25.25;25.75;24.25;24.00;24.00;24.25;23.75;24.25;27.25;26.75;24.25;23.75;23.75;23.50;24.00;24.00;26.75;26.00;24.00;23.75;23.50;23.75;23.75;24.25;27.50;26.00;23.75;23.50;23.00;23.00;23.50;23.75;25.00;24.00;23.00;23.25;23.00;23.25;23.25;23.25;23.75;23.25;23.50;22.50;22.50;23.00;23.25;22.50;22.50;22.75;22.75;23.25;22.75]
36117- [23.75;23.50;24.25;24.75;24.50;24.00;24.00;23.75;24.25;24.25;24.00;25.50;25.50;24.25;24.00;24.00;24.00;24.00;24.50;26.75;26.75;24.25;24.00;23.50;23.50;23.50;24.00;27.00;26.25;23.75;23.25;22.75;24.00;23.50;24.50;27.25;26.00;23.25;23.50;23.50;23.50;23.75;24.00;24.50;24.00;23.50;23.00;23.00;22.75;23.00;23.25;23.75;23.50;23.25;23.25;22.50;22.75;23.25;23.00;22.50;22.75;22.75;22.75;22.50]
36602- [24.00;23.50;24.00;24.25;24.25;24.25;24.25;24.00;24.00;23.75;24.75;25.25;25.50;24.50;23.75;24.25;24.00;24.00;24.50;26.50;26.00;24.00;24.50;23.50;24.25;23.75;24.50;26.50;26.25;23.75;23.75;23.25;23.50;23.75;24.50;27.00;26.25;23.75;24.00;22.75;23.25;23.50;24.00;24.75;24.00;23.25;22.75;23.50;23.25;23.00;23.50;23.50;23.00;23.50;23.00;22.25;23.25;23.25;23.25;23.00;22.75;22.50;23.00;23.00]
37087- [24.00;24.00;24.00;24.75;24.50;24.25;24.50;24.00;24.00;23.75;24.25;25.25;25.50;24.25;24.00;23.75;23.75;24.25;24.25;27.00;26.75;24.50;24.00;23.75;23.75;24.25;24.50;27.00;26.25;24.25;23.75;23.50;23.75;23.50;24.25;27.25;26.25;23.50;24.00;22.75;23.25;24.00;24.50;24.50;24.25;23.25;23.25;23.50;22.75;23.00;23.00;23.50;23.25;23.25;22.75;22.00;22.75;23.00;23.00;22.25;23.25;22.25;23.25;22.75]
37572- [24.00;23.50;24.00;24.25;24.50;23.75;24.00;23.50;23.75;23.75;24.25;25.25;25.00;23.75;24.25;23.75;23.75;24.00;24.25;27.00;26.75;24.25;23.75;23.25;23.25;23.50;24.25;27.00;25.75;24.00;23.50;23.25;23.75;24.00;23.75;27.25;26.00;24.00;24.00;23.25;23.50;23.50;23.75;24.75;23.75;23.25;23.25;23.00;23.25;23.00;23.00;23.25;23.25;22.75;23.25;21.75;23.25;22.50;23.50;23.00;22.50;22.25;22.75;22.75]
38057- [23.50;23.75;23.75;24.50;24.25;24.25;24.75;23.75;23.75;23.75;24.00;25.25;25.50;24.25;24.00;23.75;23.75;23.75;24.25;27.00;26.75;24.50;24.00;23.00;23.75;23.25;23.75;27.00;26.25;24.00;23.50;23.50;23.50;23.75;24.25;27.25;25.50;24.00;23.50;22.50;23.00;23.75;23.75;25.00;24.00;23.25;22.75;22.75;22.75;23.25;23.25;23.50;23.00;23.00;22.75;22.25;23.00;22.50;23.25;22.50;22.50;22.50;23.25;22.00]
38542- [23.50;23.50;23.75;24.25;24.50;24.00;24.50;23.50;24.00;23.75;24.50;25.25;25.25;24.25;24.00;24.00;23.75;23.75;25.00;27.00;26.50;24.50;24.00;23.75;23.75;23.75;23.50;26.75;26.00;24.00;23.75;23.50;23.75;23.75;24.50;27.00;25.75;23.50;23.75;22.75;23.50;23.25;23.75;24.50;24.25;23.00;22.75;23.00;23.00;22.75;23.00;23.50;23.00;23.25;22.50;22.25;23.00;22.75;23.25;23.00;23.25;22.00;22.50;22.75]
39027- [24.00;23.25;24.00;24.25;24.50;24.00;24.75;23.75;24.25;23.75;24.50;25.25;25.25;24.25;24.00;24.50;24.00;24.50;24.50;27.25;26.50;25.00;24.25;23.75;23.50;23.50;24.25;27.00;26.25;23.75;23.75;23.50;23.75;23.75;24.00;27.25;26.00;23.75;23.50;23.00;23.25;23.50;23.75;24.75;24.00;23.25;23.25;23.25;23.50;22.75;23.50;23.50;23.50;23.25;22.75;22.25;23.00;23.00;23.25;22.75;23.25;22.50;22.75;22.50]
39512- [23.75;24.00;24.50;24.75;24.00;24.25;24.50;24.25;24.50;23.75;24.25;25.50;25.75;24.50;24.00;24.25;23.25;23.75;24.50;27.00;26.25;24.25;24.00;24.00;23.75;23.50;24.25;26.75;26.25;24.00;23.50;23.25;24.00;23.75;24.25;27.25;25.50;23.50;23.50;23.00;23.25;23.75;24.00;24.75;23.75;23.50;23.25;23.50;22.75;22.75;23.25;23.50;23.25;23.50;22.75;22.25;22.75;23.00;23.00;23.00;23.00;22.50;23.00;23.00]
39997- [23.50;24.00;24.25;24.75;24.25;24.00;24.50;23.75;24.25;23.75;24.50;25.25;25.50;24.50;23.75;24.25;23.75;24.25;24.25;27.00;26.75;25.00;24.00;23.50;23.00;23.75;24.00;26.75;26.25;23.75;23.25;23.25;23.75;23.75;24.50;27.25;25.75;23.75;23.75;23.25;23.25;23.75;23.50;24.50;23.75;23.00;23.00;22.75;23.00;23.25;23.25;23.00;23.75;23.50;23.25;22.75;22.50;23.00;23.00;23.00;23.00;22.25;23.25;22.50]
40482- [24.00;23.25;24.75;24.75;25.00;24.00;24.50;23.50;24.00;24.00;24.25;25.25;25.50;24.25;24.50;24.00;24.00;24.00;24.25;27.00;27.25;24.50;24.25;23.75;23.25;23.75;24.25;26.75;26.00;24.25;23.50;23.25;23.50;23.75;24.25;27.00;25.75;24.00;23.75;22.50;23.50;24.00;23.75;24.75;24.25;23.50;23.00;23.25;23.25;22.75;23.00;23.25;23.00;23.00;22.75;22.25;23.25;23.25;23.25;22.50;23.00;22.50;23.00;22.75]
40967- [23.75;23.75;24.75;24.25;24.25;24.50;24.75;23.50;24.00;23.75;24.50;25.50;25.50;24.25;24.00;24.00;23.50;23.75;24.25;26.75;27.00;24.25;23.75;23.25;23.75;23.75;24.25;26.75;26.25;24.00;23.50;23.25;23.50;24.00;24.00;27.25;25.50;23.50;23.75;22.75;23.50;23.50;24.25;24.75;24.00;23.25;22.75;23.25;23.00;23.25;23.00;23.25;23.00;23.25;22.25;22.25;22.50;23.25;23.50;22.50;23.00;22.25;23.00;23.00]
41452- [24.00;23.75;24.00;24.50;24.75;24.25;24.25;23.50;24.25;23.50;24.50;25.25;25.50;24.75;24.00;24.00;24.00;24.00;24.00;26.75;26.50;24.50;24.25;23.00;23.75;23.50;24.50;27.00;26.00;23.50;23.25;23.25;23.75;24.25;24.25;27.50;25.25;24.00;23.75;23.00;23.00;23.50;23.50;24.50;24.25;23.50;23.00;23.00;23.25;22.75;23.25;23.25;23.00;23.25;23.00;22.50;22.75;22.75;22.75;22.75;23.00;22.75;22.75;22.75]
41937- [24.75;23.50;23.75;24.25;24.50;24.25;24.50;23.50;24.25;23.75;24.50;25.25;25.75;24.00;24.25;24.25;24.00;24.25;24.50;27.25;26.75;24.25;24.00;23.50;23.50;23.75;24.25;26.75;26.00;23.75;23.75;23.25;23.50;24.00;24.50;27.00;26.25;23.25;23.50;23.00;23.25;23.75;23.75;25.00;24.00;23.00;22.75;23.25;23.25;23.00;23.50;23.00;23.50;23.75;22.75;22.75;23.00;23.25;23.00;23.25;23.00;22.75;23.00;22.75]
42422- [24.25;24.00;24.00;24.75;24.25;24.25;24.75;24.25;23.75;24.00;24.50;25.00;25.50;24.50;24.00;24.00;24.00;24.25;24.75;27.25;26.50;24.50;24.25;23.75;23.50;24.00;24.00;27.00;26.25;24.00;24.00;23.25;23.75;23.50;24.25;27.25;25.75;23.75;23.75;23.25;23.25;23.75;24.00;25.00;24.00;23.50;22.75;23.25;23.25;23.25;23.25;23.50;23.75;23.00;23.25;22.75;23.25;23.00;23.00;22.75;23.25;22.25;23.00;22.75]
42907- [24.00;23.75;24.25;24.75;24.75;24.50;24.50;24.00;24.50;23.50;24.25;25.25;25.50;24.25;23.75;24.25;24.00;24.25;24.25;26.75;26.50;24.25;24.00;23.50;23.75;23.75;24.50;27.00;26.50;24.25;23.75;23.00;24.00;23.75;24.75;27.25;26.00;23.75;23.50;23.00;23.75;23.75;24.00;24.50;24.00;23.25;23.25;23.50;23.50;22.75;23.75;23.25;23.25;23.00;22.75;22.25;23.25;23.50;23.75;23.00;23.50;22.75;22.50;22.50]
43392- [24.50;24.00;23.75;25.00;24.75;24.25;24.75;24.25;23.75;24.00;25.00;25.50;25.50;24.25;24.00;23.75;24.25;24.25;24.25;27.00;27.00;24.25;24.25;23.75;24.00;23.75;24.00;26.75;26.50;24.25;23.75;23.00;23.75;24.00;24.25;27.25;25.75;23.75;23.25;23.25;23.50;23.00;23.75;24.75;24.25;23.25;23.25;23.00;23.50;23.25;23.25;23.25;23.75;23.00;23.25;22.25;23.25;23.00;23.00;22.75;23.50;22.75;22.75;23.00]
43877- [23.75;24.00;24.00;24.25;24.25;24.50;24.50;23.75;24.00;23.75;24.50;25.25;25.50;24.50;23.75;24.00;24.00;24.00;24.75;27.00;27.00;24.50;24.00;23.50;23.75;23.50;24.25;26.75;26.25;24.00;23.50;23.25;24.00;23.75;24.50;27.00;26.25;23.75;23.25;23.25;23.75;23.50;23.75;24.50;24.25;23.50;23.00;23.50;23.50;22.75;23.50;23.50;23.50;23.00;23.00;22.25;23.25;23.50;23.00;22.50;23.00;22.75;22.75;23.00]
44362- [24.25;24.25;24.25;24.50;24.50;24.50;24.00;24.25;24.50;24.00;24.25;25.25;25.25;24.50;24.00;24.25;24.25;24.25;24.50;27.25;27.00;24.75;24.00;23.50;23.50;24.00;24.25;27.00;26.00;23.50;24.25;23.75;23.75;23.75;24.50;27.50;26.00;24.25;23.50;23.00;23.50;24.00;24.00;24.75;24.25;23.25;23.25;23.25;23.25;23.00;22.75;23.25;23.25;23.25;23.00;22.50;23.50;23.50;23.50;23.25;23.25;22.75;23.25;23.25]
44847- [24.00;23.75;24.00;24.50;24.25;24.00;24.00;23.75;24.00;23.75;24.25;25.25;25.50;24.50;24.00;23.75;24.25;24.00;24.75;26.75;26.75;24.50;24.00;23.50;24.00;23.75;24.25;27.00;26.50;23.75;23.75;23.50;23.25;23.50;24.50;27.00;25.50;24.00;23.75;22.50;23.50;23.75;24.00;24.50;24.00;23.50;23.00;23.00;23.00;23.00;23.00;23.50;23.50;23.25;23.00;22.50;23.00;23.25;23.00;23.25;22.75;22.50;23.25;22.50]
45332- [24.25;23.75;24.00;24.25;24.25;24.25;24.50;24.00;24.00;23.75;24.00;25.50;25.25;24.00;24.00;23.50;24.00;23.75;24.00;27.00;27.00;24.00;24.25;23.25;23.50;23.50;24.25;26.75;26.00;23.75;23.25;23.50;24.00;23.75;23.75;27.00;25.75;23.50;23.25;23.00;22.75;23.25;23.50;24.75;24.00;23.50;22.75;23.00;23.25;23.00;23.50;23.50;23.25;23.00;23.25;22.50;22.75;22.75;23.50;22.75;23.00;22.50;22.75;23.00]
45817- [23.75;23.25;24.00;24.25;24.50;24.00;24.00;24.00;24.00;24.25;24.25;25.50;25.25;24.00;24.00;23.75;24.00;24.25;24.50;26.50;26.25;24.25;24.00;23.00;23.25;23.50;24.25;26.75;26.50;23.75;23.50;23.25;23.75;23.50;24.25;27.00;26.00;23.50;23.75;22.50;23.25;23.50;23.50;24.75;24.00;23.50;23.25;23.50;23.25;23.25;23.25;23.25;23.25;23.50;22.75;22.50;22.75;22.75;23.25;22.50;22.75;22.25;22.75;23.25]
46302- [24.25;23.75;24.00;24.25;24.50;23.75;24.50;23.50;24.00;23.75;24.25;25.00;25.75;24.25;23.75;23.75;24.25;24.25;24.25;26.75;27.00;24.75;24.00;23.50;23.50;23.75;23.50;26.50;25.75;23.75;23.50;23.50;23.50;23.50;24.50;27.50;25.75;23.25;23.50;22.50;23.00;23.50;24.00;24.75;23.75;23.25;23.00;23.50;23.25;23.00;23.25;23.00;23.25;23.25;22.75;22.25;23.25;23.25;22.75;23.00;23.00;22.50;23.25;22.25]
46787- [23.75;23.50;24.50;24.50;24.25;24.00;23.75;24.00;24.00;24.00;24.75;25.25;25.25;24.50;23.75;24.25;23.75;24.25;24.50;27.25;26.50;24.00;24.00;23.50;23.50;23.50;24.25;26.75;26.00;23.75;23.75;23.00;24.00;24.00;24.25;27.25;26.00;23.75;23.50;22.75;23.50;23.50;23.75;24.75;24.00;23.25;23.25;23.25;23.00;23.00;23.00;23.25;23.25;23.50;23.25;22.50;22.50;23.75;23.00;23.00;23.25;22.50;23.00;22.50]
47272- [24.25;23.50;24.25;24.50;24.50;24.25;24.50;24.00;24.00;24.00;24.25;25.50;25.50;24.75;23.75;23.50;24.00;24.25;24.50;27.00;26.75;24.25;24.25;23.50;23.75;23.75;23.75;26.75;26.00;24.00;23.25;23.25;23.75;23.75;24.25;27.00;25.75;23.50;23.75;22.75;23.25;23.75;24.00;24.50;24.25;23.25;23.00;23.00;23.00;23.00;23.50;23.00;23.25;23.00;22.75;21.75;22.50;22.75;23.25;23.00;23.00;22.50;23.00;22.75]
47757- [23.75;23.75;24.00;24.50;24.50;24.25;24.50;24.00;24.00;23.75;24.25;25.00;25.25;24.50;24.00;23.25;24.00;24.00;24.50;27.00;26.75;24.75;23.75;23.50;23.50;23.25;24.00;26.75;26.00;23.50;23.25;22.75;23.50;23.75;24.00;26.75;26.00;23.75;23.75;23.00;23.50;23.50;23.75;24.50;24.00;23.25;23.00;23.00;23.25;22.50;23.00;23.50;23.00;23.25;23.25;22.50;23.25;23.50;23.25;23.00;22.50;22.25;22.75;22.50]
48242- [23.75;23.75;24.25;24.00;24.25;24.00;24.25;24.00;24.00;23.75;24.50;25.25;25.50;24.00;24.25;24.25;23.50;24.00;24.25;26.50;26.50;24.25;24.25;23.75;24.00;23.25;23.75;26.50;26.00;23.75;23.75;23.25;23.50;23.50;24.00;26.75;26.00;23.50;23.25;22.50;23.75;23.00;23.50;24.25;23.75;23.25;23.25;23.25;23.50;22.75;23.25;23.00;23.00;23.25;23.00;21.75;22.50;22.75;23.25;23.00;22.75;22.50;23.25;22.50]
48727- [23.75;23.50;23.75;24.25;24.25;23.75;24.25;23.25;23.75;23.50;24.50;25.50;25.25;24.00;23.75;23.75;24.00;24.00;24.00;26.75;26.25;24.50;23.75;23.00;23.50;24.00;24.25;26.75;26.00;23.50;23.50;22.75;23.50;23.50;24.25;27.25;26.00;24.00;23.50;22.75;23.00;23.50;24.25;24.25;24.00;22.75;23.25;22.75;23.00;22.50;23.25;23.25;23.25;23.00;22.75;22.50;22.50;22.50;23.00;22.50;22.75;22.50;23.00;22.75]
49212- [24.50;23.75;23.75;24.50;24.25;24.00;24.75;23.75;24.00;23.75;24.00;25.25;25.25;24.25;23.75;23.50;24.50;24.00;24.50;27.25;26.75;24.75;24.00;23.25;23.75;23.50;24.00;26.25;25.50;23.75;23.25;23.50;23.25;23.75;23.50;27.00;25.75;23.25;23.25;23.00;23.50;23.25;23.25;24.75;24.00;23.50;22.50;23.75;23.00;23.00;23.25;23.00;23.00;23.00;22.75;22.00;22.75;23.50;23.00;22.75;22.75;22.75;22.75;22.00]
49697- [24.00;23.75;24.25;24.25;25.00;23.75;24.00;24.00;24.25;24.00;24.00;25.25;25.25;24.00;23.50;24.00;24.00;24.25;24.25;26.50;26.50;24.25;24.00;23.25;23.75;23.25;24.00;26.75;26.00;23.75;23.50;23.25;23.50;23.75;24.25;27.00;25.50;23.75;23.75;22.50;23.25;23.00;23.50;24.50;24.00;23.25;22.50;23.00;23.00;22.75;23.25;23.00;23.00;23.00;22.50;22.50;22.75;23.00;22.50;22.75;22.50;22.25;23.00;22.75]
50182- [24.25;23.25;24.00;24.75;24.00;24.00;24.25;24.00;23.75;23.75;24.25;25.25;25.00;24.00;23.50;23.75;24.25;24.00;24.00;27.00;26.50;24.25;24.00;23.75;24.00;23.25;24.00;26.50;26.00;24.00;23.75;23.50;23.75;23.50;24.00;27.00;25.75;23.75;23.00;22.75;23.25;23.00;24.00;24.50;24.00;23.25;22.75;23.25;23.00;23.00;23.25;23.25;23.25;23.00;23.00;22.00;22.75;22.75;23.25;22.75;22.50;22.50;23.00;23.25]
50667- [23.50;23.75;24.25;24.25;24.25;24.00;24.00;23.75;24.00;23.75;24.25;25.25;25.50;24.00;24.00;24.25;24.00;24.00;24.00;27.00;26.50;24.50;23.75;23.50;23.50;23.50;23.75;26.75;26.00;23.75;23.50;22.75;23.75;23.75;24.25;26.75;25.75;23.50;23.25;22.75;23.00;23.50;23.75;24.50;24.00;22.75;22.75;22.75;22.75;23.00;23.00;23.25;23.00;23.00;22.50;22.00;22.50;22.50;22.75;22.50;22.75;22.75;23.00;22.00]
51152- [23.75;24.00;24.25;24.75;24.50;24.25;24.00;23.50;24.25;23.75;24.25;25.25;25.50;24.50;24.00;23.75;23.75;24.00;24.25;26.75;26.75;24.75;24.25;23.00;23.50;24.00;24.00;26.75;26.00;23.50;23.00;23.25;24.25;24.25;24.00;27.25;25.50;23.25;23.25;22.50;23.50;23.25;23.50;24.00;23.75;23.25;22.75;23.00;22.75;23.00;22.75;23.00;23.75;22.75;22.50;22.00;23.00;22.75;23.00;22.75;23.00;22.25;22.50;23.00]
51637- [24.00;23.50;24.25;24.50;24.00;23.75;24.75;23.75;24.00;23.50;24.00;25.75;25.25;24.25;24.00;24.00;23.50;24.00;24.50;27.00;26.25;24.25;24.00;23.75;23.50;23.50;24.50;26.75;26.00;23.75;24.00;23.25;23.75;24.00;24.50;27.00;25.50;23.50;23.50;23.25;23.50;23.00;23.75;24.75;24.00;23.00;23.25;23.25;22.75;22.50;23.50;23.00;23.00;23.25;22.75;22.25;22.75;23.00;23.25;22.75;22.75;22.50;22.75;22.50]
52122- [24.00;24.00;24.00;24.50;25.00;24.25;24.25;24.50;24.00;23.75;24.25;25.50;25.25;24.50;24.00;24.50;24.00;24.50;24.25;27.00;26.75;24.25;24.00;23.75;23.50;23.75;24.25;26.50;26.00;23.50;23.25;23.00;23.75;24.00;24.25;27.25;25.50;23.75;23.25;22.75;23.50;23.75;23.75;24.25;23.75;23.50;22.75;22.50;23.00;23.25;23.25;23.00;23.25;23.00;22.75;21.75;22.75;22.75;23.00;22.50;22.75;22.50;22.75;22.50]
52607- [23.75;24.00;23.75;24.50;24.75;24.25;24.75;24.00;24.00;23.50;24.25;25.25;25.25;24.25;24.50;23.50;23.75;24.00;24.25;27.00;26.50;24.25;23.75;23.75;23.50;23.75;24.00;26.25;25.75;23.75;23.25;23.00;24.00;23.50;24.25;27.00;25.50;23.75;23.25;23.00;23.25;23.00;23.25;24.50;24.00;23.25;22.50;23.00;22.50;22.25;23.25;23.25;23.25;23.00;22.75;21.75;22.75;22.75;23.00;22.75;22.25;22.50;22.75;22.25]
53092- [24.00;23.50;23.75;24.00;24.25;24.00;24.25;23.75;24.00;23.25;24.25;25.25;25.25;24.25;23.75;24.00;23.75;23.75;24.25;27.00;26.75;24.25;23.75;23.50;23.75;23.75;24.25;26.50;26.25;23.75;23.75;22.75;23.75;24.00;24.50;26.75;26.00;23.75;23.75;22.75;23.25;23.50;23.75;24.50;24.25;22.75;23.25;23.25;22.75;22.75;23.75;23.00;23.25;22.75;23.00;22.00;22.25;23.00;23.25;23.00;23.00;22.25;22.75;23.50]
53577- [24.00;23.50;23.75;24.25;24.25;23.75;24.00;24.00;23.75;23.50;24.00;25.00;25.25;23.75;24.25;23.75;23.75;23.75;24.00;26.75;26.75;24.00;23.25;23.00;23.50;23.75;23.75;26.50;26.00;23.50;23.50;23.50;23.50;23.75;24.00;27.25;25.50;23.25;23.50;22.25;23.00;23.75;24.00;24.50;23.75;23.00;22.50;23.00;23.00;22.50;23.00;23.75;23.00;22.75;22.50;22.50;22.00;22.75;22.75;22.50;22.75;22.25;22.75;22.25]
54062- [23.50;23.50;24.00;24.50;24.50;24.25;24.00;23.50;24.00;23.75;24.25;25.25;25.25;24.50;23.75;23.75;24.00;24.00;24.50;26.75;26.75;24.75;23.75;23.00;23.50;24.00;23.75;26.25;26.00;23.75;23.75;23.00;23.50;23.75;24.25;27.00;25.75;23.75;23.50;23.00;23.50;23.50;23.50;25.00;24.00;23.00;22.50;23.00;23.00;23.00;23.25;23.25;23.75;22.75;23.00;22.25;22.50;22.50;23.25;22.75;23.00;22.25;22.75;22.25]
54547- [24.25;23.75;24.50;24.00;24.50;24.25;24.75;23.50;24.25;24.00;24.50;25.25;25.50;24.50;23.25;24.25;24.00;24.50;25.25;26.75;26.75;24.50;24.25;23.50;23.50;24.00;24.25;27.00;26.00;24.00;23.75;23.00;23.75;24.00;24.25;27.00;26.00;23.50;23.50;23.00;23.50;23.25;24.00;25.00;23.75;23.75;23.00;23.25;22.75;22.75;23.25;23.25;23.50;23.25;23.00;22.50;22.75;23.00;23.00;22.50;23.25;22.00;23.00;22.25]
55032- [24.00;23.50;24.00;24.50;24.25;24.25;24.50;23.75;23.75;24.00;24.75;25.50;25.00;24.25;24.00;24.25;23.75;24.50;24.50;27.00;27.00;24.50;24.00;23.25;23.75;23.75;24.50;27.00;26.00;24.00;23.75;23.75;23.75;23.75;24.25;27.25;26.00;23.75;23.75;23.25;22.75;23.50;24.00;24.75;24.00;23.50;23.00;23.00;23.00;22.50;23.25;23.75;23.50;23.25;23.25;22.00;22.50;23.00;23.50;23.00;23.25;23.00;22.75;23.00]
55517- [24.00;23.75;24.00;24.50;24.50;24.00;24.50;23.75;24.25;24.00;24.25;25.25;25.25;24.25;24.25;24.25;24.00;24.25;25.00;27.00;27.25;24.75;24.00;23.50;23.75;24.00;24.25;26.75;26.25;24.00;24.00;23.50;24.00;24.50;24.25;27.00;26.50;23.75;23.50;23.25;23.25;23.75;23.75;25.00;24.50;23.50;23.00;23.00;23.25;22.75;23.50;23.00;23.75;23.50;22.75;22.50;23.00;23.25;23.25;22.50;23.00;23.00;22.50;22.25]
56002- [24.00;23.75;24.25;24.50;24.75;24.25;24.50;23.75;24.00;23.75;24.50;25.50;25.75;24.25;24.25;24.00;24.00;24.50;24.50;27.00;27.00;24.50;24.50;23.25;24.25;23.75;24.25;26.75;26.25;24.25;24.00;23.00;23.50;24.25;24.50;27.25;26.00;24.00;23.75;23.00;23.25;24.00;23.75;25.00;24.00;23.75;23.00;23.75;23.00;22.75;23.25;23.50;23.50;23.50;23.25;22.75;22.75;23.25;23.50;22.50;22.75;22.50;22.75;22.75]
56487- [24.25;24.00;24.25;25.00;24.50;24.50;24.25;24.25;24.75;24.25;24.50;26.00;25.50;24.25;24.00;23.75;24.00;24.50;24.50;27.25;26.75;24.50;24.50;24.00;24.00;24.00;24.50;26.75;26.50;24.00;24.00;23.00;23.75;24.00;24.25;27.00;26.25;24.00;23.75;23.00;23.75;23.75;23.75;24.75;24.00;23.50;23.00;22.75;23.00;23.25;23.50;23.25;23.50;23.25;22.75;22.25;22.75;22.50;23.50;22.75;23.25;22.50;23.25;22.75]
56972- [24.00;23.75;24.25;24.75;24.75;24.50;24.75;24.00;24.25;24.00;24.25;25.50;25.25;24.75;24.25;24.00;24.25;24.00;24.75;27.25;27.00;24.25;24.50;23.75;23.50;24.00;24.00;27.25;26.00;24.25;24.00;23.50;24.25;24.25;24.50;27.25;26.25;24.25;23.50;23.50;23.25;23.75;24.00;24.75;24.50;23.00;23.50;23.50;23.00;23.00;22.75;23.50;23.75;23.25;22.50;22.00;22.50;23.50;23.00;22.50;23.25;23.00;22.75;22.75]
57457- [24.50;24.00;24.50;24.75;24.75;24.25;24.75;24.00;24.25;24.00;25.00;25.75;25.50;24.25;24.00;24.00;24.00;24.00;24.25;27.00;27.00;24.75;24.25;23.75;24.25;23.75;24.25;26.75;26.25;24.25;23.50;23.00;23.50;23.75;24.50;27.25;26.00;23.50;23.75;22.75;23.25;23.75;24.00;24.75;24.25;23.50;23.50;23.00;23.00;23.50;23.00;23.75;24.00;22.75;22.75;22.75;22.75;23.50;23.50;23.25;22.75;22.75;23.25;23.50]
57942- [24.50;23.75;24.00;24.50;24.75;24.25;24.25;23.75;24.00;24.00;24.25;25.50;25.25;24.25;23.75;24.50;24.00;24.00;24.25;27.25;27.00;24.25;24.25;23.50;23.50;23.75;24.25;27.25;26.00;24.00;23.75;23.25;24.00;24.00;24.50;27.00;25.75;23.75;23.75;23.25;23.50;23.50;24.00;25.00;24.25;23.25;23.25;23.00;23.00;22.75;23.00;23.50;23.50;23.25;23.00;22.50;22.50;22.75;23.00;22.25;23.00;23.00;23.50;22.75]
58427- [24.25;23.75;24.25;24.50;24.75;24.25;24.50;23.75;24.00;23.75;24.50;25.50;25.50;24.00;24.25;24.25;24.00;24.25;24.75;27.00;26.75;24.25;24.00;23.75;23.75;23.50;24.75;27.00;25.75;24.50;23.50;23.00;23.75;24.00;24.25;27.00;26.00;23.50;23.50;23.25;23.50;23.50;23.75;25.00;24.25;23.50;23.00;23.25;23.00;23.00;23.75;23.00;23.25;23.25;22.75;22.25;23.25;23.25;22.75;22.50;22.75;22.50;23.25;22.25]
58912- [24.50;24.00;24.50;25.00;24.75;24.00;24.50;23.50;24.00;24.00;24.75;25.25;25.50;24.25;24.25;24.00;23.75;24.00;24.25;27.00;26.75;24.50;23.75;23.25;23.00;23.75;24.00;26.75;26.25;23.75;23.25;23.50;23.75;24.00;24.50;27.00;25.75;23.50;23.75;22.50;23.50;23.50;24.00;24.75;24.25;23.75;22.75;22.75;23.25;23.25;23.00;23.50;23.25;23.25;22.75;23.00;23.25;22.75;22.75;22.75;22.50;22.75;22.25;23.00]
59397- [24.00;23.50;24.00;25.00;24.50;24.50;24.75;23.75;24.50;23.75;24.50;25.50;25.75;24.25;24.00;24.00;23.50;24.25;24.75;27.25;27.00;24.75;24.00;23.75;23.50;23.75;24.00;27.00;26.50;23.75;24.00;23.25;23.75;23.75;24.75;27.00;26.00;23.75;23.50;22.75;22.75;23.50;23.75;24.75;23.75;23.50;23.50;23.25;23.25;23.00;23.25;23.50;23.75;23.25;22.75;22.50;23.00;23.50;23.00;22.50;23.00;22.50;22.50;22.25]
59882- [24.00;24.00;24.50;24.75;24.50;24.00;24.75;24.00;24.25;23.75;24.50;25.50;25.50;24.75;23.50;24.25;24.00;24.50;24.75;27.50;26.75;24.75;24.25;23.50;23.75;24.00;24.50;27.00;26.50;24.25;24.00;23.75;24.00;24.25;24.25;27.25;26.00;23.50;23.50;22.75;23.25;23.75;23.75;25.00;23.75;23.25;22.75;23.50;23.00;23.25;23.25;23.25;23.25;23.00;23.00;22.00;23.00;23.50;23.50;22.75;23.00;22.75;22.75;22.75]
60367- [24.00;23.50;24.50;24.25;24.75;24.50;24.25;24.00;24.25;24.00;24.25;25.50;25.25;24.50;24.00;23.75;23.75;24.25;24.50;27.00;26.75;24.50;24.00;23.75;23.75;23.75;24.00;27.00;26.00;24.25;23.75;23.00;24.00;23.75;24.25;27.00;26.00;23.75;23.50;23.25;23.75;23.25;23.75;24.25;24.25;23.25;23.50;23.25;23.00;22.75;23.25;23.00;23.50;22.75;23.00;22.25;23.25;23.25;22.75;23.00;23.00;22.25;22.75;22.00]
60852- [24.00;23.75;24.50;24.50;24.75;24.25;24.25;24.00;24.00;23.50;24.25;25.75;25.00;24.25;23.75;24.00;23.75;24.00;24.25;27.00;26.75;24.50;24.00;23.75;23.75;23.50;24.25;26.75;25.75;24.00;23.25;23.50;23.75;23.75;24.25;26.75;25.75;23.75;23.25;23.25;22.75;23.25;23.75;24.50;23.75;23.25;23.00;23.00;23.00;22.75;23.00;23.00;23.00;23.00;22.50;22.25;22.50;22.75;23.00;23.00;22.75;22.25;23.00;22.50]
61337- [24.00;23.75;24.50;24.50;24.50;24.50;24.50;23.25;23.75;23.75;24.50;25.50;25.75;24.75;24.00;24.00;24.00;24.00;24.50;27.00;26.75;24.25;24.25;23.25;23.50;23.50;24.00;27.00;26.25;23.75;23.75;23.50;23.50;23.50;24.75;27.50;26.25;23.75;23.75;23.00;23.75;23.25;24.00;25.00;24.25;23.50;23.00;23.00;23.00;23.00;23.50;23.25;23.25;22.75;23.25;22.00;22.75;23.00;23.00;23.00;22.75;22.75;22.50;21.75]
61822- [24.00;23.75;24.25;24.50;24.50;24.50;24.50;24.00;24.25;24.00;24.25;25.75;25.50;24.75;24.00;24.00;24.25;24.00;24.50;27.00;26.50;24.50;24.25;23.75;24.00;23.75;24.25;27.00;26.00;23.75;24.25;23.00;24.00;24.00;24.50;27.50;26.00;23.75;23.75;23.25;23.75;23.75;24.00;24.75;24.25;23.25;23.00;23.50;23.50;23.00;23.50;23.75;23.25;23.00;23.00;22.25;23.00;23.00;23.25;22.75;23.50;22.50;22.50;23.00]
62307- [24.25;23.75;24.25;24.75;25.00;24.25;24.75;23.50;23.75;24.25;24.25;25.75;25.25;24.75;23.75;23.75;23.50;24.75;24.50;27.50;26.75;24.75;24.75;23.50;23.75;23.50;24.50;27.50;26.50;24.25;23.50;23.75;23.75;24.00;24.50;27.50;26.25;24.00;23.75;22.75;23.25;23.50;24.00;24.75;24.00;23.50;22.75;23.00;23.00;23.50;23.50;23.50;23.50;23.00;23.00;22.50;22.50;23.25;23.00;22.25;22.75;22.50;23.00;23.00]
62792- [24.00;24.00;24.00;24.75;24.50;24.00;24.50;24.25;24.25;24.00;24.25;26.00;25.50;24.75;24.00;24.00;24.00;24.25;24.50;27.25;27.00;24.25;24.00;23.75;23.75;24.00;24.50;27.25;26.25;23.75;23.75;23.50;23.75;24.00;24.75;27.50;26.50;24.00;23.75;22.75;24.00;23.75;24.00;25.00;24.25;23.50;23.00;23.00;23.25;23.50;22.75;23.75;23.25;23.00;23.00;22.75;23.25;24.00;23.25;23.25;22.75;22.50;23.00;23.25]
63277- [24.25;23.75;24.50;24.25;25.00;24.00;24.75;24.50;24.00;24.25;24.50;25.25;25.75;24.50;23.75;24.00;23.75;24.50;24.50;27.00;27.25;24.50;24.25;24.00;24.00;23.75;24.25;27.00;26.50;24.25;24.00;23.50;24.25;23.75;24.25;27.50;26.25;24.00;24.25;22.75;23.75;23.75;24.00;24.75;24.50;23.50;23.25;23.25;23.25;23.25;23.25;23.50;23.50;23.00;22.75;22.50;23.75;23.25;23.50;22.75;23.25;22.50;23.00;22.75]
63762- [24.00;24.00;24.25;25.00;24.75;24.25;24.25;24.25;24.50;23.75;24.75;25.50;25.50;24.50;24.50;24.00;24.50;24.50;24.75;27.50;27.00;25.00;24.00;23.75;23.50;23.75;24.00;27.00;26.25;24.00;23.75;23.75;24.00;23.75;24.25;27.75;26.00;23.75;24.00;22.25;24.00;23.75;24.00;25.00;24.25;23.50;23.00;23.25;23.25;23.00;23.50;23.50;23.25;23.25;22.50;22.50;23.00;22.75;23.00;23.00;23.00;23.00;23.25;22.75]
64247- [24.75;24.00;24.25;24.25;24.75;24.25;24.50;24.00;24.25;24.25;24.50;25.75;25.50;24.75;24.25;24.25;24.25;24.25;25.00;27.25;27.00;24.75;24.50;23.75;23.50;24.00;24.25;27.00;26.25;24.00;23.50;23.50;23.50;24.00;24.75;27.50;26.00;23.75;23.75;23.25;23.50;24.00;24.00;24.50;24.25;23.50;23.00;23.75;23.25;23.25;23.25;24.00;23.50;23.25;23.00;22.25;22.50;23.00;23.75;23.00;23.50;22.50;22.75;22.75]
64732- [24.25;23.75;24.75;24.50;24.50;24.00;24.50;24.25;23.75;24.25;24.25;25.75;25.50;24.50;24.00;24.25;24.25;24.25;24.50;27.25;26.75;24.50;24.25;24.00;23.75;23.50;24.50;27.25;26.00;24.25;23.75;23.25;24.00;23.75;24.50;27.50;26.00;24.00;23.75;23.00;23.25;24.25;24.00;25.25;24.00;23.25;23.25;23.00;23.00;23.00;23.50;23.75;23.00;23.25;23.00;22.75;23.00;22.75;23.25;22.50;23.00;22.25;22.75;22.75]
65217- [24.50;23.75;24.75;24.50;25.25;24.50;24.75;23.75;24.00;24.50;24.25;25.25;25.25;24.50;24.25;24.00;24.25;24.25;24.25;26.75;26.75;25.00;24.25;23.50;23.75;23.75;24.25;27.00;26.25;24.00;23.75;23.25;23.75;23.75;24.25;27.50;26.25;23.50;23.75;23.00;23.00;23.25;23.75;24.75;24.00;23.50;23.00;23.00;23.50;23.25;23.50;23.00;23.75;23.50;23.00;22.00;23.00;23.25;23.00;22.75;22.75;22.50;22.75;22.25]
65702- [23.75;24.00;24.25;24.75;25.00;24.50;24.75;24.25;24.25;23.75;24.50;25.50;25.75;24.00;24.00;24.00;23.75;24.00;24.75;26.75;26.75;24.25;24.00;23.50;23.25;24.25;24.25;27.00;26.25;24.00;23.75;23.50;23.75;24.00;24.50;27.25;25.75;23.75;23.75;23.25;23.25;23.50;24.00;24.25;24.00;23.50;23.00;23.25;23.50;23.50;23.50;23.75;23.25;23.50;22.75;22.25;23.00;23.25;23.25;23.00;23.00;22.50;22.75;23.00]
66187- [24.50;24.00;24.25;24.75;24.50;24.00;24.00;23.50;24.50;24.00;24.25;25.75;25.50;24.25;24.25;23.75;23.75;24.25;24.50;27.25;27.00;24.75;24.25;23.75;23.50;23.75;24.00;26.50;25.75;24.00;23.75;23.50;23.50;24.00;24.50;27.25;26.00;23.75;23.50;23.00;23.50;23.50;23.75;24.50;24.00;23.25;23.00;23.25;23.00;23.00;23.50;23.50;23.25;23.25;22.75;22.25;22.75;23.50;23.25;22.50;22.75;23.00;23.25;23.00]
66672- [23.75;23.75;24.00;24.50;24.50;24.25;24.25;24.25;24.25;24.00;24.50;26.00;25.25;24.75;24.25;24.00;24.25;24.25;24.50;26.75;27.00;24.50;24.00;23.75;23.75;23.75;24.00;27.25;26.00;24.00;23.75;23.25;23.50;23.50;24.50;27.00;25.75;23.25;23.75;23.00;23.75;23.50;24.00;24.75;24.25;23.75;23.00;23.25;23.25;23.00;23.25;23.75;23.25;23.25;23.25;22.50;23.25;23.50;23.00;22.75;23.00;22.50;23.00;23.00]
67157- [24.00;23.75;24.75;24.75;24.75;24.25;24.75;24.00;24.00;24.25;24.75;25.75;25.50;24.75;24.25;24.50;23.75;24.00;24.50;27.00;26.75;24.50;24.25;23.75;24.25;23.75;24.00;27.00;26.00;23.75;24.25;23.00;23.75;24.00;24.50;27.25;26.00;23.75;23.75;23.00;23.50;23.75;23.75;24.75;23.75;23.25;23.25;23.25;23.50;23.00;23.50;23.50;23.50;23.50;22.75;22.25;23.00;23.25;23.25;22.50;22.75;22.50;22.50;22.50]
67642- [24.50;24.00;24.25;24.50;24.25;24.25;24.50;23.75;23.50;23.75;23.75;25.00;25.00;24.50;24.00;24.00;23.50;24.50;24.25;27.25;27.00;24.25;23.75;23.50;23.75;23.75;23.75;26.25;26.00;24.00;24.00;23.50;23.75;23.75;24.25;27.00;26.00;23.75;23.75;23.00;23.25;23.50;23.75;24.75;23.50;23.00;23.00;23.25;22.75;22.75;22.75;23.75;23.00;23.00;22.50;22.25;23.00;22.75;23.50;22.75;22.75;22.00;22.75;22.50]
68127- [23.75;23.75;24.00;24.25;24.75;24.25;24.50;24.25;24.00;23.50;24.25;25.75;25.50;24.50;23.75;24.00;24.00;24.50;24.75;27.00;26.75;24.75;24.00;23.50;23.50;23.75;24.25;26.75;25.75;24.00;24.00;23.25;23.75;23.75;23.75;27.75;26.00;23.75;23.00;22.75;23.25;23.25;23.75;24.75;24.25;23.25;23.25;23.25;23.00;23.00;23.50;23.25;23.00;23.50;23.00;22.50;22.75;22.50;23.00;22.50;23.25;21.75;22.50;22.00]
68612- [24.25;24.00;24.50;24.50;24.00;24.50;24.25;23.75;24.00;24.00;24.50;25.50;25.50;24.50;24.00;24.00;24.00;24.25;25.00;27.00;26.75;24.75;24.25;23.75;23.50;23.25;24.00;26.25;25.75;24.25;23.50;22.75;23.75;23.50;24.25;27.25;26.00;23.75;23.25;22.75;23.25;23.75;24.00;24.50;24.00;23.25;22.75;23.00;22.50;23.25;23.75;23.50;22.50;23.00;22.50;22.25;22.75;22.75;23.25;22.50;22.50;22.50;22.25;22.75]
69097- [24.00;23.25;23.75;24.50;24.00;24.00;24.50;23.75;24.00;23.75;24.00;25.00;25.50;24.25;23.25;24.25;23.75;23.75;24.50;26.75;27.00;24.25;23.75;23.50;23.50;23.75;24.00;26.75;25.75;23.75;23.75;23.00;23.25;23.75;24.25;26.75;25.75;23.50;23.50;23.00;23.50;23.50;24.00;24.50;24.25;23.00;22.75;23.25;23.25;23.00;23.25;23.00;22.75;22.75;23.00;22.00;22.50;23.25;22.75;22.50;22.25;22.50;22.75;22.50]
69582- [24.25;24.00;24.00;24.75;24.75;24.25;24.25;24.50;24.00;24.25;24.50;25.25;25.50;24.75;23.75;23.75;24.25;24.00;24.75;27.00;26.75;24.50;23.75;23.75;23.50;23.50;24.00;26.75;25.75;24.25;23.25;23.25;23.75;24.00;24.00;27.00;25.75;23.75;23.50;23.00;23.25;23.25;23.50;25.00;23.75;23.00;23.00;22.75;22.75;23.00;23.00;23.00;23.00;23.00;23.00;22.00;22.75;23.00;23.00;22.50;22.50;22.25;22.75;22.50]
70067- [23.75;24.00;24.50;24.75;24.50;24.25;24.75;23.75;24.75;24.50;24.25;25.50;25.00;24.50;24.25;24.00;23.75;24.25;24.50;27.25;26.75;24.25;24.50;23.75;24.00;23.50;24.25;26.75;26.25;24.00;24.00;23.50;23.75;23.75;24.25;27.25;26.00;23.75;23.50;22.50;23.25;23.25;23.75;24.75;23.75;23.50;23.25;23.00;23.50;22.75;23.25;23.25;23.50;23.25;23.25;22.00;22.75;23.00;23.00;23.25;22.75;22.50;22.75;23.00]
70552- [24.00;23.75;24.25;24.75;24.75;24.25;24.25;24.00;24.50;24.00;24.50;25.50;25.25;24.25;24.00;24.00;24.00;23.75;24.25;27.00;26.75;24.00;24.00;23.75;23.50;23.75;24.25;26.25;26.00;24.00;23.50;23.25;23.75;24.00;24.25;27.25;25.75;23.75;23.50;23.00;23.50;23.50;24.00;24.50;24.00;23.25;23.25;22.75;23.00;22.75;23.50;23.25;23.00;23.25;22.75;22.25;22.75;23.00;23.00;23.00;22.75;22.50;22.50;22.75]
71037- [24.00;23.50;24.25;24.50;25.00;24.00;24.50;23.75;24.50;24.00;24.25;25.50;25.50;24.25;24.00;24.00;24.50;24.25;24.50;27.00;27.00;24.50;24.25;23.75;23.50;23.50;24.50;27.25;26.00;23.75;23.50;23.25;23.75;23.50;24.75;27.00;25.75;23.75;23.50;22.75;23.25;23.75;23.75;24.75;23.75;23.50;23.00;23.00;23.25;23.25;23.50;23.75;23.25;23.50;23.25;22.50;23.00;22.50;23.25;23.00;22.75;22.75;22.50;22.00]
71522- [24.25;23.75;24.50;25.00;25.25;24.25;24.75;24.25;24.25;23.75;24.25;25.75;25.50;24.75;24.00;24.00;24.50;23.75;25.00;27.50;27.00;24.50;24.25;23.25;23.75;23.50;24.50;26.75;26.00;24.00;23.50;23.25;23.75;23.50;24.75;27.50;26.25;24.00;23.75;22.75;23.50;24.00;23.75;25.00;24.00;23.00;23.25;23.00;23.25;23.25;23.25;23.25;23.25;22.75;22.75;22.00;22.75;23.25;23.25;22.50;23.00;22.25;23.25;22.50]
72007- [24.25;23.50;24.25;24.50;24.75;24.00;24.75;24.25;24.25;24.00;24.50;25.50;25.75;24.75;24.00;23.75;24.00;24.00;24.50;27.00;27.00;24.50;24.50;24.00;23.75;23.50;24.50;27.00;26.25;23.75;23.75;23.75;23.75;24.25;24.00;27.50;26.00;24.25;23.25;22.75;23.25;23.25;23.75;24.50;24.25;23.50;23.25;23.25;23.25;23.00;23.50;23.50;23.50;23.25;23.00;21.75;23.00;23.50;22.75;22.75;23.00;22.75;22.50;23.25]
72492- [24.50;24.25;24.50;25.00;24.75;24.50;25.00;24.75;24.50;24.25;24.50;25.75;25.50;24.50;24.25;24.00;24.25;24.50;24.50;27.25;27.00;24.50;24.00;23.50;24.25;23.75;24.00;27.00;26.25;23.75;23.75;23.25;24.25;24.00;24.25;27.50;26.00;23.75;23.75;23.25;23.50;24.00;24.00;25.00;24.25;23.50;23.50;23.25;23.25;23.25;23.25;23.75;23.25;23.00;22.75;22.25;23.00;23.75;23.25;22.50;22.75;22.50;22.75;23.00]
72977- [24.25;24.00;24.75;24.75;24.75;24.25;24.25;24.50;24.00;24.25;25.00;25.50;25.75;24.25;24.25;24.00;23.75;24.00;24.75;27.25;27.00;24.50;24.25;24.00;23.75;23.75;24.50;27.00;26.25;24.00;23.75;23.50;24.25;24.25;24.50;27.00;26.00;24.00;23.75;23.25;23.75;23.75;24.25;24.75;24.00;23.50;23.25;23.25;23.50;23.75;23.00;23.50;23.50;23.75;22.75;22.75;22.75;23.50;23.00;23.00;22.75;22.50;22.75;22.75]
73462- [24.25;24.25;24.75;25.00;25.00;24.50;24.50;24.25;23.75;24.00;24.50;26.00;25.50;24.50;24.25;24.00;24.00;23.75;25.00;27.25;27.00;24.75;24.25;23.75;24.00;24.00;24.25;27.00;26.25;24.25;23.50;23.75;23.75;23.75;24.25;27.50;26.00;23.75;24.00;22.50;23.00;23.75;24.25;24.75;24.25;23.50;23.25;23.25;22.75;23.00;23.50;23.75;23.75;23.25;23.00;22.50;22.75;23.75;23.25;23.00;23.25;23.00;23.50;22.75]
73947- [24.25;24.00;24.50;24.75;24.50;24.50;24.50;24.50;24.25;24.50;24.75;25.50;26.00;24.50;24.00;24.50;24.00;24.00;24.50;27.00;27.00;24.50;24.00;24.00;23.75;24.00;24.50;27.25;26.75;24.25;24.00;23.75;23.75;24.00;25.00;27.00;26.00;24.00;23.50;23.00;23.50;23.75;24.00;24.75;24.00;23.25;23.25;23.50;23.25;23.50;23.50;23.50;23.50;23.25;23.50;22.00;23.75;23.50;23.50;23.00;23.25;22.50;22.75;22.25]
74432- [24.50;24.25;24.25;24.75;25.00;24.50;24.75;24.00;24.25;24.25;24.50;25.75;25.75;24.50;24.25;24.25;24.50;24.25;24.25;27.50;26.75;24.50;24.50;23.75;23.75;24.00;24.50;27.00;26.25;23.75;23.75;23.75;24.00;24.25;24.50;27.00;25.75;24.00;23.75;22.75;23.50;23.50;24.25;24.75;24.25;23.50;23.50;23.50;23.50;23.50;23.50;23.75;23.50;23.00;23.00;22.25;23.00;22.75;23.25;22.75;23.50;22.75;23.00;22.50]
74917- [24.25;23.75;24.75;24.75;24.50;24.50;24.75;24.00;24.50;24.00;24.75;25.75;25.25;25.00;24.50;23.75;24.25;24.25;24.75;27.50;26.75;24.25;24.25;24.00;23.75;24.00;24.50;27.00;26.25;24.50;23.75;24.00;23.75;24.00;24.25;27.25;26.00;23.75;24.00;23.00;23.00;24.00;24.25;24.75;24.50;23.75;23.25;23.50;23.75;22.75;23.50;23.75;23.50;23.25;23.00;22.75;22.75;23.75;23.50;23.00;23.25;22.75;22.50;22.75]
75402- [24.00;23.75;24.50;24.25;24.50;24.75;24.50;23.75;24.00;24.00;24.25;25.25;25.50;24.50;24.25;24.25;24.25;24.50;24.50;27.00;27.00;24.50;24.25;23.75;23.75;23.50;24.00;26.75;26.25;24.00;23.50;23.50;23.25;24.25;24.00;27.25;25.75;23.75;24.00;23.00;23.50;23.75;23.75;25.00;24.25;23.25;22.50;23.00;22.75;23.00;23.00;23.00;23.00;23.25;23.25;22.00;22.00;23.00;23.25;22.50;23.00;22.75;22.75;22.75]
75887- [24.00;24.50;24.75;24.25;24.75;24.75;24.25;24.00;24.50;23.50;24.50;25.50;25.50;24.25;23.75;24.25;23.75;24.25;24.50;27.25;27.00;24.50;23.75;24.00;23.75;24.00;24.75;27.00;26.50;24.25;24.00;23.00;24.00;24.00;25.00;27.00;25.75;23.25;23.25;23.25;22.75;23.50;24.25;25.00;24.25;23.50;23.50;23.25;23.75;23.50;23.00;23.25;22.75;23.00;22.50;22.00;22.75;23.25;23.25;22.75;22.50;22.75;22.25;22.50]
76372- [24.25;23.50;24.00;24.50;24.25;24.25;24.75;23.75;23.50;24.25;24.50;25.50;25.50;24.00;24.00;24.25;24.25;24.50;24.50;27.25;27.00;24.25;24.25;23.50;23.75;23.50;24.25;26.50;25.75;24.50;24.00;23.00;24.00;23.75;24.75;27.00;26.00;23.75;23.50;23.25;23.25;23.50;24.25;24.50;24.25;23.25;23.00;23.25;22.50;22.50;23.50;23.25;23.25;23.00;23.00;22.25;22.50;22.75;23.25;22.50;22.75;22.50;22.00;22.50]
76857- [23.75;23.75;24.25;24.75;24.50;24.25;24.75;24.00;24.00;24.25;24.25;25.50;25.75;24.50;24.00;24.75;24.25;24.25;24.75;27.50;26.75;24.50;23.75;23.75;23.50;24.25;24.25;27.00;26.25;24.25;23.75;23.50;24.00;23.75;24.25;27.00;25.50;24.00;23.50;23.25;23.75;23.75;23.75;24.75;24.25;23.25;23.25;23.00;23.25;23.25;23.25;23.25;23.25;23.75;23.00;23.00;22.50;23.25;23.00;22.75;22.75;22.75;23.75;22.50]
77342- [24.50;24.00;24.50;25.00;24.75;24.50;24.50;24.25;24.50;23.50;24.50;25.50;25.75;24.75;24.75;24.00;24.25;24.25;25.00;27.25;27.25;24.50;24.50;24.00;24.00;24.25;24.25;26.75;26.25;24.25;24.00;23.25;23.50;24.25;24.25;27.25;25.75;23.75;23.75;22.75;24.00;23.50;23.75;25.00;23.75;23.75;23.00;23.50;23.00;22.75;23.75;23.50;23.25;23.25;22.75;22.75;23.00;23.00;23.25;22.75;22.75;22.50;22.50;23.00]
77827- [24.00;24.00;25.00;24.50;24.50;24.50;24.50;24.00;24.00;24.00;24.50;25.25;25.50;24.50;24.00;24.00;24.25;24.50;25.00;27.25;27.00;24.25;24.75;23.75;23.50;23.75;24.25;27.00;26.50;24.00;24.50;24.00;23.50;24.25;24.75;27.75;26.00;23.75;23.75;23.00;23.75;24.25;23.75;24.75;24.25;23.25;23.25;23.75;23.25;23.25;23.50;23.75;23.50;23.25;22.50;22.50;23.00;23.25;23.25;22.75;23.50;22.25;23.25;22.75]
78312- [24.25;23.50;24.50;24.75;24.50;24.25;25.00;24.00;23.75;24.00;24.50;25.50;25.75;24.50;24.25;24.25;24.00;24.50;24.50;27.00;27.25;25.00;24.50;23.75;23.75;24.25;24.25;26.75;26.00;24.00;23.75;23.50;23.75;24.25;24.50;27.00;26.00;24.00;23.75;23.25;23.50;23.50;24.00;25.00;24.25;23.25;23.50;23.50;23.00;23.25;23.00;23.75;23.50;23.25;23.00;22.25;23.50;23.00;23.00;22.75;23.00;22.50;23.25;22.25]
78797- [24.25;24.00;24.25;24.75;24.50;24.25;24.50;23.75;24.25;24.00;24.25;25.75;25.25;24.25;24.25;24.75;23.75;24.50;24.75;27.25;27.00;24.50;24.50;23.75;23.75;23.50;24.50;26.75;26.00;24.00;23.50;23.00;23.75;24.50;24.25;27.50;26.00;23.25;23.75;23.00;23.50;23.50;23.75;24.75;23.75;23.50;23.00;23.25;23.00;23.50;23.50;23.75;23.75;23.75;23.00;22.25;23.00;22.75;22.75;22.50;23.00;22.25;22.50;22.75]
79282- [24.25;23.75;24.25;24.50;24.50;24.25;24.50;24.00;24.50;24.00;24.75;25.50;25.50;24.50;23.75;24.00;23.75;24.25;24.75;27.00;26.75;24.25;23.75;24.00;23.75;23.75;24.25;26.75;26.25;24.00;23.75;23.00;23.75;24.25;24.50;27.25;26.25;24.25;23.50;23.00;23.50;23.75;24.25;24.75;23.75;23.50;22.75;23.50;23.25;22.75;23.75;23.25;23.00;23.25;22.50;22.75;23.00;22.75;23.50;22.75;22.50;22.25;23.25;22.75]
79767- [24.25;23.75;24.75;24.75;24.50;24.50;25.00;24.25;24.25;24.00;24.50;25.50;25.50;24.50;23.75;24.00;24.25;24.00;24.25;27.00;26.50;24.75;24.25;23.50;24.00;23.75;24.25;27.00;26.00;24.00;24.25;23.00;24.00;23.75;24.00;27.25;25.75;24.00;23.75;23.25;23.25;23.50;23.75;24.50;24.25;23.25;23.50;23.25;23.50;23.25;23.50;23.25;23.50;23.00;23.00;22.25;22.50;22.75;23.50;23.00;23.00;22.50;23.00;22.75]
80252- [24.50;23.75;24.75;24.75;24.50;24.00;24.75;24.25;24.00;24.00;24.50;25.50;25.75;24.50;24.00;24.00;24.00;24.25;24.50;27.00;27.00;24.50;24.25;23.75;23.75;23.75;24.00;27.25;26.00;24.00;23.50;23.50;23.75;23.75;24.25;27.00;26.00;23.50;23.75;22.75;23.25;23.50;24.00;24.50;24.00;23.25;23.50;23.75;22.75;23.25;23.25;23.50;23.00;23.50;23.00;23.00;23.00;23.25;23.25;22.75;23.00;22.50;22.75;22.50]
80737- [23.75;23.75;24.25;24.75;24.75;24.00;24.25;24.00;24.00;24.00;24.50;25.00;25.75;24.50;23.75;24.50;24.00;24.00;24.25;27.25;26.75;24.75;24.25;23.50;23.50;23.75;24.25;26.75;26.00;23.75;24.00;23.25;23.75;23.75;24.25;27.00;26.00;23.50;23.50;22.75;23.25;23.50;24.00;24.75;23.75;23.50;23.00;23.25;23.00;23.25;23.50;23.25;23.25;23.25;23.25;22.25;22.75;23.00;22.75;22.50;23.25;22.75;23.25;22.25]
81222- [24.50;23.75;24.00;24.50;24.25;24.50;24.50;23.75;24.00;24.00;24.25;25.25;25.50;24.25;24.00;24.25;24.50;24.00;24.25;27.25;26.75;24.50;24.50;23.50;24.00;23.50;24.00;26.50;26.00;23.75;23.75;23.00;23.25;23.75;24.25;27.00;26.00;23.50;23.25;23.25;23.50;23.75;24.00;24.75;24.00;23.00;23.00;22.75;23.25;22.50;23.00;23.25;23.25;22.75;22.50;22.75;22.75;22.75;23.50;22.50;23.25;22.50;23.25;22.75]
81707- [23.50;23.25;24.25;24.75;25.00;24.00;24.50;24.00;24.25;23.50;24.75;25.00;25.50;24.25;23.75;23.50;23.75;24.00;24.75;27.00;26.50;24.00;24.50;24.00;23.75;23.50;24.00;26.50;26.25;24.00;23.50;23.00;23.75;23.75;24.00;26.75;25.50;23.75;23.25;23.50;23.25;23.50;23.75;24.25;24.00;23.50;22.75;23.25;23.25;23.25;23.50;23.50;23.25;23.25;22.75;22.25;22.75;23.00;23.25;22.50;22.75;22.75;22.25;22.75]
82192- [23.50;24.00;24.25;24.25;24.50;24.25;24.50;23.50;24.25;23.50;24.50;25.50;25.50;24.00;23.75;23.75;23.75;24.25;24.25;27.00;26.75;24.25;24.50;23.25;23.50;23.50;23.75;26.75;26.00;24.00;23.75;23.25;23.50;23.75;24.50;26.75;25.75;23.75;23.50;22.75;23.25;23.25;23.75;24.50;23.75;23.00;22.75;22.75;23.50;23.00;23.00;23.00;23.25;23.25;22.75;22.00;22.50;23.00;22.75;22.75;22.25;23.00;22.50;22.50]
82677- [24.00;23.75;23.75;24.75;24.75;24.00;24.50;23.25;24.00;24.00;24.50;25.50;25.75;24.50;24.00;23.75;23.75;24.00;24.25;27.00;27.00;24.50;24.25;23.50;24.25;23.50;24.00;26.75;26.25;23.75;23.50;23.75;23.75;23.75;24.00;26.75;25.75;23.75;23.75;23.00;23.00;23.00;23.75;24.00;23.75;23.00;23.25;23.00;23.00;22.75;23.25;23.25;23.25;22.75;22.50;21.25;22.75;23.50;23.00;22.25;23.00;22.25;22.50;22.50]
83162- [23.75;23.50;24.50;24.00;24.00;23.75;24.00;23.50;24.25;23.75;24.50;25.25;25.25;24.25;23.75;23.75;24.00;23.75;24.25;27.25;26.75;24.25;24.00;24.00;23.00;23.75;24.25;26.50;25.50;23.75;23.50;23.25;23.50;23.75;24.00;26.75;25.75;23.50;23.50;22.75;23.00;23.00;23.50;24.75;23.75;23.25;22.50;23.00;22.50;22.75;23.25;23.00;23.00;22.50;23.00;21.50;22.75;22.75;23.25;22.50;22.50;22.00;22.50;22.25]
83647- [23.25;23.50;24.00;24.50;24.25;23.75;24.00;23.50;23.75;24.00;24.25;25.25;25.25;24.00;24.00;24.00;24.00;24.25;24.50;27.00;26.50;24.00;24.00;23.50;23.50;23.50;24.00;26.75;26.25;23.75;23.25;22.75;24.25;23.25;24.50;26.75;26.25;23.50;23.75;22.75;23.50;23.25;23.75;24.50;23.50;23.00;22.75;23.00;22.50;22.75;23.25;22.75;22.75;23.25;22.50;21.50;22.25;23.00;22.75;22.75;22.25;22.25;22.25;22.25]
84132- [23.75;23.75;24.00;24.25;24.50;24.25;24.25;23.75;23.75;23.75;24.25;25.00;25.00;24.25;23.25;23.50;23.50;23.75;24.25;27.25;26.50;24.25;23.50;23.75;23.25;23.50;24.25;26.75;25.75;23.75;23.25;22.75;23.75;23.50;24.00;26.75;25.50;23.25;23.00;22.75;23.00;23.50;23.75;24.50;23.50;22.75;22.75;22.75;22.25;23.00;23.00;23.00;23.00;23.00;22.25;22.50;22.50;22.75;22.75;22.25;22.25;22.25;22.75;22.00]
84617- [24.00;24.00;24.25;24.25;24.75;24.00;24.50;24.25;24.00;23.75;24.50;25.50;25.25;24.25;23.75;24.25;24.00;24.25;24.75;27.00;27.00;24.50;24.00;23.25;23.25;24.00;23.75;26.50;26.25;24.00;23.75;22.75;24.00;23.75;24.25;27.25;25.75;23.75;23.00;23.00;23.50;23.00;24.00;24.50;23.75;23.00;23.00;23.00;23.50;23.25;23.25;23.00;23.00;23.00;22.50;22.50;22.75;23.00;23.25;22.50;23.00;21.75;22.75;22.25]
85102- [23.75;24.25;24.50;24.50;24.25;24.00;24.75;24.00;24.00;23.75;24.50;25.00;25.25;24.25;24.25;24.00;24.25;24.00;24.25;27.00;26.75;24.25;24.25;23.50;23.75;23.75;24.00;26.75;25.75;24.00;23.50;23.25;23.50;23.75;24.00;27.00;25.50;24.00;23.50;22.75;23.25;23.25;23.75;24.50;24.00;22.75;22.75;23.50;23.25;22.75;22.75;23.75;23.00;23.00;22.75;22.50;22.75;22.75;22.75;22.75;22.75;22.50;23.00;22.50]
85587- [24.25;23.50;24.25;24.25;24.25;23.75;24.25;24.00;24.25;23.75;24.25;25.00;25.50;24.25;23.75;23.50;24.00;24.00;24.50;27.25;26.75;24.50;24.00;23.50;23.75;23.50;24.50;26.75;25.75;23.75;23.50;23.25;23.75;24.00;24.25;27.00;25.75;23.25;23.75;22.75;22.75;23.50;23.50;25.00;24.00;23.00;23.00;23.25;22.75;23.25;23.25;23.50;23.00;23.00;22.75;21.75;23.00;23.00;23.00;22.75;23.00;22.25;22.25;22.75]
86072- [24.25;23.50;24.25;24.25;24.75;23.75;24.25;23.75;23.75;24.00;24.50;25.25;25.50;24.50;23.75;24.00;24.00;23.75;24.25;27.25;26.75;24.00;23.75;23.75;23.50;23.75;24.25;27.00;25.75;23.75;23.25;23.25;24.00;23.50;24.25;27.00;25.50;24.00;23.25;22.50;23.25;23.50;23.75;24.50;24.00;23.25;22.75;23.25;23.00;23.00;22.75;22.75;22.75;23.25;22.50;22.00;22.50;23.00;22.50;23.00;22.25;22.50;23.25;23.00]
86557- [24.00;23.50;24.25;24.00;24.25;24.25;24.00;23.50;24.50;24.00;24.50;25.25;25.00;24.50;23.75;24.00;24.00;24.00;24.50;27.25;26.75;24.75;24.00;23.50;23.75;23.50;24.00;26.50;25.75;23.75;23.50;23.00;23.50;23.75;24.25;27.00;26.00;23.50;23.25;22.75;23.25;23.50;23.75;24.00;24.00;23.25;23.25;23.00;23.25;22.75;23.25;23.00;22.75;23.00;22.75;22.25;22.75;22.50;23.25;22.25;22.25;22.50;23.00;22.50]
87042- [24.25;23.75;24.00;24.75;24.75;24.50;24.25;23.75;23.50;24.00;24.00;25.75;25.00;24.25;23.75;24.25;23.75;23.50;24.50;27.25;26.75;24.25;24.25;23.75;23.75;23.50;24.00;27.00;26.00;23.75;23.75;23.75;23.50;23.50;24.00;27.00;26.00;23.50;23.50;23.25;23.50;23.50;24.00;24.50;23.75;23.00;23.00;22.75;23.00;23.00;23.00;23.00;23.00;22.75;23.00;22.25;23.00;22.50;22.50;22.25;22.75;22.25;22.50;22.00]
87527- [24.00;23.50;24.00;24.25;24.00;23.75;24.00;23.75;23.50;24.25;24.25;25.25;25.25;24.50;23.75;24.00;23.50;24.00;24.50;27.25;26.75;24.00;23.75;23.50;23.75;23.75;24.00;26.75;26.00;23.50;23.50;22.75;23.75;24.25;24.50;27.00;26.00;23.50;23.00;23.00;23.00;23.25;24.00;24.25;23.75;23.00;22.75;22.75;22.75;22.50;23.00;23.25;23.00;22.75;22.75;22.25;22.50;23.25;23.00;22.50;22.75;22.75;22.50;22.25]
88012- [24.00;23.50;23.75;24.25;24.50;24.00;24.00;23.75;24.00;24.00;24.00;25.50;25.50;24.50;24.00;24.00;23.75;23.50;24.00;27.25;26.75;24.50;24.25;23.50;23.75;23.00;24.00;26.75;25.50;23.50;23.25;22.75;23.50;23.75;24.00;27.00;25.75;23.50;23.00;22.50;23.25;23.00;23.50;24.50;23.75;23.25;22.75;22.75;22.50;22.75;23.25;23.50;23.00;23.00;22.75;23.00;22.50;23.00;22.75;23.00;22.75;22.50;23.00;22.25]
88497- [23.50;23.75;24.25;24.25;24.50;24.00;24.50;23.25;23.75;23.50;24.25;25.50;25.00;24.25;23.75;24.00;23.75;24.00;24.25;27.00;27.00;24.25;24.25;23.50;23.75;23.25;23.75;26.50;26.00;23.75;23.50;23.25;24.00;23.50;24.75;27.00;26.00;23.50;23.75;22.75;23.25;23.00;23.75;24.25;23.75;23.00;22.75;22.75;23.50;23.00;23.00;23.25;23.00;23.25;22.25;22.00;22.25;22.75;23.00;22.75;22.50;22.50;23.00;22.75]
88982- [24.00;23.25;24.00;24.50;24.50;23.75;24.50;23.50;24.00;23.75;24.50;25.25;25.25;24.00;23.50;24.00;23.75;24.00;24.25;27.25;26.50;24.25;24.00;23.50;23.25;23.75;23.75;26.25;26.00;24.00;23.50;23.25;23.75;23.75;24.25;27.00;25.50;23.50;23.50;23.00;23.50;23.50;23.75;24.75;23.50;23.25;22.75;22.50;23.00;22.75;23.25;23.25;23.25;23.00;22.75;22.25;23.00;23.25;23.00;22.75;22.25;22.75;22.75;22.25]
89467- [24.00;23.75;24.25;24.75;24.75;24.00;24.50;23.75;24.50;23.50;24.25;25.50;25.50;24.50;23.75;24.00;23.75;23.75;24.00;27.25;27.00;24.25;24.00;23.50;23.50;23.25;24.00;26.75;26.00;23.75;23.50;23.25;24.00;23.75;24.50;27.00;25.75;23.50;23.50;22.25;23.00;23.25;23.75;24.50;23.75;22.50;23.25;22.75;22.75;23.00;22.75;23.00;23.00;23.00;22.25;22.25;22.75;22.75;22.75;22.75;22.25;22.50;22.75;22.50]
89952- [23.75;23.50;23.75;24.75;24.50;24.00;24.00;23.75;24.00;23.75;24.00;25.25;25.25;24.00;23.75;24.25;23.75;24.00;24.25;27.00;27.00;24.25;24.00;23.50;23.75;23.50;24.00;26.50;25.75;24.00;23.50;23.75;23.50;23.50;24.00;27.00;25.50;24.00;23.50;22.75;22.75;23.50;23.50;24.50;23.75;23.25;23.00;22.75;23.00;23.00;23.50;23.25;23.00;23.00;22.50;22.00;23.25;22.75;23.25;22.75;22.50;22.25;23.25;22.75]
90437- [24.00;24.00;24.00;24.00;24.50;24.50;24.25;23.50;24.00;23.50;24.00;25.25;25.00;24.00;24.00;23.50;24.00;23.75;24.25;27.00;27.00;24.00;24.25;23.25;23.50;23.00;24.00;26.75;26.00;23.50;23.25;22.75;23.50;24.00;24.25;26.50;25.75;23.75;23.00;22.50;23.00;23.50;23.75;24.00;24.00;23.25;22.50;23.00;23.00;22.75;23.00;23.00;23.00;23.25;22.50;21.75;22.25;23.00;22.75;22.00;23.00;22.00;22.00;22.50]
90922- [23.25;23.75;23.75;24.25;24.50;23.75;24.25;23.75;23.75;23.75;24.00;25.25;25.50;23.75;23.75;23.25;23.50;23.75;24.00;27.25;26.75;24.25;23.50;23.25;23.25;23.25;24.00;26.50;26.25;23.75;23.25;22.75;23.25;23.25;24.00;26.75;25.50;23.50;23.00;22.75;22.75;23.25;23.75;24.50;23.50;23.00;22.75;22.50;22.50;22.75;23.00;23.00;22.75;23.00;22.00;22.00;22.50;23.25;22.75;22.50;22.75;22.50;22.75;22.75]
91407- [23.25;23.00;23.75;24.50;24.50;24.00;24.00;23.50;24.00;23.75;24.00;25.25;25.25;24.00;23.75;23.50;24.00;23.50;24.50;26.50;26.75;24.00;23.75;23.25;23.50;23.25;23.75;26.25;25.75;23.75;23.50;23.00;23.25;23.75;24.00;27.00;25.25;23.00;23.25;22.50;23.00;23.25;23.75;24.50;23.50;23.00;23.00;23.25;23.00;22.75;23.25;23.50;23.00;22.75;22.25;21.50;22.50;22.50;23.00;22.75;22.50;22.25;22.75;22.50]
91892- [23.50;23.50;24.25;24.75;24.50;24.50;24.25;23.50;24.25;23.50;24.50;25.25;25.00;24.25;24.00;23.50;23.50;24.25;24.25;27.25;26.50;24.25;23.75;23.50;23.25;23.50;24.50;26.50;26.25;23.25;24.00;23.00;23.50;23.25;24.50;27.00;25.25;23.75;24.00;22.75;23.50;23.75;23.75;24.75;23.75;23.50;22.50;23.00;23.00;23.00;23.00;23.25;22.75;23.25;23.00;21.75;22.25;23.00;22.75;22.50;22.75;22.25;23.00;22.25]
92377- [24.25;23.50;23.75;24.25;24.75;24.50;24.25;23.25;24.00;24.25;24.25;25.00;25.50;24.00;23.75;24.00;24.00;24.00;24.25;27.00;26.75;24.25;24.00;23.50;23.75;23.00;24.25;26.75;26.00;23.75;23.25;23.25;23.50;23.75;24.25;27.00;25.50;23.75;23.50;23.00;23.25;23.25;23.75;24.50;24.00;23.00;23.00;23.50;23.00;22.50;23.25;23.00;23.25;22.50;22.25;21.50;22.75;23.00;23.00;22.75;22.50;22.50;22.75;22.75]
92862- [23.75;24.00;24.00;24.50;24.25;24.00;24.50;24.25;24.25;23.75;24.25;25.50;25.50;24.00;23.75;23.75;24.00;24.00;24.75;27.25;27.25;24.50;24.25;23.75;23.25;23.75;24.25;26.50;26.00;24.00;23.50;23.25;23.75;23.50;24.50;26.75;25.75;23.75;23.25;22.75;23.50;23.50;23.75;24.25;24.25;23.25;23.00;23.25;23.25;23.00;23.00;23.00;23.25;23.25;22.75;22.00;22.75;23.25;22.75;22.50;23.00;22.75;22.75;22.75]
93347- [23.75;23.75;24.25;24.25;24.50;24.00;24.50;24.00;24.00;23.75;24.50;25.50;25.50;24.50;24.25;24.25;24.00;23.75;24.50;27.25;27.00;24.00;23.75;23.50;23.50;23.75;23.75;26.75;26.00;23.75;23.50;23.25;23.75;23.75;24.25;26.75;25.50;23.25;23.75;23.00;23.50;23.50;23.75;24.50;23.75;23.00;23.00;23.50;22.75;22.50;23.00;23.00;23.00;23.25;22.50;22.25;22.75;23.25;23.25;22.75;23.00;22.25;22.25;22.50]
93832- [24.25;23.25;24.00;24.50;24.75;24.25;24.25;24.00;24.25;23.75;24.50;25.50;25.25;24.50;23.50;23.75;24.25;24.25;24.25;26.75;27.00;24.25;24.00;23.25;24.25;23.50;24.25;26.50;25.75;23.75;24.00;22.75;23.50;23.75;24.50;27.00;26.00;23.75;23.50;23.00;23.25;23.50;23.75;24.50;23.50;23.25;23.00;23.50;23.00;23.00;23.25;23.25;23.25;23.00;23.25;22.75;22.75;22.25;22.50;22.75;23.00;22.75;23.00;23.00]
94317- [24.25;23.75;23.50;24.25;24.25;24.25;24.25;23.75;24.25;24.00;24.75;25.50;25.00;24.25;24.00;23.75;23.75;24.25;24.25;27.00;26.25;24.00;24.00;23.50;24.00;23.75;24.50;26.75;26.00;23.75;23.50;22.75;23.75;24.00;24.25;26.75;25.75;23.50;23.25;22.50;23.75;23.75;23.50;24.00;23.75;23.00;22.75;23.25;23.25;22.75;23.25;23.25;23.00;23.25;22.75;22.00;23.00;23.25;23.00;22.75;23.00;22.50;22.50;22.50]
94802- [24.25;23.50;24.25;24.25;24.50;23.75;24.25;23.25;24.25;23.75;24.00;25.25;25.50;24.50;23.75;23.75;24.00;24.00;24.25;27.00;26.75;24.25;23.50;24.00;24.00;23.50;24.25;26.75;26.00;23.75;24.00;23.00;23.75;24.00;24.00;27.00;26.00;23.75;23.25;22.75;23.00;23.50;24.00;24.50;24.00;23.50;23.00;23.00;23.00;23.25;22.75;23.25;23.25;23.25;22.50;22.25;22.75;22.75;23.25;22.25;23.00;22.25;23.25;22.75]
95287- [23.75;23.75;24.50;24.75;24.50;24.25;24.50;23.75;24.50;23.75;24.50;25.50;25.50;25.00;24.25;24.00;24.00;24.00;24.75;27.50;27.25;24.50;24.00;23.50;24.00;23.75;24.00;26.50;26.00;24.00;23.50;23.25;23.50;23.75;24.50;27.00;26.25;23.75;23.75;23.00;24.25;23.25;23.75;24.75;23.75;23.25;23.00;23.25;23.50;23.00;23.75;23.50;23.00;23.25;23.25;22.25;23.25;22.75;23.25;22.50;23.00;22.75;22.75;22.50]
95772- [24.25;23.75;24.00;24.75;24.50;24.00;24.25;24.25;23.75;24.00;24.25;25.75;25.00;24.25;24.00;24.00;24.25;24.25;24.50;27.25;26.75;24.25;24.50;23.75;24.00;23.75;24.00;26.75;26.00;24.00;23.50;23.00;23.75;23.50;24.25;27.50;25.75;23.50;23.25;22.75;23.75;23.75;23.50;24.50;23.75;23.25;22.75;23.00;23.25;22.75;23.50;23.25;23.25;23.25;23.00;22.25;22.75;22.75;22.75;23.00;23.00;22.25;23.00;23.00]
96257- [24.00;23.75;24.50;24.50;24.75;24.50;24.25;24.25;24.25;24.25;24.75;25.50;25.25;24.25;24.00;24.25;23.75;24.00;24.25;27.00;27.00;24.50;24.00;23.75;23.75;24.00;24.75;27.25;26.00;23.75;23.75;23.75;23.50;24.25;24.25;26.75;25.50;23.50;23.50;23.25;23.75;23.50;23.75;24.25;23.75;23.25;23.00;23.00;23.50;23.25;23.00;23.50;23.25;23.75;22.75;22.50;22.75;22.75;23.25;22.75;22.75;23.00;23.25;22.75]
96742- [24.00;23.50;24.25;24.25;24.75;24.00;24.50;24.00;24.00;23.75;24.50;25.50;25.25;24.50;23.75;24.00;24.25;24.25;24.00;27.25;27.00;24.75;24.25;23.50;23.75;23.50;24.25;26.75;26.25;24.00;23.75;23.50;23.75;23.50;24.75;27.25;26.25;24.00;23.75;22.75;23.00;23.50;24.00;24.75;24.25;23.25;23.25;23.00;23.50;23.00;23.25;23.25;23.75;23.25;22.75;22.50;22.50;22.75;23.75;23.00;22.75;22.75;22.75;23.00]
97227- [24.00;24.25;24.25;24.50;24.75;24.25;24.50;24.00;24.25;24.00;24.25;25.50;25.50;24.25;24.00;24.50;23.75;24.25;24.50;27.25;27.25;24.50;24.25;23.50;24.00;24.00;24.00;26.75;26.50;24.00;23.50;23.00;24.00;23.75;24.25;27.50;25.75;23.75;23.75;23.25;23.50;23.50;24.25;24.50;23.50;23.00;23.00;23.50;22.50;23.00;23.50;23.50;23.25;23.50;22.75;22.00;23.25;22.75;23.50;22.75;23.00;22.50;22.75;22.50]
97712- [24.00;24.25;24.50;24.75;24.75;24.25;24.25;23.50;24.00;24.25;24.75;25.25;25.25;25.00;24.00;24.00;23.75;24.25;24.75;27.25;26.75;25.00;24.25;23.00;23.25;23.50;24.25;27.00;26.25;23.75;23.50;23.25;23.75;24.00;24.25;27.25;26.25;24.25;23.50;22.25;23.50;23.50;23.75;24.75;24.00;23.25;23.25;23.25;23.50;22.75;23.50;23.50;23.75;23.50;23.00;22.00;23.00;23.00;23.25;22.25;23.00;22.75;23.00;22.25]
98197- [23.75;23.25;24.50;24.50;24.25;24.50;24.25;24.00;24.25;23.75;24.25;25.50;25.50;24.50;24.00;23.50;24.00;24.00;24.50;27.00;26.75;24.50;24.25;23.25;23.75;23.75;23.75;26.75;26.25;23.50;23.50;23.25;23.50;23.25;24.25;26.75;26.00;23.75;23.50;23.25;23.50;23.75;23.75;24.50;23.75;23.50;23.00;22.25;22.75;22.75;23.50;23.25;23.25;23.25;22.75;22.00;22.25;22.75;23.00;22.75;22.25;22.75;22.75;22.25]
98682- [23.75;23.50;24.50;24.75;24.75;24.00;24.50;23.50;24.25;23.50;24.25;25.00;25.75;24.50;23.75;24.25;23.50;24.00;24.75;27.00;26.75;24.25;24.25;23.50;23.75;23.25;24.25;26.75;26.00;24.00;23.75;23.25;23.50;23.75;23.75;27.25;26.00;23.50;23.50;23.25;23.25;23.25;23.50;24.50;24.00;23.25;22.75;23.00;23.25;22.50;23.00;23.25;23.25;23.00;22.50;22.00;22.75;23.00;22.75;23.00;23.00;22.25;22.75;22.25]
99167- [23.75;23.75;24.50;24.50;24.50;24.25;24.25;23.50;23.50;23.75;24.00;25.50;25.50;24.25;23.25;24.25;24.00;24.25;24.25;27.00;27.50;24.50;24.00;23.25;23.50;24.00;23.75;26.75;25.75;23.75;23.50;23.25;23.75;23.75;24.25;27.00;25.75;23.50;23.00;23.25;23.00;23.25;23.75;24.25;24.00;23.50;23.25;22.75;23.00;22.75;22.50;23.00;23.25;23.00;23.00;22.00;22.75;22.75;22.50;22.75;22.75;22.50;22.50;22.25]
99652- [23.75;23.75;24.00;24.75;24.75;24.50;24.50;24.00;24.50;24.00;24.75;25.50;25.25;24.50;23.50;24.50;23.75;23.75;24.75;27.25;27.00;24.50;24.25;23.25;23.50;23.75;24.25;26.75;26.00;23.75;24.25;23.50;23.75;23.50;24.25;27.25;25.75;24.00;24.00;23.00;23.50;23.75;23.50;24.50;24.00;23.00;23.00;23.25;23.00;22.50;23.25;23.25;23.50;23.25;23.00;22.75;22.50;22.50;23.00;22.25;22.75;22.25;23.00;22.75]
100137-[24.00;23.75;24.50;24.75;24.75;24.50;24.75;23.75;24.25;24.00;24.50;25.50;25.50;24.50;23.75;23.50;24.00;24.25;24.50;27.50;27.00;24.25;24.25;23.75;23.50;23.50;24.50;26.75;26.00;23.75;23.50;23.50;24.00;23.50;24.25;27.00;26.00;23.75;23.50;23.25;23.25;23.50;24.00;24.75;24.25;23.50;23.00;23.25;22.75;22.75;23.00;23.25;23.00;23.00;23.25;22.50;22.50;23.00;23.25;22.25;23.00;22.50;22.75;22.75]
100622-[24.00;24.25;24.50;24.50;24.75;24.00;24.25;23.75;23.75;24.00;24.00;25.25;25.25;24.25;23.75;23.75;24.25;24.00;24.25;26.75;27.00;24.25;24.25;23.50;23.75;23.50;24.00;26.75;26.00;24.00;23.25;23.00;23.75;23.50;24.00;27.00;25.75;23.75;23.50;23.50;23.25;23.75;24.00;24.50;24.00;23.25;23.50;23.25;22.50;22.75;23.00;23.00;23.00;23.00;22.75;22.00;22.75;23.00;23.00;23.00;23.00;22.75;22.50;21.75]
101107-[23.50;24.00;24.25;24.50;25.00;24.25;24.50;24.00;24.00;23.50;24.25;25.75;25.50;24.00;23.50;23.50;24.00;24.00;24.25;27.00;26.75;24.50;24.00;23.50;23.75;23.25;24.25;27.00;26.00;24.00;23.75;23.25;23.50;23.75;24.00;27.25;25.75;23.75;23.50;22.75;23.25;23.50;24.00;24.50;23.75;23.00;23.00;22.75;23.00;22.75;23.50;23.25;24.00;23.00;22.25;22.00;22.75;23.25;23.00;22.50;22.75;22.50;22.75;22.50]
101592-[24.00;23.75;24.00;24.50;24.50;24.00;24.25;23.50;24.00;24.00;24.25;25.50;25.25;24.50;24.00;24.25;24.00;24.25;24.25;27.00;27.00;24.50;23.75;23.75;23.50;23.50;24.25;26.50;26.00;24.00;23.25;23.25;23.75;23.75;24.25;27.00;25.50;23.75;23.50;23.25;23.25;23.25;23.50;24.75;23.75;22.75;23.25;23.00;23.25;23.00;23.25;23.50;23.25;23.00;23.25;22.00;22.25;23.25;23.00;23.25;23.00;22.50;23.25;22.75]
102077-[23.75;23.50;23.75;24.50;24.50;24.25;24.25;23.50;24.00;23.75;24.50;25.25;25.25;24.25;23.50;24.00;24.00;24.00;24.25;27.25;26.75;24.50;24.25;23.75;23.75;23.50;24.25;27.00;26.25;23.75;24.00;23.00;23.75;23.50;24.00;27.25;26.00;24.00;23.50;22.75;23.25;23.50;24.00;24.50;23.75;23.00;22.75;23.25;23.50;22.75;23.25;23.25;23.00;23.00;23.00;22.25;23.00;23.00;22.75;22.75;22.75;22.25;22.75;22.75]
102562-[24.50;23.25;24.25;24.50;24.25;24.00;24.25;24.00;24.25;23.75;24.75;25.25;25.25;24.25;24.25;24.00;23.75;24.50;24.50;27.00;27.00;24.25;24.50;23.25;23.50;23.50;23.75;26.75;26.25;23.75;23.50;23.50;23.25;23.25;24.25;27.00;26.00;23.75;23.25;23.25;23.75;23.50;23.50;24.50;23.25;23.25;22.75;23.00;23.00;23.00;23.00;23.25;23.25;23.25;22.75;21.75;22.50;22.75;23.25;22.75;22.50;22.75;23.50;22.75]
103047-[24.25;23.75;24.75;24.75;24.50;23.75;24.00;24.00;24.00;23.75;24.25;25.25;25.25;24.00;24.25;24.00;24.25;23.75;24.25;27.00;27.00;24.00;24.50;23.75;23.75;23.50;24.25;26.75;26.00;23.75;24.00;23.25;23.75;23.50;24.25;27.50;26.00;23.50;24.00;22.75;23.25;23.50;24.00;24.75;24.00;23.25;22.75;23.25;22.75;23.00;23.25;23.00;23.00;22.75;22.50;22.25;22.50;22.75;23.00;22.75;23.00;22.50;23.00;22.25]
103532-[24.00;23.50;24.50;24.50;24.75;24.00;24.50;23.50;24.00;24.25;24.75;25.00;25.50;24.25;23.75;23.75;23.50;24.25;24.50;27.00;26.75;24.50;23.75;23.25;24.25;23.25;24.50;27.00;25.75;23.50;23.25;23.25;24.00;23.75;24.25;27.50;26.00;23.75;23.25;22.75;23.25;23.50;23.75;24.50;23.50;23.00;23.00;23.50;23.25;22.75;23.00;23.00;23.25;23.25;22.50;22.00;22.50;23.00;23.25;23.00;23.00;22.25;22.75;22.75]
104017-[24.00;24.00;24.00;25.00;24.25;24.50;25.00;23.50;24.50;24.00;24.50;25.50;25.50;24.25;24.00;24.00;24.00;24.00;24.25;27.25;27.00;24.75;24.25;23.50;23.75;23.75;24.25;26.75;26.00;24.00;23.50;23.50;24.00;23.75;24.00;27.25;26.00;23.50;24.00;22.50;23.25;23.25;23.75;24.50;24.25;23.50;23.25;23.25;23.50;22.50;23.00;23.25;23.50;23.25;22.50;22.00;22.75;23.50;22.75;23.00;22.75;22.50;22.75;22.50]
104502-[24.75;23.75;24.50;24.75;24.25;24.00;24.50;23.75;24.25;24.00;24.50;25.75;25.50;24.25;23.75;24.25;24.00;24.25;24.50;27.25;27.00;24.75;24.25;23.75;23.50;23.50;24.50;26.75;26.00;24.25;23.75;22.75;24.00;24.00;24.25;26.75;26.00;23.50;23.75;23.00;23.75;23.50;23.75;24.75;23.50;22.50;23.00;23.25;23.00;22.75;23.50;23.25;23.00;23.00;22.50;22.25;22.75;22.50;23.00;22.75;22.75;22.75;22.25;22.00]
104987-[24.00;24.25;24.25;25.00;24.25;24.50;24.50;23.75;24.25;24.00;24.25;25.25;25.50;24.25;24.25;24.50;24.00;24.00;24.75;26.75;26.75;24.25;24.00;23.50;23.75;23.75;24.25;26.75;26.00;23.75;24.00;23.50;24.00;23.75;24.25;27.25;26.00;23.75;23.75;23.25;23.00;23.25;24.00;24.50;24.25;23.25;23.00;22.75;23.25;23.00;23.00;23.75;23.00;23.50;22.75;21.50;22.75;22.75;23.00;22.75;22.75;22.75;22.75;22.75]
105472-[24.00;23.50;24.00;24.25;24.75;24.00;24.50;23.50;24.25;23.50;24.50;25.25;25.25;24.00;23.75;23.25;24.00;24.00;24.50;27.25;26.50;24.00;23.75;23.25;23.25;23.50;23.75;26.50;26.00;23.50;23.50;22.75;23.50;23.50;24.25;26.75;25.50;23.50;23.75;22.75;23.25;23.50;24.00;24.75;23.50;23.50;23.25;23.25;22.75;22.75;23.25;23.50;23.00;23.00;22.50;22.75;22.25;23.25;23.00;22.50;22.00;22.75;22.00;22.75]
105957-[24.25;23.75;24.25;24.25;24.00;24.00;24.25;23.75;23.75;23.75;24.25;25.25;25.25;24.25;23.50;23.75;23.50;24.00;24.50;27.00;26.75;24.00;24.00;23.75;23.25;23.25;24.00;27.00;25.50;23.75;23.50;23.25;23.75;23.50;24.25;27.00;25.75;23.50;23.75;23.00;22.75;23.50;23.75;24.25;23.75;23.00;23.00;22.75;23.00;22.50;23.00;23.00;23.25;22.50;22.50;22.00;22.50;22.50;23.00;22.75;22.50;22.75;22.25;22.25]
106442-[24.00;23.50;23.75;24.50;24.25;24.25;24.25;24.25;24.00;23.50;24.50;25.00;25.00;24.25;23.75;24.00;23.75;24.25;24.50;27.00;26.50;24.25;24.25;23.00;23.50;23.75;23.75;26.50;25.50;23.75;23.50;23.00;23.50;23.75;24.50;27.00;26.00;23.25;23.50;22.50;23.25;23.50;23.50;24.25;23.50;22.75;22.75;23.25;22.75;23.00;23.25;23.00;23.50;23.00;22.50;22.25;22.25;22.25;23.50;22.75;22.75;21.75;22.50;22.50]
106927-[23.75;24.00;24.00;24.50;24.75;24.50;24.00;23.75;23.75;23.75;24.50;25.00;24.75;24.00;24.00;24.00;24.00;24.25;24.25;27.50;26.50;24.25;24.00;23.50;23.50;23.00;24.00;26.50;26.00;23.25;24.00;23.25;23.75;23.50;24.00;26.75;25.50;23.75;23.50;23.00;23.25;23.50;23.75;24.25;23.75;23.50;22.75;23.00;22.75;22.50;23.25;23.25;23.50;23.00;22.50;22.00;23.00;23.00;22.75;22.50;22.75;22.50;22.50;22.75]
107412-[23.75;23.50;24.00;25.00;24.50;23.50;24.25;24.00;23.75;24.25;24.50;25.50;25.25;24.25;23.50;24.00;23.75;23.50;24.50;27.25;26.50;24.50;24.25;23.50;23.75;23.75;24.00;26.50;25.50;23.75;23.75;23.25;23.75;24.00;24.25;27.00;25.50;23.50;23.50;22.75;23.25;23.00;23.75;24.75;23.25;23.00;23.00;23.00;23.25;22.50;23.00;23.00;23.00;23.25;22.50;22.25;22.50;22.75;22.50;22.25;22.50;22.25;22.25;22.25]
107897-[24.50;23.50;23.75;24.25;24.25;24.25;24.75;23.75;24.25;23.75;24.50;25.00;25.50;24.00;24.00;24.00;23.50;24.00;24.25;27.25;26.75;24.25;24.00;23.50;23.50;24.00;24.00;26.75;26.25;23.50;23.50;23.00;23.75;23.75;24.00;27.00;25.75;23.50;23.25;22.75;23.50;23.25;24.00;24.50;23.75;23.00;23.25;23.00;23.25;22.75;23.00;23.00;23.00;22.75;22.75;22.00;22.50;23.00;23.00;22.75;23.00;22.75;22.75;22.25]
108382-[24.25;23.50;24.25;24.25;24.75;23.75;24.00;23.75;24.25;23.75;24.00;25.25;25.50;24.00;24.00;23.50;23.75;24.00;24.75;27.25;26.75;24.50;24.00;23.50;23.75;23.50;24.25;26.75;26.00;23.75;23.50;23.00;23.50;23.75;24.50;27.25;25.75;23.75;23.25;22.25;23.25;23.25;23.75;23.75;23.50;23.00;22.50;23.25;22.75;23.00;23.50;23.25;22.75;23.50;22.25;22.50;22.50;23.25;23.25;22.75;22.75;22.50;22.75;22.25]
108867-[24.00;23.75;24.00;24.25;24.25;24.00;24.00;23.50;24.00;23.75;24.25;25.75;24.75;24.25;23.50;23.50;24.00;24.00;24.50;26.75;26.50;24.00;23.75;23.50;23.50;23.00;23.75;26.50;26.00;24.25;23.00;23.00;23.50;24.00;24.50;27.00;25.50;23.50;23.50;23.25;23.50;23.00;23.75;24.50;23.75;23.25;23.00;23.00;23.25;22.50;23.25;23.25;23.00;22.75;22.50;22.25;22.75;23.25;22.50;23.00;22.75;22.50;22.50;22.75]
109352-[24.00;23.75;24.00;24.25;24.25;24.00;24.50;23.50;23.75;24.00;24.25;25.25;25.25;24.00;24.00;24.25;24.25;24.25;24.50;27.00;27.00;24.25;24.00;23.50;23.50;23.75;24.00;26.50;26.00;23.50;23.75;23.00;23.50;23.75;24.00;27.00;25.50;23.50;23.25;23.00;23.25;23.50;23.50;24.25;23.75;23.00;22.75;22.75;23.50;22.50;23.50;23.25;23.00;23.00;22.50;22.25;23.25;22.75;23.00;22.00;22.75;21.75;22.25;22.50]
109837-[24.50;23.50;24.25;24.50;24.50;24.25;24.50;23.75;23.75;23.75;24.25;25.50;25.50;24.25;24.50;23.75;23.75;24.00;24.50;27.00;26.75;24.50;24.25;23.25;23.75;23.50;24.00;26.75;25.75;23.75;23.25;23.00;23.50;24.00;24.25;26.75;25.75;24.00;23.50;22.75;23.00;23.25;23.75;24.75;23.75;23.25;23.00;23.25;23.00;23.00;23.25;23.25;23.50;23.00;22.50;22.50;23.00;23.00;22.50;22.75;22.50;22.50;22.75;23.50]
110322-[24.00;23.50;24.25;24.25;24.50;23.75;24.25;24.25;23.75;23.50;24.25;25.50;25.00;23.75;23.75;23.50;23.75;24.25;24.75;27.00;26.75;24.00;23.50;23.25;23.75;23.75;24.50;26.50;25.50;24.00;23.50;23.50;23.25;23.75;24.00;27.00;25.50;23.75;23.50;23.00;23.00;23.50;23.50;24.75;23.75;23.25;22.50;23.50;23.00;22.75;23.25;23.00;23.25;23.25;23.25;22.25;22.50;22.75;22.50;23.00;22.50;22.25;22.75;22.25]
110807-[23.75;24.00;24.25;24.50;24.75;24.25;24.00;24.00;24.00;24.25;24.25;25.25;25.25;24.50;24.00;23.50;23.50;24.00;24.50;27.25;27.00;24.25;23.75;23.75;23.50;24.00;24.25;26.75;25.75;23.75;23.50;23.00;23.50;23.50;24.25;27.00;25.25;23.25;23.50;23.00;23.50;23.50;24.00;24.25;24.00;23.25;23.00;23.00;23.25;23.00;23.50;23.50;23.25;23.00;22.50;22.25;22.75;22.50;23.25;22.50;22.50;22.00;23.00;22.25]
111292-[24.00;23.50;24.50;24.50;24.25;24.25;24.25;23.50;23.75;24.25;24.50;25.25;25.50;24.75;24.25;24.00;23.75;24.50;24.75;27.25;27.00;24.75;24.00;23.75;23.50;23.50;23.75;27.00;25.50;24.00;23.25;23.50;23.50;23.75;24.50;27.00;26.00;23.50;23.50;23.00;23.00;23.50;23.75;24.75;23.50;23.25;23.00;23.25;23.25;23.00;23.25;23.25;23.00;23.25;22.75;22.00;22.75;22.75;22.75;22.25;22.75;22.50;22.50;22.50]
111777-[24.50;23.50;24.50;25.00;24.50;24.50;24.75;24.25;24.50;23.75;24.50;25.50;25.25;24.25;24.50;24.00;23.50;24.00;25.00;27.50;26.75;24.25;23.75;23.75;24.00;23.50;24.50;27.00;26.25;23.75;23.75;23.25;24.00;24.00;24.25;27.25;25.75;23.50;23.75;23.25;23.00;23.25;23.75;24.75;24.25;23.00;23.50;23.50;23.25;23.00;23.75;23.50;23.25;23.25;22.75;22.25;22.50;22.75;23.25;22.50;22.50;22.75;23.00;22.25]
112262-[24.50;23.50;24.00;24.75;24.75;23.75;24.50;24.25;24.00;24.25;24.25;25.50;25.25;24.50;24.25;24.00;24.25;23.75;24.75;27.25;26.75;24.50;24.25;23.25;23.75;23.75;24.00;26.75;26.25;24.00;23.75;23.50;23.50;23.75;24.25;27.00;26.25;23.50;23.50;22.75;23.50;23.50;24.25;24.75;23.75;23.50;22.75;23.50;23.25;22.75;23.25;23.50;23.25;23.50;22.75;22.75;22.50;22.75;22.75;22.50;23.00;22.25;22.75;22.50]
112747-[23.75;24.00;24.50;24.75;24.75;24.50;24.25;24.25;24.50;24.00;24.50;26.00;25.25;24.50;24.25;24.50;24.00;24.00;24.75;27.25;27.00;24.50;24.25;23.75;23.50;23.50;24.50;26.50;26.25;24.25;23.25;23.50;24.00;24.50;24.00;27.25;25.75;23.50;23.75;22.75;23.50;23.50;23.75;24.50;24.25;23.50;23.00;23.50;23.25;23.25;23.50;23.75;23.00;23.25;22.75;22.50;23.00;23.25;22.75;22.50;22.75;22.00;22.25;23.00]
113232-[24.50;24.25;24.25;25.00;24.75;24.25;24.25;24.00;23.25;23.75;24.25;25.50;25.50;24.75;24.25;24.25;24.00;24.25;24.75;27.50;27.00;24.50;24.25;23.00;23.50;23.75;23.75;27.00;26.50;24.00;23.75;23.75;24.50;24.00;24.50;27.25;26.00;23.75;23.50;23.00;23.00;23.75;23.50;24.50;24.00;23.25;23.00;23.00;23.25;23.00;23.25;23.50;23.25;23.00;22.50;22.50;22.75;23.00;23.25;23.00;23.00;22.75;22.50;22.00]
113717-[24.50;24.00;24.50;24.75;24.75;24.50;24.50;23.75;24.00;24.00;24.00;25.75;25.50;24.25;24.25;24.25;23.50;24.50;24.25;27.50;27.00;24.00;24.25;23.75;23.75;23.25;24.00;26.50;26.25;24.00;23.75;23.25;24.00;23.50;24.25;27.00;25.75;23.00;23.75;23.00;23.25;23.50;23.75;24.75;23.75;23.25;23.25;23.00;22.75;22.75;23.25;23.50;23.50;23.25;22.50;22.50;22.50;22.50;22.25;22.75;23.00;22.50;23.00;22.00]
114202-[23.75;23.75;24.00;24.50;24.50;24.00;24.25;23.50;24.25;23.75;24.25;25.75;25.00;24.25;24.25;23.75;24.00;24.25;24.75;26.75;27.00;24.25;24.25;23.75;24.00;23.50;24.00;27.00;26.25;24.00;23.50;23.50;23.75;24.25;24.50;27.50;26.00;23.75;23.25;23.00;23.00;23.50;23.75;24.25;24.00;23.00;22.75;23.50;22.50;22.75;23.25;23.25;23.25;22.75;23.00;22.25;22.75;22.75;22.75;22.50;23.25;22.25;22.75;22.75]
114687-[24.00;23.75;24.50;24.75;24.50;24.25;24.50;24.25;24.50;24.50;24.75;25.75;25.50;24.50;24.00;24.00;23.75;24.50;24.25;27.50;27.00;25.00;24.00;23.75;23.75;24.00;24.50;27.00;26.50;24.00;23.75;23.75;24.00;24.25;24.75;27.25;26.25;23.75;24.00;23.25;23.75;23.50;24.25;24.75;24.25;23.00;23.00;23.25;23.00;22.75;23.75;23.75;23.25;23.75;23.00;22.50;22.75;23.25;23.75;22.75;23.00;22.25;23.00;23.25]
115172-[24.25;24.25;24.25;25.00;24.50;24.25;24.50;24.25;24.25;24.25;24.50;25.50;25.25;24.75;23.75;23.75;24.00;24.00;24.50;27.25;27.00;24.50;24.00;23.50;24.00;24.00;24.75;27.00;26.25;24.00;24.00;23.75;23.50;23.75;24.50;27.25;26.00;24.00;23.50;23.00;23.50;23.50;24.00;24.75;24.50;23.50;23.25;23.25;23.00;23.00;23.50;23.25;23.50;23.00;23.25;22.75;23.00;23.00;23.50;22.75;23.25;22.50;23.00;23.00]
115657-[24.00;24.00;24.50;25.25;25.25;24.00;24.75;24.25;24.50;24.00;24.75;25.75;25.75;25.00;24.25;24.50;24.00;24.25;24.75;27.50;27.25;24.75;24.00;24.25;23.75;23.75;24.50;27.00;26.25;23.75;24.25;23.50;23.50;23.75;24.50;27.25;26.00;23.50;23.75;22.50;23.50;23.50;24.25;24.50;23.75;23.50;23.25;23.25;23.50;23.00;23.25;23.75;23.50;23.50;23.00;22.75;22.75;23.25;23.25;23.25;23.25;22.50;23.00;22.75]
116142-[24.75;24.25;24.50;25.00;24.75;23.75;25.00;23.50;24.50;23.75;24.75;25.50;25.75;24.25;24.25;24.25;24.25;24.50;24.75;27.25;27.50;24.75;24.25;23.75;23.75;23.75;24.50;26.75;26.25;23.75;24.00;23.25;23.75;24.00;24.25;27.25;26.25;23.75;23.50;23.25;23.50;23.50;24.00;24.50;23.75;23.25;23.00;23.50;23.25;23.00;23.25;23.50;23.25;23.25;22.50;22.00;22.75;23.00;23.50;22.75;23.00;22.25;23.00;22.50]
116627-[24.50;23.75;24.25;24.50;24.75;24.50;25.00;24.25;24.25;24.25;24.50;26.00;25.50;24.75;24.00;24.50;23.75;24.50;24.75;27.50;27.00;24.50;24.25;24.25;23.75;24.00;24.25;26.75;25.75;23.75;24.00;23.50;24.00;24.00;24.75;27.25;26.50;23.75;23.75;23.00;23.50;23.75;24.00;24.75;23.75;23.25;23.00;23.75;23.25;22.75;23.50;23.50;23.00;23.00;23.00;22.50;22.50;23.75;23.00;22.75;22.75;21.75;23.00;22.50]
117112-[24.25;24.00;24.00;24.50;24.75;24.75;24.50;23.75;24.50;24.00;24.50;25.50;25.50;24.25;24.00;24.25;24.00;24.50;24.75;27.25;27.00;24.50;24.25;23.75;24.00;23.50;24.50;26.75;26.00;24.50;24.00;23.50;24.25;24.00;24.25;27.25;26.25;23.75;23.75;23.00;23.50;23.25;23.50;24.75;23.75;23.25;23.50;23.50;23.75;23.75;23.75;23.75;23.50;23.50;22.75;22.75;22.75;23.75;23.50;23.50;23.25;22.75;22.50;22.75]
117597-[24.25;24.25;25.00;24.75;24.75;24.75;24.50;23.75;24.25;24.50;25.00;26.00;25.25;25.25;24.50;24.25;24.25;24.50;24.75;27.25;27.25;24.75;24.50;23.00;24.00;23.75;24.75;26.75;26.50;24.00;23.50;23.75;24.50;24.00;24.50;27.50;25.75;24.25;23.75;23.00;23.75;24.00;23.75;25.25;24.25;23.50;23.25;23.50;23.25;23.25;23.50;24.00;23.50;23.75;23.00;22.50;22.75;23.00;22.75;23.00;22.50;22.75;22.50;22.75]
118082-[24.50;23.50;24.75;25.00;24.50;24.25;24.75;24.25;24.25;24.25;24.75;25.75;25.75;25.00;24.25;24.25;24.50;24.25;24.75;27.50;27.00;24.50;24.75;23.50;24.25;24.25;24.25;27.25;26.25;24.50;24.00;23.75;23.75;24.25;24.75;27.25;26.00;24.25;24.00;23.25;23.25;23.50;23.75;24.50;24.00;23.50;23.00;23.25;23.50;23.25;23.75;24.00;23.25;23.50;23.00;22.75;23.00;23.75;23.00;23.00;23.00;23.00;22.75;22.50]
118567-[24.25;24.00;24.50;24.50;25.00;24.50;24.75;24.25;24.00;24.00;24.75;25.25;25.75;24.50;24.50;24.50;24.00;24.75;24.75;27.25;27.25;24.75;23.75;24.00;23.75;23.75;24.50;27.00;26.25;23.75;24.00;23.50;23.75;24.50;24.50;27.50;26.00;23.75;23.50;23.50;23.00;24.00;23.75;24.75;23.75;23.75;23.25;23.50;23.00;22.75;23.25;23.25;23.50;23.25;23.00;22.25;22.75;23.50;23.25;23.50;23.25;23.25;23.00;23.25]
119052-[24.50;23.75;24.50;24.75;25.25;24.25;24.75;24.25;24.25;24.00;24.50;25.75;25.50;24.50;24.00;24.50;24.00;25.00;25.00;27.75;27.25;24.50;24.50;23.75;23.75;23.75;24.50;26.75;26.25;24.00;24.00;23.75;23.75;24.00;24.25;27.25;25.75;23.50;23.50;22.75;23.00;23.50;24.00;24.75;24.00;23.75;22.50;23.25;23.50;23.50;23.25;23.75;23.25;23.50;22.75;22.25;23.00;23.50;23.75;22.75;23.25;23.00;23.00;23.25]
119537-[24.00;23.75;24.75;24.50;24.75;24.25;24.75;24.00;24.25;23.75;24.50;25.50;25.50;24.25;24.25;24.25;24.00;24.25;24.75;27.25;27.00;24.75;24.50;23.75;24.00;23.75;24.50;26.75;26.25;24.00;24.00;23.75;24.00;23.75;25.00;27.25;25.75;23.75;24.25;22.75;23.50;23.75;24.00;25.00;23.75;23.50;23.50;23.50;23.75;23.50;23.25;23.25;23.75;23.25;22.75;22.75;23.00;23.50;23.25;22.75;23.00;23.00;23.00;22.50]
120022-[24.25;23.50;24.75;24.75;24.50;24.25;24.50;24.00;24.25;24.50;24.75;25.50;25.50;24.50;24.00;24.50;24.25;24.25;25.00;27.50;27.00;24.50;24.50;24.00;23.50;24.00;24.25;26.75;26.00;24.25;23.75;23.75;23.75;23.75;24.75;27.25;26.00;23.75;23.75;23.50;23.00;23.50;24.00;25.00;24.00;23.50;23.25;23.50;23.00;23.25;23.25;23.75;23.25;23.25;23.25;22.00;23.50;23.00;22.75;23.25;23.25;22.50;23.50;22.50]
120507-[24.00;23.50;24.75;25.00;25.25;23.75;24.50;23.75;24.00;24.50;24.50;25.50;25.25;24.75;24.25;23.75;24.25;23.75;25.00;27.50;26.75;24.75;23.75;23.75;23.75;23.75;24.25;27.00;26.00;24.00;23.75;23.50;23.75;23.75;24.50;27.25;25.75;24.00;23.75;23.00;23.25;23.25;24.00;24.25;24.25;23.75;23.25;22.75;22.75;23.25;23.25;23.25;23.25;23.25;23.25;22.00;22.75;23.00;23.25;22.75;23.00;22.25;22.50;22.50]
120992-[24.25;24.00;24.50;24.75;24.50;24.25;24.75;24.00;24.25;24.25;24.50;25.50;25.25;24.75;24.50;24.00;24.25;24.25;25.00;27.25;27.00;24.25;24.50;24.25;24.00;23.75;24.25;27.00;26.00;23.50;24.00;23.50;24.00;24.25;24.50;27.00;25.75;24.00;23.75;23.25;23.25;23.75;24.00;24.50;24.50;23.50;22.50;23.50;23.00;23.00;23.25;24.00;23.25;23.25;22.75;22.25;22.50;23.25;23.25;23.00;23.00;22.75;22.75;23.00]
121477-[24.50;23.50;24.50;25.25;25.00;24.00;24.75;24.00;24.50;24.00;24.75;25.25;25.25;24.50;24.25;24.00;23.75;24.50;24.75;27.50;27.00;24.25;24.50;23.75;23.75;23.75;24.00;26.75;26.00;24.00;23.50;23.25;24.00;23.75;24.25;27.25;26.25;23.75;23.75;23.25;23.50;23.75;23.75;25.00;23.50;23.50;23.00;23.00;23.25;23.00;23.00;23.25;23.50;23.25;23.00;22.25;22.75;22.75;22.75;23.00;22.75;22.00;23.00;22.25]
121962-[24.25;24.25;24.50;24.75;24.75;24.00;24.50;24.50;24.25;24.25;24.50;26.00;25.50;24.50;24.50;23.75;24.25;24.00;24.75;27.25;27.00;24.75;24.75;23.75;24.25;23.75;24.75;27.25;26.25;23.75;24.00;23.50;24.25;23.75;24.25;27.50;26.00;24.00;23.50;23.25;23.25;23.75;24.00;25.00;23.75;24.00;23.25;24.00;24.00;23.50;23.25;23.50;23.50;23.00;23.25;22.25;23.25;22.75;23.00;23.25;23.25;22.50;23.00;22.50]
122447-[24.25;24.25;24.50;24.50;24.75;24.25;25.00;24.00;24.25;23.75;24.75;25.50;25.50;24.50;24.25;24.25;24.00;24.00;24.75;27.00;27.00;24.75;24.00;23.50;23.75;23.75;24.25;27.25;26.25;24.00;23.75;23.75;24.00;24.25;24.50;27.25;26.00;24.25;23.75;23.00;23.75;23.75;24.25;25.00;24.00;23.25;23.00;23.25;23.25;23.25;23.75;23.50;23.50;23.25;23.25;22.25;22.75;23.00;23.25;23.00;23.00;22.25;22.50;22.75]
122932-[24.50;23.75;24.00;25.25;24.25;24.75;24.75;23.75;24.50;24.25;24.25;26.00;25.50;24.75;24.00;24.50;24.00;24.25;25.00;27.50;27.25;24.25;23.75;24.25;24.00;24.00;24.50;27.00;26.25;23.75;23.75;23.25;24.00;23.75;24.25;27.50;26.00;24.00;24.25;23.25;23.00;23.50;24.00;24.50;24.25;23.50;23.25;23.50;23.00;23.50;23.50;23.25;23.50;23.50;23.00;22.75;23.50;23.25;23.25;23.25;22.75;22.50;23.00;22.00]
123417-[24.00;24.00;24.50;25.00;24.50;24.50;25.00;24.50;24.50;24.50;24.50;25.75;25.25;24.75;24.75;24.25;24.25;24.50;24.75;27.50;27.00;24.50;24.75;23.75;23.75;23.75;24.25;27.25;26.25;24.50;24.25;23.50;23.75;23.50;24.25;27.25;26.00;23.75;23.75;23.25;23.50;23.25;23.75;24.75;24.00;23.75;23.00;23.50;23.25;23.25;23.75;23.75;23.25;23.50;23.25;22.50;23.25;23.75;23.50;23.00;23.00;22.50;23.00;23.00]
123902-[24.25;23.75;24.25;25.00;25.00;24.25;25.00;24.50;24.50;24.00;25.00;25.50;25.50;24.00;24.25;24.00;23.50;24.50;24.50;27.25;27.00;24.75;24.50;23.50;23.50;24.00;24.50;27.00;25.75;23.75;24.50;23.25;24.00;23.75;24.75;27.50;26.25;24.00;23.75;23.00;23.50;23.50;24.00;25.00;24.25;23.25;23.00;23.25;23.25;23.50;23.50;23.75;23.00;23.50;22.75;21.75;22.75;23.00;23.00;22.25;23.50;22.75;22.75;22.50]
124387-[24.25;24.00;24.25;24.75;24.75;24.25;24.50;23.75;24.25;24.00;24.25;25.75;25.50;24.50;24.00;24.50;23.50;24.25;24.75;27.25;27.25;24.50;24.25;23.75;23.50;23.75;24.25;27.00;26.00;24.00;23.75;23.50;24.00;24.00;24.50;27.25;26.50;23.75;23.75;23.00;23.00;23.50;24.00;24.75;24.25;23.25;23.25;23.00;22.75;23.25;23.50;23.75;23.75;23.25;22.75;22.50;23.25;23.50;23.25;23.00;22.75;22.50;22.50;23.00]
124872-[24.00;23.75;24.50;25.25;24.50;24.50;24.75;24.25;24.25;24.50;24.75;25.75;25.50;24.50;24.25;24.00;24.00;24.25;24.75;27.50;27.25;24.50;24.50;23.25;23.75;23.75;24.75;27.00;26.50;24.25;24.00;23.50;24.00;24.00;24.50;27.25;25.50;24.25;23.75;22.75;23.25;23.75;24.50;25.00;24.00;23.25;23.50;23.50;23.50;23.75;23.75;23.50;24.00;23.25;23.25;22.50;23.00;23.00;23.25;22.50;23.25;22.50;23.00;22.25]
125357-[24.00;24.25;24.25;24.75;24.50;24.25;24.50;24.25;24.25;24.25;24.50;25.50;25.25;24.75;23.75;24.00;24.00;24.00;24.50;27.25;27.25;24.50;24.25;23.50;24.00;23.75;24.50;27.50;26.50;24.00;23.75;22.75;23.50;23.50;24.25;27.50;26.00;24.00;24.00;23.25;23.50;23.25;24.25;24.00;24.00;23.50;23.50;23.25;23.00;23.00;23.50;23.50;23.75;23.25;23.00;22.50;22.75;23.25;23.25;22.50;22.75;22.50;22.75;23.00]
125842-[24.00;24.00;24.25;24.75;24.50;24.50;24.25;24.25;24.25;23.75;24.50;25.75;25.50;24.50;24.00;24.25;24.50;24.00;24.50;27.00;27.00;24.75;24.25;23.75;23.75;23.50;24.50;26.75;26.25;24.00;23.25;23.50;24.00;23.75;24.50;27.00;26.25;24.00;24.25;23.00;23.50;23.50;23.75;24.75;24.00;23.25;23.25;23.50;23.00;23.00;23.50;23.00;23.00;23.00;23.00;22.75;23.00;22.75;23.00;22.50;22.75;22.75;22.25;23.00]
126327-[24.25;24.00;24.75;24.50;24.75;24.25;24.25;24.25;23.75;24.25;24.25;25.25;25.50;24.50;24.00;24.50;24.25;24.50;24.50;27.50;27.00;24.50;24.00;23.75;24.00;23.75;24.00;26.75;26.25;23.75;23.75;23.25;23.50;24.25;24.25;27.50;26.00;23.75;23.50;23.00;23.25;23.75;23.75;25.00;23.75;23.25;23.25;23.50;23.50;23.25;23.50;23.25;23.00;23.75;23.25;22.50;22.50;22.75;23.25;23.50;23.00;22.75;22.50;23.00]
126812-[24.50;24.00;24.25;24.75;24.75;24.25;24.75;24.00;24.50;24.25;24.75;26.00;25.75;24.50;24.25;24.50;24.25;24.25;24.50;27.00;27.00;24.50;24.50;23.75;24.00;23.75;24.50;27.00;26.25;24.25;24.00;23.75;24.00;24.00;24.25;27.25;26.25;23.75;24.00;23.25;23.25;24.00;24.25;25.00;24.50;23.50;23.25;23.25;23.75;23.50;23.50;23.75;23.00;23.50;23.00;22.25;23.00;23.00;23.25;23.00;22.25;22.50;22.50;22.50]
127297-[24.50;23.75;24.75;25.25;24.50;24.50;24.75;24.75;24.25;24.25;24.50;25.75;25.25;24.50;24.25;24.50;23.75;24.25;24.50;27.25;27.00;24.00;24.25;23.75;24.25;23.75;24.75;27.00;26.50;24.50;24.00;23.75;24.00;24.00;24.50;27.25;26.00;24.25;23.75;23.25;23.75;23.50;24.00;24.50;24.25;23.50;23.00;23.25;23.25;23.00;23.75;23.00;23.50;23.50;23.00;22.00;22.75;22.75;23.50;22.75;22.75;22.25;22.00;22.50]
127782-[24.00;23.75;24.25;24.75;25.00;24.25;24.50;24.50;24.00;23.50;24.50;25.50;25.25;24.50;24.25;23.75;24.50;24.25;24.75;27.75;27.00;24.50;24.25;23.25;23.75;23.75;24.25;26.75;26.00;24.00;24.00;23.50;24.00;23.50;24.50;27.25;26.25;23.75;23.50;23.25;23.50;23.50;23.75;24.50;24.00;23.50;22.75;23.00;23.50;22.75;23.25;23.75;23.50;23.25;22.75;22.25;22.50;23.00;23.25;22.50;23.00;22.25;23.00;22.50]
128267-[24.50;24.00;24.50;24.75;24.75;24.25;24.25;24.50;24.00;24.00;24.50;25.75;25.50;24.75;24.00;23.75;24.00;24.25;24.75;27.25;27.25;24.50;24.25;24.00;23.75;24.00;24.50;27.25;26.00;24.25;23.75;23.50;24.00;23.75;24.25;27.25;26.25;23.75;23.50;23.50;23.25;23.25;24.25;24.50;23.50;23.50;23.00;23.25;23.25;22.50;23.75;23.50;22.75;23.00;23.00;22.00;22.50;22.75;23.25;22.75;22.75;22.50;22.25;22.25]
128752-[24.00;23.75;24.25;24.75;24.50;24.75;24.50;24.25;24.00;23.50;24.25;26.00;25.50;24.50;23.75;24.25;23.75;24.25;25.00;27.00;26.75;24.50;24.25;23.50;23.50;23.50;24.25;27.25;25.75;24.00;24.00;23.50;23.50;24.00;24.50;27.00;25.75;24.00;23.50;23.00;23.25;23.50;24.00;24.75;24.00;23.25;23.25;23.25;23.25;23.00;23.25;23.25;23.25;23.00;22.50;22.25;22.75;23.00;23.00;22.75;22.50;22.00;22.25;22.75]
129237-[24.00;24.00;24.50;24.75;24.50;23.75;24.50;23.75;23.75;24.00;23.75;25.50;25.50;24.50;24.25;24.00;24.25;23.75;24.75;27.00;26.75;24.50;24.25;23.75;23.25;23.75;24.00;27.00;26.25;23.75;23.75;23.50;23.75;23.75;24.25;27.25;25.75;23.75;23.50;23.25;23.50;23.00;23.75;24.75;23.75;23.50;23.00;23.50;23.25;23.25;23.50;23.00;23.75;23.00;22.75;22.25;22.50;23.00;23.50;22.75;22.75;22.75;22.50;22.50]
129722-[24.00;23.75;24.50;25.00;24.75;24.50;24.75;24.25;24.25;24.25;24.50;25.75;25.25;24.75;23.75;24.00;24.00;24.25;24.50;27.50;27.25;24.75;24.50;23.50;23.75;24.00;24.25;27.00;26.50;23.75;23.50;23.25;24.00;24.75;24.25;27.25;26.00;23.50;24.00;23.00;23.50;24.00;23.75;24.75;24.00;23.50;23.25;23.50;23.50;23.00;23.25;23.50;23.50;23.25;23.00;22.25;22.75;22.75;23.25;23.25;22.75;22.25;22.75;22.25]
