Vidroliquidotransparente300mm
227-   [24.50;24.25;24.50;25.25;25.25;24.50;24.75;24.25;24.50;24.00;24.75;25.50;25.75;24.75;24.25;24.25;24.25;24.25;25.00;31.25;30.75;25.50;24.50;24.25;24.50;24.50;25.25;34.50;34.00;25.00;24.25;24.00;24.25;24.50;25.75;35.50;33.50;25.25;24.25;23.50;23.75;24.50;24.75;31.00;28.50;24.25;23.50;23.75;23.50;23.50;24.00;24.75;24.50;24.00;23.00;23.00;23.50;23.50;23.25;23.00;23.75;23.00;23.50;23.00]
712-   [24.50;23.75;24.50;24.75;24.50;24.25;24.50;24.25;25.00;24.50;24.75;25.75;26.00;24.25;24.25;24.25;24.00;24.75;25.25;30.75;30.75;24.75;24.00;24.25;24.00;24.50;25.25;34.25;34.00;25.00;24.00;23.50;24.50;24.25;25.75;35.75;33.25;25.00;24.00;23.25;24.00;24.00;24.75;31.00;28.75;24.50;23.25;23.75;24.00;23.25;23.75;25.00;24.25;23.75;23.00;22.75;23.50;23.25;23.00;23.50;23.75;23.00;23.00;22.25]
1197-  [24.50;24.00;24.25;24.75;25.00;24.25;24.25;24.50;24.75;24.25;24.50;25.75;25.50;24.75;24.25;24.25;24.25;24.50;25.00;30.75;30.25;25.00;24.50;24.00;24.00;24.25;25.25;34.50;33.50;24.50;24.25;24.00;24.25;24.50;25.50;35.50;33.50;24.75;24.25;23.50;24.00;24.50;25.00;31.25;28.50;24.25;24.00;24.00;23.50;23.25;23.75;24.75;24.25;24.00;23.50;22.50;23.50;23.25;23.25;23.25;23.25;22.50;23.00;23.25]
1682-  [25.00;24.25;24.00;25.00;24.25;24.00;24.50;24.25;24.75;24.50;24.50;25.50;25.50;24.25;24.25;24.25;24.00;24.00;24.50;31.00;30.25;24.50;24.25;23.50;24.25;24.50;25.25;34.50;33.75;24.50;24.00;24.00;24.25;24.25;25.50;35.25;33.50;24.75;24.25;23.75;24.25;24.00;24.50;30.75;28.50;24.25;23.25;23.50;23.50;23.50;23.25;24.50;24.25;23.25;23.00;22.75;23.75;23.00;23.50;23.50;23.25;23.00;23.25;23.00]
2167-  [24.50;23.50;24.00;25.00;25.00;23.75;24.50;24.25;24.25;24.25;24.75;25.50;25.50;24.00;24.25;24.00;24.00;24.00;25.25;30.50;30.50;24.75;24.50;23.50;23.75;24.25;25.25;34.25;33.50;24.50;24.25;23.50;24.00;24.75;25.50;35.50;33.25;24.75;24.25;23.25;23.75;24.00;24.75;30.75;28.75;24.25;23.50;23.50;23.50;23.25;24.00;24.00;24.25;23.50;22.25;22.50;23.00;23.25;23.25;22.75;23.00;23.25;23.00;22.50]
2652-  [24.25;24.25;24.00;24.50;24.75;24.75;25.00;24.50;24.00;24.25;24.25;25.50;25.50;24.50;24.00;24.50;24.50;24.25;25.00;30.75;30.00;24.50;24.75;24.00;24.50;24.25;24.75;34.25;33.25;24.75;23.75;23.50;24.25;24.25;25.25;35.25;33.25;24.50;23.75;23.25;23.75;24.00;24.75;31.00;28.25;23.75;23.00;23.50;24.00;23.50;23.50;24.25;24.25;23.50;23.25;22.00;23.50;23.50;23.50;23.00;23.00;22.75;23.00;23.00]
3137-  [24.50;24.00;24.00;24.25;24.25;24.00;24.25;23.75;24.50;24.25;24.00;25.25;25.00;24.50;24.50;23.75;24.50;24.00;24.75;30.00;30.25;24.50;24.00;24.00;24.50;24.00;25.00;34.25;33.25;24.75;24.25;23.75;24.00;24.25;25.25;35.00;33.25;24.25;24.25;23.50;23.25;24.00;24.50;30.75;28.50;24.00;23.25;23.75;23.75;23.00;23.50;24.75;24.25;23.50;23.00;22.50;23.25;23.50;23.25;23.00;23.00;23.00;23.00;22.75]
3622-  [24.50;23.50;24.00;24.50;24.50;23.75;24.25;23.50;24.50;23.75;24.25;24.75;25.00;24.00;23.75;24.00;24.00;23.75;24.75;30.50;30.25;24.50;24.50;23.25;24.50;24.25;24.75;34.25;33.50;24.75;23.75;23.25;24.50;24.50;25.25;35.00;33.25;24.00;23.75;23.25;23.50;23.50;24.25;30.25;28.25;23.75;23.25;23.50;23.50;23.25;24.00;24.50;24.25;23.50;23.25;22.75;23.00;23.25;23.00;23.25;23.25;22.75;23.00;23.00]
4107-  [24.00;23.50;24.00;24.50;24.25;24.00;24.25;23.75;24.25;24.00;24.00;25.25;25.00;24.25;23.75;23.50;24.00;24.50;24.50;30.25;30.00;24.50;24.25;23.75;24.00;23.75;25.25;34.00;33.25;24.00;24.25;23.50;24.25;24.50;25.00;35.25;33.00;24.00;23.50;23.75;23.25;23.50;24.25;30.50;28.50;23.75;23.00;23.25;23.25;23.25;23.50;24.25;24.00;23.50;23.00;22.50;23.25;23.00;23.25;23.25;22.75;22.75;23.00;23.00]
4592-  [24.25;23.75;24.00;24.75;24.00;24.00;24.25;23.75;24.25;23.75;24.25;25.75;25.00;24.00;23.75;24.25;24.25;24.00;24.50;30.50;30.25;24.50;24.00;23.75;24.00;24.00;24.50;34.00;33.25;24.75;24.00;23.25;24.25;24.00;25.25;35.00;33.25;24.75;23.50;23.50;23.50;23.50;24.50;30.75;28.50;24.00;23.00;23.75;23.25;23.50;23.75;24.50;24.25;23.25;23.00;22.25;23.50;23.25;23.25;23.00;23.00;23.00;23.50;22.50]
5077-  [24.00;24.25;23.75;24.25;24.50;23.75;24.25;24.00;23.75;23.75;24.50;25.00;24.75;24.00;23.50;24.00;24.25;24.00;24.75;30.00;29.75;24.25;24.50;24.00;24.25;24.00;25.00;34.25;33.00;24.50;24.00;23.25;24.25;24.00;25.00;35.25;33.00;24.50;23.50;23.00;23.50;23.75;24.25;30.50;28.00;23.50;23.00;23.00;24.00;23.00;23.50;24.00;24.25;22.75;23.00;22.25;22.50;23.00;23.25;23.00;23.00;22.75;23.25;23.00]
5562-  [24.25;23.75;23.50;24.75;24.50;23.75;24.25;23.75;24.00;24.25;24.00;25.75;25.25;24.25;23.50;24.00;24.00;24.00;24.50;30.00;30.25;24.50;24.00;23.75;24.00;24.25;24.75;34.25;33.25;24.50;24.00;23.25;24.00;24.25;25.00;35.25;32.75;24.75;24.00;23.50;23.75;23.50;24.25;30.75;28.50;24.00;23.25;23.50;23.25;23.00;23.50;24.25;24.25;23.50;23.50;22.25;22.75;23.25;22.75;23.00;23.50;22.75;23.25;23.00]
6047-  [24.25;23.75;23.75;24.50;24.50;24.25;24.00;24.25;24.25;24.00;24.00;25.00;25.00;24.00;23.75;23.50;24.25;24.00;24.75;29.75;30.25;24.50;24.25;23.50;23.75;23.75;24.75;34.00;33.25;24.25;23.75;23.50;24.00;24.50;25.25;35.25;33.00;24.50;24.25;23.25;23.75;23.75;24.25;31.00;28.00;23.75;23.25;23.00;23.25;23.25;23.75;24.25;23.50;23.50;22.75;22.25;23.00;23.00;23.50;23.00;22.75;23.25;22.75;23.25]
6532-  [24.50;23.50;24.00;24.50;24.00;23.75;24.25;24.00;24.00;23.75;24.25;25.75;25.00;23.75;23.50;24.25;23.75;24.25;24.50;30.25;30.25;24.75;24.50;23.50;24.25;24.25;24.75;34.00;33.00;24.75;24.00;23.75;24.25;24.00;25.25;35.25;33.00;24.50;23.75;23.50;23.75;23.50;24.25;31.00;28.00;23.50;23.25;23.75;23.50;22.75;24.00;24.00;24.00;23.25;22.75;22.00;23.25;23.00;23.00;23.50;23.00;23.00;23.25;22.75]
7017-  [24.25;24.00;23.75;24.75;24.75;24.00;24.25;23.75;24.25;23.75;24.75;25.50;25.50;24.00;24.00;24.50;24.00;24.00;25.00;30.50;30.00;25.00;24.25;23.50;24.00;24.25;25.00;34.00;33.50;24.50;24.00;23.75;24.75;24.25;25.25;35.25;33.00;24.50;24.00;23.00;23.75;24.00;24.75;30.75;28.25;24.00;23.50;23.75;23.50;23.00;23.25;24.25;24.00;23.75;22.75;22.75;24.00;23.50;23.75;23.25;23.75;23.00;22.75;23.00]
7502-  [24.00;24.00;23.75;24.50;24.75;24.00;24.25;24.00;24.25;24.25;24.25;25.25;25.50;24.50;23.75;24.00;24.25;24.25;24.75;30.50;30.25;24.50;24.25;23.75;24.00;24.50;25.00;34.25;33.25;24.50;24.00;23.75;24.50;24.25;25.00;35.25;33.00;24.50;24.25;23.50;24.00;23.50;24.50;31.00;28.50;24.00;23.25;23.00;23.25;23.00;23.75;24.75;24.00;23.75;23.25;22.75;23.25;23.50;23.00;23.25;23.50;23.00;23.00;23.00]
7987-  [24.50;24.00;24.00;24.50;24.50;23.75;24.25;24.25;23.75;24.25;24.25;25.25;25.25;24.25;24.00;24.00;23.50;24.00;24.75;30.75;30.50;24.75;24.25;23.75;24.50;24.25;24.75;34.25;33.25;24.75;24.00;23.25;24.50;24.50;25.00;35.50;33.25;24.75;24.00;23.50;23.50;23.75;24.25;31.00;28.50;24.00;23.00;23.75;23.75;23.75;23.50;24.25;24.25;23.50;23.25;22.25;23.50;23.00;23.75;22.75;23.00;22.75;22.50;22.75]
8472-  [24.25;24.00;23.75;24.50;24.75;24.00;24.75;24.50;24.75;24.25;24.50;25.50;25.25;24.00;24.25;24.25;24.00;24.00;24.75;30.75;30.25;24.75;24.50;23.75;24.25;23.75;25.00;34.50;33.50;24.75;24.00;23.75;24.00;24.25;25.25;35.25;33.25;24.75;23.75;23.50;24.00;24.00;24.50;31.00;28.25;24.25;23.50;23.50;23.50;23.25;23.50;24.25;24.00;24.25;22.75;23.00;23.50;23.25;23.75;23.25;23.00;23.00;23.00;23.00]
8957-  [24.00;23.25;24.50;24.50;24.75;23.50;24.50;24.00;24.50;24.25;24.50;25.25;25.50;24.25;24.00;24.00;24.00;24.25;25.00;30.50;30.25;24.50;24.25;23.75;24.25;24.25;25.50;34.25;33.50;24.75;24.50;24.00;24.50;24.50;25.50;35.50;33.50;24.75;24.25;23.50;23.75;23.75;24.75;30.75;28.50;24.00;23.25;23.75;23.50;23.75;23.75;25.25;24.50;23.75;23.25;22.75;23.25;24.00;23.25;23.50;23.00;23.25;23.25;22.75]
9442-  [24.50;24.00;24.50;24.50;24.75;24.00;24.25;24.50;24.50;24.50;24.50;25.50;25.50;24.25;24.00;24.25;24.25;24.50;25.00;30.75;30.50;25.00;24.50;24.00;24.25;23.75;25.25;34.25;33.75;24.50;24.00;23.50;24.25;24.75;25.25;35.25;33.50;25.00;24.75;23.75;24.00;23.75;24.75;31.25;28.75;24.25;23.50;23.50;23.75;23.50;24.25;24.25;24.50;23.75;23.25;22.75;23.25;23.50;23.25;23.75;23.50;22.75;23.50;23.75]
9927-  [24.75;23.75;24.75;24.75;24.50;24.25;24.25;24.50;24.75;24.00;24.00;25.25;25.50;24.25;24.50;24.00;24.25;24.75;25.00;30.25;30.50;24.75;24.50;24.00;24.00;23.75;25.00;34.50;33.50;25.00;24.00;23.75;24.75;24.50;25.25;35.50;33.50;25.00;24.75;23.75;23.75;24.25;25.00;30.75;28.75;24.00;23.50;23.50;23.75;23.75;24.25;24.75;24.25;23.75;23.50;22.50;23.75;23.50;24.00;23.25;23.25;23.00;23.25;23.25]
10412- [24.50;24.00;24.50;24.75;25.00;24.00;25.00;24.50;24.50;24.25;24.75;25.25;25.50;24.50;24.25;24.75;24.00;24.25;25.00;31.00;30.25;25.00;24.25;23.75;24.25;24.50;25.00;34.50;33.50;25.00;24.50;23.75;25.00;24.75;25.50;35.50;33.50;24.75;24.50;24.00;24.25;24.25;24.75;31.00;28.75;24.25;24.00;24.00;23.50;23.75;23.75;24.25;24.50;23.75;23.25;22.25;23.00;23.50;23.50;23.00;23.25;23.25;22.75;23.25]
10897- [24.75;24.00;24.75;25.25;24.75;24.25;24.25;24.00;25.00;24.50;24.50;25.50;25.50;24.50;24.50;24.50;24.50;24.75;25.25;30.75;30.50;25.00;24.25;23.75;24.25;24.50;25.75;34.50;33.50;25.00;24.25;23.75;24.75;24.75;25.50;35.25;33.50;24.75;24.25;23.50;24.00;24.50;25.00;31.25;28.50;24.50;23.50;24.25;23.75;23.75;24.00;24.75;24.75;24.00;23.50;23.25;23.00;23.50;24.00;23.50;23.25;23.00;23.25;23.00]
11382- [24.75;24.00;24.25;24.75;24.75;24.50;24.75;24.00;24.50;24.00;24.75;26.00;25.75;24.75;24.25;24.00;24.50;24.50;25.00;30.50;30.25;24.75;24.00;23.75;24.50;24.00;25.50;34.75;33.75;24.75;24.50;24.00;24.50;24.50;25.50;35.50;33.25;24.50;24.75;23.75;24.25;24.25;24.25;31.25;28.75;24.50;23.50;24.25;24.00;23.50;24.00;24.25;24.25;23.75;23.75;23.25;23.50;23.50;23.50;23.75;24.00;23.00;23.25;23.25]
11867- [24.75;24.00;24.50;25.00;24.75;23.75;24.75;25.00;24.25;24.50;24.00;25.25;25.50;24.50;24.25;24.25;24.25;24.50;25.25;30.75;30.75;24.50;24.75;24.25;24.75;24.25;25.00;34.25;33.50;24.75;24.50;23.50;24.50;24.50;25.50;35.25;33.75;25.25;24.25;23.25;23.75;24.00;25.00;30.75;28.50;24.00;23.75;23.75;23.50;23.50;23.50;24.75;24.00;23.75;23.50;23.00;23.50;23.50;23.50;23.75;23.75;23.25;23.00;22.75]
12352- [24.00;24.00;24.25;24.75;24.50;24.25;24.50;24.50;24.50;24.00;24.75;25.50;25.75;24.50;24.50;24.50;24.50;24.25;25.00;30.75;30.25;24.50;24.25;24.25;23.75;24.50;25.00;34.50;33.50;25.00;24.25;23.75;24.00;24.75;25.00;35.25;33.25;25.00;23.75;23.75;24.25;23.75;24.75;30.75;28.75;24.25;23.75;23.50;23.75;23.50;23.75;24.25;24.00;24.00;23.50;23.00;23.50;23.00;23.75;23.25;23.75;22.75;23.25;22.75]
12837- [24.50;23.75;24.50;24.50;24.50;24.25;24.50;24.00;24.25;23.75;24.50;25.50;25.25;24.50;23.50;24.50;24.00;24.25;24.75;30.50;30.00;25.00;24.50;24.00;24.00;24.50;24.75;34.25;33.00;24.75;23.75;23.25;24.25;24.25;25.00;35.00;33.00;24.50;24.00;23.50;23.75;24.00;24.75;31.00;28.50;24.00;23.25;23.50;23.00;23.25;23.75;24.50;24.25;23.50;22.75;22.75;23.75;23.50;22.75;23.00;23.50;22.75;22.75;22.75]
13322- [24.50;24.00;23.75;24.75;24.50;24.25;24.25;24.00;24.00;24.25;24.75;25.50;25.25;24.00;23.75;24.00;23.75;24.25;25.00;30.50;30.50;24.50;24.00;23.50;24.00;24.00;24.75;34.25;33.25;24.75;24.25;23.25;24.00;24.25;25.50;35.25;33.50;24.50;23.75;23.50;23.75;24.25;24.75;31.00;28.00;24.00;23.25;23.75;24.00;23.50;23.50;24.50;24.00;23.75;23.50;22.75;22.75;23.50;22.75;23.25;23.00;22.75;23.25;22.75]
13807- [24.25;23.75;24.25;24.50;24.75;24.00;24.75;24.00;24.25;24.00;24.00;25.50;25.50;24.00;24.00;24.00;24.00;24.00;24.25;30.50;30.50;24.75;24.00;23.50;24.00;23.75;25.00;34.00;33.00;24.75;24.00;24.00;24.00;24.25;25.50;34.75;33.00;24.50;24.00;23.25;23.25;24.00;24.50;30.75;28.00;23.50;23.50;23.50;23.50;23.25;23.75;24.75;23.75;23.00;23.00;22.00;23.00;23.25;22.75;23.00;23.25;22.50;23.25;22.75]
14292- [24.50;23.75;24.25;24.75;25.00;24.00;24.50;24.75;24.25;24.25;24.75;25.75;25.50;24.25;23.50;24.25;24.25;24.50;24.75;30.50;30.25;24.75;24.00;23.50;24.25;24.00;24.75;34.25;33.25;24.75;24.00;23.50;24.50;24.25;25.00;34.75;33.50;24.50;24.00;23.25;23.00;23.75;24.25;30.50;28.50;24.00;23.50;23.00;23.75;23.50;23.50;24.25;23.75;23.75;23.00;23.00;23.25;23.00;23.50;23.25;23.25;23.00;23.00;23.00]
14777- [24.25;23.75;23.75;24.50;24.50;23.75;23.75;23.75;24.25;24.00;24.25;24.75;25.00;24.00;24.00;23.50;24.25;24.25;24.75;30.75;29.75;24.25;24.00;23.75;23.75;24.00;24.50;34.00;33.00;24.25;23.50;23.75;24.50;24.25;25.00;35.00;33.25;24.25;24.00;23.50;23.75;23.50;24.75;30.75;28.25;23.75;23.50;23.25;23.75;23.50;23.75;24.50;24.25;23.50;22.75;23.00;23.50;23.00;23.25;22.50;23.25;22.50;22.50;23.00]
15262- [24.00;23.50;23.50;24.50;24.50;24.00;24.50;24.00;24.00;23.25;24.00;24.75;25.00;23.75;23.75;23.50;24.25;24.00;24.75;30.00;29.75;24.50;23.75;23.50;23.50;23.75;24.50;33.75;33.25;24.25;23.50;23.50;24.50;23.75;25.00;35.00;33.00;24.25;23.50;23.00;23.50;23.50;24.25;31.00;28.25;24.00;23.25;23.75;23.50;23.25;23.25;24.00;24.00;23.50;23.00;22.25;23.25;23.25;23.75;23.00;23.50;22.75;22.75;22.75]
15747- [24.25;23.25;24.00;24.00;24.25;24.00;23.75;23.50;24.00;23.75;24.50;25.00;25.00;23.75;23.50;24.00;24.25;24.25;24.50;29.75;30.25;24.50;24.00;23.25;24.25;23.75;24.50;34.00;33.25;24.50;23.75;23.00;23.50;24.25;25.00;35.00;33.00;24.25;23.25;23.00;23.50;24.00;24.25;30.50;27.75;23.75;23.00;23.00;23.50;23.25;23.50;24.25;24.00;22.75;22.75;22.50;23.50;23.00;22.75;22.75;23.25;22.75;22.75;22.50]
16232- [24.50;23.50;23.75;24.50;24.00;23.75;24.00;24.00;24.00;23.75;24.00;25.25;24.75;24.00;23.25;24.00;23.50;24.00;24.75;30.25;30.00;24.25;23.75;23.00;24.00;24.25;24.50;33.75;33.25;24.25;23.75;23.25;24.50;24.00;25.00;35.00;33.00;24.50;24.00;23.25;23.75;24.00;24.00;30.75;28.00;23.50;23.25;23.00;23.00;23.00;23.25;24.25;24.00;23.75;23.25;22.50;23.00;23.25;23.00;22.75;23.00;23.00;22.75;23.50]
16717- [24.25;23.75;24.00;24.00;24.25;23.50;24.75;23.75;24.50;23.75;23.75;25.00;25.00;23.75;24.00;23.75;24.25;24.00;24.50;30.50;29.75;24.50;24.25;22.50;24.25;23.75;24.50;34.00;32.75;24.25;23.25;22.75;23.75;24.00;25.00;35.00;33.00;24.25;23.50;23.00;23.75;23.75;24.50;30.75;28.25;23.75;23.25;23.25;23.25;23.25;23.25;24.75;23.50;23.50;22.50;22.75;23.00;23.00;23.00;23.25;22.75;22.75;22.50;22.75]
17202- [23.75;23.75;23.50;24.50;23.75;23.75;24.00;23.50;23.50;23.50;24.00;24.75;25.00;23.50;23.50;24.00;23.75;24.25;24.25;30.00;29.75;24.25;23.75;23.50;23.25;23.50;24.50;34.00;33.00;24.25;23.50;23.25;23.75;23.75;24.75;35.00;33.25;24.50;23.00;22.75;23.75;23.75;24.25;30.75;27.75;23.25;22.75;23.25;23.50;22.75;23.00;24.25;24.00;22.75;22.75;22.00;22.75;23.00;23.25;23.50;23.00;22.50;23.00;23.00]
17687- [24.00;23.50;23.75;24.50;24.50;23.75;23.75;23.75;24.00;23.75;24.00;24.75;24.75;24.00;23.75;23.75;23.75;24.50;24.75;30.25;30.00;24.50;24.00;23.25;23.75;23.50;25.00;33.75;33.25;24.50;23.50;23.50;24.25;24.25;24.75;34.75;33.00;24.00;23.75;22.75;23.25;23.75;24.25;30.50;27.75;23.50;23.00;23.25;23.25;23.00;23.25;23.75;23.75;23.00;22.75;22.00;23.00;23.25;23.25;22.75;22.75;22.50;22.75;23.00]
18172- [24.00;23.75;23.75;24.00;24.50;23.75;24.25;24.00;24.25;23.50;24.25;25.25;25.00;24.00;23.50;23.75;24.25;24.00;24.50;30.50;30.00;24.50;24.00;23.25;23.50;24.00;24.25;34.00;33.00;24.50;23.75;23.50;24.25;24.00;25.00;34.75;33.00;24.25;23.75;23.00;23.25;23.75;24.25;30.50;28.25;23.75;23.25;23.25;23.25;23.00;23.25;24.50;24.00;23.25;23.00;22.75;23.00;22.75;23.75;23.00;23.00;21.75;23.00;23.00]
18657- [24.00;23.25;23.25;23.75;24.00;24.00;24.25;24.25;24.25;23.75;24.25;24.75;25.25;24.25;23.75;23.75;24.00;23.75;24.50;30.00;29.75;24.50;24.00;23.50;24.00;23.50;25.00;34.00;33.00;24.50;23.50;23.25;24.25;24.25;24.75;35.25;33.00;24.25;23.75;23.25;24.00;23.50;24.50;30.75;28.00;23.75;23.00;23.25;23.75;22.50;23.50;23.75;23.75;23.50;23.25;22.25;23.00;23.25;22.75;23.00;22.75;23.00;22.50;23.25]
19142- [24.25;24.00;24.00;24.50;24.50;23.75;24.00;24.25;24.25;23.75;23.75;25.00;25.00;23.75;23.75;24.00;23.75;24.25;25.00;30.25;30.00;24.50;23.75;23.50;24.00;24.00;24.75;34.00;32.75;24.75;23.50;23.50;23.75;24.25;24.50;35.00;33.00;24.75;23.50;23.25;23.50;23.75;24.00;30.50;28.00;24.00;23.00;23.25;23.00;22.50;23.25;24.25;23.75;23.50;23.25;22.50;23.00;23.25;23.25;22.75;22.75;23.25;23.00;23.75]
19627- [24.00;23.25;23.75;24.00;24.50;24.00;24.50;24.25;24.50;23.75;24.25;25.50;25.25;23.75;24.00;24.00;24.00;24.25;24.50;30.50;29.75;24.25;24.00;23.25;24.25;24.00;24.50;34.25;33.25;24.75;24.00;23.50;24.50;24.25;25.00;34.75;33.25;24.50;23.75;23.00;24.25;23.75;24.50;30.75;28.25;23.50;23.50;23.25;23.75;23.00;23.75;24.25;24.50;23.50;22.75;23.00;23.00;23.25;23.25;23.25;23.25;22.75;22.75;22.50]
20112- [24.25;23.75;24.25;24.50;24.25;23.50;24.50;24.00;24.00;24.00;24.50;25.25;25.25;24.25;24.00;23.75;23.75;24.50;24.50;30.50;30.00;24.25;24.25;23.50;23.50;24.00;24.50;34.25;33.25;24.50;24.00;23.50;24.00;24.25;25.25;35.25;33.00;24.50;24.00;23.25;23.75;23.50;24.25;31.00;28.00;24.25;23.50;23.50;23.00;23.50;23.50;24.25;24.00;23.50;23.00;22.50;23.50;23.50;23.75;23.00;23.00;23.00;22.75;23.25]
20597- [24.00;23.50;24.00;24.25;24.75;23.50;23.75;24.00;23.75;23.75;24.50;25.25;25.00;23.75;24.00;24.25;24.00;24.00;24.75;30.50;30.00;24.25;24.00;23.75;24.25;24.25;24.75;34.25;33.50;24.50;23.75;23.75;24.00;24.25;25.00;35.00;33.00;24.00;23.75;22.75;23.50;24.00;24.50;30.50;28.25;23.50;23.00;23.25;23.25;23.25;23.50;24.00;24.25;23.25;23.00;22.50;23.25;23.75;23.25;23.25;23.25;22.75;23.00;23.25]
21082- [24.50;24.00;24.25;24.75;25.00;24.00;24.50;23.75;24.50;24.25;24.25;25.00;25.25;23.75;23.50;23.50;23.75;24.25;24.50;30.50;30.25;24.50;24.00;24.00;23.75;24.00;24.75;33.75;33.00;24.50;24.00;23.50;24.25;24.25;25.00;35.00;33.00;24.75;23.75;23.50;23.75;24.00;24.00;31.00;27.75;24.25;23.50;23.25;23.25;23.25;23.50;24.50;24.25;23.25;23.00;22.50;23.25;23.75;23.25;23.00;23.25;22.25;22.75;22.75]
21567- [24.50;23.50;24.00;24.75;24.75;23.75;24.25;23.75;24.00;24.50;24.50;25.50;25.25;24.25;23.75;24.00;24.00;23.75;24.75;30.50;30.25;24.50;23.75;23.75;24.00;23.75;24.50;34.00;33.25;24.50;23.50;23.50;24.25;24.50;25.25;35.00;33.50;24.50;24.00;22.75;23.50;23.75;24.25;30.75;28.50;23.50;23.25;23.25;23.75;23.50;23.75;24.25;24.25;23.25;23.00;22.75;23.25;23.00;23.50;23.25;23.25;23.50;23.25;22.75]
22052- [24.50;24.00;24.25;24.50;24.25;24.00;24.50;24.00;24.00;23.75;24.50;25.50;25.00;24.25;23.75;24.50;24.25;24.25;25.25;30.75;30.50;24.75;24.00;23.75;24.00;24.50;24.75;34.25;33.50;24.75;24.25;23.50;24.50;24.25;25.50;35.25;33.25;24.50;24.00;23.50;23.75;24.25;24.50;31.00;28.25;24.25;23.50;23.75;23.00;23.00;23.50;24.75;24.25;23.75;23.00;23.25;23.75;23.75;24.00;23.25;23.75;22.75;23.25;22.75]
22537- [24.75;24.00;24.50;25.00;24.50;23.75;24.75;24.25;24.75;24.25;25.00;25.75;25.25;24.50;24.00;24.50;24.25;24.25;25.00;31.00;30.25;24.75;24.25;23.50;24.25;24.00;25.50;34.00;33.75;25.00;24.25;23.75;24.25;24.00;25.50;35.50;33.25;24.50;24.00;23.50;23.75;24.00;24.75;31.25;28.50;24.50;23.25;24.00;23.25;23.25;23.75;25.00;24.50;23.75;23.25;23.00;23.50;23.50;23.75;23.75;23.25;22.75;23.50;23.50]
23022- [25.00;24.50;24.50;25.25;24.75;24.50;24.75;24.50;24.75;24.50;25.25;25.50;25.75;24.50;23.75;24.25;24.50;24.50;25.25;30.75;30.50;25.00;24.50;23.75;24.50;24.00;24.75;34.25;33.50;25.00;24.00;23.75;24.25;24.50;25.50;35.00;33.50;24.75;24.25;23.25;24.00;24.25;24.50;31.25;28.25;24.25;24.00;23.75;24.00;23.75;24.00;24.75;24.25;23.75;23.50;23.00;23.25;23.50;24.00;23.50;23.50;23.00;23.25;22.75]
23507- [24.75;24.50;24.25;25.25;24.75;24.50;24.25;24.25;24.50;24.50;24.50;25.75;25.75;24.50;24.50;24.50;24.00;24.75;25.25;31.00;30.75;25.25;25.00;24.00;24.00;24.75;25.50;34.25;34.25;25.00;24.75;23.75;24.25;24.75;25.75;35.25;33.50;25.00;24.25;23.50;24.00;24.00;25.25;31.00;28.75;24.75;24.00;23.75;23.75;24.00;24.00;24.75;24.50;23.50;23.75;23.50;23.75;23.75;23.75;23.00;23.50;23.50;23.25;23.25]
23992- [24.75;24.50;24.75;25.00;25.00;24.25;24.75;24.50;24.75;24.50;24.75;25.50;25.25;25.00;24.00;25.00;24.25;25.00;25.00;31.50;30.50;25.25;24.75;24.00;25.00;24.50;25.25;34.75;33.50;25.00;24.25;23.75;24.00;24.50;25.50;35.50;33.75;25.00;24.75;23.75;24.25;24.25;25.50;31.25;28.75;24.25;24.00;23.75;23.75;24.00;24.25;24.75;24.75;23.75;23.25;22.50;23.75;23.75;23.75;23.50;23.50;23.00;23.75;23.00]
24477- [24.75;23.75;24.50;25.00;25.00;24.75;24.75;24.75;24.75;24.25;24.25;25.75;25.50;24.50;24.50;25.00;24.25;24.75;25.00;30.75;30.25;25.25;24.25;24.00;24.25;24.50;25.50;34.25;33.75;25.00;24.25;23.75;24.25;24.75;26.00;35.50;33.50;25.25;24.25;23.75;24.00;24.25;25.00;31.00;28.75;24.00;23.75;23.25;23.75;23.75;23.75;25.25;24.25;23.75;23.50;22.75;23.75;23.50;23.50;23.75;23.50;23.25;23.25;22.75]
24962- [24.50;24.25;24.50;24.50;25.00;24.75;25.00;24.25;24.50;24.50;24.75;26.25;25.75;24.75;24.25;24.25;24.75;24.50;24.75;31.00;30.75;24.75;24.25;24.00;24.25;24.50;25.25;34.50;33.75;24.75;24.25;23.75;24.75;24.50;25.50;35.25;33.50;25.25;24.00;23.50;24.25;24.00;24.75;31.00;28.25;24.75;24.00;24.00;24.00;23.75;24.00;24.25;24.50;23.50;23.50;22.75;23.75;23.75;23.50;23.25;23.75;23.00;23.75;23.75]
25447- [24.50;24.50;24.75;25.25;25.50;24.50;24.50;24.50;24.50;24.50;24.50;26.00;25.50;24.25;24.25;24.75;24.50;24.75;25.00;31.00;31.00;24.75;24.25;24.00;24.50;24.50;25.50;34.25;34.00;25.00;24.00;24.00;24.75;24.50;25.75;35.25;33.00;25.00;24.50;23.50;24.25;24.25;25.25;31.25;28.75;24.00;24.25;23.75;23.75;23.75;24.25;25.00;24.00;24.00;23.75;22.50;23.50;24.00;23.50;23.50;23.50;23.50;23.25;22.50]
25932- [25.25;24.00;24.75;24.75;25.00;24.25;24.75;24.50;24.50;24.25;24.50;25.50;25.50;24.25;24.50;24.25;24.50;24.50;25.25;31.00;30.75;25.00;24.50;23.75;24.75;24.50;25.25;34.25;33.75;25.25;24.00;23.50;24.50;24.50;25.50;35.50;33.25;24.75;24.50;23.25;24.00;24.00;24.75;31.00;28.75;24.50;23.50;24.25;23.50;23.75;24.00;25.25;24.00;23.25;23.25;23.00;23.50;23.50;24.00;23.75;23.50;23.00;23.25;23.00]
26417- [24.50;24.50;24.75;24.75;25.00;24.75;25.00;24.00;24.75;24.50;24.50;26.00;25.75;24.25;24.50;24.75;24.25;24.50;25.25;30.75;30.50;25.00;24.75;24.00;24.25;24.50;25.50;34.50;33.50;25.25;24.25;24.00;24.50;25.00;25.75;35.50;33.50;24.75;24.50;23.50;23.75;24.50;25.00;31.00;28.25;24.00;23.50;23.75;24.00;23.50;23.75;24.75;24.50;24.00;23.50;22.75;23.50;23.50;23.75;23.25;23.75;22.75;23.25;23.25]
26902- [25.00;24.00;24.50;25.00;25.25;24.25;25.00;24.25;25.00;23.50;24.75;25.75;25.25;24.25;24.00;24.50;24.75;24.75;25.00;30.75;30.75;24.75;24.75;23.75;24.50;24.25;25.25;34.50;33.75;25.00;24.25;23.75;24.75;24.25;25.25;35.25;33.50;25.00;24.00;23.75;24.25;24.50;25.00;31.25;28.50;24.25;23.50;23.75;23.50;23.25;23.75;24.50;24.50;23.50;23.50;23.00;23.75;23.25;23.00;23.00;23.25;22.75;23.50;23.25]
27387- [24.25;24.00;24.25;25.00;24.50;24.50;24.75;24.50;24.75;24.25;24.25;25.50;25.25;24.50;24.00;24.00;24.50;24.75;25.00;30.75;30.50;25.00;24.50;23.75;24.50;23.75;25.25;34.25;33.75;25.00;24.50;23.75;24.25;24.25;25.50;35.25;33.50;24.50;24.00;23.25;24.00;24.00;25.00;31.25;28.50;24.25;23.75;24.00;23.25;23.25;24.00;24.75;24.75;23.00;23.00;22.50;23.00;23.50;24.00;23.25;23.25;23.25;23.25;23.50]
27872- [24.50;23.25;24.00;24.50;24.75;24.25;24.25;24.25;24.25;23.50;24.50;25.75;25.50;24.25;24.00;24.50;24.25;24.25;24.75;30.25;30.00;24.75;24.25;23.50;23.75;24.00;24.75;34.00;33.25;24.50;24.25;23.50;24.50;24.00;25.50;35.25;33.00;24.75;24.00;23.75;23.75;23.75;24.75;30.50;28.25;24.00;23.25;23.25;23.50;23.25;23.25;24.75;24.00;23.50;23.00;22.75;23.50;23.25;23.00;22.75;23.50;22.75;23.25;22.50]
28357- [24.00;24.00;23.75;24.75;24.25;24.00;24.00;24.25;24.00;23.75;24.00;25.50;25.00;24.25;23.50;24.25;24.25;24.00;25.00;30.50;30.25;24.50;24.25;23.75;24.00;24.00;25.00;34.25;33.50;24.50;23.75;23.75;23.75;24.25;25.00;35.25;33.00;24.75;23.50;23.25;23.75;23.75;24.75;31.00;28.50;23.50;23.50;23.75;23.50;23.25;23.75;24.00;24.00;23.50;23.00;22.50;23.25;23.00;23.25;23.25;22.75;22.75;22.50;22.50]
28842- [24.00;23.50;23.75;24.75;24.25;24.00;24.25;24.00;24.50;24.25;23.75;25.00;25.25;24.00;23.50;24.00;24.25;24.50;25.00;30.50;30.25;24.75;24.50;23.50;24.00;23.75;24.75;34.25;33.25;24.75;23.75;23.75;23.75;24.25;25.25;35.00;33.00;24.50;23.50;23.00;23.75;23.50;24.25;30.75;28.25;23.75;23.50;23.25;23.25;23.50;23.50;24.00;24.00;23.25;22.75;22.00;23.75;23.50;23.00;23.25;23.25;22.50;23.00;22.75]
29327- [24.25;23.75;24.00;24.50;24.00;23.75;24.25;24.25;24.50;24.00;24.25;25.25;25.00;24.00;24.50;24.00;23.75;24.25;24.75;30.50;30.25;24.25;24.50;23.50;23.75;24.00;24.75;34.25;33.50;24.50;23.75;23.00;24.25;23.75;25.00;35.25;33.25;24.50;24.25;23.25;24.00;24.00;24.25;30.75;28.25;24.25;24.00;23.50;23.25;24.00;23.25;24.25;24.50;23.75;23.00;22.75;23.25;23.50;23.75;23.00;23.00;22.75;23.25;23.25]
29812- [24.25;23.50;24.25;24.50;24.50;24.00;24.50;23.75;24.25;23.50;24.00;25.25;24.75;24.00;24.00;23.75;24.25;24.25;24.50;30.75;30.00;24.50;23.75;23.00;24.25;24.00;25.00;34.25;33.25;24.25;24.25;23.00;23.75;23.75;25.00;35.00;33.00;24.75;24.00;23.50;24.00;23.75;24.25;31.00;28.00;24.00;23.25;23.50;23.25;23.50;23.50;24.50;23.75;23.25;22.75;22.75;23.25;23.00;23.50;23.25;23.25;23.00;23.25;22.75]
30297- [24.00;23.50;23.75;24.25;24.50;24.00;24.00;24.00;24.00;24.00;24.25;25.50;25.00;24.25;23.75;24.50;24.00;24.25;24.75;30.25;30.00;24.50;24.00;23.75;24.00;24.25;25.00;34.25;33.00;24.75;24.25;23.75;24.25;24.50;25.00;34.75;33.00;24.25;23.50;23.00;23.75;23.75;24.50;30.75;28.00;24.00;23.25;23.50;23.75;23.00;23.25;24.25;24.00;23.75;22.75;22.25;23.25;23.25;23.25;22.75;23.00;22.50;23.00;23.00]
30782- [24.25;23.50;24.25;24.50;24.25;24.00;24.25;23.75;24.25;24.00;24.25;25.25;25.00;23.50;24.00;24.25;24.25;24.50;25.00;30.50;30.00;24.50;24.50;23.50;24.00;24.00;25.00;34.25;33.25;24.50;24.00;23.25;24.25;24.50;25.25;34.75;32.75;24.75;23.75;23.75;24.00;23.75;24.50;30.75;28.25;23.75;23.00;23.00;23.50;23.00;23.50;24.25;24.00;23.50;23.00;22.75;23.00;23.50;23.50;23.25;23.00;22.75;23.00;22.75]
31267- [24.00;24.00;24.00;24.75;24.25;24.00;24.25;24.00;23.75;24.00;24.00;24.75;25.00;24.25;23.75;24.00;24.25;24.50;24.75;30.00;29.75;24.50;24.00;23.25;24.25;23.75;25.00;34.00;33.25;24.50;24.00;23.75;24.00;24.25;25.00;35.25;32.75;24.50;23.50;23.50;23.50;23.75;24.50;30.75;28.00;23.75;23.25;23.75;23.25;23.00;23.25;24.00;24.00;23.25;23.00;22.00;23.00;23.00;23.25;23.00;22.75;22.50;23.25;22.75]
31752- [24.25;23.75;23.75;24.75;24.25;23.75;24.25;23.75;24.00;24.00;24.25;25.75;25.50;24.25;24.00;24.50;24.00;24.00;25.00;30.25;30.25;24.50;23.75;23.50;23.75;23.75;24.50;34.00;33.00;24.50;24.00;23.25;24.50;24.00;25.25;35.00;33.50;24.50;23.75;23.00;23.50;23.75;24.25;30.75;28.25;23.50;22.75;23.25;23.50;23.00;23.50;24.25;24.00;23.50;23.00;22.25;23.50;23.25;23.50;22.50;23.25;22.75;23.00;23.25]
32237- [24.25;24.00;24.25;24.50;24.75;24.00;24.25;24.25;24.25;23.75;24.50;25.25;24.75;24.00;24.00;24.00;24.00;24.50;25.00;30.25;30.00;24.50;24.00;23.75;24.00;23.75;25.00;34.00;33.00;24.50;24.25;23.75;23.75;24.25;25.00;35.00;32.75;24.25;24.00;23.50;24.00;23.75;24.50;30.25;28.25;23.75;23.50;23.25;23.50;23.25;23.75;24.25;24.00;23.25;23.00;22.25;23.25;23.75;23.50;23.00;23.25;22.50;23.25;23.00]
32722- [24.75;23.50;23.75;24.25;24.50;23.75;24.00;23.50;24.75;24.00;25.00;25.00;25.25;24.25;23.75;24.00;24.50;24.50;24.75;30.25;30.00;24.75;24.25;23.25;24.00;25.00;25.00;34.00;33.50;24.75;24.00;23.75;24.00;24.50;25.00;35.50;33.25;24.25;24.00;23.75;23.75;24.25;24.50;31.00;27.75;23.75;23.25;23.25;23.50;23.25;23.75;24.25;24.25;23.25;23.75;22.75;23.25;23.75;23.75;23.00;23.00;23.00;23.00;23.25]
33207- [24.50;23.75;24.25;24.75;24.00;24.25;24.00;24.25;24.25;24.25;24.50;25.00;24.75;24.00;23.75;23.75;24.00;24.50;25.00;30.25;30.50;24.50;24.50;23.75;24.25;24.25;24.75;34.00;33.25;24.75;24.25;23.50;24.00;24.25;25.00;35.25;33.00;24.75;23.75;23.00;24.00;23.75;24.50;30.75;28.25;24.00;23.25;23.25;23.50;23.00;23.50;24.50;24.25;23.50;23.25;23.00;23.25;23.50;23.50;22.75;23.50;22.50;23.50;23.75]
33692- [24.25;23.75;24.25;24.75;24.50;24.25;24.50;24.50;24.50;24.00;24.50;25.00;25.00;24.50;24.25;24.00;23.75;24.50;25.00;30.25;30.25;24.50;24.25;23.50;24.25;24.00;25.00;34.00;33.00;24.75;24.25;23.50;24.25;24.25;25.25;34.75;33.25;24.50;23.75;23.50;24.00;23.75;24.75;31.00;28.50;24.00;23.25;23.25;23.50;23.75;23.75;24.25;24.00;23.50;23.00;22.50;23.25;23.50;23.25;23.50;23.25;23.00;23.25;22.75]
34177- [24.25;23.75;23.75;24.25;24.25;23.75;24.25;23.75;24.00;24.25;23.75;25.25;25.00;24.00;23.75;24.25;24.00;24.25;24.50;30.25;30.00;24.75;24.50;23.75;24.00;24.25;24.75;34.25;33.50;24.25;24.00;23.75;24.25;24.25;25.00;34.75;32.75;24.50;24.00;23.00;23.75;24.00;24.50;30.50;28.25;23.75;23.25;23.75;23.25;23.25;23.25;24.50;24.00;23.25;22.75;22.50;23.00;23.25;23.00;23.50;23.00;22.00;23.25;22.50]
34662- [24.00;23.50;23.75;24.50;24.75;23.75;24.50;23.75;24.00;24.00;24.25;25.00;25.50;23.75;24.00;24.00;24.25;24.25;24.25;30.25;30.00;24.75;24.00;23.50;24.25;23.50;24.75;33.75;33.00;24.25;24.00;23.50;23.75;24.25;25.00;34.75;32.75;24.75;24.25;23.25;23.50;23.50;24.50;30.25;28.25;23.75;23.25;23.00;23.25;22.75;22.75;24.00;23.50;23.00;23.25;21.75;22.75;23.00;22.75;23.00;23.25;22.75;22.75;22.75]
35147- [24.25;23.50;24.25;23.75;24.25;23.75;23.75;23.50;24.25;23.75;24.00;25.00;24.50;23.75;24.00;24.25;23.50;24.25;24.25;30.00;29.75;23.75;24.00;23.25;24.00;23.50;24.75;33.50;33.00;24.25;23.75;23.25;23.75;23.75;25.00;35.25;33.00;24.00;23.75;23.00;23.50;23.75;24.25;30.75;28.25;23.50;23.00;23.25;23.00;23.00;23.50;24.25;23.50;23.25;22.75;22.00;23.25;22.75;23.25;23.25;23.00;22.25;22.50;22.75]
35632- [23.50;23.50;23.75;24.00;24.00;23.75;24.25;23.25;24.00;23.50;24.00;24.50;24.75;23.25;23.25;23.50;24.00;23.75;24.00;29.50;30.00;24.00;24.25;23.00;24.00;23.50;24.25;33.50;32.75;24.00;23.50;22.75;23.75;23.50;25.00;34.25;32.75;24.00;23.25;22.50;23.00;23.50;24.00;30.00;27.75;23.00;23.25;22.75;23.00;22.50;23.00;23.75;23.25;22.75;22.75;22.00;22.75;22.25;22.50;22.75;22.50;22.00;22.00;22.75]
36117- [24.00;23.25;23.25;24.00;24.00;23.25;23.50;23.50;23.50;23.25;24.00;24.75;25.00;23.00;23.50;23.25;23.50;23.75;24.00;29.75;29.50;23.75;23.75;23.25;23.25;23.75;24.25;33.50;32.50;24.00;23.25;22.75;23.50;23.50;24.25;34.50;32.50;23.75;23.25;22.50;23.25;23.00;24.00;30.00;27.50;23.00;23.00;23.25;22.75;23.00;23.25;23.75;23.75;22.50;23.00;22.00;23.25;22.50;23.00;22.50;22.75;22.00;22.75;21.25]
36602- [23.75;23.25;23.00;24.00;24.25;23.25;23.50;23.25;23.25;23.00;23.50;24.75;24.50;23.25;23.75;23.50;23.25;23.50;24.00;29.75;29.50;24.00;23.25;23.00;23.00;23.75;24.25;33.50;32.50;24.25;23.50;23.00;23.50;23.25;24.50;34.50;32.50;24.00;23.25;22.50;23.50;23.00;23.75;30.00;27.50;23.50;22.75;22.75;22.75;22.75;23.00;23.75;23.50;22.50;22.25;21.25;22.75;22.75;23.00;22.50;23.00;22.25;22.25;22.50]
37087- [24.00;23.25;23.50;24.50;24.00;23.50;23.75;23.75;23.75;24.00;24.25;25.00;24.75;24.00;23.50;23.50;24.00;23.75;24.50;30.00;29.75;24.00;24.25;23.00;23.75;23.75;24.50;33.75;33.00;24.00;23.25;22.75;23.50;23.50;24.50;34.25;32.75;24.00;23.25;22.75;23.25;23.25;24.00;30.00;27.50;23.75;23.00;23.00;23.00;22.75;23.25;23.75;23.75;23.25;22.00;22.00;23.00;23.50;22.75;22.75;22.50;22.50;23.00;22.75]
37572- [24.00;23.25;24.00;24.00;23.75;23.25;24.25;23.50;24.00;23.50;24.00;24.50;25.00;24.00;23.50;23.50;23.25;24.25;24.00;30.00;29.75;24.25;24.25;23.25;23.75;23.50;24.50;33.75;32.75;24.00;23.75;22.75;24.00;23.50;24.75;34.75;32.75;24.00;23.75;22.75;23.50;23.50;24.00;30.25;28.00;23.75;23.00;22.75;23.00;22.25;23.50;23.50;23.75;23.25;22.25;22.25;22.75;23.00;23.00;22.50;22.50;22.25;22.75;22.50]
38057- [24.00;23.50;23.25;24.25;24.25;23.50;24.00;24.00;24.25;23.25;24.00;25.25;25.00;23.75;23.50;23.25;24.00;23.75;24.00;30.00;29.75;24.25;23.50;22.75;24.00;23.75;24.25;33.75;33.00;24.25;23.25;22.75;24.25;23.50;24.75;34.25;32.75;24.00;23.50;23.00;23.25;23.50;24.00;30.50;27.50;23.75;23.00;22.75;23.25;23.25;23.50;24.00;24.00;22.75;22.50;22.00;23.50;22.75;22.75;23.25;23.25;22.50;22.50;21.75]
38542- [23.75;23.50;23.75;24.00;24.00;23.25;23.50;23.50;24.00;23.75;23.75;24.50;24.75;24.00;23.50;23.75;23.50;23.75;24.50;30.00;29.75;24.25;23.50;23.50;23.50;23.50;24.50;34.00;33.00;24.75;23.75;22.75;24.25;24.50;25.00;34.25;32.50;24.25;23.50;22.75;23.25;23.75;24.25;30.25;27.75;23.25;23.00;22.75;23.25;22.75;23.25;24.00;23.75;23.25;22.50;22.75;23.00;23.00;23.00;22.25;22.75;22.75;23.00;23.00]
39027- [24.00;23.50;23.50;24.25;23.75;23.75;24.00;23.50;23.75;23.50;24.50;25.00;25.00;24.00;23.75;24.00;24.25;23.75;24.50;30.25;29.75;24.50;24.00;23.00;24.00;24.00;24.00;33.75;33.00;24.25;23.75;23.00;24.00;23.75;24.75;35.00;33.00;24.25;23.25;23.25;23.50;23.25;24.00;30.50;27.75;23.75;23.00;23.50;23.25;23.00;23.00;24.00;23.75;23.25;22.50;22.50;23.25;23.00;22.75;23.00;22.75;22.75;23.00;22.75]
39512- [24.25;23.50;23.75;24.25;24.50;23.50;24.25;23.50;24.00;23.75;24.50;25.25;25.00;24.00;23.50;23.25;23.75;23.75;24.00;30.25;29.75;24.25;24.00;23.50;24.00;24.00;24.50;33.50;33.00;24.50;24.00;23.00;24.00;24.00;24.75;34.50;32.75;25.00;23.75;22.75;23.50;23.50;24.25;30.50;27.75;23.25;23.25;23.25;23.00;23.25;23.25;24.25;23.75;23.50;22.75;22.50;23.50;23.25;23.00;22.75;23.00;22.50;22.75;22.75]
39997- [23.75;23.50;23.75;24.50;24.50;23.50;24.00;23.50;24.50;24.00;24.00;25.00;25.00;23.75;23.50;23.75;23.75;24.50;24.75;30.25;30.25;24.25;24.25;23.50;24.25;24.00;24.75;34.00;33.00;24.00;23.75;22.75;23.75;24.00;25.00;34.50;32.50;24.50;23.75;23.25;24.25;23.50;24.25;30.50;27.75;23.50;23.50;23.75;23.50;23.00;23.00;24.25;23.75;23.50;22.75;22.75;23.00;23.00;23.00;22.75;23.00;22.50;22.75;23.25]
40482- [24.00;24.00;24.00;25.00;24.50;23.75;24.75;24.25;24.00;24.00;24.50;25.25;25.25;23.50;23.75;24.00;23.50;24.25;24.50;30.25;29.75;24.25;23.75;23.50;23.75;24.00;25.00;33.75;33.00;24.25;23.75;23.50;24.25;24.00;25.25;35.25;33.25;24.50;24.00;23.50;23.50;23.75;24.00;30.75;28.00;23.75;23.00;23.50;23.00;23.25;24.00;24.50;23.75;23.25;22.75;22.25;23.25;23.00;23.00;23.00;23.00;22.25;23.25;23.00]
40967- [24.25;24.00;24.00;24.25;24.50;24.25;24.25;24.75;24.25;24.00;24.25;25.25;25.25;24.25;23.75;24.00;24.00;24.25;24.25;30.50;30.00;24.75;24.25;23.75;24.25;24.75;25.00;34.50;33.25;25.00;23.75;23.50;24.25;23.75;25.25;34.50;33.25;24.00;23.75;23.25;23.75;23.75;24.25;30.75;28.00;24.00;23.00;23.50;23.50;23.00;23.50;24.50;23.75;23.25;23.50;22.50;23.75;23.50;23.25;23.00;23.00;22.50;22.75;23.25]
41452- [24.50;23.75;23.75;24.25;24.50;24.00;24.25;23.75;24.25;24.00;23.75;25.00;25.00;24.25;23.75;23.75;24.25;24.00;24.75;30.25;30.25;24.50;24.00;23.75;24.25;24.25;25.25;33.75;33.25;24.50;24.00;23.25;24.00;24.25;25.50;35.25;33.00;24.50;23.75;23.50;24.00;24.00;24.50;30.50;28.25;24.00;23.00;23.00;23.50;23.00;23.25;24.50;24.00;23.50;23.50;22.75;23.00;23.00;23.25;23.00;23.50;22.25;23.50;23.00]
41937- [24.25;23.25;24.25;24.50;24.50;24.00;24.50;23.75;24.50;23.75;24.00;25.25;25.50;23.75;23.75;23.50;24.00;24.25;24.50;30.75;30.00;24.50;24.50;24.00;24.00;24.25;24.75;34.25;33.25;24.75;24.00;23.25;24.50;24.50;25.25;35.00;33.00;24.50;24.25;23.00;24.00;23.50;24.75;30.50;28.25;24.00;23.25;23.50;23.50;23.25;23.00;23.75;24.00;24.00;23.25;22.75;22.75;23.25;23.50;23.00;23.00;22.75;23.00;22.50]
42422- [24.50;23.50;24.50;24.50;24.50;24.00;24.25;24.00;24.50;23.50;24.00;24.75;25.00;24.50;24.00;24.25;23.75;24.25;25.00;30.50;30.25;24.75;24.25;24.00;24.00;24.00;24.50;34.00;33.00;24.50;23.75;23.50;24.25;24.75;25.00;35.00;33.50;24.75;24.25;23.75;23.50;24.00;24.50;30.75;28.25;23.75;23.50;23.00;23.50;23.00;23.50;24.25;24.25;23.50;23.25;22.75;23.50;23.50;23.00;23.25;23.25;23.00;22.75;23.50]
42907- [24.25;23.75;23.75;24.50;24.25;24.25;24.00;24.00;24.25;24.25;24.25;25.25;25.25;24.25;23.50;23.75;24.25;24.25;25.25;30.25;30.00;24.25;24.00;23.50;23.75;24.00;24.50;34.00;33.00;24.50;23.50;23.00;24.25;24.50;25.25;35.00;32.75;24.50;23.75;23.25;23.25;23.75;24.50;30.50;28.00;24.00;23.00;23.50;23.50;23.00;23.50;24.25;24.00;23.50;23.00;22.50;23.25;23.50;23.25;23.25;23.50;22.75;22.75;23.00]
43392- [24.25;23.75;23.75;24.25;24.50;23.75;24.25;23.50;23.75;24.00;24.25;25.25;25.25;24.00;24.00;23.50;24.00;24.25;24.50;30.25;30.00;24.00;24.25;23.25;24.00;24.00;24.75;34.25;33.25;24.50;23.50;23.25;24.50;24.25;25.25;35.00;32.75;24.50;23.75;23.25;24.00;23.75;24.75;30.75;28.25;23.50;23.75;23.25;24.00;23.25;23.50;24.75;24.00;23.50;23.25;22.75;23.50;23.50;23.25;22.50;23.25;22.25;22.50;22.50]
43877- [23.75;23.75;24.00;24.75;24.25;24.00;24.00;23.25;24.00;24.00;24.00;25.00;25.00;24.00;23.75;24.25;24.25;24.25;25.00;30.25;29.75;24.50;24.25;23.50;24.25;24.00;24.50;34.00;33.25;24.25;24.00;23.25;23.75;23.75;25.25;35.25;33.25;24.50;24.00;23.25;23.50;23.50;24.25;30.50;28.25;23.25;23.00;23.00;23.25;23.00;22.75;24.50;23.75;23.75;23.25;22.50;22.75;22.75;23.00;23.00;23.00;22.75;22.25;23.00]
44362- [24.00;23.75;23.75;24.50;24.50;24.00;24.50;23.75;24.25;24.00;24.00;25.00;25.00;23.75;23.75;23.25;23.75;24.50;24.25;30.50;29.75;24.50;24.00;23.75;23.75;23.75;24.75;34.00;33.00;24.50;23.75;23.25;24.25;23.75;24.75;35.00;32.75;24.50;23.75;22.75;23.75;23.50;24.50;30.50;27.75;23.75;23.50;23.00;23.25;23.00;23.00;24.50;23.75;23.00;22.25;22.50;23.25;22.25;23.00;23.00;23.25;22.25;22.75;22.50]
44847- [24.00;23.75;24.00;24.75;24.75;23.75;24.00;24.00;24.50;24.00;24.00;25.00;25.00;24.00;23.50;23.50;24.50;24.25;24.75;30.50;30.25;24.25;24.25;23.25;24.00;24.00;25.00;33.75;33.00;24.50;24.00;23.75;24.00;24.25;25.25;35.25;33.25;24.25;23.75;23.25;23.75;24.00;24.00;31.00;28.00;23.50;23.00;23.25;23.50;23.25;23.50;24.75;24.25;23.25;22.75;22.25;22.75;23.00;23.00;23.00;23.00;22.75;23.25;22.75]
45332- [24.00;24.00;23.75;24.50;24.25;24.00;23.50;23.75;24.50;24.25;24.25;25.50;25.00;23.75;24.00;24.00;24.50;24.25;24.50;30.25;29.75;24.25;24.00;23.50;23.75;24.25;24.75;34.00;33.25;24.25;23.25;23.25;23.75;24.50;25.25;35.25;33.00;24.50;23.75;23.00;23.75;24.00;24.50;31.00;28.25;23.25;23.25;23.50;23.75;23.25;23.75;24.75;24.00;23.25;23.00;22.75;23.50;22.75;23.25;23.00;23.00;23.00;22.75;22.75]
45817- [23.75;23.50;23.75;24.50;24.25;24.25;24.25;24.00;24.00;24.00;24.00;25.50;25.25;24.25;23.75;24.00;24.00;24.00;24.75;30.25;30.25;24.50;24.25;23.50;24.00;23.75;24.75;34.00;33.00;24.50;23.75;23.25;24.25;24.25;25.25;34.75;33.00;24.25;24.25;23.25;23.75;24.00;24.50;30.75;28.25;23.75;23.25;23.50;23.00;22.75;23.50;24.00;24.00;23.25;23.00;22.50;23.25;23.00;23.25;23.00;23.00;22.75;23.00;22.50]
46302- [24.00;24.00;24.50;24.75;24.25;24.25;24.25;24.50;24.75;23.75;25.00;25.25;25.25;23.75;23.75;24.00;23.75;24.00;24.75;30.50;30.00;24.50;24.25;23.75;24.00;24.00;25.00;34.25;33.00;24.50;23.75;24.00;24.75;24.25;25.00;35.00;32.75;24.50;23.75;23.00;23.75;23.75;24.75;31.00;28.25;23.75;23.25;23.75;23.75;23.50;23.25;24.25;24.00;23.50;22.75;22.25;22.75;23.25;23.25;23.00;23.50;23.00;23.25;22.50]
46787- [24.50;23.75;23.75;24.75;24.50;24.25;24.50;24.00;24.50;23.75;24.25;25.00;25.25;24.50;23.75;24.50;24.25;24.00;24.50;31.00;30.25;24.50;24.25;23.50;24.00;23.75;25.25;33.75;33.25;24.75;23.75;23.50;24.25;24.00;25.25;35.00;32.75;24.50;24.25;22.75;24.00;23.75;24.75;30.75;28.00;24.00;23.00;23.25;23.25;23.00;23.50;24.25;24.25;23.25;23.25;22.50;22.75;23.25;23.25;22.75;23.25;22.50;22.75;22.75]
47272- [25.00;24.25;24.25;24.75;24.75;23.75;25.00;24.00;24.50;24.00;24.50;25.50;25.00;24.25;23.75;23.75;24.00;24.50;25.00;30.25;30.25;24.25;24.00;23.25;24.25;24.00;25.25;34.25;33.25;24.75;24.25;23.50;24.50;23.75;25.00;34.50;33.00;24.25;24.00;23.25;23.75;23.75;24.50;31.00;28.00;24.00;23.25;23.50;23.25;23.00;23.75;24.25;24.00;24.00;23.00;22.00;23.25;23.00;23.00;23.50;23.50;22.25;23.25;23.00]
47757- [24.50;23.50;24.25;24.75;24.25;24.25;24.50;24.25;24.25;23.75;24.25;25.25;25.25;24.25;24.00;23.75;24.00;24.25;24.75;30.50;30.00;24.75;24.25;24.00;23.75;24.00;24.75;34.25;33.00;24.50;23.75;23.75;24.00;24.50;24.75;34.75;33.00;24.50;23.50;23.50;23.25;23.50;24.50;31.00;28.50;23.50;23.50;23.75;23.25;23.00;23.50;24.75;24.00;23.75;23.50;22.75;23.50;23.25;23.25;23.00;23.00;22.75;22.75;22.75]
48242- [24.25;23.75;24.25;24.75;24.50;24.00;24.75;24.00;24.25;24.50;24.50;25.00;25.25;24.00;24.00;24.50;24.00;24.50;24.50;30.50;30.25;24.50;24.00;24.00;24.00;24.00;24.75;34.25;33.25;24.75;23.75;23.50;24.25;25.00;25.25;34.75;33.00;24.50;24.00;23.50;23.75;23.75;24.25;30.50;28.25;23.50;23.50;23.75;23.25;23.50;23.50;24.25;23.75;23.00;22.75;22.50;23.50;23.25;23.00;23.00;23.25;22.75;22.75;22.75]
48727- [24.25;24.25;24.00;24.50;25.00;23.75;24.25;24.25;24.25;23.75;24.00;25.00;25.25;24.00;23.75;24.00;23.75;24.25;24.75;30.25;30.00;24.50;23.75;23.25;24.25;24.00;25.00;33.75;33.00;24.25;23.50;23.75;24.00;24.25;25.25;35.00;33.50;24.50;23.75;23.25;23.50;23.25;24.75;30.50;28.25;24.00;23.50;23.00;23.25;23.50;23.25;24.50;24.00;23.25;23.00;22.50;22.25;23.00;23.25;22.75;23.00;22.25;22.75;22.50]
49212- [24.00;23.75;24.50;24.50;25.00;24.00;24.00;23.75;24.00;24.00;24.00;25.25;25.25;24.25;24.00;24.00;24.00;24.00;24.50;30.25;30.25;24.50;24.50;24.00;24.00;23.75;24.75;33.50;33.25;24.75;23.50;23.25;24.25;24.75;25.00;35.00;32.75;24.25;23.75;23.25;23.50;23.75;24.25;30.75;28.00;24.25;23.50;23.50;23.25;22.50;23.00;24.25;23.75;23.25;22.75;22.00;23.25;23.50;23.50;22.75;22.75;22.75;22.75;22.75]
49697- [24.25;23.50;24.00;24.25;24.75;24.00;24.50;24.00;24.25;23.75;24.25;25.50;25.00;24.25;23.75;24.00;24.25;24.25;24.50;30.50;30.25;24.75;23.75;23.75;24.00;23.75;24.75;34.00;33.00;24.50;23.75;23.50;24.25;24.25;24.75;34.75;33.00;24.50;24.00;22.50;23.25;24.00;24.00;30.50;28.00;24.25;23.25;23.50;23.50;23.00;23.50;24.00;23.25;23.50;23.00;22.50;23.50;23.75;23.00;23.00;23.50;22.50;23.25;22.25]
50182- [25.00;23.50;24.00;24.50;24.50;24.00;24.00;24.00;24.50;23.50;23.75;25.25;25.50;24.25;23.75;23.75;24.25;24.50;24.75;30.25;30.25;24.75;24.00;23.75;24.25;24.00;25.25;34.25;33.25;24.75;24.00;23.25;24.50;24.50;25.00;35.00;33.00;24.50;23.75;22.50;23.75;24.00;24.50;30.75;27.75;23.75;23.50;23.00;23.50;23.25;23.25;24.00;24.00;23.50;22.50;22.75;22.75;23.25;23.50;22.75;23.25;22.75;23.00;23.00]
50667- [23.75;24.00;23.50;24.25;24.25;23.50;24.50;23.75;23.75;23.50;24.25;25.00;24.75;23.50;23.75;23.75;24.00;24.25;24.50;30.25;30.00;24.50;24.00;23.50;24.25;23.75;24.75;33.75;33.00;24.50;24.00;23.50;24.00;24.25;24.75;34.50;32.75;24.25;23.25;22.75;23.50;23.75;24.25;30.00;28.25;23.50;23.25;23.25;22.75;23.50;23.25;24.00;24.00;23.00;22.25;22.25;22.75;23.25;23.25;23.00;22.75;22.50;22.75;22.75]
51152- [24.25;23.75;24.00;24.25;24.50;23.75;24.75;23.50;24.25;23.75;24.00;25.00;25.00;23.50;23.50;24.00;24.00;24.25;24.75;30.00;30.00;24.75;24.00;23.75;24.00;24.00;24.75;34.25;33.00;24.75;23.75;23.25;23.75;23.50;25.00;35.00;32.75;24.25;23.75;23.00;23.00;23.50;24.25;30.75;28.25;23.75;23.25;23.00;23.25;23.25;23.50;24.25;24.00;23.25;22.75;22.00;23.00;22.50;23.25;22.75;23.00;22.00;22.50;22.50]
51637- [24.00;23.75;23.75;24.00;24.25;23.25;24.25;23.50;24.00;24.00;24.25;25.25;25.25;24.00;23.75;23.75;24.00;24.25;24.75;30.25;30.00;24.50;23.75;23.50;23.75;23.75;24.50;34.00;33.00;24.75;24.00;23.00;23.75;24.25;25.25;35.00;33.00;24.00;23.50;23.00;23.50;24.00;24.25;30.50;28.00;24.00;23.00;23.00;23.00;23.25;23.00;24.25;23.75;23.25;22.25;22.25;23.00;23.25;23.00;22.75;23.00;22.50;22.50;22.75]
52122- [24.50;24.25;23.75;24.50;24.75;24.00;24.25;24.00;24.25;24.00;24.00;25.25;25.50;24.00;24.00;24.00;24.25;24.25;24.75;30.50;30.25;24.25;24.00;23.50;24.00;24.50;25.00;34.00;33.00;24.75;24.25;24.00;24.50;24.25;25.25;35.00;33.25;24.50;24.25;23.50;23.50;24.00;24.50;31.25;28.00;23.75;23.50;23.25;23.50;23.25;23.25;25.00;23.75;23.00;22.75;22.00;22.75;23.75;23.00;23.25;23.00;23.00;22.75;23.25]
52607- [24.50;24.00;24.00;24.75;24.50;24.25;24.25;24.25;24.50;24.25;24.50;25.25;25.50;24.25;24.25;24.75;23.75;24.00;24.75;30.50;30.00;24.75;24.50;23.50;24.25;23.75;25.00;34.00;33.25;24.50;24.00;23.50;23.75;24.25;25.25;35.25;33.25;24.50;24.25;23.50;23.75;23.75;24.25;30.50;28.50;24.00;23.75;23.25;23.50;23.00;23.25;24.50;24.00;23.25;23.00;22.75;23.00;23.25;23.50;23.00;23.25;23.00;23.00;22.75]
53092- [24.25;23.50;24.25;24.25;24.50;23.75;24.50;24.25;24.50;23.75;24.50;25.25;25.50;24.00;24.00;24.00;24.25;24.25;24.50;30.75;30.00;24.50;24.00;23.50;24.00;24.50;24.75;34.25;33.00;24.50;23.75;24.00;23.75;24.25;25.00;35.25;33.00;24.50;23.50;23.00;23.25;24.00;24.50;30.75;28.50;24.00;23.50;23.50;23.25;23.50;23.50;24.50;24.00;23.75;23.50;22.50;23.25;23.25;23.25;23.00;22.75;23.00;23.00;23.00]
53577- [24.00;24.00;24.25;24.25;24.75;24.25;24.50;23.75;24.25;23.75;24.25;25.25;25.50;24.00;23.50;24.00;24.00;24.50;25.00;30.75;30.25;24.50;24.50;23.50;24.25;24.00;24.75;34.00;32.75;25.00;23.50;23.50;24.00;24.00;25.00;35.00;33.25;24.75;24.00;23.50;23.50;23.25;24.00;30.75;28.00;24.00;22.75;23.50;23.50;23.25;23.75;24.50;23.75;23.25;23.25;22.50;23.00;23.00;23.25;23.25;23.25;22.75;23.00;22.75]
54062- [24.75;24.00;23.75;24.00;24.25;23.50;24.75;24.00;24.50;23.75;24.25;25.00;25.00;24.50;24.00;24.25;24.25;24.25;24.75;30.25;30.25;24.50;24.00;23.50;24.00;24.00;25.00;34.00;33.00;24.50;24.00;23.75;24.25;23.75;25.00;35.00;33.00;24.25;24.50;23.00;23.75;24.00;24.25;30.75;28.00;23.75;23.75;23.50;23.50;23.50;23.50;24.50;24.00;23.25;23.00;22.75;22.50;23.75;23.25;23.25;22.75;23.00;23.25;22.75]
54547- [24.25;23.50;23.50;24.50;24.00;23.75;24.25;23.75;24.25;23.75;24.25;24.75;25.00;24.00;23.75;23.75;24.00;23.75;24.75;30.50;30.00;24.75;24.00;23.25;24.00;24.00;24.75;34.25;33.25;24.75;24.00;23.50;24.50;23.75;25.25;34.75;32.75;24.25;24.50;23.50;23.75;24.00;24.25;30.75;28.00;23.75;23.25;23.50;22.75;23.00;23.50;24.50;23.75;23.75;23.00;22.50;23.00;23.00;23.00;22.50;23.00;22.50;22.75;23.00]
55032- [24.50;23.75;24.25;24.75;24.50;23.75;24.50;24.25;24.25;23.75;24.50;25.00;25.25;24.00;24.25;24.00;24.50;24.50;24.25;30.50;30.25;24.50;24.00;23.75;24.25;23.75;24.75;33.75;33.25;24.75;24.00;23.75;24.25;24.00;24.75;34.75;33.00;24.50;24.00;22.50;23.25;23.50;24.25;30.75;28.00;23.50;23.00;22.75;22.75;23.00;23.00;24.25;24.25;23.25;23.25;22.00;23.25;23.25;23.00;23.00;23.00;22.25;22.75;23.00]
55517- [24.25;23.25;24.00;24.50;24.75;24.00;24.75;24.00;24.50;24.00;23.50;25.00;25.00;24.25;23.25;24.00;23.75;24.50;24.50;30.25;30.25;24.75;24.00;23.75;23.75;23.75;24.75;33.75;33.25;24.50;24.00;23.25;24.50;24.50;25.00;34.75;33.00;24.25;23.75;23.25;23.50;23.75;24.25;30.50;28.25;23.75;23.50;23.50;23.00;23.25;23.50;24.50;24.00;22.75;23.00;22.25;22.50;23.50;23.00;23.00;22.75;23.00;23.00;23.00]
56002- [24.50;24.00;24.00;24.50;24.75;24.00;24.50;23.75;23.75;24.00;24.25;25.50;25.25;24.25;23.75;24.00;24.25;24.25;24.50;30.25;30.25;24.75;24.75;23.75;24.25;24.00;25.00;33.75;33.25;24.50;23.75;23.25;24.25;24.00;25.25;35.00;33.00;24.50;24.00;22.75;23.75;24.00;24.50;30.50;28.00;23.75;23.25;23.25;23.25;23.50;23.50;24.00;24.00;23.50;23.00;22.50;23.75;23.50;23.00;23.25;23.25;22.50;22.75;22.75]
56487- [24.50;23.75;24.00;24.25;24.25;24.25;24.25;24.00;24.00;23.75;24.25;25.00;25.25;24.25;24.25;24.00;24.00;24.50;24.75;30.25;29.75;24.50;23.50;22.75;24.25;23.75;24.75;34.00;33.00;24.50;23.50;23.00;23.50;24.25;24.75;34.75;32.75;24.50;24.25;23.50;23.75;23.25;24.25;30.75;28.00;23.50;23.00;23.25;23.00;23.50;23.25;24.00;23.75;23.25;22.50;22.50;22.75;23.25;23.00;23.00;23.00;22.25;23.25;22.75]
56972- [23.75;23.50;23.75;24.50;24.25;23.75;24.25;23.50;24.25;23.75;24.00;25.00;25.50;23.75;24.00;23.75;24.25;24.00;24.50;30.00;29.75;24.00;23.50;23.25;24.25;23.75;24.75;34.00;32.75;24.75;23.75;23.25;24.25;24.25;24.50;34.75;32.50;24.25;24.00;23.00;23.50;23.75;24.25;30.50;28.00;23.00;23.00;23.50;23.25;23.25;23.25;24.00;24.00;23.00;23.00;22.00;22.75;23.50;22.75;22.75;23.00;22.25;22.75;22.25]
57457- [24.25;23.75;23.75;24.25;24.25;24.00;24.25;23.75;24.00;23.75;24.00;25.00;25.25;23.75;23.50;23.75;23.50;24.25;24.25;29.75;29.75;24.25;24.00;23.50;24.25;23.50;24.75;33.50;33.00;24.50;23.50;23.75;24.25;24.25;24.75;34.75;32.50;24.50;23.75;23.00;23.75;24.00;24.50;30.25;27.50;23.75;23.00;23.25;23.00;23.25;23.25;24.00;23.75;23.50;22.50;22.75;23.00;23.50;23.00;23.25;23.25;22.25;22.75;22.50]
57942- [24.00;23.75;24.00;24.25;24.25;24.00;24.00;23.75;24.00;23.75;24.25;24.75;25.25;23.75;24.00;24.00;24.00;24.00;24.75;30.25;29.50;24.50;23.75;23.50;23.75;23.75;24.75;33.75;33.00;24.00;24.00;23.25;24.00;23.75;24.75;34.75;32.50;24.25;23.75;23.00;24.00;23.25;24.50;30.50;28.00;23.75;23.25;23.25;23.25;23.00;23.25;24.25;24.00;23.50;23.00;22.50;23.25;23.00;23.00;23.00;23.00;23.00;22.75;23.00]
58427- [24.00;23.00;23.25;24.25;24.00;23.75;23.75;23.50;23.75;23.25;24.00;25.00;25.00;23.50;23.75;23.50;24.00;24.00;24.50;29.75;30.00;24.25;23.75;23.00;23.50;24.00;24.50;34.00;32.75;24.25;23.75;23.25;23.50;24.25;24.50;34.75;32.50;24.25;23.75;23.25;23.50;23.50;24.00;30.50;27.75;23.25;23.00;23.00;23.25;22.75;23.00;24.00;23.75;23.50;23.25;22.00;22.50;22.75;22.75;22.50;22.75;22.75;22.75;22.50]
58912- [23.50;23.50;24.00;24.75;24.00;24.00;23.50;23.75;24.00;23.75;23.75;25.25;25.00;23.75;23.50;24.50;23.75;23.75;24.50;30.00;29.50;24.50;24.00;23.50;24.00;23.50;25.00;33.75;33.25;24.25;23.75;23.25;24.00;24.00;24.75;34.50;32.50;24.00;23.50;22.75;23.75;23.25;24.50;30.25;28.25;23.50;23.25;23.25;23.25;23.00;23.00;23.75;24.25;23.75;22.75;22.75;22.75;22.75;22.50;23.00;23.00;22.75;22.50;22.50]
59397- [23.75;23.75;23.75;24.25;23.75;23.75;24.50;23.75;24.25;23.25;24.25;24.75;24.75;24.25;23.50;23.50;24.25;23.75;24.50;30.25;29.75;24.50;23.75;23.50;23.75;24.00;24.50;34.00;33.00;24.50;23.75;23.25;24.25;24.00;24.75;34.75;32.75;24.25;23.75;23.00;23.50;23.75;24.50;30.50;28.00;23.50;23.25;23.50;23.00;23.00;23.50;24.00;23.75;23.00;22.75;22.00;23.00;22.50;23.00;22.75;22.75;22.50;22.25;22.75]
59882- [24.25;23.25;24.25;24.25;24.50;24.00;24.25;23.75;24.00;23.75;24.25;25.50;25.00;24.00;24.25;24.75;23.75;24.25;24.50;30.25;30.50;24.50;24.25;23.25;24.00;24.00;25.00;34.25;33.25;24.50;23.75;23.25;24.25;24.50;24.50;35.25;33.25;24.50;23.75;23.25;23.75;24.00;24.25;30.50;28.00;24.25;23.50;23.75;23.50;23.00;23.50;25.00;24.00;23.75;22.75;22.50;23.50;23.50;23.50;23.00;23.25;22.75;22.75;23.25]
60367- [24.00;24.00;24.00;24.00;24.50;24.25;24.50;24.25;24.00;24.00;24.25;25.25;25.25;24.00;23.75;24.50;24.25;24.25;25.00;30.50;30.25;24.00;24.50;23.75;24.00;24.25;24.75;34.00;33.00;24.25;23.75;23.25;24.25;24.25;25.00;34.75;32.75;24.50;23.75;23.25;24.25;24.00;24.75;30.75;28.25;24.00;23.75;23.50;23.75;23.25;23.75;24.25;24.25;24.00;23.00;23.00;22.75;23.50;23.50;22.75;23.75;23.25;23.00;22.75]
60852- [24.00;24.25;24.25;25.00;24.75;23.75;24.25;23.75;24.50;24.00;24.75;25.50;25.00;24.25;24.25;23.50;24.25;24.25;25.00;30.50;30.50;24.75;24.00;23.50;24.50;24.50;25.00;34.25;33.50;24.75;24.00;23.25;24.50;24.50;25.25;35.25;33.00;24.75;24.00;23.75;23.75;24.25;24.75;30.50;28.50;23.75;23.25;24.25;23.75;23.50;23.50;24.50;24.00;23.25;23.25;22.50;23.50;23.50;23.25;23.25;23.00;22.75;22.75;23.25]
61337- [24.50;23.50;24.00;24.75;24.75;24.25;24.75;24.25;24.75;24.50;24.25;25.50;25.50;24.50;24.00;24.25;24.50;24.25;25.25;30.50;30.25;24.75;24.50;24.25;24.25;24.00;24.75;34.00;33.25;24.75;24.00;23.75;24.00;24.50;25.25;34.75;33.75;24.50;24.25;23.25;23.75;23.75;24.50;30.75;28.25;23.75;23.75;23.50;23.50;23.25;24.00;24.75;24.00;23.75;22.75;22.75;23.50;23.50;23.75;23.00;24.00;23.00;23.25;23.00]
61822- [24.00;24.00;24.25;24.75;25.00;24.25;24.25;24.50;24.75;24.25;24.25;25.50;25.25;24.25;24.50;23.50;24.00;24.50;24.75;30.25;30.25;24.75;24.50;23.75;24.25;23.75;25.25;34.00;33.25;24.50;24.00;24.00;24.50;24.50;25.25;35.25;33.50;24.75;24.25;23.50;23.50;24.25;24.75;31.00;28.25;24.00;23.50;23.25;23.75;23.00;23.75;24.75;23.75;23.75;23.00;23.25;23.50;23.00;23.25;23.00;23.25;22.50;23.25;23.00]
62307- [24.25;24.25;24.50;25.00;24.75;24.00;24.25;23.75;24.75;24.00;24.75;25.25;25.25;24.25;24.00;24.00;24.25;24.25;25.00;30.50;30.00;24.50;24.25;24.25;24.00;24.25;25.00;34.00;33.25;24.75;24.25;23.75;24.25;24.50;25.50;34.75;33.25;24.50;24.25;23.25;24.00;24.25;24.75;30.25;28.50;23.75;23.50;23.25;23.50;23.50;24.00;24.50;24.50;23.75;22.75;22.75;23.50;23.25;24.00;23.25;23.50;22.75;23.25;22.75]
62792- [24.75;24.00;24.25;24.75;25.00;24.50;24.75;24.75;24.75;24.25;24.50;25.25;25.25;24.50;24.00;24.00;24.25;24.50;25.00;30.25;30.50;25.00;24.50;23.75;24.25;24.50;25.00;34.00;33.00;25.00;23.75;24.25;24.50;24.75;25.00;35.25;33.00;24.75;24.50;23.50;24.00;24.00;25.00;30.75;28.75;24.50;23.50;24.00;23.75;23.25;24.25;24.50;24.00;23.50;23.25;23.00;22.50;23.50;23.25;22.50;23.00;23.00;23.25;23.75]
63277- [24.25;24.25;24.00;24.25;24.75;23.75;24.50;23.75;24.50;24.00;24.50;25.00;25.25;24.50;24.25;24.00;24.25;24.25;25.00;30.75;30.00;24.75;24.25;24.00;24.00;24.00;25.00;34.25;33.25;25.00;24.25;24.00;24.50;24.75;25.50;34.75;33.00;24.25;23.75;23.50;23.75;24.25;24.75;31.00;28.25;24.25;23.75;23.75;23.50;23.50;23.75;24.50;24.25;23.75;23.50;22.50;23.75;23.50;23.50;23.50;23.50;22.75;23.00;23.50]
63762- [24.25;24.00;24.25;24.75;25.00;24.25;25.00;24.00;24.25;24.50;24.50;25.50;25.50;24.50;24.50;24.50;24.50;25.00;25.00;30.75;30.50;24.75;24.50;23.75;24.50;24.25;25.00;34.25;33.50;24.75;23.75;23.75;24.00;24.25;25.25;35.25;33.00;24.75;24.50;23.25;24.25;24.00;24.75;31.00;28.25;24.00;23.25;24.00;24.00;23.75;24.00;24.75;24.75;23.75;23.25;22.50;23.00;23.50;23.50;22.75;23.25;22.75;23.00;22.25]
64247- [24.50;24.25;24.75;25.50;25.00;24.50;24.75;24.25;24.75;24.50;24.75;25.25;25.50;24.25;24.25;24.75;24.25;24.75;25.00;30.75;30.25;25.25;24.00;24.00;24.25;24.25;25.00;34.50;33.75;25.00;24.50;23.75;24.75;24.50;25.50;35.25;33.25;25.25;24.25;23.25;23.75;23.75;24.50;31.00;28.75;23.75;23.25;24.00;23.50;23.75;23.75;24.75;24.00;23.75;23.25;22.50;23.75;23.50;24.00;23.75;23.50;23.00;23.50;23.00]
64732- [24.50;24.00;24.50;25.00;24.75;24.25;25.00;24.00;25.00;24.75;24.50;25.75;26.00;25.00;24.25;24.25;24.75;25.00;25.00;30.50;30.50;25.25;24.25;24.00;24.75;24.25;25.25;34.50;33.75;25.00;24.00;23.50;25.00;24.75;25.50;35.25;33.25;25.00;24.25;23.75;24.00;24.50;25.00;31.00;29.00;24.50;24.00;24.00;23.25;23.50;23.75;24.50;24.25;23.75;23.25;23.25;23.50;23.75;23.75;23.25;23.75;23.00;23.00;23.25]
65217- [24.50;24.00;24.25;24.75;24.75;24.25;24.75;24.75;24.75;24.50;25.00;25.75;25.50;24.75;24.25;24.50;24.25;24.50;25.50;31.00;30.75;25.00;24.50;23.75;24.25;24.25;25.00;34.50;33.75;25.25;24.50;24.00;24.75;25.00;25.75;35.25;33.25;24.75;24.50;23.50;24.00;24.50;24.50;31.00;28.25;24.50;23.75;23.50;23.75;23.00;23.75;24.75;24.50;23.75;24.00;22.50;23.50;22.75;23.25;23.00;23.25;22.50;22.75;23.25]
65702- [24.50;24.25;24.50;24.75;24.75;24.25;24.25;24.00;24.25;24.25;24.50;26.00;25.50;25.00;24.25;24.75;24.25;24.50;24.75;31.00;30.00;25.00;24.50;24.00;24.00;24.00;25.25;34.50;33.50;25.00;24.25;23.75;24.75;24.25;25.50;35.25;33.50;25.00;24.00;23.00;24.00;24.50;24.50;30.75;28.25;24.00;23.75;23.75;23.50;23.75;24.50;24.50;24.25;23.50;23.50;22.50;24.00;22.75;23.75;23.25;23.00;22.50;23.50;22.50]
66187- [24.75;24.00;24.25;24.75;25.00;24.00;24.75;24.25;24.50;24.50;24.75;25.50;25.50;24.75;24.50;24.25;24.50;24.00;25.00;30.50;30.75;25.00;24.50;24.00;23.75;24.50;25.00;34.50;33.50;25.00;23.75;23.75;24.25;24.50;25.25;35.50;33.25;25.00;24.25;23.75;23.75;24.00;24.75;30.75;28.25;24.25;23.50;23.50;23.75;23.50;24.00;24.75;24.50;23.75;22.75;22.75;23.50;23.25;23.25;23.25;23.25;23.00;23.75;22.75]
66672- [25.00;24.00;24.25;24.50;25.00;24.25;24.25;24.00;24.75;24.00;24.50;25.75;25.50;24.75;24.00;24.00;24.25;24.50;25.00;30.75;30.50;25.00;24.50;24.00;24.50;24.25;25.25;34.25;33.75;24.75;24.50;23.75;24.25;24.00;25.25;35.25;33.00;25.00;24.25;23.50;23.75;24.25;24.50;30.75;28.50;24.00;23.50;23.75;23.50;23.50;23.75;24.75;24.25;23.50;23.00;23.00;23.25;23.75;23.50;23.25;23.25;22.25;23.75;22.75]
67157- [24.75;24.25;24.50;25.00;25.00;24.50;25.00;24.50;24.50;24.75;25.00;25.25;25.50;24.25;24.25;24.25;24.50;24.50;24.75;30.75;30.50;25.00;24.50;24.00;24.00;24.25;25.00;34.25;33.50;25.00;24.00;24.25;24.25;24.50;25.50;35.50;33.25;24.50;24.50;23.50;24.25;24.00;25.00;31.00;28.50;23.75;23.50;24.00;23.25;23.00;24.00;24.50;24.75;23.75;23.00;22.75;23.75;23.25;23.50;23.25;23.25;23.25;23.00;23.75]
67642- [24.50;24.00;24.50;24.50;24.75;24.25;25.00;24.50;24.25;24.75;24.75;25.75;25.50;24.50;24.25;24.75;24.50;24.50;25.00;31.00;30.00;25.25;24.50;24.00;23.75;24.25;25.25;34.25;33.75;24.75;24.25;23.75;24.25;24.50;25.25;35.00;33.75;24.50;24.00;23.25;23.75;24.25;24.50;31.00;28.50;23.75;24.00;23.75;23.75;23.50;23.50;24.50;24.25;23.75;23.25;23.00;23.75;23.50;23.50;23.25;23.50;23.00;23.50;23.00]
68127- [24.50;23.75;24.00;25.00;25.25;24.00;24.25;24.50;24.25;24.25;24.50;25.25;25.50;24.25;24.50;24.25;24.50;24.00;25.00;30.25;30.25;25.00;24.50;24.00;24.25;24.25;24.75;34.00;33.00;24.75;24.25;23.50;24.25;24.00;25.00;35.25;33.00;24.75;24.00;23.50;24.00;24.00;24.50;30.75;27.75;24.00;23.50;23.50;23.25;23.50;23.50;24.25;24.25;23.25;23.25;22.75;24.00;23.50;23.25;23.00;23.50;22.50;22.75;23.25]
68612- [24.50;23.75;24.00;24.75;25.00;24.00;24.50;24.00;24.25;24.00;24.75;25.25;25.50;24.25;24.00;24.25;24.50;24.00;25.00;30.50;30.00;24.75;24.25;23.75;24.25;24.25;25.00;33.50;32.75;24.25;24.25;23.50;24.50;24.25;25.00;35.25;33.00;24.50;23.50;23.50;24.00;23.75;25.00;31.00;28.50;23.75;23.25;22.75;23.25;23.00;23.75;24.00;24.00;23.50;23.00;21.75;22.75;23.50;23.25;23.00;22.75;22.25;22.75;23.00]
69097- [24.00;24.00;24.25;24.25;24.50;24.00;24.25;23.50;24.50;24.00;24.00;25.25;25.50;24.00;23.50;24.50;24.25;24.25;25.00;30.25;30.00;25.00;24.50;23.75;24.00;24.00;24.75;33.75;33.00;25.00;24.00;23.25;24.50;24.25;25.00;35.25;33.00;24.50;23.50;23.75;23.75;23.75;25.00;30.75;28.25;23.75;23.00;23.50;23.50;23.00;23.50;24.50;24.00;23.25;23.00;22.75;23.25;23.50;23.25;22.75;22.75;23.00;23.00;22.75]
69582- [24.00;24.00;23.75;24.25;24.75;24.00;24.50;23.75;24.50;24.25;24.00;25.50;25.25;24.50;24.00;24.00;24.25;24.00;24.75;30.50;30.25;24.50;24.00;24.00;23.75;24.25;24.75;33.50;33.00;24.25;23.75;23.25;24.25;24.00;24.75;35.00;32.75;24.25;23.75;23.25;23.75;24.00;24.25;30.50;28.25;24.00;23.50;23.50;23.25;23.00;24.00;24.25;23.50;23.50;23.00;22.50;23.00;23.50;23.00;22.75;23.25;23.00;22.75;23.00]
70067- [24.25;24.00;24.00;24.75;24.50;24.25;24.25;24.00;24.75;24.00;24.50;25.50;25.25;24.00;23.50;24.50;24.25;24.25;24.75;30.25;30.50;24.25;24.25;23.75;24.00;24.00;24.75;34.25;33.00;24.75;23.25;23.50;24.00;24.25;25.25;34.75;33.25;24.50;24.25;23.25;23.75;23.75;24.75;30.50;28.25;24.00;23.25;23.00;23.00;23.00;23.25;24.00;24.00;23.50;23.25;22.25;23.00;22.75;23.50;23.25;22.75;22.50;23.75;22.25]
70552- [24.25;24.00;24.00;24.25;24.75;24.25;24.00;24.00;23.75;24.00;24.00;25.00;25.00;24.25;24.25;24.00;24.00;24.50;24.50;30.50;30.00;24.75;24.25;23.50;24.00;24.25;24.50;33.75;33.00;24.25;24.00;23.25;24.25;24.25;25.00;35.00;33.25;24.75;23.75;23.50;23.75;24.00;24.75;30.50;28.00;23.75;23.50;23.25;23.50;23.25;23.75;24.50;24.00;23.00;23.00;22.75;23.00;23.50;23.25;23.00;22.75;22.50;22.75;23.00]
71037- [24.75;23.25;23.75;24.50;24.50;24.00;24.00;24.00;24.75;23.75;24.00;24.75;25.00;24.25;24.00;23.50;24.00;24.50;24.75;30.00;30.00;24.75;23.75;23.25;24.25;24.25;24.75;33.75;33.00;24.75;23.50;23.25;23.75;24.00;25.25;34.75;33.00;24.50;24.00;22.75;23.75;24.25;24.50;31.00;28.00;23.50;23.25;23.50;23.50;23.00;23.75;24.50;24.00;23.00;23.25;22.25;23.00;23.50;23.25;23.25;23.25;22.75;22.50;22.75]
71522- [24.25;23.75;24.50;24.75;24.25;24.00;24.25;24.25;24.25;23.75;24.25;25.50;24.75;24.00;23.75;23.75;24.00;24.25;24.75;30.25;30.00;24.75;24.00;24.00;24.00;24.00;24.75;33.75;33.00;24.75;24.00;23.50;24.00;24.50;25.00;35.00;32.50;24.25;23.50;23.25;23.75;24.00;24.25;30.50;28.00;23.75;23.00;23.50;22.75;23.00;23.50;24.25;23.75;23.00;23.25;22.50;23.25;23.25;23.25;23.25;23.00;22.50;23.00;22.50]
72007- [23.75;23.50;24.00;24.50;24.25;24.00;24.25;24.00;24.25;24.00;24.25;25.25;25.25;23.75;23.75;23.50;24.50;24.50;24.75;30.50;30.00;24.50;23.75;23.75;23.50;24.00;24.75;34.00;32.75;24.25;23.50;23.25;24.50;24.25;25.00;35.00;33.25;24.50;23.75;23.25;23.25;24.00;24.50;30.75;28.00;23.50;23.75;23.25;23.50;23.25;23.50;24.25;24.00;23.25;22.25;22.50;22.75;22.75;23.00;22.75;23.00;22.75;22.75;22.75]
72492- [24.25;24.00;24.50;24.50;24.50;24.00;24.00;24.75;24.50;23.75;24.25;25.25;25.25;24.00;24.00;24.25;23.75;23.75;24.75;30.25;29.75;24.75;24.00;23.25;23.50;24.25;24.75;34.00;33.00;24.75;23.75;23.50;24.25;24.00;25.25;34.75;33.00;24.50;23.75;23.25;24.25;23.75;24.25;30.50;28.25;24.25;23.00;23.50;23.25;23.25;23.25;24.75;24.00;23.50;23.25;22.25;22.75;23.25;23.00;23.00;23.00;22.50;23.00;23.00]
72977- [24.25;23.50;24.00;24.75;24.75;23.75;24.25;24.00;24.25;24.50;24.00;25.50;25.25;23.75;23.75;24.25;23.75;24.25;25.00;30.25;30.25;24.50;24.25;23.25;24.50;24.00;25.00;34.00;33.25;24.50;24.25;23.75;24.00;24.00;25.00;35.00;32.75;24.25;23.75;23.75;23.25;23.75;24.50;30.50;28.25;23.75;23.00;23.50;23.50;23.00;23.50;24.75;24.00;22.75;23.25;22.50;22.75;23.00;23.00;23.25;23.50;22.50;22.25;22.50]
73462- [24.25;23.25;24.25;24.00;24.25;24.00;24.25;23.75;24.25;24.25;24.25;25.25;25.25;24.00;23.50;23.50;24.25;24.00;24.75;30.25;29.75;24.25;23.75;23.25;23.25;23.75;24.25;34.00;33.00;24.50;23.75;23.00;23.50;23.75;24.75;34.75;32.75;24.25;23.50;23.00;23.75;23.25;24.25;30.25;28.25;23.25;23.00;23.00;23.25;22.50;23.25;24.25;24.00;23.25;22.75;22.50;23.25;22.50;23.25;22.75;23.00;22.75;23.00;22.75]
73947- [24.25;23.75;23.75;24.00;24.25;23.50;24.25;23.75;24.25;23.75;24.50;25.25;25.25;24.25;23.75;23.50;24.00;24.00;24.75;30.25;30.00;24.50;24.00;23.50;23.75;24.00;24.75;33.50;33.00;24.50;24.00;23.25;24.25;24.25;25.25;34.50;32.75;24.50;23.75;23.00;23.25;23.50;24.25;30.50;28.00;23.50;22.75;23.50;23.00;22.75;23.25;23.75;23.50;23.25;23.00;22.25;22.75;23.00;23.00;22.75;23.00;22.00;22.50;22.75]
74432- [24.00;23.25;23.75;23.75;24.50;23.50;24.00;23.75;24.00;23.50;24.00;24.50;25.25;24.00;23.50;24.00;24.00;24.00;24.50;30.50;30.00;24.25;23.75;23.75;23.75;23.75;24.75;34.00;33.00;24.75;23.50;23.25;24.25;24.25;25.00;34.75;32.75;24.25;23.25;23.00;23.25;23.75;24.25;30.50;28.00;23.75;23.25;23.00;23.50;23.00;23.25;24.50;24.00;23.50;23.00;22.00;22.75;22.75;22.75;23.25;22.75;22.50;22.50;23.00]
74917- [24.25;24.00;24.25;24.50;24.50;24.00;24.50;24.00;24.25;24.25;24.75;25.50;25.25;24.50;24.00;24.00;24.50;24.00;24.75;30.50;30.00;25.00;24.25;23.50;24.25;24.25;24.75;34.00;33.25;24.25;24.25;23.75;24.25;24.00;25.25;34.50;33.00;24.50;23.50;23.00;24.00;23.50;24.50;30.50;28.00;23.75;23.25;23.25;23.25;23.25;23.50;24.75;24.00;23.50;22.75;22.50;23.00;23.75;23.50;23.00;23.50;23.00;23.25;22.50]
75402- [24.25;23.75;24.00;25.00;24.50;23.75;24.00;23.75;24.50;24.25;24.50;25.50;25.50;23.75;24.00;24.00;24.00;24.00;24.75;30.00;30.00;24.75;24.25;24.00;23.75;23.75;24.75;34.00;33.00;24.50;23.75;23.50;23.75;23.75;25.25;35.25;32.75;25.00;23.50;23.50;23.75;24.00;24.75;30.75;28.25;23.50;23.50;23.50;23.00;23.00;23.25;24.25;24.00;22.75;23.00;22.25;23.00;23.25;23.50;23.00;23.25;22.75;23.25;23.00]
75887- [24.50;23.50;23.75;24.50;24.50;24.50;24.00;24.00;24.00;23.75;24.00;25.75;25.25;24.50;23.75;24.25;24.00;24.50;24.75;30.50;29.75;24.75;24.00;23.50;24.25;24.00;24.75;33.75;33.25;24.25;24.00;23.50;24.25;24.25;25.25;35.25;33.50;24.75;23.75;23.50;23.50;23.50;24.75;30.75;28.00;24.00;23.75;23.25;23.00;23.00;23.75;24.75;24.25;23.25;23.50;22.50;23.25;22.75;23.50;23.50;23.25;23.25;23.00;22.75]
76372- [24.50;24.25;24.00;24.75;24.75;23.75;24.25;24.50;24.25;24.00;24.25;25.50;25.50;23.75;24.25;24.00;24.25;24.50;24.75;30.25;30.00;24.75;24.00;24.00;24.25;24.00;24.75;34.00;33.00;24.50;24.00;23.50;24.75;24.00;25.00;35.00;33.00;24.75;23.75;22.75;24.00;23.75;24.75;30.50;28.25;24.25;23.50;23.75;23.25;23.00;23.00;24.25;24.00;23.50;23.00;22.50;23.25;23.00;23.50;22.75;23.00;23.00;22.75;23.25]
76857- [24.50;23.75;23.75;24.50;24.50;24.00;24.00;23.50;24.00;24.50;24.50;25.25;25.25;23.50;24.00;24.25;24.25;24.00;24.75;30.25;30.00;24.50;24.50;23.50;24.50;24.00;24.50;33.75;33.25;24.75;23.75;23.50;24.25;24.50;25.25;34.75;32.75;24.25;23.50;23.00;23.50;24.00;24.25;30.75;28.25;23.25;23.50;23.00;24.00;23.50;23.75;24.25;24.00;23.00;23.00;22.50;23.25;23.00;23.25;23.25;23.25;23.00;22.75;22.75]
77342- [24.25;24.00;24.25;24.75;24.25;24.00;24.75;23.25;24.00;23.75;24.50;25.00;25.00;24.00;23.75;24.00;23.75;24.25;24.75;30.50;30.00;24.75;24.25;23.50;24.00;24.00;25.00;34.25;33.25;24.25;24.00;23.25;24.00;24.25;25.00;35.25;32.75;24.50;24.00;23.25;23.50;23.75;24.50;30.75;28.25;23.75;23.25;23.75;23.50;23.25;23.25;24.75;24.00;23.75;23.00;22.75;23.50;23.00;23.00;23.00;23.00;22.50;23.00;22.50]
77827- [24.50;24.00;24.00;24.75;24.75;23.75;24.50;24.00;24.25;24.00;24.00;25.50;25.25;24.25;23.50;24.25;24.00;24.00;24.50;30.25;30.00;24.25;24.25;23.00;24.00;23.50;24.50;33.75;33.25;24.25;24.00;23.25;24.50;24.25;25.00;35.00;33.00;24.50;23.75;23.25;23.75;24.00;24.50;30.50;28.00;24.00;23.00;23.25;23.50;23.25;23.25;25.00;24.00;23.50;23.00;22.50;23.25;23.25;23.25;23.50;22.75;22.75;23.25;22.75]
78312- [24.50;24.00;23.75;24.75;24.50;23.75;24.50;24.25;24.50;24.00;24.00;25.25;25.50;24.25;23.75;24.50;24.25;24.00;24.75;30.00;30.00;24.25;23.75;23.75;23.75;24.00;24.75;34.00;33.00;24.25;24.00;23.50;24.00;24.25;25.00;35.00;33.00;24.25;23.75;23.25;23.75;23.50;24.25;31.00;28.00;23.75;23.25;22.75;23.25;22.50;23.50;23.75;24.25;23.75;23.00;22.00;23.50;23.00;23.50;23.00;23.25;22.75;23.00;22.75]
78797- [23.75;23.75;24.25;25.00;24.75;23.75;24.75;24.00;24.00;24.25;24.25;25.00;25.25;24.25;23.75;24.00;24.50;24.75;24.75;30.25;30.00;24.75;24.00;23.50;24.00;24.00;24.75;33.75;33.25;24.75;24.00;23.50;24.50;24.00;25.25;34.50;33.00;24.75;23.75;23.50;23.50;24.00;24.50;31.00;28.00;24.00;23.00;24.00;23.25;23.00;23.75;24.00;23.75;23.75;22.50;22.50;22.75;23.50;23.50;22.75;23.25;22.75;23.50;23.00]
79282- [24.25;24.00;23.75;24.50;24.25;23.75;24.25;24.50;24.25;24.25;24.25;25.25;25.25;23.75;24.00;24.00;24.25;24.00;24.75;30.50;30.25;24.75;24.00;23.50;23.75;23.75;25.00;34.00;33.00;24.50;24.00;23.75;24.25;24.00;25.00;34.75;32.75;24.50;24.00;23.25;23.50;24.25;24.50;30.75;28.50;24.00;23.75;23.75;23.25;23.25;23.75;24.50;24.00;23.75;23.25;23.25;23.25;23.50;23.25;22.75;23.25;23.00;23.00;22.75]
79767- [24.50;24.00;24.25;24.25;24.75;24.00;24.75;24.50;24.50;24.00;24.25;25.50;25.00;24.25;23.75;24.00;24.25;24.00;24.75;30.75;30.25;24.25;24.25;23.75;24.00;24.00;25.00;34.00;33.25;24.75;24.25;23.75;24.25;24.25;25.25;35.25;33.00;24.50;24.00;23.25;23.25;23.75;24.50;31.00;28.25;24.00;23.75;24.00;23.50;23.00;23.50;24.25;23.75;23.75;23.25;23.00;23.75;23.25;23.75;23.25;23.50;23.25;22.75;22.50]
80252- [24.75;23.75;23.75;24.75;24.75;23.75;24.25;24.00;24.50;24.25;24.50;25.50;25.25;23.75;24.00;24.00;24.50;24.25;25.00;30.50;30.25;25.00;24.25;24.00;24.25;24.00;25.50;33.75;33.25;24.25;24.25;23.25;24.25;24.25;25.00;35.25;33.00;24.75;24.25;23.50;24.00;23.75;24.50;30.75;28.25;24.00;23.50;24.00;23.25;23.50;23.50;24.50;24.25;23.50;23.00;22.75;23.25;23.50;23.00;23.25;23.75;22.75;23.50;23.25]
80737- [24.25;24.00;24.25;24.50;24.25;23.75;24.75;24.00;24.00;23.75;24.25;25.00;25.00;24.25;23.75;23.75;24.25;24.25;24.75;30.75;30.00;24.25;24.25;23.25;24.25;24.25;24.75;33.75;33.50;24.25;24.00;24.00;24.00;24.50;25.00;35.00;33.00;25.00;24.25;23.25;24.00;23.75;24.50;30.75;28.25;23.75;23.25;23.75;23.25;23.25;23.00;24.25;23.75;23.75;23.00;22.75;23.00;24.00;23.25;23.00;23.25;22.50;23.00;23.00]
81222- [23.75;23.50;23.75;24.50;24.50;23.75;24.50;24.00;24.25;24.25;24.50;25.25;25.25;24.00;23.75;24.25;23.75;24.25;24.75;30.50;30.25;24.75;23.75;23.75;24.25;24.25;25.00;34.00;33.25;24.50;24.00;24.00;24.25;24.25;25.25;35.00;33.00;24.25;24.25;23.00;23.50;23.75;24.75;30.75;28.00;24.00;23.50;23.50;23.50;23.50;23.75;24.25;24.50;23.00;23.00;22.50;22.75;23.25;23.50;22.75;23.25;22.50;23.00;22.75]
81707- [24.75;24.00;24.25;24.50;24.25;24.25;24.50;24.25;24.50;24.25;24.50;25.50;25.75;24.25;23.75;23.75;24.25;24.25;25.25;30.50;30.50;24.50;24.75;23.25;24.00;24.25;25.00;34.00;33.00;24.50;24.25;23.75;24.50;24.25;25.25;35.00;33.00;24.75;24.00;23.25;24.00;24.25;25.00;30.75;28.50;24.00;23.25;23.50;23.75;23.25;23.75;24.50;24.25;23.75;23.25;22.75;23.25;23.00;23.25;23.00;23.25;22.50;23.50;23.00]
82192- [24.25;23.75;24.25;24.25;25.00;24.00;24.50;24.25;24.00;24.00;24.50;25.25;25.25;24.50;24.25;23.75;24.25;24.50;25.25;30.75;30.25;25.25;24.50;23.50;24.25;24.00;25.00;33.75;33.25;24.75;24.00;23.25;24.00;24.75;25.00;35.00;33.25;24.75;24.25;23.50;23.75;23.50;24.50;30.75;28.25;24.00;23.50;23.25;23.00;23.00;23.75;24.50;23.75;23.50;23.50;22.50;23.00;23.25;24.00;23.75;23.25;22.75;22.75;23.00]
82677- [24.50;24.25;24.25;25.00;25.00;24.25;24.25;24.50;24.75;24.00;24.50;26.00;25.50;24.50;24.50;24.50;24.75;24.25;25.50;30.50;30.50;24.75;24.75;23.50;24.50;24.00;25.50;34.50;33.50;25.00;24.25;24.25;24.25;24.25;25.25;35.00;33.50;24.75;24.00;23.50;24.00;24.25;24.75;30.75;28.50;24.25;23.75;23.75;24.00;23.50;24.00;25.00;24.75;23.75;23.75;22.75;23.25;23.50;23.50;23.50;23.50;22.50;23.50;23.00]
83162- [24.75;24.00;24.75;24.75;24.75;24.00;24.75;24.50;25.00;24.25;24.75;25.50;25.50;24.50;24.75;24.75;24.25;24.75;25.25;31.00;30.50;25.00;24.50;24.00;24.50;24.50;25.25;34.75;33.25;25.25;24.50;23.75;24.50;24.75;25.50;35.50;33.25;24.75;24.50;23.75;24.00;24.25;24.75;30.75;28.50;24.50;23.50;24.25;24.25;23.25;24.25;25.00;24.50;23.75;23.50;22.25;23.75;23.25;23.75;23.50;23.75;23.25;23.50;23.25]
83647- [24.75;24.00;24.50;24.75;25.00;24.00;24.75;24.50;24.25;24.75;25.00;25.75;25.75;24.50;24.25;24.25;24.50;24.75;25.25;30.75;30.50;25.00;24.00;23.75;24.75;24.50;25.25;34.25;33.75;25.25;24.00;23.75;24.75;24.50;25.50;35.25;33.50;25.00;24.25;24.00;24.25;24.50;25.50;31.25;28.50;24.25;24.00;24.00;23.25;23.50;23.75;24.75;24.25;23.75;23.25;22.75;23.25;23.25;23.75;23.75;23.75;23.00;23.25;22.75]
84132- [24.75;24.00;24.50;25.00;24.50;24.50;24.75;23.75;24.75;24.25;25.25;25.75;25.50;24.50;24.75;24.75;24.75;25.00;25.00;30.50;30.25;25.25;24.50;23.75;24.25;24.25;25.50;34.25;33.50;25.00;24.00;24.25;24.50;24.50;25.50;35.25;33.25;24.50;24.25;23.50;24.50;24.25;24.25;30.75;28.25;24.25;23.50;23.75;23.50;23.50;23.75;25.00;24.50;24.00;23.50;23.00;23.25;23.50;23.50;23.50;23.50;23.25;23.00;23.00]
84617- [24.75;24.00;24.50;25.00;24.75;24.50;24.75;24.25;24.75;24.25;25.00;25.50;25.00;24.25;23.75;24.50;24.50;24.75;25.25;30.50;30.25;24.50;24.50;24.25;24.75;24.25;25.25;34.25;33.50;24.75;23.75;23.75;24.25;24.50;25.50;35.25;32.75;24.75;24.25;23.25;24.25;24.25;25.00;31.00;27.75;24.25;23.50;23.75;23.75;23.50;24.50;24.25;24.25;23.25;23.25;23.00;23.25;23.50;23.25;23.75;23.25;23.25;23.00;24.00]
85102- [24.50;24.00;24.50;24.75;25.00;24.25;24.75;24.00;24.75;24.25;24.50;25.50;25.50;24.00;24.00;24.25;25.00;24.50;25.00;30.75;30.50;24.75;24.00;24.00;24.25;24.50;25.00;34.25;33.50;24.75;24.50;23.75;24.50;24.75;25.00;35.00;33.00;24.75;24.00;23.50;24.00;24.00;24.75;30.75;28.25;24.25;23.50;23.25;24.00;23.25;23.75;24.50;24.50;23.50;23.25;23.00;23.25;23.50;23.25;23.00;22.75;22.75;23.50;23.25]
85587- [24.50;23.75;24.25;24.75;24.75;24.75;24.50;24.75;24.25;24.25;24.50;25.25;25.75;24.00;24.25;24.50;24.00;24.25;24.75;30.50;30.25;24.75;24.25;23.50;24.50;24.00;25.50;34.00;33.25;25.00;23.75;23.75;24.00;24.50;25.25;35.25;33.00;24.50;24.25;23.25;24.25;24.00;24.50;30.50;28.50;24.00;23.50;24.00;23.75;23.50;23.50;24.75;24.25;23.50;23.00;22.75;23.00;22.75;23.00;23.50;23.00;22.75;23.00;23.25]
86072- [24.00;24.00;24.00;24.75;24.75;23.75;24.50;23.75;24.25;24.25;24.50;25.75;25.25;24.25;23.75;24.25;24.25;24.25;25.00;30.25;29.75;24.50;24.00;23.50;24.25;24.25;25.00;34.25;33.25;24.50;24.25;23.50;24.50;24.75;25.25;35.00;33.00;24.50;24.00;23.25;23.50;23.75;24.75;31.25;28.25;24.00;23.00;24.00;23.50;23.50;23.75;24.50;23.75;24.00;23.25;22.50;23.50;23.25;23.00;23.25;23.50;23.25;22.75;23.00]
86557- [24.25;24.25;24.25;24.75;24.75;24.00;24.75;24.50;24.25;24.00;24.50;25.25;25.00;24.25;24.00;24.00;24.25;24.50;25.00;30.50;30.25;24.75;24.00;24.00;24.25;24.25;25.00;34.25;33.50;25.00;23.75;23.50;25.00;24.75;25.00;35.25;33.25;24.75;24.00;23.25;24.00;24.00;24.75;31.00;28.25;24.25;24.00;23.75;23.00;23.25;23.50;24.50;24.25;23.50;23.25;23.00;23.25;23.50;23.50;23.50;23.75;22.75;22.75;23.50]
87042- [24.50;23.50;24.50;24.25;25.00;24.00;24.75;24.00;24.25;23.75;24.25;25.25;25.25;24.50;24.25;23.75;24.25;24.50;25.00;30.25;30.25;24.75;24.50;23.75;23.75;24.25;25.00;34.00;33.00;24.75;24.25;24.00;24.25;24.50;25.50;35.00;33.00;24.50;24.00;23.75;23.50;24.00;24.50;30.75;28.25;24.25;23.25;23.75;23.25;23.25;23.75;24.75;24.25;23.50;23.00;22.75;23.75;23.00;23.25;23.50;23.00;22.75;22.75;22.50]
87527- [24.25;24.50;24.25;24.50;24.75;24.00;24.50;24.50;24.75;24.00;24.25;25.25;25.00;24.25;24.25;24.25;24.25;24.25;24.75;30.50;30.00;24.50;24.00;23.50;24.50;24.50;24.75;34.00;33.00;24.50;24.00;23.75;24.00;24.25;25.50;35.00;33.25;24.75;24.25;23.25;24.00;24.00;24.50;30.75;28.25;24.25;23.25;23.00;23.75;23.25;23.50;24.50;23.75;23.75;23.25;22.25;23.00;23.25;23.50;23.00;23.25;23.00;23.25;23.25]
88012- [24.50;24.00;24.25;24.50;24.75;24.00;24.25;24.25;24.75;24.25;24.75;25.50;25.50;24.25;24.00;24.50;24.25;24.25;24.50;30.50;30.25;24.75;24.50;24.00;24.25;24.25;24.75;34.00;33.25;24.50;24.00;23.50;23.75;24.25;25.25;35.00;32.75;24.50;24.00;23.00;23.75;23.50;24.75;30.50;28.50;24.25;23.75;23.50;23.75;23.25;23.25;24.50;24.25;23.25;23.25;22.75;23.25;23.25;23.25;23.25;23.00;22.50;23.25;22.75]
88497- [24.25;23.25;24.00;25.00;24.00;23.75;24.25;23.75;24.25;24.00;24.25;25.50;25.00;23.75;23.75;24.25;24.25;23.75;25.00;30.00;30.00;24.25;24.00;23.75;23.75;24.00;25.00;33.75;32.75;24.75;23.75;23.25;24.25;24.00;25.25;34.75;32.75;24.25;23.75;23.00;23.50;23.75;24.00;30.50;28.00;24.00;23.50;23.00;23.25;23.25;23.75;24.50;23.75;24.00;23.00;22.25;23.00;23.00;23.25;23.75;23.50;22.50;22.75;23.00]
88982- [24.00;23.75;23.75;24.25;24.50;23.75;24.25;23.75;24.25;23.75;24.25;25.25;25.50;24.00;23.75;23.75;24.00;24.25;24.75;30.00;29.75;24.50;24.00;23.00;24.25;24.25;25.00;34.00;33.00;24.75;24.00;23.25;24.50;24.50;25.25;34.75;32.75;24.50;23.50;23.00;23.75;23.75;24.75;30.50;27.75;23.50;23.25;23.50;23.25;23.00;23.75;24.75;24.25;23.50;22.75;22.25;22.75;23.00;23.25;22.75;23.50;22.25;23.00;23.25]
89467- [24.50;23.50;24.00;24.50;24.25;24.25;24.50;24.00;24.00;24.00;24.50;25.25;24.75;24.25;23.75;24.00;23.75;24.25;24.75;30.25;30.00;24.75;24.00;24.00;24.25;24.25;25.00;33.75;32.75;24.75;23.75;23.50;24.25;24.00;25.00;34.75;33.00;24.25;23.75;23.25;24.00;23.75;24.25;31.00;28.25;24.00;23.00;23.50;23.50;23.25;23.25;24.50;24.25;23.25;23.25;22.50;22.75;23.00;23.50;23.00;23.25;22.50;22.75;22.75]
89952- [24.50;23.50;23.75;25.00;24.50;23.75;24.25;24.50;24.25;24.00;24.25;25.25;25.00;24.50;23.75;24.50;24.25;24.50;25.00;30.25;29.75;25.00;24.50;24.00;24.25;24.50;24.75;33.75;33.50;25.00;23.75;23.75;24.25;24.50;25.25;35.25;33.50;24.75;24.00;23.25;24.00;24.00;24.75;30.75;28.00;23.75;23.25;23.00;23.50;23.50;23.50;24.50;24.50;24.00;23.25;22.75;23.00;23.75;23.50;23.50;23.25;23.00;22.50;23.00]
90437- [24.50;24.00;24.50;25.00;24.75;24.00;24.75;23.50;24.75;24.00;24.50;25.25;25.50;24.50;24.00;24.00;24.50;24.25;24.75;30.50;30.25;25.00;24.00;23.50;24.25;24.00;24.75;34.00;33.00;25.00;24.00;23.50;24.25;24.25;25.25;35.25;33.00;24.75;24.00;23.25;24.00;24.25;24.75;31.00;28.25;24.25;23.25;23.50;23.25;23.25;23.50;24.50;24.00;23.25;23.00;22.50;23.50;23.50;23.25;23.25;22.75;22.75;23.00;22.75]
90922- [25.00;23.75;24.50;24.75;25.00;24.25;24.50;24.00;24.75;24.00;24.75;25.25;25.50;24.50;24.00;24.75;24.50;24.50;25.00;30.75;30.50;24.75;24.25;23.50;24.50;24.25;25.00;34.25;33.25;25.00;24.00;23.75;24.25;24.00;25.75;35.25;33.25;25.00;24.00;23.75;24.00;24.25;24.25;30.50;28.50;24.25;24.00;23.25;24.00;23.25;23.75;24.50;24.25;23.75;23.25;22.75;23.25;23.25;23.00;23.50;23.00;23.00;23.00;23.00]
91407- [24.25;24.25;24.25;24.75;24.50;24.00;24.25;24.50;24.50;24.00;24.50;25.50;25.50;24.25;24.25;24.00;24.25;24.50;25.25;30.50;30.25;24.75;24.75;23.75;24.00;24.25;25.25;34.50;33.25;25.00;24.25;23.50;24.50;24.50;25.50;35.25;33.25;24.50;24.00;23.75;23.75;24.00;24.75;31.00;28.50;24.00;24.00;23.75;23.50;23.50;23.75;24.50;24.50;23.75;23.25;23.00;23.00;23.50;23.50;23.25;23.00;22.75;23.00;23.00]
91892- [24.50;24.25;24.50;24.75;25.25;24.50;24.75;24.50;24.50;24.50;24.50;25.75;25.25;24.50;24.50;24.00;24.50;24.75;25.50;31.00;30.75;25.00;24.50;24.25;24.25;24.25;25.00;34.25;33.25;25.25;24.25;24.00;24.00;24.50;25.50;35.00;33.25;25.25;24.50;23.50;23.75;24.25;25.25;31.25;28.75;24.50;23.75;24.00;23.75;23.75;23.50;25.25;24.50;24.00;23.75;23.00;23.25;23.50;24.00;23.25;23.75;23.25;23.75;23.25]
92377- [24.75;24.25;24.50;24.75;24.75;24.75;24.75;24.50;24.50;24.75;24.75;25.75;26.00;24.75;24.00;24.75;24.25;24.75;25.00;30.75;30.50;25.00;24.50;24.00;24.25;24.25;25.00;34.50;33.50;25.00;24.25;23.75;24.75;24.50;25.50;35.25;33.50;24.75;24.25;24.00;23.75;24.50;24.75;31.25;28.50;24.50;23.75;24.00;23.50;24.00;24.25;24.75;24.50;24.00;23.50;22.75;23.75;23.25;23.25;23.75;24.50;23.25;23.50;23.25]
92862- [24.50;24.25;24.00;25.00;24.50;24.75;24.75;24.00;24.50;24.25;24.50;25.75;25.75;24.50;24.25;24.50;24.50;24.50;25.25;31.00;30.50;24.75;24.75;23.75;24.50;24.25;25.00;34.25;33.00;25.50;24.50;24.25;24.25;24.50;25.75;35.25;33.25;25.00;24.25;23.75;24.00;24.75;25.00;31.00;28.75;24.25;23.50;23.75;24.00;23.75;24.00;24.75;24.50;23.75;23.50;22.75;23.00;23.75;23.75;23.25;23.75;23.00;23.50;23.00]
93347- [24.75;23.75;24.50;25.25;24.75;24.50;24.75;24.25;24.75;24.25;25.00;25.25;25.75;24.25;24.50;24.25;24.50;24.50;25.75;31.00;30.50;25.00;24.75;24.00;24.25;24.50;25.25;34.50;33.50;25.00;24.25;24.00;24.50;25.00;25.75;35.25;33.25;25.00;24.50;23.75;24.25;24.50;25.00;31.00;28.50;24.50;24.00;23.75;23.75;23.75;24.00;24.75;24.50;24.00;23.75;22.75;24.00;24.00;23.25;23.50;24.00;23.25;23.75;23.50]
93832- [24.50;24.50;24.75;25.00;25.00;24.75;24.75;24.75;24.75;24.25;25.00;26.00;25.75;24.75;24.50;24.75;24.50;24.75;25.25;30.75;30.50;25.00;24.50;23.75;24.75;24.75;25.50;34.50;33.25;25.00;24.50;24.25;24.75;24.75;26.00;35.25;33.75;25.50;24.25;23.75;24.25;24.25;25.00;31.00;28.75;24.75;24.25;23.75;23.75;23.75;24.50;24.75;24.50;24.00;23.50;23.00;23.25;23.25;23.75;23.25;23.75;23.25;23.75;23.75]
94317- [25.00;24.25;24.75;24.75;25.00;24.75;24.75;24.50;25.00;24.75;25.25;26.00;26.00;24.50;24.50;24.50;24.25;24.75;25.25;31.00;30.50;25.25;25.25;24.50;25.00;24.50;25.50;34.75;33.50;25.25;24.50;23.50;24.75;25.00;25.75;35.25;33.50;24.75;24.50;23.50;24.50;24.25;25.25;31.25;29.00;24.50;23.75;24.50;24.00;24.00;24.25;25.50;24.50;24.00;23.25;23.50;23.25;23.75;23.75;24.00;23.25;23.50;23.75;23.50]
94802- [24.50;24.00;24.50;24.50;25.00;24.50;24.75;24.50;24.50;24.50;25.50;25.50;25.50;24.50;24.00;25.00;24.75;25.00;25.25;31.00;30.50;25.25;24.25;23.75;24.50;24.75;25.25;34.50;33.50;24.75;24.25;24.25;24.75;25.25;25.25;35.25;33.25;25.50;24.50;24.00;24.00;24.25;25.25;31.25;28.75;24.75;23.75;24.25;23.25;23.50;23.75;24.75;24.25;23.75;23.25;23.25;23.75;23.75;23.75;23.50;23.75;23.00;23.25;23.25]
95287- [24.75;24.00;24.50;25.00;25.00;24.25;24.75;24.00;24.50;24.75;25.00;25.75;26.00;24.25;24.50;25.00;24.50;24.75;25.25;31.00;30.25;25.25;24.75;24.25;24.00;24.50;25.25;34.75;33.25;25.00;24.50;24.25;24.75;24.25;25.25;35.25;33.50;24.75;24.00;24.00;24.00;24.25;24.75;31.25;28.50;24.50;23.75;23.75;23.25;23.25;24.00;24.75;24.25;24.00;23.50;23.00;24.25;23.25;23.75;23.75;23.50;23.00;23.50;23.75]
95772- [24.75;24.25;24.25;24.50;25.00;24.25;24.75;24.25;25.00;24.25;24.50;25.50;25.25;24.75;24.50;24.50;24.25;24.25;24.75;31.00;30.25;25.25;24.75;23.75;24.75;24.00;25.25;34.25;33.25;25.25;24.50;24.25;24.00;24.50;25.50;35.50;33.25;25.00;24.50;23.50;23.75;24.00;24.50;31.00;28.50;24.00;23.75;23.75;23.75;23.50;23.75;24.75;24.25;23.75;23.25;23.25;23.25;23.50;23.50;23.50;23.50;23.00;23.25;23.25]
96257- [24.50;24.00;24.50;24.75;24.75;24.25;24.25;24.25;24.25;24.25;24.25;25.25;25.50;24.25;23.75;24.00;24.00;24.25;25.25;30.50;30.25;25.00;24.00;23.75;24.25;24.00;25.00;34.00;33.50;24.75;24.00;24.00;24.50;24.50;25.00;35.25;33.00;24.50;24.00;23.50;24.00;24.50;25.00;31.00;28.25;24.00;23.50;23.75;23.75;23.50;24.00;24.75;24.00;23.50;23.00;22.25;23.50;23.25;23.00;23.25;23.50;23.00;23.00;22.75]
96742- [24.50;23.75;24.00;24.75;24.50;23.75;24.25;24.25;24.50;23.75;24.25;25.50;25.00;24.25;24.25;24.25;24.00;24.25;24.75;30.25;30.25;25.00;24.00;23.75;23.75;24.25;25.00;34.00;32.75;25.00;23.75;23.50;24.00;24.00;25.50;34.75;33.25;24.75;24.00;23.25;23.75;23.75;24.25;30.75;28.25;24.00;23.75;23.75;23.50;23.50;23.50;24.00;24.00;23.75;23.00;22.50;23.00;23.25;23.25;23.00;23.25;23.25;23.25;23.75]
97227- [24.50;23.75;24.50;24.50;24.75;24.00;24.50;24.00;24.25;23.75;24.75;25.25;25.00;23.75;24.00;24.50;24.25;24.50;25.00;30.25;29.75;24.75;24.50;23.75;23.75;24.00;25.25;34.25;33.25;25.00;23.75;23.75;24.25;24.25;25.50;34.50;32.75;24.50;23.50;23.50;23.50;23.75;24.75;31.00;28.25;24.00;23.50;23.50;23.50;23.25;23.25;24.50;24.25;23.75;23.75;22.50;22.75;23.25;23.00;22.75;23.25;23.00;23.50;22.50]
97712- [24.75;23.75;24.50;24.75;24.75;23.75;24.50;24.25;24.25;24.00;24.50;25.25;25.50;24.25;24.25;24.00;24.25;24.75;25.00;30.50;30.00;25.00;24.50;24.00;24.25;24.25;25.25;34.00;33.00;25.00;24.00;23.75;24.00;24.50;25.50;35.50;33.00;24.75;24.00;23.50;23.75;24.00;25.00;31.00;28.50;24.25;23.50;23.25;23.50;23.00;23.75;24.25;24.00;23.75;23.00;22.50;23.50;23.50;23.25;23.50;23.50;23.00;23.25;23.25]
98197- [24.50;24.25;24.50;24.75;24.50;24.25;24.75;24.75;24.25;24.00;24.50;25.25;25.50;24.50;24.00;24.50;24.25;24.25;25.50;30.50;30.50;25.00;24.50;23.50;23.75;24.00;25.00;34.25;33.50;24.50;24.25;23.75;24.75;24.75;25.50;35.00;33.50;25.00;24.00;23.50;23.75;24.25;24.50;30.50;28.25;24.00;23.25;23.75;23.75;23.75;24.00;24.50;24.50;23.50;23.00;22.75;23.25;23.25;23.25;23.50;23.50;22.50;23.50;23.50]
98682- [24.50;23.75;24.00;24.75;24.75;23.75;24.25;24.25;24.25;24.75;24.75;25.00;25.50;24.25;23.75;24.25;24.00;24.50;25.25;31.00;30.25;24.50;24.50;24.25;23.50;24.25;24.75;34.00;33.25;24.75;24.25;23.25;24.25;24.25;25.25;35.00;33.00;24.75;24.25;24.00;24.00;24.25;24.75;30.75;28.50;24.00;23.75;23.50;23.50;23.25;23.75;24.25;23.75;23.75;23.00;23.00;23.50;23.50;23.00;23.50;23.50;23.00;23.00;23.00]
99167- [25.00;23.75;24.25;25.00;24.75;24.00;24.75;24.25;24.50;24.25;24.75;25.50;25.25;24.50;24.25;24.25;24.25;24.25;25.00;30.50;30.25;24.50;24.25;23.75;24.50;24.25;25.00;34.25;33.25;25.00;24.25;23.50;24.00;24.50;25.25;35.00;33.25;25.00;24.00;23.75;24.00;24.00;24.50;30.75;28.25;24.25;23.50;23.50;23.75;23.50;23.75;24.75;24.25;23.50;23.25;23.25;22.50;23.25;23.75;23.25;23.25;22.25;23.00;23.25]
99652- [24.00;24.25;24.25;25.00;24.50;24.00;24.50;24.00;24.50;24.00;24.25;25.25;25.50;24.00;24.25;24.25;24.25;24.75;24.75;30.25;30.50;24.75;24.25;24.00;24.00;24.25;24.75;34.25;33.25;24.75;24.00;23.75;24.25;25.00;25.50;34.75;33.00;24.75;24.00;23.75;24.00;24.25;24.50;30.75;28.75;23.75;23.50;23.75;23.75;23.75;23.50;24.75;24.25;23.75;23.25;23.00;23.50;23.25;23.25;23.00;23.25;22.75;22.75;22.75]
100137-[24.75;24.25;24.25;24.50;24.50;24.25;24.50;24.50;24.50;24.25;24.25;25.25;25.25;24.25;24.00;24.25;24.50;23.50;24.75;30.75;30.00;24.50;24.00;24.00;24.25;24.25;24.50;34.00;33.00;24.50;23.75;23.50;24.50;24.25;25.25;34.75;33.00;24.50;24.00;23.50;23.75;24.25;25.00;31.00;28.25;24.00;23.75;24.00;23.50;23.50;23.75;24.50;24.25;24.00;23.00;23.00;23.50;23.75;22.75;23.00;23.00;23.00;22.75;23.00]
100622-[24.25;23.75;24.50;24.75;24.50;24.00;24.50;23.50;24.00;24.50;24.75;25.25;25.25;24.00;24.25;23.75;24.25;23.75;25.00;30.50;30.25;24.75;24.25;23.75;23.75;24.25;25.00;34.00;33.25;24.50;23.75;23.75;24.25;24.50;25.00;34.50;32.75;25.00;23.75;23.25;23.50;24.50;24.25;30.75;28.50;24.00;23.00;23.75;24.00;23.00;24.00;24.50;24.00;23.50;23.25;22.25;23.50;23.50;23.50;22.75;22.75;23.00;23.00;23.50]
101107-[24.75;23.50;24.25;24.25;24.50;24.00;24.75;23.50;24.00;23.75;24.25;25.50;25.00;24.00;23.75;24.25;23.75;24.25;24.50;30.25;30.00;24.50;24.00;23.25;24.25;24.00;24.75;34.00;33.00;24.25;24.25;23.25;24.25;24.00;25.00;35.00;33.00;24.50;23.75;23.50;23.25;23.75;24.50;31.00;27.75;23.75;23.75;23.25;23.25;23.00;23.75;24.00;24.00;23.25;23.00;22.75;23.25;23.25;23.25;23.50;23.25;23.25;22.50;23.25]
101592-[24.50;23.75;24.25;24.25;24.50;24.25;23.75;24.00;24.25;23.75;24.00;25.25;24.75;24.00;24.00;24.00;24.00;24.25;25.00;30.25;30.00;24.25;24.25;23.75;24.00;24.00;25.00;33.75;33.00;24.75;24.00;23.50;24.25;24.25;25.00;34.75;33.00;24.25;23.50;23.00;23.50;24.00;24.50;30.25;28.00;24.00;23.25;23.50;23.50;23.50;23.25;24.00;24.00;23.25;23.00;22.25;23.00;23.00;23.25;22.75;22.50;22.25;23.25;22.75]
102077-[24.00;23.25;23.75;24.50;24.00;23.75;24.00;23.75;24.00;23.75;24.00;25.00;25.00;23.50;23.50;23.50;24.00;24.25;24.25;30.00;29.50;24.50;24.25;22.75;23.75;23.75;24.25;33.50;32.75;24.25;23.50;23.00;24.25;23.75;24.75;34.50;32.50;24.00;23.75;23.00;23.25;23.75;24.00;30.25;27.75;23.50;23.25;23.25;23.00;23.00;23.25;24.00;23.75;22.75;23.25;22.50;23.50;23.25;23.00;22.75;23.00;22.50;23.00;22.25]
102562-[23.50;23.25;23.75;24.00;24.50;23.25;23.50;23.25;24.25;23.75;24.00;25.00;24.75;23.50;23.50;24.00;23.75;24.25;24.25;29.75;29.50;24.25;23.75;22.75;23.50;23.50;24.50;33.50;32.50;24.25;24.00;23.50;24.00;23.75;24.50;35.00;32.25;24.00;23.25;22.75;23.50;23.50;24.00;29.75;27.75;23.50;23.25;23.00;23.50;23.50;23.00;24.25;23.50;23.00;22.25;22.25;22.50;23.00;23.00;22.75;22.75;22.50;23.00;22.25]
103047-[24.00;23.50;23.75;24.25;24.00;23.75;24.00;23.25;24.00;23.25;24.00;24.75;25.25;24.25;23.50;23.75;24.00;23.75;24.25;30.00;29.75;24.50;24.00;23.50;23.75;23.75;24.25;33.50;33.00;24.25;23.25;23.25;23.75;24.25;24.75;34.25;32.50;24.00;23.25;22.75;23.25;23.00;24.00;29.75;28.00;23.25;23.25;23.00;23.00;22.50;23.50;23.50;23.50;23.00;22.75;22.25;23.00;22.75;23.00;22.75;22.75;22.75;22.75;22.50]
103532-[23.25;23.50;23.25;24.00;24.00;23.00;23.50;23.50;23.75;23.00;23.50;25.00;24.00;23.50;23.50;23.75;23.50;23.75;24.25;29.75;29.50;24.00;23.75;23.50;23.75;23.25;24.25;33.25;32.25;24.25;23.50;22.75;23.50;23.50;24.50;34.25;32.00;24.00;23.00;22.75;23.25;23.25;23.75;30.25;27.50;23.75;23.00;22.75;23.00;22.75;22.50;24.00;23.50;22.75;22.50;22.50;22.50;22.75;23.00;22.25;22.25;22.25;22.75;22.50]
104017-[23.50;23.50;23.75;23.75;24.25;23.50;24.00;23.75;24.00;23.25;24.25;24.75;25.00;23.50;23.50;23.00;23.75;23.75;24.25;29.75;29.50;24.25;23.50;23.25;23.75;23.50;24.50;33.00;32.25;24.50;23.75;22.75;23.75;24.00;24.50;34.50;32.50;24.25;23.50;22.75;23.25;23.50;24.25;30.00;28.00;23.50;23.25;23.00;23.00;22.75;23.00;24.00;23.50;22.75;22.75;22.25;22.75;22.75;22.75;23.00;23.50;22.50;22.75;22.75]
104502-[24.00;23.25;23.50;24.00;24.25;23.75;23.75;23.25;23.50;23.75;24.25;25.25;24.75;23.50;23.75;23.75;24.00;24.25;24.50;30.00;30.00;24.25;23.75;23.00;24.00;24.00;24.25;34.00;33.00;24.25;23.50;23.00;23.75;23.75;25.00;34.50;32.50;24.00;23.50;22.50;23.50;23.75;24.00;30.25;27.75;23.50;23.00;23.25;23.75;23.25;23.50;24.00;23.75;23.00;22.75;22.50;22.50;23.00;23.50;23.25;23.25;22.75;22.50;22.75]
104987-[24.25;23.50;23.75;24.50;24.25;24.00;24.25;23.75;24.00;24.00;24.00;25.00;25.00;24.00;23.50;23.75;24.00;24.25;25.00;30.25;29.75;24.25;24.00;23.50;24.25;23.50;24.75;33.50;33.00;24.75;24.00;23.50;24.25;24.00;25.00;34.75;32.50;24.50;23.75;23.25;23.75;23.50;24.50;30.25;27.75;23.75;23.25;23.25;23.00;23.50;23.25;24.25;24.25;23.25;23.00;22.25;23.50;23.00;23.25;23.00;22.50;22.50;23.00;23.25]
105472-[24.25;23.75;24.00;24.50;24.25;24.25;24.25;23.75;24.50;24.25;24.25;25.00;24.75;24.25;23.75;24.00;24.50;24.50;25.25;30.25;30.25;24.50;24.25;23.50;24.00;24.00;25.00;33.75;33.25;24.75;23.75;24.00;24.00;24.25;25.00;34.75;33.00;24.25;24.00;23.25;23.75;23.75;24.75;30.75;28.25;24.00;23.25;23.25;24.00;23.00;24.00;24.50;24.00;23.50;23.50;22.25;23.50;23.75;23.50;23.00;23.50;22.25;23.25;23.25]
105957-[24.50;23.75;24.50;24.50;24.50;24.00;24.25;24.25;24.00;23.50;24.25;25.50;25.00;24.00;24.00;24.00;24.00;24.00;24.75;30.25;30.25;24.25;24.00;23.75;24.00;24.00;25.00;33.50;33.25;24.25;24.00;24.25;24.25;24.00;25.25;34.75;33.25;24.50;24.00;23.25;23.75;23.75;24.25;30.75;28.00;23.75;23.00;23.50;23.25;23.00;23.50;24.00;23.75;23.50;23.00;23.00;23.00;23.25;23.25;23.50;23.00;23.50;23.00;23.50]
106442-[24.00;23.50;24.50;24.75;24.25;24.00;24.25;23.75;23.75;24.25;24.25;25.00;25.25;24.25;23.75;24.00;24.25;24.50;24.75;30.25;30.00;24.75;24.25;23.75;23.50;24.25;24.75;34.00;33.00;25.00;24.00;23.25;24.50;24.25;25.00;34.50;32.75;24.50;23.75;23.25;23.75;24.00;24.75;31.00;28.25;23.75;23.50;23.25;23.50;23.50;23.75;24.50;24.25;23.75;23.25;22.50;23.25;23.00;23.50;23.25;23.25;22.75;23.00;22.75]
106927-[24.25;24.00;24.00;24.25;24.75;23.75;24.25;24.25;24.50;23.50;24.25;25.50;25.50;24.25;23.75;23.75;24.00;24.50;24.75;30.25;30.25;24.75;24.25;23.75;24.00;24.25;24.75;33.75;33.00;24.50;23.75;23.50;24.75;24.25;25.00;34.75;33.00;24.50;24.50;23.25;23.75;24.00;25.00;30.50;28.25;23.50;23.75;24.00;23.00;23.25;23.50;24.50;24.75;23.50;23.25;22.75;23.25;23.00;23.75;23.25;23.00;22.75;23.25;22.75]
107412-[24.25;24.25;24.25;24.50;24.25;24.00;24.25;23.75;24.25;24.25;24.50;25.00;25.25;24.25;24.25;24.50;24.25;24.50;24.50;30.50;30.00;24.50;24.25;23.75;24.25;24.25;25.00;33.75;33.25;25.00;24.00;23.50;24.00;25.00;25.00;34.75;32.75;24.75;23.75;23.75;23.50;24.00;24.75;30.75;28.75;24.25;23.50;23.50;23.00;23.50;23.25;24.75;24.00;23.50;23.00;23.00;23.25;23.25;23.50;23.50;23.25;22.75;23.25;23.50]
107897-[24.50;24.00;24.25;24.75;24.50;24.00;24.25;23.75;24.75;24.50;24.50;25.25;25.25;24.25;24.00;24.25;24.00;24.50;24.50;30.00;30.50;24.75;24.50;24.00;24.50;24.25;24.75;33.75;33.00;25.00;24.25;23.50;24.00;24.50;25.25;35.00;33.25;24.75;24.00;23.50;23.50;24.50;25.00;30.50;28.00;24.00;23.75;24.00;23.75;23.00;23.50;24.50;24.00;23.50;23.00;22.50;23.75;23.25;23.75;23.00;23.25;22.50;23.50;23.00]
108382-[23.50;23.75;24.00;24.50;24.75;24.00;24.50;23.75;24.00;24.25;24.25;25.50;25.00;24.00;24.00;24.50;23.75;24.50;25.00;30.50;30.25;24.50;24.00;24.00;24.00;24.25;24.75;33.75;33.25;24.50;23.75;23.75;24.50;24.25;25.25;35.00;33.25;24.50;23.75;23.50;24.00;24.25;24.50;31.00;28.50;24.25;23.75;23.50;23.50;23.25;23.25;24.25;24.00;23.50;23.25;23.00;23.50;23.25;23.50;22.75;23.25;22.75;23.25;23.25]
108867-[24.25;23.75;24.25;24.50;24.25;24.00;24.75;24.50;24.50;23.75;24.00;25.50;25.00;24.00;23.75;24.25;24.00;24.50;25.00;30.50;30.00;24.75;24.00;24.00;24.00;24.25;25.00;34.00;33.00;25.00;24.25;23.75;24.25;24.25;25.00;34.75;33.00;24.75;24.00;23.25;24.00;24.25;24.75;30.50;28.25;24.00;23.50;23.75;23.50;23.25;23.75;24.75;24.00;23.50;23.00;22.25;23.25;23.25;23.50;23.00;23.25;23.00;23.25;23.50]
109352-[24.25;23.75;24.25;24.50;24.50;24.00;24.50;23.75;24.00;24.00;24.50;25.25;25.25;24.25;23.75;24.00;24.00;24.25;24.75;30.50;30.00;24.50;24.75;23.75;23.50;24.00;24.75;33.75;32.75;24.50;23.75;23.25;24.25;24.25;25.25;35.00;33.25;24.50;24.00;23.00;23.75;24.25;24.75;30.50;28.00;24.00;23.00;23.50;23.75;23.00;23.75;24.50;24.00;23.50;23.25;23.00;23.50;23.25;23.25;23.50;23.50;23.25;22.75;22.75]
109837-[24.25;23.75;23.75;24.25;24.75;23.75;24.00;23.75;24.50;24.00;24.50;25.25;25.50;24.00;24.00;24.25;24.25;24.25;24.75;30.25;30.25;24.25;24.00;24.00;23.75;23.75;25.00;33.75;33.25;24.75;24.25;23.75;24.25;24.00;25.00;34.75;33.00;24.50;24.00;23.50;23.50;24.25;24.25;30.50;28.25;24.00;23.25;23.50;23.50;23.50;23.75;24.75;24.00;23.75;23.00;22.50;23.75;22.75;23.50;23.00;23.25;23.00;23.50;22.75]
110322-[24.00;23.75;24.25;25.00;24.50;24.00;24.25;24.00;24.25;24.00;24.00;25.50;25.25;24.00;24.00;24.75;24.50;24.25;25.00;30.25;30.00;24.50;24.50;23.75;24.00;24.00;25.00;33.75;32.75;24.75;23.75;23.75;24.25;24.25;25.00;34.75;32.75;24.00;24.25;23.00;23.50;24.00;25.25;30.50;28.25;24.00;23.50;23.75;23.25;23.50;23.25;24.50;24.25;23.75;23.50;22.75;23.50;23.25;23.25;23.50;23.00;22.25;22.75;23.25]
110807-[24.25;24.00;24.25;24.50;25.00;24.00;24.75;24.25;24.25;24.00;24.50;25.25;25.50;24.00;23.50;24.00;24.25;24.25;24.75;30.50;29.75;24.75;24.50;23.75;24.00;24.00;24.75;33.75;33.25;24.75;24.00;23.75;24.25;24.00;25.00;35.00;33.00;24.75;24.25;23.25;23.50;23.75;24.50;31.00;28.25;24.25;23.75;23.50;23.50;23.00;24.00;24.50;24.25;23.75;23.25;22.50;23.50;23.75;23.75;23.00;23.75;23.00;22.75;23.00]
111292-[24.75;23.50;24.00;24.50;24.50;24.00;24.50;23.50;24.50;23.75;24.00;25.00;25.25;24.00;23.75;23.75;24.25;24.25;24.50;30.50;29.75;24.50;24.00;23.50;23.50;24.50;24.50;33.75;33.00;24.75;24.00;23.50;24.00;24.25;25.25;34.75;32.50;25.00;24.00;23.25;23.75;24.00;24.00;30.75;28.00;23.75;23.50;23.25;23.50;23.25;23.25;24.50;23.75;23.50;23.50;22.50;23.25;23.25;23.75;23.50;23.25;22.50;23.50;23.25]
111777-[23.75;23.75;24.00;24.50;24.75;24.00;24.00;23.75;24.50;23.75;24.25;25.00;25.25;24.25;24.00;24.00;24.00;24.00;25.00;30.25;30.25;24.50;24.50;23.75;24.25;24.25;24.50;33.75;33.25;24.50;23.75;23.25;24.25;24.25;25.00;35.00;32.75;24.50;23.75;23.25;23.75;23.50;24.50;30.75;28.00;23.75;23.25;23.25;23.50;23.00;23.50;24.50;24.25;23.25;23.00;22.25;23.00;23.75;23.50;23.25;23.25;22.50;22.75;22.50]
112262-[24.25;24.00;23.75;24.00;24.25;23.75;24.50;24.00;24.50;24.00;24.00;25.25;25.25;24.00;24.00;23.50;24.50;24.00;24.75;30.25;29.75;24.50;24.00;23.25;24.00;23.75;24.50;34.00;32.75;24.50;23.75;23.50;24.00;24.25;25.00;34.50;32.75;24.50;23.75;23.00;23.75;24.00;24.25;30.25;28.00;24.00;23.25;23.25;23.75;23.50;23.75;24.25;24.00;23.50;22.75;22.50;22.75;23.00;23.00;22.75;23.00;22.25;23.25;23.00]
112747-[24.25;24.00;24.00;24.50;24.75;24.25;24.25;24.25;24.50;24.25;24.50;25.25;25.25;24.00;23.75;24.25;24.00;24.25;24.75;30.25;30.50;25.00;24.25;23.75;24.25;24.25;24.75;34.00;33.00;24.75;24.25;24.00;24.25;24.50;25.00;34.50;32.75;24.50;24.25;24.00;24.00;24.25;24.50;30.75;27.75;24.00;23.25;23.50;23.00;23.50;23.25;24.50;24.00;23.75;23.25;22.75;23.50;22.75;23.25;22.50;23.00;22.75;23.00;22.75]
113232-[24.25;23.75;23.75;24.75;24.75;23.75;24.50;24.00;24.50;24.25;24.25;25.50;25.25;24.50;24.25;24.25;24.50;24.25;24.75;30.25;30.25;24.75;24.75;24.00;24.50;24.25;25.00;33.75;33.00;25.00;23.75;24.00;24.50;24.25;25.00;34.75;32.75;24.00;24.25;23.50;23.75;24.00;24.75;30.75;28.50;24.00;23.25;23.75;23.50;23.25;24.00;24.50;24.25;23.50;23.00;22.50;23.50;23.25;23.50;23.00;23.50;22.50;23.50;22.75]
113717-[24.50;24.00;24.25;24.50;24.75;24.25;24.75;24.50;24.00;24.50;24.50;25.75;25.25;24.75;23.50;24.25;24.00;24.25;24.75;30.25;30.00;24.50;24.50;24.00;24.25;24.25;25.00;34.00;33.25;25.00;24.00;23.50;24.25;24.50;25.00;35.00;33.00;24.25;24.25;23.50;23.25;23.75;25.00;30.75;28.25;24.25;23.25;23.50;23.25;23.50;23.75;24.25;24.25;23.50;23.25;22.25;23.25;23.25;23.50;22.75;22.75;23.25;23.00;23.25]
114202-[24.75;24.25;24.25;24.75;25.00;24.25;24.25;24.50;24.75;24.75;24.75;25.50;25.25;24.00;24.25;24.25;24.50;24.50;24.75;30.75;30.25;25.00;24.25;24.00;24.50;24.00;25.25;34.00;33.50;24.75;24.00;23.75;24.50;24.25;25.25;34.75;33.25;24.75;24.00;23.00;24.25;23.75;25.00;31.00;28.75;24.00;23.50;23.25;23.50;23.25;23.75;24.50;24.25;23.50;23.50;22.50;23.50;23.50;24.00;23.25;23.00;23.00;23.25;24.00]
114687-[24.25;23.50;23.75;24.25;24.75;24.00;24.50;24.00;24.25;24.25;24.25;25.00;25.50;24.75;24.00;24.25;24.25;24.25;24.75;30.50;30.00;24.75;24.50;23.75;24.25;24.25;24.75;34.00;33.00;24.75;24.25;23.50;24.25;24.50;25.25;34.75;33.00;25.00;24.00;23.50;24.00;24.00;25.00;30.75;28.00;24.00;23.00;23.50;23.75;23.50;24.00;24.25;24.25;23.50;23.25;22.50;23.50;23.25;23.75;23.25;23.50;23.00;23.00;23.25]
115172-[24.25;24.00;23.75;24.50;24.50;24.25;24.00;24.25;24.25;24.00;24.50;25.50;25.50;24.50;24.25;24.50;24.25;24.50;24.75;30.25;30.00;24.50;24.75;23.75;24.50;24.25;25.00;33.75;33.25;24.50;23.75;23.75;24.50;24.50;25.25;35.25;32.75;25.00;24.00;23.50;24.00;24.00;24.50;30.50;28.25;23.75;23.50;23.75;23.25;23.00;23.50;24.50;23.75;23.75;23.25;22.50;23.25;23.25;23.25;23.25;22.75;23.00;23.75;22.75]
115657-[24.75;24.00;24.25;24.50;24.75;24.00;24.50;24.25;24.50;24.00;24.25;25.50;25.25;24.00;24.25;24.25;24.25;24.50;25.00;30.50;30.25;25.00;24.25;24.25;24.25;24.00;25.25;33.75;33.00;24.50;24.00;23.50;23.75;24.25;25.25;34.75;33.25;24.50;23.75;23.00;23.50;24.00;24.75;30.75;28.00;24.00;23.75;23.25;23.75;23.00;23.25;24.25;24.00;23.25;23.00;22.25;23.50;23.00;23.25;23.25;23.00;22.75;23.25;23.00]
116142-[24.25;23.75;24.25;24.25;24.75;24.00;24.75;24.75;24.25;24.25;23.75;25.25;25.00;24.25;23.75;24.00;24.50;24.25;24.75;30.50;30.00;24.75;24.00;23.75;24.00;24.25;24.75;33.75;33.00;24.50;23.50;23.75;24.00;24.25;25.25;34.50;33.25;24.75;24.25;23.00;23.75;24.00;24.75;30.75;28.25;24.00;23.75;24.00;23.25;23.25;23.25;24.75;24.25;23.50;23.25;22.50;24.00;23.25;23.25;23.25;23.25;22.75;22.50;22.75]
116627-[24.50;23.50;24.25;24.00;24.75;24.25;24.50;23.75;24.50;24.00;24.25;25.50;25.25;24.50;23.75;24.25;24.50;24.50;24.75;30.25;30.00;24.75;24.50;23.50;24.50;24.50;24.75;34.25;33.00;24.75;24.25;23.00;24.50;24.25;25.00;34.75;33.00;25.00;23.75;23.75;24.25;24.00;24.50;30.75;28.25;24.25;23.50;23.50;24.50;23.25;23.75;24.25;24.25;23.25;23.25;22.75;23.00;23.25;23.50;23.25;23.25;23.25;23.25;22.75]
117112-[24.75;24.00;24.25;24.75;25.00;24.00;24.50;24.00;24.50;23.75;24.25;25.00;25.00;24.25;24.00;24.25;24.25;24.25;25.00;30.25;30.00;25.25;24.00;23.25;24.00;24.00;25.00;34.00;33.25;24.50;23.75;23.50;24.25;24.25;25.00;35.00;32.75;24.50;23.50;23.25;23.50;23.75;24.00;30.75;27.75;24.25;23.25;23.25;23.50;23.00;23.50;24.25;24.00;23.25;23.00;22.00;23.25;23.25;23.00;23.00;23.50;23.00;22.75;22.25]
117597-[24.25;23.25;24.00;24.75;24.25;24.00;24.00;24.00;24.25;23.75;24.25;25.25;25.50;24.25;23.75;24.00;24.00;24.25;24.50;30.25;30.00;24.25;24.50;23.50;23.75;24.00;24.75;33.75;33.25;24.50;23.50;23.00;24.25;24.00;25.25;34.75;32.75;24.50;24.00;23.25;24.00;24.00;24.25;30.25;28.00;23.75;23.50;23.25;23.50;23.25;23.75;24.50;23.75;23.25;22.75;22.50;23.25;23.25;23.50;23.25;23.50;22.50;23.25;22.75]
118082-[24.25;24.00;24.50;24.50;24.50;24.00;24.25;23.75;24.00;23.75;24.25;25.25;25.25;24.00;24.00;23.75;24.50;24.25;24.50;30.00;29.75;24.75;24.25;24.00;24.00;24.75;24.75;33.50;33.00;24.50;24.00;23.75;24.00;24.50;25.25;34.75;33.00;24.75;24.00;23.00;23.25;23.75;24.50;30.50;28.25;23.75;23.00;23.25;23.50;23.00;23.50;23.75;24.00;23.00;22.75;22.25;23.00;23.25;23.25;23.00;23.25;22.75;23.00;22.75]
118567-[23.75;23.50;24.25;24.50;24.25;23.75;24.50;23.75;24.25;23.50;24.00;25.00;25.00;23.75;23.50;24.00;23.50;24.00;24.75;30.25;29.75;24.75;24.00;23.25;23.75;24.00;24.75;33.75;33.00;24.50;23.25;23.75;23.75;24.25;25.00;34.25;32.50;24.00;23.75;23.25;23.50;23.25;24.50;30.50;27.75;23.25;22.75;23.50;23.25;22.50;22.75;23.75;23.25;23.00;23.00;22.25;23.00;23.50;23.50;23.00;23.00;22.25;23.00;22.50]
119052-[24.50;23.75;24.00;24.25;24.75;23.25;23.75;23.50;23.75;23.75;23.75;24.75;24.75;23.50;23.50;24.00;23.75;23.75;25.00;29.75;29.75;24.25;24.25;23.50;23.75;23.75;24.75;33.25;33.00;24.25;23.50;23.25;23.50;24.00;24.50;34.50;32.50;24.25;23.50;23.25;23.75;23.50;24.25;30.50;27.75;23.75;23.25;22.75;22.75;23.00;23.00;23.75;23.50;23.00;22.50;22.25;23.50;23.50;23.00;22.75;22.75;22.25;22.50;22.50]
119537-[23.25;24.00;23.75;24.75;24.25;23.25;24.00;23.00;24.25;23.25;24.00;25.00;24.75;23.75;23.25;24.00;24.25;24.00;24.25;30.00;29.75;24.25;24.25;23.00;23.25;23.50;24.50;33.75;32.75;24.25;23.75;23.00;24.00;24.00;24.75;34.50;32.25;24.25;23.50;23.25;23.00;23.50;24.25;30.25;27.75;23.75;23.00;23.50;23.75;22.75;23.25;24.00;24.00;23.00;23.00;22.00;23.00;23.00;23.25;23.25;23.00;22.50;22.75;22.75]
120022-[24.00;23.50;23.75;24.25;24.25;23.00;24.00;23.50;24.00;24.00;23.50;25.00;24.75;24.00;23.50;23.25;23.75;24.00;24.50;30.00;30.00;24.25;23.75;22.75;23.75;24.00;24.75;33.50;32.75;24.25;23.50;23.50;24.00;23.75;24.75;34.50;32.25;24.00;23.75;23.25;23.50;23.75;24.00;30.50;28.00;23.50;23.00;23.00;23.25;23.50;23.25;24.25;24.25;23.25;22.50;22.00;23.25;23.25;22.75;23.50;22.75;22.50;22.75;22.75]
120507-[24.00;23.25;24.00;24.25;24.25;23.50;24.00;24.00;24.00;23.75;23.75;25.00;25.00;24.00;23.75;24.25;23.75;24.00;24.50;30.00;30.25;24.50;24.25;23.25;23.75;23.75;24.75;33.75;32.75;24.25;24.00;23.25;23.75;24.00;24.75;34.50;32.50;24.75;23.50;23.25;23.75;24.00;24.25;30.25;27.75;23.50;23.00;23.50;23.75;23.00;23.25;24.25;24.00;23.75;23.00;22.50;23.00;23.25;23.50;22.75;23.25;22.75;23.00;23.00]
120992-[24.25;23.50;23.75;24.25;24.25;24.25;24.25;24.00;24.00;23.75;24.50;25.00;25.25;24.00;23.75;24.25;24.00;24.25;24.50;29.75;29.75;24.75;23.75;23.75;24.00;23.75;24.25;33.50;32.50;24.50;24.25;23.75;24.00;24.25;25.00;34.50;33.00;24.50;23.75;23.75;23.50;23.50;24.75;30.50;28.25;23.50;23.00;22.75;23.50;23.50;23.25;24.25;24.25;23.25;23.00;22.75;22.75;23.00;23.00;23.25;23.00;22.50;22.25;23.25]
121477-[24.00;23.75;24.00;24.50;24.50;23.75;24.25;24.00;24.50;23.25;24.00;25.00;24.75;24.00;23.75;23.75;24.00;24.25;24.75;29.75;30.00;24.50;24.25;23.25;24.25;24.00;25.00;33.75;33.00;24.25;23.75;23.25;24.25;24.25;24.75;34.50;32.50;24.25;23.75;23.75;23.75;23.75;24.00;30.25;28.00;24.00;22.75;23.75;23.00;22.75;23.25;24.00;23.75;23.50;23.00;22.25;23.25;23.50;23.50;23.00;23.25;22.50;23.50;23.25]
121962-[24.00;24.00;23.75;24.50;24.50;24.25;24.75;24.00;24.25;24.00;24.00;25.25;24.75;23.75;23.50;24.00;24.75;24.00;25.00;30.25;30.25;24.75;24.25;24.00;24.25;24.25;24.50;33.75;33.00;24.50;23.50;23.75;24.25;24.50;25.00;34.75;33.00;24.75;24.00;23.00;23.50;23.75;24.75;30.50;28.25;23.75;23.25;23.25;23.75;23.25;23.50;24.50;24.25;23.00;23.00;21.75;23.00;23.75;23.25;23.00;23.50;22.50;22.75;23.25]
122447-[24.25;23.50;24.50;24.50;24.50;24.00;24.00;24.25;24.00;24.25;24.25;25.25;25.75;24.00;23.75;24.00;24.25;24.00;24.50;30.75;30.00;24.50;24.25;23.75;24.50;24.25;25.00;34.00;33.50;24.50;24.25;23.50;24.00;24.25;25.25;35.00;32.75;24.75;23.75;23.25;23.75;23.75;24.50;30.75;28.00;24.00;23.25;23.00;23.50;23.00;23.50;24.25;23.75;23.25;22.75;23.25;23.00;23.25;23.50;23.50;23.25;22.75;23.00;22.75]
122932-[24.25;23.50;24.75;24.50;24.75;24.00;24.25;24.75;24.00;24.00;24.50;25.50;25.50;24.00;24.00;24.25;24.25;24.50;25.00;30.25;30.00;24.75;24.75;23.50;24.25;24.25;25.25;33.75;33.00;24.75;23.75;24.00;24.00;24.25;25.25;34.50;33.25;24.75;24.25;23.25;23.75;24.00;24.50;30.50;28.00;23.75;23.50;23.00;23.75;22.75;23.75;24.50;24.00;24.00;23.50;22.25;22.75;23.25;23.50;22.75;22.75;22.75;23.25;23.50]
123417-[24.25;24.00;24.25;24.50;24.75;24.00;24.75;23.50;24.50;24.00;24.25;25.50;25.25;24.25;23.75;24.75;24.00;24.50;25.00;29.75;30.25;24.50;24.00;23.25;24.50;24.25;25.00;33.50;33.00;24.75;24.00;23.50;23.75;24.50;25.25;34.50;33.25;24.50;24.25;23.00;24.00;23.75;24.75;30.50;28.25;23.75;23.75;23.75;23.75;23.50;24.00;24.25;24.25;23.50;23.50;22.75;22.75;23.75;23.00;23.25;23.50;22.50;23.00;22.75]
123902-[24.00;24.25;24.25;25.00;24.50;23.25;25.25;24.00;24.25;24.25;24.00;25.00;25.50;24.00;24.00;24.50;23.50;24.25;25.00;29.75;30.25;24.50;24.25;23.75;24.25;24.25;24.75;34.00;33.00;24.50;23.75;23.50;24.00;24.25;25.25;34.75;33.00;24.50;24.25;23.00;23.75;24.00;25.00;30.50;28.00;23.50;23.50;23.25;23.50;23.00;23.50;24.50;24.00;23.75;22.75;22.25;23.50;23.25;23.25;23.25;23.25;22.50;23.25;22.75]
124387-[24.25;24.25;24.00;24.50;24.50;24.25;24.50;24.25;24.00;24.25;24.25;25.25;25.25;24.25;24.00;24.00;24.50;24.50;24.75;30.25;30.25;24.75;24.00;23.50;24.25;23.75;25.25;33.75;33.00;25.00;23.75;24.00;24.00;24.50;25.00;34.75;32.75;25.00;23.50;24.00;23.75;24.00;24.25;30.50;28.25;24.00;23.50;23.50;23.50;23.50;23.25;24.75;24.00;23.75;23.50;22.50;23.25;23.25;23.00;23.25;23.50;22.75;23.00;23.00]
124872-[24.50;24.00;24.25;24.25;24.75;23.50;24.25;24.25;24.50;23.75;24.75;25.25;25.50;24.50;23.75;24.25;24.00;24.50;25.00;30.25;30.25;24.75;24.50;23.50;23.75;24.25;25.25;33.75;33.25;24.50;24.25;23.75;24.50;24.50;25.25;34.75;33.00;24.50;24.25;23.25;24.00;24.25;24.00;30.75;28.00;24.00;23.25;23.75;24.00;23.75;23.75;24.50;24.50;23.50;23.00;22.50;23.25;23.25;23.00;23.50;23.00;23.00;23.50;23.25]
125357-[24.50;23.75;24.00;24.75;24.75;24.25;24.50;24.00;24.25;24.00;24.00;25.50;25.25;24.25;24.50;24.00;24.50;24.25;24.75;30.50;30.00;24.75;24.50;23.25;24.25;24.25;25.00;34.00;33.50;24.50;23.75;23.75;24.25;24.50;25.00;35.00;32.75;24.50;24.00;23.50;23.75;23.75;24.25;3
