Vidroliquidotransparente200mm
227-   [24.50;24.50;24.75;26.00;25.75;24.75;24.75;24.25;24.50;25.25;25.50;32.00;31.25;25.00;24.00;24.25;24.75;24.50;25.75;37.00;36.00;26.00;24.50;24.25;24.25;24.50;26.25;38.50;36.50;25.25;23.75;23.50;24.25;24.50;26.75;38.75;36.00;25.25;24.00;23.25;24.00;24.00;25.25;36.00;32.00;24.50;23.25;23.00;23.00;22.75;23.75;29.50;26.50;23.50;22.50;22.50;23.00;23.00;23.25;23.00;23.25;22.75;22.75;22.00]
712-   [24.25;23.75;24.75;26.00;26.00;25.00;24.50;23.75;24.75;24.25;25.25;31.75;31.25;25.00;24.00;23.50;24.75;24.75;26.25;37.00;35.75;25.25;24.25;23.75;23.75;24.25;26.00;38.00;36.75;25.25;23.75;23.25;24.00;24.50;26.25;38.75;36.00;25.00;24.25;22.75;23.50;24.25;25.50;36.00;31.75;24.75;23.50;23.00;23.25;23.25;23.75;29.25;26.50;23.50;22.75;22.00;22.50;22.25;23.25;23.50;23.25;22.00;22.50;21.75]
1197-  [24.25;24.50;24.75;26.00;25.75;24.75;24.75;23.75;24.25;24.25;25.25;31.25;30.75;25.00;23.75;24.00;24.00;24.75;26.00;37.25;35.75;25.50;24.75;23.50;24.25;24.00;25.75;38.25;36.25;25.50;23.50;23.50;24.00;24.25;26.25;39.00;36.25;24.50;24.25;23.25;23.75;24.25;25.75;35.75;32.25;24.00;23.00;23.00;23.25;23.00;23.50;28.50;26.25;23.50;22.75;22.25;23.00;23.00;22.75;23.00;23.25;22.75;23.25;22.25]
1682-  [24.25;24.00;24.50;25.50;25.50;24.50;24.50;23.75;24.50;24.25;25.25;31.75;30.75;24.75;24.25;24.25;24.25;24.50;26.00;36.75;35.75;25.25;24.50;24.00;23.75;23.75;26.00;38.00;36.25;25.25;24.00;23.50;24.25;24.25;26.25;38.75;36.00;25.00;24.00;22.75;23.50;24.00;25.50;35.75;32.25;24.00;23.25;22.75;23.25;22.50;23.50;29.00;26.50;23.50;22.50;21.75;23.25;22.75;23.00;23.50;23.00;22.25;22.50;22.00]
2167-  [24.50;23.50;25.00;25.75;25.50;24.75;24.50;23.75;24.25;24.00;25.00;31.75;31.00;24.50;24.25;24.00;24.50;24.50;25.75;37.00;36.00;25.50;24.25;23.75;24.00;24.25;26.00;38.00;36.50;25.25;23.50;23.25;24.50;24.25;26.50;39.00;36.00;24.75;23.75;23.00;23.75;24.00;25.25;35.75;32.00;24.25;23.00;22.50;23.00;23.00;23.75;29.25;26.75;23.75;22.75;21.50;22.75;23.00;23.00;23.50;23.50;22.50;23.00;22.25]
2652-  [24.25;24.00;25.00;25.50;25.75;24.50;24.50;24.25;24.50;23.75;25.25;31.50;30.75;25.00;23.75;23.75;24.00;24.50;25.50;37.00;35.75;25.25;23.75;23.75;24.25;24.75;26.00;38.00;36.50;25.25;24.00;23.25;24.25;24.25;26.50;38.50;36.00;25.00;23.75;23.25;23.75;23.75;25.25;35.50;32.00;24.00;23.50;23.00;23.25;23.00;24.00;29.50;26.25;23.75;22.50;22.00;22.25;23.00;23.00;23.75;23.25;22.75;22.50;22.50]
3137-  [24.50;23.75;24.50;25.50;25.75;24.75;24.50;23.50;24.50;24.25;25.00;31.25;31.00;24.75;23.75;24.00;24.00;25.00;25.75;37.00;35.75;25.75;24.50;23.75;24.00;24.25;26.25;38.25;36.25;25.25;24.00;23.00;24.00;24.00;26.50;38.75;36.00;25.25;24.00;23.25;23.75;24.00;25.25;36.00;32.00;24.25;23.25;22.75;23.25;23.00;24.00;29.00;26.00;23.50;23.25;21.50;22.50;23.25;23.00;23.75;23.25;22.50;22.75;21.25]
3622-  [25.00;23.75;24.25;25.50;25.50;24.75;24.50;24.25;24.50;24.25;25.25;31.25;31.00;24.75;23.75;24.25;24.25;24.00;25.75;36.75;35.75;25.50;24.00;23.25;24.00;24.25;26.00;38.25;36.00;25.25;23.75;23.50;23.75;24.50;25.75;38.75;35.75;25.00;23.75;22.50;24.00;24.00;25.25;36.00;32.00;24.25;23.25;22.50;23.25;23.00;23.25;29.00;26.25;23.50;22.75;21.75;23.00;23.00;23.25;23.25;23.00;22.50;22.75;22.25]
4107-  [24.25;24.25;24.50;25.75;25.75;24.50;24.50;24.25;24.75;24.25;25.25;31.25;31.00;24.50;23.75;23.75;24.50;24.50;25.50;37.00;36.00;25.00;24.50;23.75;24.25;24.00;25.75;38.50;36.25;25.00;24.00;23.50;24.25;24.25;26.50;39.00;36.00;25.00;24.00;23.00;23.75;24.00;25.00;35.75;31.75;24.25;23.75;23.25;23.00;23.00;24.25;29.50;26.25;23.50;23.00;21.75;22.75;23.00;23.25;23.75;23.50;23.00;22.50;22.50]
4592-  [24.25;23.75;24.50;25.25;25.50;24.50;24.25;23.50;24.50;23.75;25.25;31.50;31.00;24.50;23.75;24.00;24.25;24.25;25.50;36.75;35.50;25.25;24.25;23.50;24.00;23.75;26.25;37.75;36.25;25.25;23.50;23.25;23.75;24.25;26.50;38.75;36.00;24.75;23.75;23.00;23.25;23.25;25.00;35.75;31.50;24.25;23.00;23.00;23.25;23.00;23.75;29.25;26.00;23.25;22.50;22.00;22.75;22.75;23.00;23.00;23.25;22.25;22.75;22.25]
5077-  [24.50;24.00;24.75;25.50;25.50;24.50;24.50;23.75;24.50;24.25;24.75;31.25;30.50;25.00;24.25;24.00;24.25;24.25;26.00;36.75;35.50;25.25;24.25;23.50;23.75;24.00;26.00;38.00;36.00;25.25;23.50;23.25;24.00;24.00;26.50;38.50;35.75;24.75;23.75;22.75;23.50;23.50;25.00;35.75;31.75;24.00;23.00;22.50;23.25;23.00;23.50;29.00;26.50;23.25;22.50;22.25;22.50;23.00;23.00;24.00;23.00;22.25;23.25;22.00]
5562-  [24.00;23.50;25.00;25.75;26.00;24.50;24.50;23.50;24.50;24.00;25.00;31.25;31.25;24.50;24.50;24.50;24.75;24.25;26.00;36.75;35.50;25.50;24.25;23.00;24.00;24.25;26.00;38.00;36.25;25.50;23.75;22.75;24.00;24.00;26.00;38.75;36.00;25.00;23.50;23.00;23.75;23.75;25.25;35.75;31.50;24.00;23.25;23.00;23.00;22.75;23.50;29.00;26.00;23.50;22.50;22.00;22.75;23.00;23.75;23.25;23.00;22.50;22.75;22.25]
6047-  [24.50;24.00;24.75;25.50;25.50;24.75;24.25;24.25;24.25;24.00;25.00;31.50;30.50;25.00;24.00;24.25;23.75;24.25;25.50;36.50;35.50;25.50;24.50;23.75;24.00;24.25;26.25;38.00;36.25;25.25;23.75;23.50;24.50;24.25;26.25;38.50;36.25;24.75;24.25;22.75;23.75;24.25;25.50;35.75;31.75;24.00;23.25;22.75;23.50;23.00;23.75;29.00;26.25;23.50;22.75;22.25;22.75;22.50;23.50;23.50;23.25;22.50;22.25;22.75]
6532-  [25.00;24.25;24.50;26.00;25.75;24.00;24.75;23.75;24.75;24.25;25.00;31.00;30.75;25.00;24.25;24.00;24.00;24.50;26.00;37.00;35.75;25.25;24.25;23.75;24.00;24.25;26.00;38.25;35.75;25.25;24.00;23.25;24.25;24.25;26.50;39.00;36.00;25.25;24.00;23.00;23.50;24.25;25.50;36.00;31.75;23.75;23.25;23.25;23.50;23.00;23.75;28.75;26.50;23.25;23.25;21.75;22.75;23.00;23.25;23.75;23.50;22.50;23.00;22.50]
7017-  [24.25;24.00;24.75;25.75;25.75;25.00;25.00;24.00;24.25;24.25;25.00;31.00;30.75;25.00;23.75;24.00;24.25;24.25;25.50;37.00;35.75;25.50;24.00;23.25;23.75;24.25;26.00;38.25;36.50;24.75;24.25;23.75;24.50;24.50;26.50;39.25;36.25;25.00;24.00;23.50;23.75;24.00;25.75;36.00;32.00;24.00;23.25;23.00;23.50;23.00;23.75;29.50;26.25;23.75;23.50;22.25;23.25;23.00;23.00;23.25;23.75;23.25;23.00;22.50]
7502-  [24.50;24.25;24.25;25.75;25.50;24.00;24.75;24.00;24.50;24.25;25.00;31.25;31.00;24.75;24.25;24.25;24.50;24.75;26.00;36.75;35.75;25.25;24.25;23.50;24.50;24.25;26.00;38.25;36.25;25.25;24.00;23.50;23.75;24.75;26.25;38.75;36.00;25.00;24.00;23.25;23.75;23.75;25.25;35.75;32.25;24.25;23.25;23.50;23.50;23.25;24.00;29.50;26.25;23.25;23.00;22.50;22.75;23.75;23.25;23.50;23.25;23.00;23.50;22.75]
7987-  [24.25;24.00;24.75;26.00;25.75;24.25;24.25;24.00;24.50;24.25;25.25;31.50;31.00;24.75;24.00;23.75;24.25;24.50;25.75;37.00;35.75;25.50;24.75;23.50;24.00;24.50;26.75;38.25;36.25;25.25;24.00;23.75;24.75;24.75;26.50;39.00;36.00;25.00;23.75;23.25;23.75;24.00;25.50;35.75;32.00;24.25;23.00;23.50;23.25;23.75;24.00;29.50;26.25;23.50;23.25;22.50;23.00;23.00;23.75;23.75;23.50;22.25;22.75;22.50]
8472-  [25.00;24.25;24.75;26.00;25.50;24.75;24.75;24.00;24.75;24.25;25.25;31.50;31.00;25.25;24.50;23.75;24.00;24.50;26.00;37.00;36.00;25.50;24.75;24.00;24.25;24.25;26.25;38.50;36.50;25.50;24.25;23.75;24.50;24.50;26.25;39.25;36.25;25.25;24.00;23.00;23.75;24.00;25.25;36.50;32.00;24.00;23.50;23.25;23.50;23.25;24.00;29.50;26.25;23.75;22.75;22.75;23.50;23.50;24.25;23.75;23.75;22.75;23.50;23.25]
8957-  [24.75;24.00;24.50;25.75;26.00;24.75;24.75;24.25;23.75;24.50;25.00;31.50;30.75;25.00;24.00;23.75;24.00;25.00;26.00;37.00;35.75;25.50;24.25;24.00;24.25;24.50;26.25;38.25;36.50;25.25;24.25;23.25;24.00;24.25;26.50;39.25;36.25;24.75;24.00;23.50;23.50;24.00;25.50;36.00;31.75;24.00;23.25;23.00;23.50;23.50;24.00;29.25;26.50;23.50;22.75;22.00;23.25;22.50;23.75;23.75;24.25;23.00;23.00;22.25]
9442-  [24.25;24.25;24.75;26.00;26.00;24.75;24.75;24.25;24.75;24.50;25.25;31.50;31.25;25.00;24.25;23.75;24.50;24.25;26.00;36.75;35.75;25.50;24.75;23.75;24.00;24.25;26.50;38.50;36.50;25.25;24.25;23.50;24.50;24.50;26.75;39.00;36.00;25.25;24.00;23.00;24.00;24.25;25.75;35.75;32.00;24.25;23.50;23.25;23.75;23.25;24.50;29.75;26.25;23.25;22.75;22.00;23.25;23.00;23.50;23.75;23.75;23.25;22.75;22.50]
9927-  [23.75;24.25;24.25;26.00;25.75;24.25;24.75;23.75;24.50;24.75;25.25;32.00;31.00;25.00;24.50;24.25;24.50;24.25;26.00;36.75;35.75;25.50;24.25;23.25;24.25;24.25;26.50;38.50;36.50;25.25;24.00;24.00;24.50;24.50;26.50;38.75;36.50;25.25;24.00;23.50;24.25;24.00;25.25;36.25;31.75;24.00;23.75;22.75;23.50;23.25;23.75;29.50;26.75;23.75;23.00;22.25;23.25;23.25;23.25;23.50;23.50;23.00;22.50;22.50]
10412- [24.75;24.00;25.00;26.00;26.00;24.50;25.00;24.25;24.75;24.25;25.75;32.00;31.00;25.00;24.25;24.25;24.25;24.75;26.25;37.00;35.75;25.50;24.75;24.00;24.25;23.75;26.25;38.25;36.50;25.50;24.25;24.00;24.75;24.50;26.25;39.00;36.50;25.00;24.00;23.25;24.00;24.00;25.25;36.50;32.00;24.50;23.00;23.00;23.25;23.50;23.75;29.25;26.75;24.25;22.75;22.25;23.25;23.25;23.75;24.00;23.75;23.00;23.00;22.75]
10897- [24.75;24.50;25.00;26.00;25.75;24.75;25.00;24.25;24.50;24.50;25.00;31.50;31.25;25.50;24.25;24.50;24.50;25.25;25.75;37.00;36.00;25.50;24.50;23.75;24.25;24.50;26.25;38.25;36.75;25.75;24.25;23.75;24.00;24.75;26.50;39.50;36.50;25.25;24.25;23.50;23.75;24.00;25.50;36.25;32.25;24.25;23.50;23.50;23.75;23.50;24.25;29.75;26.50;23.75;23.25;22.50;23.00;23.25;23.75;23.75;23.75;23.50;23.00;22.50]
11382- [25.00;24.25;24.50;25.75;26.25;24.75;24.75;24.25;25.00;24.50;25.25;31.75;31.50;25.00;24.50;24.50;24.75;25.00;26.00;37.00;35.75;25.50;24.75;23.75;24.25;24.25;26.50;38.25;36.75;25.50;24.50;23.75;24.25;24.75;26.75;39.00;36.50;25.25;24.25;23.50;24.00;24.25;25.50;36.25;32.25;24.25;23.50;23.00;24.00;23.50;24.00;29.50;26.75;23.75;23.50;22.25;23.50;23.25;24.00;23.25;24.50;22.75;23.00;23.00]
11867- [25.25;24.50;24.25;26.00;25.75;24.25;25.00;24.25;25.00;24.25;25.50;31.75;31.00;25.00;24.25;24.50;24.00;24.25;26.00;37.25;35.75;25.50;24.50;23.75;24.75;25.00;26.50;38.25;36.75;25.50;24.25;23.50;24.50;24.25;26.75;39.25;36.25;25.25;24.25;23.00;24.00;24.25;25.50;36.00;32.00;24.50;23.50;23.75;23.75;23.50;24.25;29.50;26.75;23.25;22.75;21.75;23.00;23.50;23.25;23.75;23.25;23.00;23.00;22.50]
12352- [24.75;24.25;24.75;26.00;26.00;25.00;24.75;24.25;24.75;24.25;25.25;32.00;31.25;25.25;24.00;24.25;24.75;24.75;26.00;37.25;35.75;25.75;24.75;23.75;24.75;24.50;26.25;38.75;36.50;25.75;24.25;23.75;24.75;24.50;26.50;39.00;36.25;25.50;24.00;23.25;24.00;24.50;25.75;36.00;32.00;24.25;23.75;23.50;23.50;23.50;23.75;29.75;26.75;24.00;23.25;22.25;23.25;23.25;23.50;23.75;23.75;23.25;23.25;22.75]
12837- [24.50;24.25;24.75;25.75;26.00;24.50;25.00;24.25;24.75;24.50;25.00;32.00;30.75;25.25;24.50;24.25;25.00;24.75;26.50;37.25;36.00;25.75;24.75;23.75;24.25;24.50;26.25;38.50;36.75;25.50;23.75;23.75;24.25;25.00;26.50;38.75;36.50;25.00;24.50;23.25;24.50;24.50;25.25;36.00;32.25;24.25;23.25;23.50;23.50;23.50;24.00;29.50;27.00;24.00;23.50;22.25;23.50;23.50;23.75;24.00;24.00;23.00;23.00;23.00]
13322- [24.50;24.00;24.50;26.25;26.25;24.75;25.00;24.50;25.25;24.00;26.00;32.00;31.25;24.75;24.75;25.00;24.75;24.75;26.25;37.00;36.00;25.75;25.00;24.25;24.50;24.75;26.50;38.50;36.75;26.00;24.50;23.75;24.25;25.00;26.75;39.25;36.25;25.25;24.50;23.25;24.00;24.75;26.00;36.25;32.75;24.75;23.00;23.50;24.00;23.75;24.50;29.75;27.00;24.25;23.25;23.25;23.00;23.50;24.00;24.25;23.75;23.00;23.25;23.25]
13807- [24.75;24.50;25.25;26.00;25.50;25.25;25.25;24.75;25.25;24.75;25.75;32.25;31.50;25.25;24.75;24.50;24.50;25.00;26.25;37.25;36.50;25.75;25.00;24.00;24.75;24.25;26.75;38.75;36.50;25.50;24.75;23.75;24.75;24.75;26.75;39.25;36.25;25.25;24.75;23.75;24.25;24.50;25.50;36.00;31.75;24.75;24.25;23.50;23.75;23.50;24.50;29.75;26.75;24.25;23.25;22.75;23.00;23.75;24.00;23.50;24.50;23.50;23.50;23.25]
14292- [24.75;24.25;25.00;26.50;26.00;24.75;25.00;25.00;24.50;25.00;25.50;31.75;31.75;25.25;24.75;24.50;24.75;24.75;26.25;37.25;36.25;25.75;24.75;24.25;25.00;25.00;26.75;38.50;37.00;25.75;24.50;23.75;24.75;24.75;26.75;39.25;36.50;26.00;24.00;24.00;24.25;24.25;26.00;36.25;32.50;24.50;23.50;23.75;23.75;24.00;24.25;29.50;26.25;24.25;23.25;23.00;23.50;23.50;23.75;24.00;24.00;23.50;23.25;22.75]
14777- [25.00;24.25;25.25;26.25;26.25;24.50;24.75;24.75;25.00;25.00;25.50;32.25;31.50;25.50;24.75;24.25;24.50;25.50;26.50;37.50;36.25;25.75;25.25;24.25;24.75;24.50;26.25;38.75;37.00;26.00;24.75;24.00;24.50;24.75;27.00;39.25;36.50;25.75;24.50;23.75;24.25;24.75;25.50;36.50;32.25;24.75;23.75;23.75;23.75;23.75;24.25;29.75;27.00;24.25;23.25;23.00;23.00;23.50;24.00;24.00;24.00;23.25;23.75;23.25]
15262- [25.00;24.50;25.25;26.00;26.25;24.75;25.00;24.75;24.75;24.25;25.50;32.25;31.25;25.25;24.75;24.75;25.00;24.75;26.25;37.25;36.25;26.25;25.00;24.00;24.75;24.75;26.50;38.75;37.25;26.00;24.25;24.00;25.00;25.00;26.75;39.25;36.50;25.25;24.25;24.00;24.00;24.50;26.00;36.50;32.75;25.00;24.00;24.00;24.25;23.75;24.50;29.50;27.00;24.00;24.00;23.00;23.50;23.00;23.75;23.50;23.75;23.75;23.50;22.75]
15747- [25.00;24.25;24.75;26.00;26.00;24.75;24.75;24.25;24.75;24.50;25.25;31.75;31.25;25.50;24.75;24.75;25.00;25.00;26.50;37.50;36.25;25.50;24.75;24.75;24.50;24.75;26.50;38.50;36.50;26.00;24.25;23.75;24.75;25.00;26.75;39.25;36.50;25.50;24.75;23.75;24.25;25.00;26.00;36.50;32.25;24.50;23.75;24.00;24.25;23.75;24.50;30.25;27.00;23.75;23.25;22.50;23.50;23.25;24.00;24.25;24.00;23.25;23.50;23.00]
16232- [25.00;24.25;24.75;26.25;26.25;25.00;25.00;24.75;24.75;24.50;25.25;32.25;31.50;25.50;24.50;24.25;24.75;24.50;26.75;37.50;36.25;26.00;25.00;24.25;24.50;24.50;26.75;38.25;36.75;25.50;24.25;23.75;24.75;24.50;27.25;39.00;36.00;25.50;24.50;23.75;24.50;24.50;25.50;36.25;32.25;24.50;24.00;24.00;24.00;23.50;24.50;29.75;27.00;23.75;23.50;22.50;23.25;23.50;24.00;24.50;24.00;23.25;23.75;22.75]
16717- [24.75;24.50;25.00;25.50;26.50;25.00;24.75;24.75;24.50;24.75;25.75;31.75;31.50;25.00;24.25;25.00;25.00;24.75;26.00;37.00;36.25;25.75;25.00;24.25;24.50;24.75;26.50;38.75;36.75;26.00;24.25;24.00;25.00;24.75;26.50;39.00;36.25;25.50;24.25;23.50;24.00;24.25;26.00;36.50;32.25;24.75;24.00;23.75;24.00;24.00;24.75;29.25;27.00;24.00;23.25;22.75;23.50;23.75;23.75;24.00;24.25;23.00;23.25;22.75]
17202- [25.00;24.75;25.25;26.25;25.75;25.00;25.50;25.25;25.25;24.00;25.50;32.00;31.25;25.25;24.75;24.75;25.00;25.25;26.25;37.25;36.00;26.00;24.75;24.50;24.25;25.00;26.25;38.25;36.75;26.00;24.50;23.75;24.75;24.75;27.00;39.00;36.25;25.50;24.00;23.75;24.25;24.50;26.25;36.25;32.00;24.50;23.75;23.50;23.75;24.00;24.25;30.00;26.50;24.25;23.25;23.00;23.50;23.25;24.25;23.50;23.75;23.25;23.75;22.50]
17687- [25.25;24.75;25.00;26.25;26.00;24.75;25.00;24.50;25.50;24.50;25.50;31.50;31.50;25.00;24.50;24.50;24.75;25.00;26.25;37.25;36.00;25.75;25.00;24.25;25.00;24.75;26.50;38.75;36.75;25.50;24.75;24.00;24.75;24.50;27.00;39.00;36.50;25.25;24.00;23.25;24.25;24.50;26.25;36.25;32.25;24.75;23.75;23.75;23.50;24.00;24.25;30.00;27.00;24.00;23.25;22.50;23.25;23.25;23.50;23.75;24.25;23.00;23.25;23.25]
18172- [25.00;24.50;25.25;26.25;26.25;24.75;25.00;24.25;24.75;24.50;25.25;32.25;31.25;25.25;24.50;24.75;25.50;24.75;26.25;37.25;36.00;25.75;24.75;24.50;24.00;24.25;26.50;38.75;36.75;26.00;24.50;23.75;24.50;24.75;26.75;39.00;36.25;25.25;24.75;23.50;24.50;24.75;26.00;36.25;32.50;24.25;23.25;24.00;23.75;23.50;24.50;29.75;27.00;23.75;23.50;23.25;24.25;23.75;24.00;24.00;24.00;23.25;23.25;23.25]
18657- [25.25;24.25;24.75;26.50;25.75;25.00;24.75;24.50;24.75;25.00;25.75;32.00;31.25;25.50;24.75;24.75;24.50;25.00;26.00;37.50;35.75;25.75;25.00;24.50;24.50;24.75;27.00;38.25;36.75;26.00;24.75;23.75;24.25;24.75;27.00;39.00;36.25;25.75;24.75;23.75;24.00;24.75;25.75;36.75;32.50;24.75;24.00;24.00;24.00;24.00;24.50;29.75;26.50;24.25;23.75;23.25;23.75;23.25;23.75;24.25;24.00;23.00;23.00;23.00]
19142- [25.00;24.50;24.75;26.50;26.25;25.00;25.00;25.00;24.50;24.75;25.75;31.50;31.50;25.25;24.25;25.00;24.75;25.00;25.75;37.00;35.75;26.00;24.75;24.00;24.00;24.50;26.00;38.50;36.75;25.75;24.50;23.75;25.25;24.75;27.00;39.00;36.75;25.50;24.75;23.50;24.50;24.25;26.00;36.50;32.00;24.75;23.50;23.75;24.00;24.00;24.25;29.50;26.75;24.00;23.25;23.25;24.25;23.50;24.00;24.00;24.25;23.00;23.25;23.00]
19627- [24.50;24.25;24.25;25.75;26.00;24.50;24.75;24.75;24.25;24.75;25.00;31.50;31.00;25.25;24.25;24.50;24.50;24.50;26.25;37.25;35.75;25.75;24.50;23.75;24.25;24.50;26.00;38.50;37.00;25.25;24.00;23.50;25.00;25.00;26.75;39.25;36.25;25.00;23.75;23.00;23.75;24.00;25.50;36.00;32.00;24.25;23.50;23.75;23.50;23.25;24.25;29.75;27.00;24.00;23.50;22.75;22.50;23.00;23.50;23.75;23.75;22.75;23.25;22.75]
20112- [24.75;24.25;25.00;25.75;26.00;24.75;25.00;25.25;24.75;24.75;25.25;31.50;31.00;25.00;24.50;24.25;24.50;24.75;26.00;37.00;35.75;25.50;24.50;23.50;24.25;24.75;26.25;38.50;36.25;25.50;24.25;23.50;24.75;24.75;26.75;39.00;36.50;25.25;24.25;23.50;24.00;24.00;25.75;36.00;32.00;24.25;23.50;23.50;23.00;23.50;24.00;29.25;26.75;24.00;23.50;22.75;23.75;23.25;23.25;24.25;23.25;22.75;23.00;23.00]
20597- [24.75;24.00;25.00;26.00;25.75;24.25;25.00;24.50;25.25;24.50;25.50;31.75;31.25;25.50;24.75;25.00;24.25;25.00;26.25;37.25;36.25;25.75;24.75;24.00;24.00;24.75;26.50;38.50;36.75;25.50;24.25;23.75;24.25;24.75;26.50;39.00;36.00;25.25;24.00;23.25;24.00;24.75;25.25;36.00;32.25;24.50;23.50;23.25;23.75;23.50;24.25;29.75;26.50;23.75;23.25;23.00;23.00;23.50;23.50;24.00;24.00;23.00;23.25;22.75]
21082- [24.50;24.00;25.00;26.00;26.25;24.50;25.00;24.25;24.75;24.50;25.25;31.50;31.50;25.00;25.00;24.75;24.50;24.50;26.25;37.00;36.50;25.75;24.50;23.75;24.25;24.25;26.50;38.50;36.75;26.00;24.25;23.25;24.75;25.00;27.00;39.25;36.25;25.50;24.75;23.50;24.00;24.25;25.75;36.50;32.25;25.25;23.75;23.75;23.50;23.75;24.00;29.75;27.00;24.50;23.75;23.00;23.50;23.25;24.00;24.25;23.75;23.50;23.75;23.00]
21567- [25.00;24.00;24.50;26.50;25.75;25.25;25.00;24.50;25.00;24.75;25.25;32.25;31.50;25.25;24.50;24.50;24.75;24.75;26.50;37.25;36.25;26.00;24.50;23.75;24.50;24.75;26.50;38.25;36.75;26.00;25.00;24.00;24.75;25.25;26.75;39.25;36.50;25.25;24.75;23.75;24.00;24.50;26.00;36.50;32.25;24.50;23.75;23.75;23.50;24.00;24.25;30.00;27.00;24.25;23.50;22.75;23.75;23.75;24.00;24.25;23.75;23.25;23.75;23.00]
22052- [24.75;24.25;25.25;26.00;26.00;25.00;24.75;24.50;24.50;24.50;25.25;32.50;31.00;25.25;24.50;25.00;24.75;25.00;26.25;37.50;36.00;25.75;25.00;24.25;24.50;24.50;26.50;38.50;36.75;25.25;24.25;23.75;24.50;25.00;27.00;39.25;36.50;25.50;24.25;23.75;24.25;24.50;25.75;37.00;32.50;24.75;24.00;23.75;24.25;23.75;24.50;30.00;26.75;24.25;23.75;23.00;24.00;23.25;23.50;24.25;23.75;22.75;23.00;23.50]
22537- [24.75;23.75;25.25;26.25;26.00;25.25;25.00;24.75;25.00;24.75;25.75;31.75;31.25;25.25;24.50;24.75;24.25;25.25;26.25;37.25;36.25;25.75;25.00;24.50;24.75;24.75;26.00;38.75;36.75;25.75;24.75;24.00;24.75;24.75;27.00;39.25;36.75;25.50;24.25;23.25;24.25;24.25;26.00;36.50;32.25;24.25;24.00;23.50;24.25;23.75;24.25;30.00;26.50;24.25;23.50;22.75;23.75;23.25;23.75;24.00;23.75;23.50;23.50;23.25]
23022- [25.25;24.50;24.75;26.50;25.75;24.75;24.75;24.75;25.50;25.00;25.25;32.00;31.50;25.50;24.75;24.50;24.50;24.75;26.00;37.00;36.00;26.00;25.25;24.25;24.50;24.75;26.25;38.50;36.75;26.00;24.50;23.75;24.75;25.25;27.00;39.25;36.50;25.50;24.75;23.50;23.75;24.75;25.75;36.50;32.25;24.75;23.75;24.00;24.25;23.50;24.75;30.00;26.75;24.25;23.50;22.75;23.75;23.50;23.75;24.00;24.00;23.00;23.00;23.00]
23507- [25.00;24.25;25.25;26.00;26.00;25.00;25.50;24.50;24.75;25.25;25.50;32.25;31.50;25.25;24.75;24.75;24.75;25.25;26.25;37.25;35.75;25.75;24.50;24.25;24.50;24.75;26.50;38.75;37.00;26.00;24.50;24.50;24.50;24.50;26.50;39.00;36.50;25.50;24.25;23.50;24.00;24.75;25.75;36.50;32.25;24.75;23.25;24.00;24.00;24.00;24.50;29.75;26.75;24.00;23.00;22.75;23.00;23.50;23.50;23.50;23.75;23.00;23.00;23.00]
23992- [24.75;24.25;25.25;26.50;26.25;25.00;25.25;24.25;25.25;24.50;25.25;31.75;31.00;25.50;24.50;24.50;24.50;25.00;26.25;37.00;36.25;25.50;25.00;24.25;24.50;24.75;26.25;38.75;37.00;25.75;24.25;24.25;24.50;25.00;26.75;39.25;36.50;25.50;24.75;23.50;24.00;24.50;25.75;36.25;32.50;24.50;23.75;23.75;24.25;23.75;24.00;29.75;26.50;23.75;24.00;22.75;23.75;24.00;24.25;24.00;23.50;23.25;23.75;23.50]
24477- [24.75;24.50;25.00;26.25;26.00;25.00;24.75;24.75;25.25;24.25;26.00;31.75;31.25;25.25;24.75;24.50;24.75;25.00;26.75;37.50;36.25;26.00;25.00;24.00;25.00;24.75;26.75;38.75;37.00;26.00;24.50;23.50;24.75;25.00;26.75;39.25;36.50;25.75;24.25;23.75;24.25;24.50;25.75;36.00;32.25;24.75;24.00;23.75;24.00;23.50;24.50;29.50;26.75;23.50;23.50;23.00;23.25;23.50;24.00;24.00;23.75;23.00;23.25;22.75]
24962- [25.50;24.75;25.50;26.50;26.50;24.75;25.00;25.00;25.00;25.00;25.75;32.25;31.25;25.25;25.00;24.50;25.00;25.25;26.00;37.00;36.25;26.00;25.00;24.25;24.75;25.25;26.75;38.75;37.25;25.75;24.50;23.75;24.75;25.25;26.75;39.00;36.50;25.50;24.25;23.75;24.25;25.00;25.50;36.50;32.25;24.75;24.25;23.75;24.25;24.00;24.50;29.75;26.75;24.50;23.50;22.50;23.25;23.25;24.00;24.25;24.00;23.00;23.50;22.75]
25447- [24.75;24.75;25.25;26.00;26.00;25.00;25.25;24.25;25.25;25.00;25.75;32.00;31.75;25.25;24.50;25.00;24.50;25.00;26.25;37.25;36.00;26.00;25.00;24.50;24.50;24.75;26.75;39.00;37.00;25.50;24.75;24.00;24.75;25.00;27.25;39.25;36.00;25.25;24.50;23.50;24.25;24.25;25.75;36.25;32.00;24.75;23.75;23.75;24.25;23.75;24.50;30.00;26.75;24.25;23.25;23.00;23.25;24.25;24.00;23.75;24.00;23.00;23.50;23.00]
25932- [24.75;25.00;25.25;26.00;26.25;25.25;25.00;24.00;25.00;24.50;25.50;31.50;31.75;25.00;24.50;24.25;24.50;25.00;26.25;37.00;36.00;25.75;24.75;24.25;24.50;24.75;26.25;39.00;36.75;26.00;24.25;24.50;24.75;25.00;27.00;39.25;36.25;25.50;24.25;23.75;24.00;24.50;25.75;36.00;32.25;24.50;23.50;24.00;24.00;24.00;23.75;29.75;27.00;24.00;23.50;22.50;23.25;24.25;24.00;24.00;24.00;23.00;23.50;23.00]
26417- [24.75;24.75;25.00;25.75;26.00;25.00;25.25;24.75;24.75;24.75;25.25;31.50;31.00;25.50;24.00;24.75;24.75;25.25;26.25;37.25;36.00;25.75;24.25;24.25;24.75;24.25;26.75;38.75;36.50;25.25;24.25;23.50;24.75;25.00;26.75;39.00;36.00;25.75;24.25;24.00;24.00;24.25;25.75;36.25;32.00;24.75;24.00;23.50;23.50;23.25;24.25;29.50;26.50;24.00;23.50;23.00;23.75;23.50;24.00;24.00;23.75;23.25;23.25;23.00]
26902- [25.00;24.50;24.75;26.00;25.75;25.00;24.75;24.25;24.75;24.25;25.25;31.50;31.00;25.00;24.75;24.00;24.25;25.00;26.00;37.25;36.00;26.00;24.75;24.00;24.00;24.50;26.25;38.50;36.50;25.50;24.25;23.75;24.75;24.75;26.75;38.75;36.50;25.75;24.25;23.25;24.00;24.25;25.50;36.50;31.75;24.50;23.50;23.75;23.50;23.50;24.25;29.50;26.75;23.75;23.00;22.50;23.25;23.25;23.50;23.50;23.50;22.75;23.00;22.50]
27387- [25.00;24.50;25.00;26.25;25.75;24.75;24.50;24.25;24.75;24.50;25.50;31.75;31.25;25.00;24.50;24.25;24.75;25.00;26.00;37.00;36.00;25.75;24.75;23.50;24.50;24.75;26.50;38.25;36.50;25.25;24.25;23.75;24.25;24.75;26.75;39.00;36.00;25.25;24.50;23.75;24.25;24.00;25.25;36.25;32.00;24.50;23.50;23.50;23.75;23.00;23.75;29.50;26.25;23.50;23.00;22.50;23.75;23.25;24.00;23.50;24.00;22.50;22.75;22.50]
27872- [24.50;24.25;25.00;26.25;26.25;25.25;24.75;24.00;24.50;24.50;25.25;31.50;30.75;25.50;24.50;24.00;25.00;24.75;26.00;37.00;35.75;25.75;24.50;24.25;24.25;25.00;26.50;38.25;36.75;25.75;24.00;23.25;24.75;24.75;27.25;39.00;36.50;25.25;24.00;23.50;24.00;24.00;25.75;36.25;31.75;24.50;23.75;23.25;23.75;24.00;24.00;29.50;26.75;24.00;23.25;22.50;23.25;23.75;23.75;23.75;24.00;23.00;23.50;22.75]
28357- [24.50;24.00;24.75;26.25;26.00;25.00;25.00;24.50;24.75;24.00;25.25;31.50;31.00;25.25;24.25;24.25;24.25;25.50;26.50;37.00;35.75;25.50;24.50;23.75;23.75;24.75;26.50;38.50;36.50;25.75;24.25;24.00;24.25;24.75;26.75;39.00;36.50;25.25;24.50;23.25;23.50;24.50;25.50;36.25;32.00;24.25;23.50;23.50;23.75;23.50;24.25;29.50;26.50;24.00;23.50;22.25;23.50;23.50;23.50;24.25;23.75;23.25;23.00;22.25]
28842- [25.25;24.25;25.25;25.75;26.25;24.50;24.75;24.50;25.00;24.00;25.50;32.00;31.25;25.00;24.25;24.50;24.50;24.75;26.00;37.00;36.00;25.50;24.50;23.50;24.75;25.00;26.25;38.25;36.50;25.25;24.50;23.50;24.75;24.25;27.00;38.75;36.00;25.25;24.25;23.50;24.00;24.25;25.75;36.25;32.00;24.25;23.75;24.00;24.00;23.25;24.25;29.50;26.75;24.00;23.00;22.50;23.00;23.25;23.50;23.75;23.75;23.00;23.50;22.75]
29327- [24.00;24.50;24.25;26.00;26.00;24.75;24.75;25.00;25.00;24.50;25.50;31.75;31.25;25.25;24.50;24.50;24.50;25.00;26.25;36.75;36.25;25.50;24.50;23.75;24.50;25.00;26.25;38.25;36.25;25.50;24.25;23.75;24.25;24.50;26.75;39.00;36.25;25.00;24.25;23.50;24.00;24.25;25.75;36.00;32.00;24.25;24.00;23.50;23.50;24.00;24.25;29.50;26.50;23.75;23.50;22.75;23.25;23.50;23.50;23.75;23.50;23.25;23.00;23.00]
29812- [25.00;24.25;24.50;25.75;25.75;24.75;25.25;24.25;24.25;24.75;25.25;31.75;31.25;25.25;24.50;24.75;24.75;25.00;25.75;37.25;36.00;26.00;24.75;24.50;24.25;24.75;26.50;38.25;36.25;25.50;24.50;23.50;24.50;25.00;27.00;39.00;36.50;25.50;24.00;23.75;24.00;24.50;25.25;36.00;32.50;24.50;23.50;24.25;23.75;23.50;23.75;29.75;26.75;23.75;23.25;23.00;23.75;23.75;23.75;23.75;23.75;23.25;23.00;22.75]
30297- [25.00;24.00;25.25;26.00;25.75;25.00;25.00;24.00;24.75;24.50;25.00;31.75;31.50;25.50;24.25;24.25;24.75;24.50;25.75;37.25;35.75;25.75;24.50;23.75;24.50;24.50;26.25;38.75;36.50;25.50;24.00;23.75;24.75;24.75;26.75;39.25;36.50;25.50;24.25;23.25;23.75;24.00;25.75;36.25;32.50;24.50;23.50;23.50;23.75;23.75;24.50;29.75;26.75;24.00;23.50;22.50;23.25;23.50;23.75;23.50;23.75;23.00;23.50;23.00]
30782- [25.00;24.25;25.00;26.00;25.75;24.75;24.75;24.50;24.75;24.25;25.50;31.50;31.00;25.00;24.25;24.50;24.75;25.00;26.25;37.50;35.75;25.50;24.50;24.00;24.00;24.50;26.50;38.25;36.25;25.75;24.25;23.75;24.50;24.75;26.50;39.00;36.25;25.00;24.25;23.50;23.75;24.50;25.25;36.00;32.25;24.50;23.75;23.75;23.75;23.75;24.00;29.75;26.25;24.00;23.00;22.50;23.25;23.50;23.75;24.25;24.00;23.00;23.50;23.00]
31267- [24.75;24.50;25.00;26.00;26.00;24.25;25.00;24.75;25.00;24.75;25.25;31.75;31.25;25.00;24.50;24.50;24.50;24.75;25.75;37.25;36.00;25.75;24.75;24.25;24.50;24.75;26.50;38.50;37.00;26.00;24.50;24.00;24.75;25.00;26.75;39.00;36.00;25.50;24.25;23.25;24.00;24.75;25.50;36.00;32.00;24.75;23.75;23.50;24.00;23.75;24.25;29.50;26.50;23.75;23.00;22.50;23.25;23.25;23.50;23.75;23.75;23.00;23.25;22.75]
31752- [24.75;24.25;25.00;25.75;26.25;24.50;24.75;24.50;25.00;24.50;25.50;32.00;31.25;25.25;24.50;24.00;24.50;25.25;26.00;36.75;36.00;25.75;24.25;24.00;24.00;24.75;26.25;38.25;36.50;25.75;24.00;23.75;24.00;24.75;27.00;38.75;36.25;25.25;24.25;23.75;24.25;24.25;25.50;36.25;31.50;24.25;23.75;23.50;24.25;23.50;24.00;30.00;26.75;23.75;23.50;22.50;23.50;23.25;24.00;24.00;24.00;23.00;23.00;23.25]
32237- [25.25;24.50;25.00;25.75;25.50;25.00;24.75;24.50;24.75;24.50;25.25;31.75;30.75;24.75;24.50;24.50;25.00;24.75;26.25;37.00;36.00;26.00;24.75;23.50;24.75;24.50;26.50;38.25;37.00;25.50;24.25;23.75;24.50;24.25;26.75;38.75;36.50;25.50;24.25;23.50;23.75;24.25;25.75;35.75;32.50;24.50;23.50;24.00;24.00;23.50;24.00;29.75;26.50;23.75;23.25;22.25;23.25;23.50;24.00;24.00;23.25;23.25;23.50;22.75]
32722- [24.75;24.25;25.00;26.00;26.50;25.00;24.75;24.25;24.50;24.75;25.25;32.00;31.00;25.25;24.75;25.00;24.50;25.00;26.50;37.00;36.25;25.75;24.75;24.00;24.75;24.75;26.75;38.50;36.75;25.75;24.25;24.00;24.50;25.00;26.75;39.25;36.00;25.50;24.50;23.50;24.00;24.75;25.50;36.50;32.00;24.50;24.00;24.25;23.75;23.75;24.25;30.00;26.75;24.25;23.75;23.00;23.50;24.00;23.25;23.75;24.25;23.25;23.75;23.50]
33207- [24.75;24.25;25.00;26.25;26.25;24.75;24.75;24.25;25.00;24.50;25.50;32.25;31.50;25.25;24.50;25.25;25.25;25.25;26.00;37.25;36.00;26.00;24.75;23.75;24.50;24.50;26.25;38.75;36.50;25.75;24.25;24.00;24.50;25.25;27.00;39.00;36.50;25.50;24.50;24.00;24.25;24.25;25.25;36.25;32.00;24.25;23.75;23.75;23.50;23.75;24.00;30.00;26.25;23.75;23.00;22.75;23.75;23.50;24.00;23.75;24.00;23.25;23.75;23.25]
33692- [25.25;24.25;24.75;26.00;26.25;24.75;25.00;24.75;24.75;24.50;25.75;31.50;31.25;25.25;24.50;24.75;24.75;25.00;26.00;37.00;36.25;26.00;24.75;24.00;24.25;24.50;26.75;38.50;37.00;25.75;24.25;24.00;24.25;24.75;26.75;39.00;36.00;25.25;24.25;23.25;24.25;24.25;25.75;36.25;32.00;24.75;23.75;23.75;24.00;23.75;24.00;29.75;26.75;23.75;23.00;22.50;23.75;23.50;24.00;24.25;24.00;23.00;23.50;22.75]
34177- [24.25;24.25;24.75;26.25;26.50;24.75;25.00;24.25;25.50;24.50;25.50;31.75;31.25;25.25;24.50;24.75;24.50;25.00;26.25;36.75;36.00;25.75;24.50;24.50;24.25;24.75;26.25;38.75;36.75;26.00;24.50;23.75;24.75;25.25;26.50;39.25;36.25;25.75;24.50;23.75;24.00;24.25;26.00;36.25;32.25;24.50;23.50;24.00;24.00;24.00;24.25;29.75;26.75;23.75;23.50;23.00;23.25;23.25;23.25;23.75;24.00;22.50;23.25;23.25]
34662- [25.00;24.00;24.75;26.00;25.75;25.00;24.75;24.25;25.50;24.25;25.25;31.50;31.00;25.00;24.25;24.00;24.50;24.75;26.25;37.00;35.50;25.25;24.50;24.25;24.25;24.25;26.25;38.25;36.50;25.25;24.50;23.25;24.25;24.75;26.75;39.00;36.00;25.00;24.25;23.25;24.00;24.00;25.75;36.25;31.75;24.25;23.50;23.50;24.00;23.50;24.25;29.75;26.50;23.75;22.75;23.00;23.25;23.00;23.75;24.25;23.75;22.75;23.50;23.25]
35147- [24.75;24.25;25.00;26.50;25.75;24.50;25.00;24.25;24.50;24.50;25.25;31.75;31.25;25.00;24.75;24.50;24.25;24.50;26.00;36.75;35.75;25.75;24.25;24.50;24.50;24.25;26.50;38.50;36.25;25.75;24.25;23.75;24.50;25.00;26.50;39.25;36.00;25.50;24.25;23.50;23.25;24.75;25.50;36.25;32.25;24.75;23.50;24.00;23.75;23.25;24.50;29.50;26.75;23.50;23.25;22.75;23.25;23.75;23.50;23.50;23.50;23.25;23.75;23.25]
35632- [25.00;24.00;24.75;26.00;26.00;24.50;24.75;24.25;24.75;24.50;25.25;31.50;30.75;24.50;24.25;24.75;24.25;24.25;25.75;37.00;35.75;25.50;24.25;24.00;24.25;24.50;26.00;38.00;36.50;25.25;24.25;23.75;24.50;24.50;26.50;38.75;36.25;25.25;24.25;23.00;24.00;24.25;25.50;36.00;32.00;24.00;23.75;23.25;23.50;23.50;24.00;29.25;26.75;24.00;23.25;22.50;23.25;23.50;23.75;23.50;23.50;23.25;23.25;22.75]
36117- [24.50;24.50;25.00;26.00;25.50;24.50;25.00;24.25;24.75;24.25;25.25;31.75;31.00;25.25;24.00;23.75;24.75;25.00;26.00;36.75;35.75;26.00;24.50;24.25;24.25;24.75;26.25;38.25;36.50;25.75;24.50;24.25;24.75;24.75;26.50;39.00;36.00;25.25;24.25;23.50;24.25;24.25;25.75;36.25;31.75;24.75;23.50;23.75;24.25;23.25;24.50;29.75;26.25;23.75;23.50;22.75;23.00;23.50;24.00;23.75;23.50;23.00;23.50;22.75]
36602- [24.75;24.50;24.50;26.00;25.75;24.75;25.25;24.75;24.50;24.25;25.25;31.75;31.25;25.00;24.50;24.50;24.50;24.50;26.00;37.25;35.75;25.25;24.25;24.50;24.50;24.50;26.00;38.25;36.50;25.50;24.25;23.50;25.00;25.25;26.75;39.00;36.00;25.50;24.00;23.75;24.25;24.25;25.75;36.00;32.00;24.50;23.00;23.00;23.50;23.50;24.00;29.75;26.50;24.00;23.25;22.75;24.00;23.25;23.50;24.00;24.50;23.00;22.75;22.50]
37087- [24.50;24.25;25.25;26.00;25.50;24.50;24.50;23.75;24.25;24.50;25.25;31.75;31.25;24.75;24.25;24.25;24.75;24.75;26.00;36.75;35.50;25.75;24.75;24.00;24.50;24.50;26.00;38.25;36.50;25.75;24.00;23.00;24.25;24.75;26.75;38.75;36.00;25.25;24.00;23.50;24.25;24.75;25.50;36.25;32.25;25.00;23.75;23.50;23.50;23.50;24.25;29.75;26.75;23.50;23.25;22.50;23.00;23.75;23.75;23.75;24.00;22.50;23.00;22.50]
37572- [25.25;24.00;24.75;26.00;25.25;24.75;24.50;24.75;24.50;24.75;25.25;31.50;31.00;24.50;24.00;25.00;25.00;25.00;26.00;37.00;36.00;25.50;25.00;24.25;24.50;24.50;26.25;38.25;36.50;25.50;24.25;24.00;25.00;24.75;26.75;39.00;36.00;25.00;24.25;23.25;24.00;24.25;25.25;35.75;32.00;24.50;23.75;23.50;23.50;23.25;24.25;29.50;26.50;23.75;23.25;22.50;23.00;23.50;24.00;23.50;23.25;22.75;23.00;22.75]
38057- [24.50;24.50;24.75;25.75;26.00;24.75;24.75;24.00;25.00;24.50;25.75;31.75;31.00;25.25;24.25;24.25;24.25;24.50;26.50;37.00;36.00;25.25;24.50;24.25;24.25;24.75;26.00;38.50;36.25;25.50;24.25;23.75;25.00;24.50;26.75;39.00;36.25;25.50;24.00;23.25;23.75;24.00;25.50;35.75;32.00;24.50;23.50;23.25;24.00;23.50;23.75;29.75;26.75;23.50;23.25;23.00;23.75;23.25;23.75;23.50;23.75;23.25;23.00;23.25]
38542- [24.75;24.50;25.25;25.75;26.00;24.50;25.25;24.50;24.50;24.50;25.50;31.75;31.00;25.25;24.75;24.25;24.75;24.75;26.25;37.00;36.25;25.75;25.00;24.50;24.75;24.75;26.50;38.75;36.50;25.75;24.75;23.75;24.25;24.75;26.25;39.00;36.25;25.00;24.00;23.75;24.25;24.00;25.75;36.00;31.75;24.75;23.50;23.75;23.75;23.50;24.25;29.75;26.75;23.75;23.50;22.75;24.00;23.50;24.00;23.75;24.00;22.75;23.25;23.50]
39027- [24.75;24.25;25.25;26.25;26.25;24.75;25.00;24.50;24.75;24.50;25.75;31.50;31.00;25.00;24.00;25.00;24.50;24.75;26.25;37.00;36.00;25.50;24.75;24.50;24.50;24.75;26.25;38.75;36.50;26.00;24.25;23.75;25.00;24.75;27.00;39.25;36.00;25.50;24.25;24.00;24.50;24.50;25.50;36.00;32.25;24.25;24.00;23.25;23.75;23.75;24.25;29.75;26.50;23.75;23.25;23.25;23.00;24.00;24.00;24.25;23.75;22.75;22.75;23.00]
39512- [25.25;25.00;25.00;26.25;26.00;25.00;25.25;24.25;25.00;24.25;25.25;31.75;31.25;25.25;24.50;24.50;24.75;24.75;26.00;37.00;35.75;26.00;24.50;24.00;24.50;24.75;26.00;38.25;36.75;26.00;24.25;23.75;24.50;24.75;26.50;39.00;36.25;25.50;24.25;24.00;24.25;24.75;25.50;36.25;32.25;24.75;23.75;24.00;24.00;23.75;24.50;29.75;26.75;24.00;23.25;22.75;23.00;23.25;23.50;24.25;24.00;23.00;23.25;23.25]
39997- [24.75;24.50;25.25;26.25;25.75;25.25;25.00;25.00;24.75;24.50;25.25;32.00;31.00;25.25;24.75;24.75;24.75;24.75;26.25;37.00;36.25;25.75;24.75;23.75;24.25;24.75;26.75;38.50;36.75;25.50;24.50;24.25;24.50;24.75;26.75;38.75;36.50;25.50;23.75;23.75;24.25;24.25;25.50;36.50;32.00;24.75;24.00;24.00;23.75;23.75;24.25;30.00;27.00;23.75;23.25;22.75;23.25;23.00;23.25;24.00;23.75;23.50;23.25;23.25]
40482- [24.75;24.25;25.00;26.00;25.25;25.25;24.50;24.25;24.75;24.25;25.50;32.00;30.75;25.00;24.50;24.00;24.50;25.00;26.50;37.00;36.00;25.75;24.75;24.25;24.25;24.50;26.50;38.50;36.25;26.00;24.50;23.75;24.50;24.50;26.75;39.00;36.50;25.75;24.50;23.50;24.50;24.25;25.75;36.25;32.25;25.00;23.75;23.50;23.75;23.50;24.00;30.25;26.50;24.00;23.00;23.00;23.00;23.25;24.00;24.00;24.25;23.00;23.25;23.25]
40967- [24.75;24.75;24.75;26.25;26.00;24.50;25.00;24.50;24.75;24.50;25.75;32.00;31.25;25.00;24.00;24.50;24.50;24.75;26.25;37.00;36.00;26.00;24.75;23.75;24.25;24.25;26.25;38.25;36.75;25.50;24.00;23.50;24.75;24.25;26.75;39.00;36.00;25.25;24.00;23.25;23.75;24.25;25.50;36.25;31.75;24.75;23.50;23.75;23.50;23.25;23.75;29.75;26.50;24.00;23.25;22.25;23.25;23.25;23.75;24.00;23.75;23.00;23.50;23.00]
41452- [24.75;24.50;25.00;26.25;26.00;24.75;24.50;24.00;24.50;24.75;25.50;31.75;31.25;24.50;24.25;24.50;24.50;24.75;26.00;37.00;36.00;25.50;24.25;23.50;24.25;24.50;26.00;38.75;36.50;25.25;24.25;23.75;24.50;24.50;27.00;39.25;36.25;25.50;24.25;23.25;24.25;24.50;25.75;36.50;32.00;24.50;23.75;23.50;23.25;23.75;24.50;29.75;26.75;23.75;23.25;22.50;23.25;24.25;24.00;23.75;23.75;23.25;23.25;22.50]
41937- [25.25;24.50;24.75;26.00;26.00;24.75;25.00;24.25;25.00;24.50;25.25;31.50;31.50;25.25;24.50;24.75;25.00;25.00;26.50;37.00;36.00;25.50;24.75;23.75;24.50;24.50;26.50;38.50;36.50;25.75;24.25;23.75;24.75;24.75;26.75;39.00;36.25;25.50;24.50;23.25;24.00;24.50;25.50;36.25;32.50;24.50;23.50;23.25;23.75;23.75;24.00;30.00;26.75;24.00;23.50;23.00;23.75;23.75;24.00;24.25;24.00;23.75;23.25;23.00]
42422- [25.50;24.25;24.50;25.75;25.75;25.00;25.00;24.75;24.25;24.75;25.50;31.75;31.00;25.25;24.50;24.50;24.50;24.50;25.75;37.00;35.75;25.75;24.50;24.00;24.50;24.50;26.25;38.25;36.50;25.00;24.25;23.75;24.75;24.50;27.00;39.00;36.25;25.25;24.50;23.50;24.00;24.25;25.25;36.25;32.00;24.25;23.50;23.75;23.00;23.50;24.25;29.25;26.25;23.50;23.50;22.50;23.00;23.75;23.75;23.50;24.25;23.25;23.25;22.75]
42907- [24.25;24.00;25.00;25.75;26.00;24.75;24.25;24.50;24.75;24.75;25.00;31.25;31.00;25.25;24.25;24.75;24.50;24.50;26.00;36.75;35.75;25.50;24.50;24.25;24.00;24.75;26.00;38.25;36.50;25.50;24.50;24.00;24.50;24.50;26.50;38.75;35.75;25.25;23.75;23.50;23.50;24.25;25.75;36.25;31.75;24.50;24.00;23.25;23.75;23.25;24.25;29.75;26.50;23.50;23.50;22.00;23.25;23.50;23.50;24.00;24.50;22.75;23.00;22.50]
43392- [24.75;23.75;24.50;25.75;26.25;24.25;25.00;23.75;24.50;24.25;25.25;31.50;30.75;25.50;23.75;24.25;24.50;24.75;25.75;37.00;36.00;25.50;24.50;24.00;24.25;24.25;26.25;38.00;36.25;25.25;24.25;23.50;24.25;24.50;26.50;38.50;35.75;25.50;24.25;23.00;24.25;24.00;25.25;36.00;31.75;24.50;23.50;23.00;23.50;23.75;23.75;29.50;26.50;23.25;23.50;22.50;22.75;23.25;23.50;24.00;23.75;22.75;23.00;23.25]
43877- [24.75;24.25;24.75;25.75;26.00;24.50;25.00;25.00;25.25;24.50;25.75;31.75;31.00;25.00;24.25;24.50;24.75;24.25;25.75;37.00;35.50;25.25;24.25;24.00;24.50;24.75;26.25;38.00;36.50;25.75;24.25;23.75;24.75;24.50;26.75;39.00;36.25;25.25;24.25;23.50;23.75;24.25;25.75;36.25;32.25;24.75;23.50;24.25;23.50;23.50;23.75;29.50;26.75;24.00;23.50;23.25;23.00;24.00;24.00;24.00;23.75;23.00;23.50;22.75]
44362- [25.00;24.00;24.75;26.00;26.00;24.50;24.25;23.75;25.00;24.25;25.00;31.50;31.25;25.00;24.25;24.50;24.25;24.75;25.75;37.00;35.50;25.25;24.75;23.75;23.75;24.00;25.75;38.00;36.25;25.50;23.75;24.00;24.25;24.25;26.50;38.75;36.25;25.25;24.00;23.25;24.25;24.00;25.50;36.00;32.00;24.50;23.75;23.50;23.75;23.50;24.25;29.75;26.50;23.75;23.00;23.00;24.00;23.75;24.00;23.75;24.00;23.00;23.25;23.00]
44847- [24.75;24.25;25.00;25.75;25.50;24.50;24.75;24.25;24.75;24.25;25.25;31.50;30.75;24.50;24.50;24.25;24.50;24.50;26.00;37.00;35.50;25.00;24.25;24.25;24.00;24.75;26.25;38.00;36.25;25.25;24.25;23.50;24.75;24.50;26.25;38.50;36.00;25.25;23.75;23.25;23.75;24.25;25.00;36.00;31.75;24.25;23.50;23.75;23.25;23.25;23.75;29.75;26.25;23.50;23.00;22.75;22.75;23.50;23.25;23.75;23.50;23.00;23.25;23.00]
45332- [24.25;23.50;24.75;25.75;25.75;24.50;25.00;25.00;24.50;24.25;25.25;31.50;30.75;24.75;24.50;24.50;24.75;24.25;25.75;37.25;35.50;25.25;24.25;23.75;24.25;24.25;26.25;38.00;36.00;25.75;24.00;23.75;24.50;24.25;26.25;39.00;36.00;25.50;23.75;23.50;24.25;24.50;25.50;36.00;32.00;24.00;24.00;23.25;23.75;23.50;24.00;29.50;26.50;23.75;23.50;22.50;23.25;23.00;23.50;23.25;23.75;22.75;23.50;23.00]
45817- [24.25;24.00;24.75;25.50;25.75;24.50;24.50;24.50;24.50;24.75;25.25;31.75;31.25;25.25;24.00;24.75;24.50;24.75;25.75;37.00;35.50;25.25;24.50;24.25;24.75;24.50;26.25;38.25;36.50;25.50;24.50;23.75;24.50;24.50;26.50;38.75;36.00;25.00;24.50;23.75;23.75;23.75;25.25;36.25;32.00;24.50;23.50;24.00;23.75;23.50;24.00;29.75;26.50;23.75;23.25;23.00;22.75;23.25;23.50;23.75;23.50;23.00;23.25;23.25]
46302- [24.75;24.50;25.00;25.75;26.00;24.50;24.75;24.50;25.00;24.50;25.25;31.75;31.50;25.00;24.25;24.00;24.50;24.50;26.25;37.00;35.75;25.50;24.50;23.75;24.00;24.00;26.25;38.00;36.50;25.00;24.00;23.50;24.75;25.00;27.00;38.50;36.25;25.25;24.25;23.25;23.75;24.00;25.25;35.75;31.75;24.50;23.50;24.00;23.75;23.25;24.00;29.75;26.50;23.75;23.50;22.75;23.00;23.50;23.75;23.75;23.75;23.25;23.50;23.25]
46787- [25.00;24.50;24.75;25.75;26.00;24.75;24.75;24.25;24.75;24.50;25.25;31.50;30.75;25.25;24.25;25.00;24.50;25.00;25.75;37.00;35.75;25.50;24.50;24.00;24.50;24.75;26.25;38.25;36.25;25.25;24.00;23.75;24.50;25.25;27.00;39.00;35.75;25.00;24.00;23.50;24.00;24.00;25.75;36.00;31.75;24.50;23.50;24.25;23.75;23.25;24.00;29.50;26.50;24.00;23.25;23.50;23.25;24.00;24.00;24.00;23.75;23.75;24.00;23.00]
47272- [24.25;24.00;25.50;25.50;26.00;24.50;25.00;24.25;24.50;24.75;25.50;31.50;31.00;25.00;24.25;24.50;24.75;25.00;26.00;37.00;36.00;25.75;24.25;24.00;24.75;25.00;26.25;38.25;36.25;25.25;24.25;23.50;25.00;24.50;26.50;39.00;36.00;25.25;24.25;24.00;24.25;24.00;25.75;36.00;31.75;24.50;23.50;23.25;23.75;23.75;24.50;29.50;26.25;23.75;23.25;23.00;23.75;23.50;23.75;23.75;23.50;23.25;23.50;23.50]
47757- [24.25;24.25;24.50;26.00;26.00;24.75;24.75;24.50;24.50;24.50;25.00;31.50;30.75;24.75;24.25;24.50;24.00;24.50;25.75;36.75;35.75;25.25;24.50;23.75;24.50;24.00;26.00;38.00;36.25;25.25;24.00;23.75;24.50;24.50;26.25;38.50;36.00;25.00;24.25;23.00;24.00;24.25;25.50;35.75;32.25;24.50;23.75;23.50;23.25;23.50;24.00;29.75;26.50;23.50;23.25;22.25;23.75;23.50;23.50;23.75;23.75;23.50;23.50;24.00]
48242- [24.75;24.00;24.75;26.00;25.50;24.25;24.50;24.75;24.50;24.75;25.00;31.50;31.25;25.00;24.50;24.00;24.75;25.00;26.00;37.00;35.50;25.25;24.25;23.75;24.50;24.50;26.25;38.25;36.25;25.75;24.25;23.75;24.50;24.50;26.50;38.75;35.75;25.00;24.25;23.50;24.00;23.75;25.75;36.25;31.75;24.00;23.50;23.75;23.50;23.00;24.00;29.50;26.75;24.00;23.00;22.50;23.25;23.50;24.50;23.75;24.00;22.75;23.25;23.25]
48727- [24.50;24.50;24.75;26.00;25.50;24.75;25.00;24.50;25.00;24.50;24.50;31.75;31.00;25.00;24.50;25.00;24.50;24.50;26.25;37.00;36.00;25.25;24.25;23.75;24.50;24.75;25.75;38.00;36.50;24.75;24.50;23.75;24.50;24.75;26.25;38.75;35.75;25.25;24.25;23.75;23.75;23.75;25.25;35.75;32.00;24.50;23.25;23.75;23.25;24.25;24.00;29.50;26.50;24.25;23.25;22.25;23.25;23.00;23.75;23.75;23.50;23.25;23.25;23.25]
49212- [24.75;24.00;24.50;26.25;25.75;25.25;24.50;24.25;24.50;24.75;25.25;32.00;31.25;25.00;24.50;24.00;24.75;24.75;26.00;37.00;35.50;25.75;24.50;24.00;24.25;24.50;26.00;38.25;36.25;25.25;24.50;23.50;24.75;24.75;26.50;38.75;36.00;25.25;24.25;23.25;24.00;24.25;25.25;36.00;31.75;24.25;23.50;23.75;23.75;23.50;24.25;29.75;26.75;23.75;23.00;22.50;22.75;23.50;23.50;24.00;23.75;23.25;23.00;23.00]
49697- [24.50;24.00;25.00;25.75;26.00;24.50;24.25;24.00;24.50;24.50;25.25;31.50;30.75;24.75;24.50;24.25;24.25;24.50;25.50;36.75;35.50;25.25;24.75;23.75;24.00;24.25;26.00;37.75;36.25;25.00;24.25;23.50;24.75;24.50;26.50;38.50;35.75;25.25;23.75;23.00;23.75;24.25;25.25;35.75;31.75;24.25;23.50;23.25;23.50;23.00;24.50;29.50;26.25;23.50;23.25;22.75;23.00;23.00;23.25;23.00;23.75;23.00;23.00;23.00]
50182- [24.50;24.25;24.75;26.00;26.00;25.00;25.00;24.50;24.50;24.25;25.50;31.25;31.00;25.00;24.00;24.25;24.50;24.75;25.75;36.75;35.75;25.50;24.75;24.00;24.25;24.25;25.75;38.25;36.25;25.25;23.75;23.75;24.50;24.25;26.75;38.75;36.00;24.75;24.00;23.00;24.25;24.50;25.75;36.00;31.75;24.25;23.25;23.25;23.25;23.75;24.00;29.25;26.25;23.50;23.50;22.50;23.50;23.50;23.75;24.00;23.50;23.00;22.50;23.00]
50667- [24.75;24.00;24.75;26.25;25.75;24.75;24.75;24.75;24.00;24.75;25.50;31.75;31.25;25.00;24.25;24.50;23.75;24.75;25.75;37.00;35.50;25.50;24.75;24.25;24.00;24.75;26.00;38.25;36.50;25.75;24.75;23.50;24.50;24.75;26.50;38.75;36.00;25.25;24.50;23.25;24.00;24.25;25.50;36.00;31.75;24.25;23.25;23.75;23.25;23.00;24.00;29.50;26.75;24.00;23.25;22.50;23.25;23.50;23.50;23.50;24.00;23.25;22.75;23.25]
51152- [25.00;24.25;25.25;26.50;26.00;25.00;24.75;24.50;25.25;24.25;25.25;31.75;31.50;25.25;24.75;24.75;24.75;24.50;26.25;37.00;35.75;25.50;25.25;24.50;24.50;24.50;26.25;38.50;36.50;25.75;24.50;23.75;24.50;24.75;26.25;38.75;36.25;25.50;24.50;23.50;24.25;24.50;25.75;36.25;32.00;24.50;23.50;23.75;23.75;23.50;24.25;29.50;26.75;24.25;23.50;23.00;23.25;23.50;23.50;24.00;23.75;23.25;23.25;23.00]
51637- [25.25;24.50;25.00;26.25;26.00;24.75;24.50;24.75;25.25;25.25;25.50;32.00;31.50;25.00;24.50;24.50;24.50;24.75;26.00;37.00;35.75;25.75;25.00;24.25;25.50;24.50;26.50;38.50;36.50;25.75;24.75;23.75;24.00;24.75;26.75;39.25;36.25;25.75;24.50;23.50;24.00;24.75;25.50;36.00;32.00;24.75;23.50;24.00;23.25;23.75;24.00;29.75;26.75;24.25;23.25;22.50;23.25;23.50;23.50;23.75;23.75;23.50;23.25;23.00]
52122- [24.25;24.50;25.50;26.75;26.00;25.00;25.25;24.75;25.00;24.50;25.50;32.00;31.00;25.75;24.75;24.25;24.75;25.00;26.50;37.00;36.25;25.75;24.50;24.00;24.50;24.75;26.50;38.25;36.75;26.00;24.50;24.00;24.50;24.50;27.25;39.00;36.25;25.50;24.25;23.75;23.75;24.25;25.50;36.00;32.50;24.50;23.75;23.75;24.00;23.25;24.25;30.00;26.25;24.25;24.00;23.00;24.00;23.25;23.75;24.00;24.25;23.00;23.50;23.50]
52607- [25.25;24.00;25.25;26.25;26.25;25.50;25.25;25.25;25.00;24.50;25.50;31.75;31.50;25.50;24.25;24.75;25.00;25.00;26.25;37.25;36.25;25.75;25.25;24.25;24.75;24.75;26.50;38.50;36.50;25.50;24.25;24.00;24.75;24.75;26.75;39.50;36.50;25.25;24.75;23.50;24.00;24.25;25.75;36.25;32.00;24.75;23.75;24.00;24.00;24.00;24.50;29.75;26.50;24.25;24.00;23.00;23.50;23.50;23.75;23.50;23.75;23.25;23.50;23.50]
53092- [24.75;24.50;25.50;26.00;26.25;25.25;25.25;24.50;25.00;24.50;25.25;31.75;31.25;25.50;24.50;24.75;25.00;25.25;26.00;37.25;36.00;26.25;24.25;24.00;24.50;24.50;26.50;38.50;36.75;25.75;24.25;23.75;25.00;25.00;27.00;39.25;36.50;25.75;24.25;23.75;24.00;24.50;25.75;36.00;32.00;24.50;24.25;24.00;23.75;23.75;24.25;30.00;27.00;24.50;23.00;23.00;23.75;23.50;23.75;23.75;24.25;23.00;23.50;22.75]
53577- [25.00;24.75;25.00;26.00;26.00;25.00;24.75;24.25;25.25;25.00;26.00;31.75;31.50;25.00;25.00;24.75;25.00;25.25;26.00;37.50;36.25;26.50;25.25;24.50;24.25;24.50;26.50;38.25;36.50;25.75;24.75;24.25;24.75;24.75;26.50;39.00;36.25;25.50;24.75;23.75;24.50;24.50;26.00;36.50;32.25;25.00;23.75;23.75;23.75;23.75;24.50;29.75;26.75;24.50;23.75;22.75;23.50;23.50;24.50;23.50;24.00;23.25;23.50;23.25]
54062- [25.25;24.50;25.50;26.75;25.75;25.25;25.50;24.75;25.00;24.75;25.50;32.00;31.50;25.50;24.75;24.25;25.00;25.50;26.75;37.25;36.25;25.75;25.00;24.25;25.25;24.75;26.50;38.25;36.50;25.75;24.75;24.25;25.00;25.00;27.25;39.25;36.25;25.25;24.00;24.00;24.50;24.50;25.75;36.00;32.00;24.75;23.75;24.00;24.00;23.75;24.00;30.25;26.50;24.75;23.50;22.75;24.00;23.75;24.00;24.00;24.25;23.75;23.75;23.25]
54547- [25.00;24.50;25.00;26.50;26.25;25.25;25.25;24.75;24.75;24.75;25.50;32.00;31.75;25.50;24.75;24.75;24.75;24.75;26.25;37.50;36.25;26.00;25.25;24.50;24.50;24.50;26.50;38.25;36.75;26.00;24.50;24.50;25.00;25.00;27.25;39.00;36.25;25.50;24.50;23.75;24.25;24.50;25.75;36.50;32.25;25.00;24.00;24.25;24.25;23.75;24.75;29.75;26.75;24.75;23.50;22.75;23.75;23.75;24.50;24.50;24.25;23.25;23.25;23.50]
55032- [25.00;25.00;25.75;26.50;26.50;25.25;25.25;24.75;25.00;25.00;25.50;32.25;31.50;25.50;24.75;24.75;25.00;25.00;26.25;37.25;36.25;26.00;24.75;24.25;24.75;25.00;26.75;38.50;36.75;26.00;24.50;24.00;25.25;25.25;27.00;39.25;36.50;25.75;24.50;24.00;24.25;24.50;25.75;36.25;32.00;24.75;24.00;23.50;24.00;23.75;24.25;30.00;26.75;24.75;23.50;23.75;24.00;24.00;24.00;24.00;24.00;23.25;24.00;23.50]
55517- [24.75;25.25;25.50;26.25;26.25;25.50;25.25;25.25;25.50;25.25;25.25;31.75;31.50;25.50;24.75;24.75;25.00;24.75;26.25;37.25;36.25;26.00;25.00;24.00;24.75;25.00;26.50;38.25;36.75;26.00;24.75;23.75;24.50;25.25;27.25;39.25;36.50;25.75;24.50;24.00;24.50;24.50;25.75;36.50;32.25;24.75;24.00;24.00;23.75;23.75;25.00;30.00;27.25;24.50;23.50;23.00;23.75;23.50;23.75;24.00;24.00;23.25;23.75;23.25]
56002- [25.25;24.75;25.50;26.75;26.25;25.25;25.50;25.00;25.25;24.50;25.50;32.25;31.50;26.00;25.25;25.50;25.50;25.25;26.25;37.50;36.25;26.25;25.00;24.25;24.75;24.75;26.75;38.50;37.00;25.75;24.75;24.25;24.75;25.25;26.75;38.75;36.25;26.25;24.75;23.75;24.75;25.00;26.25;36.25;32.50;24.75;24.00;24.25;24.50;23.50;24.50;30.00;27.00;24.50;23.50;23.50;23.75;23.75;23.75;24.25;24.00;23.50;23.75;23.00]
56487- [25.00;24.75;25.25;26.25;26.50;25.25;25.00;25.00;25.00;24.75;25.50;32.00;31.75;25.50;24.75;25.50;24.75;25.50;26.50;37.00;36.25;26.00;24.75;24.50;25.00;25.00;26.75;38.75;36.75;25.75;24.50;24.25;25.25;25.00;27.25;39.25;36.25;25.75;24.75;24.25;24.00;24.75;25.50;36.50;32.50;24.50;24.00;24.25;24.00;23.75;24.25;30.25;27.00;24.00;23.50;23.25;23.25;24.00;23.75;24.00;24.00;23.25;23.25;23.25]
56972- [25.00;25.00;25.25;26.50;26.25;25.25;25.75;25.00;24.75;25.00;25.75;32.25;31.50;25.50;24.75;24.75;25.00;25.00;26.25;37.25;36.00;26.00;24.75;24.50;24.75;24.75;26.75;38.50;36.75;25.75;24.75;24.50;25.00;25.25;27.00;39.25;36.00;25.75;24.25;23.75;24.75;24.75;26.00;36.25;32.25;24.75;23.75;23.75;24.00;23.75;24.25;29.75;27.00;24.25;23.75;23.00;24.25;23.75;24.00;24.50;24.50;23.75;23.75;23.75]
57457- [25.25;24.50;25.25;26.00;26.00;25.25;25.25;24.75;25.25;24.75;25.75;32.00;31.50;25.50;25.25;25.00;24.50;24.75;26.25;37.00;36.25;25.75;24.75;24.25;24.25;24.50;26.50;38.50;36.50;25.75;24.75;24.25;24.50;25.00;26.75;39.00;36.25;25.50;24.25;23.75;24.50;24.25;26.00;36.25;32.50;24.25;24.00;23.75;23.75;23.75;24.75;29.75;27.00;24.25;23.75;23.00;23.75;23.75;24.25;24.00;23.75;23.25;23.50;23.00]
57942- [25.00;24.00;25.50;26.25;26.50;25.25;25.25;24.50;25.00;25.00;25.50;31.75;31.50;25.00;25.00;24.75;24.75;25.25;26.00;36.75;36.00;25.50;25.00;24.50;24.75;24.75;26.75;38.50;36.75;25.50;24.50;24.00;24.75;25.00;26.50;38.75;36.50;25.50;24.50;24.25;24.00;24.00;25.75;36.25;32.00;24.75;23.75;23.75;23.75;23.50;24.00;30.00;27.00;23.75;23.50;22.75;23.50;23.75;23.75;24.25;23.75;22.75;23.00;23.25]
58427- [25.00;24.25;25.00;26.25;26.25;25.00;25.00;24.75;24.50;24.50;25.75;32.25;31.00;25.00;24.50;24.50;24.75;25.00;26.00;37.00;36.00;25.50;24.50;23.75;24.75;25.00;26.25;38.50;36.25;25.75;24.50;23.75;24.75;24.75;27.00;38.75;36.50;25.50;24.25;23.50;24.25;24.50;26.00;36.00;31.75;24.25;23.75;23.50;23.25;23.25;24.25;29.50;27.00;23.75;23.50;22.75;23.25;23.00;23.50;24.00;23.25;23.50;23.00;23.50]
58912- [25.50;24.50;24.50;26.00;26.25;25.25;24.75;25.00;24.75;24.75;25.75;31.50;31.75;25.50;24.75;24.75;25.00;24.75;26.25;37.25;36.25;25.50;25.25;24.25;24.75;24.75;26.25;38.50;36.25;25.75;24.25;24.00;24.75;25.00;27.00;39.00;36.25;25.75;24.50;24.00;24.00;24.50;26.25;36.25;32.00;24.50;23.50;23.50;23.75;23.50;24.25;29.75;26.75;23.50;23.50;22.75;23.25;22.75;24.00;23.75;24.00;23.00;23.25;23.50]
59397- [25.00;24.50;25.50;26.25;26.25;25.25;25.25;24.75;24.75;24.75;25.00;32.00;31.25;25.00;24.50;25.00;24.75;25.00;26.25;36.75;36.00;26.00;24.75;24.25;24.50;24.75;26.25;38.25;36.75;25.75;24.50;24.00;24.50;24.75;26.75;39.00;36.25;25.25;24.25;23.75;23.75;24.25;25.50;36.00;32.25;24.75;24.00;23.75;23.75;24.00;24.25;30.00;26.75;24.50;23.00;23.00;23.00;23.25;24.00;24.25;23.75;23.25;23.25;23.50]
59882- [24.75;24.75;24.75;26.50;26.25;24.75;25.00;24.50;25.25;24.50;25.75;31.75;31.00;25.00;24.00;24.25;25.25;25.00;26.00;37.00;35.75;25.75;24.50;23.50;24.75;25.00;26.25;38.00;36.25;25.50;24.75;23.50;24.25;25.00;27.00;38.75;36.25;25.00;24.25;24.00;24.50;24.25;25.75;35.75;32.25;24.25;23.75;23.75;23.75;24.00;24.00;29.50;26.50;24.25;23.50;23.00;23.25;23.75;24.00;24.25;23.50;23.00;23.50;22.75]
60367- [25.00;24.25;25.25;26.00;26.50;24.50;24.50;24.50;24.75;24.75;25.50;31.75;31.00;25.25;24.75;24.50;24.50;24.75;26.00;37.00;35.75;26.00;24.50;24.00;24.25;24.50;26.00;38.25;36.50;25.50;24.25;24.00;24.75;25.00;27.00;39.25;36.25;25.25;24.00;24.00;24.00;24.25;25.75;35.50;32.00;24.50;24.00;23.75;23.75;23.50;24.00;29.50;27.00;23.50;23.25;23.00;23.00;23.00;23.50;24.25;24.00;23.25;22.75;22.50]
60852- [25.25;24.75;24.50;25.75;26.50;25.00;25.25;24.25;25.00;24.50;25.75;31.75;31.50;25.25;24.50;24.50;24.50;25.00;26.00;37.25;35.75;25.75;24.50;24.25;24.50;24.25;26.25;38.00;36.25;25.50;24.25;23.75;25.00;24.75;26.75;38.75;36.25;25.75;24.50;23.50;24.50;24.25;26.25;36.00;32.00;24.25;23.25;23.75;23.00;23.50;24.25;30.00;26.50;23.75;23.50;23.00;23.25;23.75;24.00;23.75;24.25;23.00;22.75;23.50]
61337- [25.50;24.50;25.00;26.50;26.25;25.25;25.25;24.50;24.75;25.00;25.25;32.00;31.25;25.00;24.75;24.75;24.75;24.75;26.00;37.25;35.75;25.75;24.75;24.25;24.50;24.50;26.25;38.50;36.50;25.75;24.50;24.00;24.75;24.75;27.00;39.25;36.00;25.25;24.50;23.25;24.50;24.25;26.25;36.25;32.50;24.75;23.50;24.00;23.75;23.75;24.50;30.00;26.75;24.25;23.00;22.75;23.25;24.00;23.75;23.50;24.00;23.00;23.50;23.25]
61822- [25.25;24.25;25.00;26.25;26.25;25.00;24.75;24.75;24.75;25.00;25.50;32.00;31.25;25.25;24.75;25.00;25.50;24.75;26.50;36.75;36.00;25.75;25.00;24.00;24.75;24.75;26.25;38.50;36.50;25.75;24.25;23.75;24.50;24.75;26.75;38.75;36.25;25.25;24.50;23.50;24.50;24.50;25.75;35.75;32.25;24.75;24.00;24.00;23.50;23.75;24.25;29.75;26.75;24.25;23.75;23.00;23.50;23.00;23.50;23.75;24.00;22.75;23.00;22.75]
62307- [25.00;24.75;24.75;26.25;26.25;24.75;25.00;25.00;24.75;24.50;25.75;31.75;31.00;25.00;24.25;25.00;24.50;25.25;26.75;37.00;36.00;25.75;24.75;24.50;24.50;24.25;26.50;38.25;36.75;25.75;24.50;23.25;24.75;24.50;27.00;39.25;36.50;25.25;24.75;23.50;24.50;24.50;25.25;36.25;31.75;25.00;23.75;23.75;23.75;24.00;24.25;29.75;26.25;24.25;23.25;22.75;23.75;23.25;23.25;24.50;24.25;23.50;23.50;22.75]
62792- [25.00;24.25;25.00;26.00;26.75;25.00;25.25;24.50;25.25;25.00;25.75;31.75;31.00;25.50;24.50;24.50;24.75;25.00;26.25;37.25;36.25;26.00;25.00;24.50;24.75;24.75;26.75;38.25;36.50;25.50;25.00;24.25;24.75;24.25;26.75;38.75;36.25;25.75;24.25;24.00;24.25;24.75;25.75;35.75;32.25;24.75;23.75;23.75;23.50;23.75;24.75;29.75;26.75;24.50;23.75;23.25;23.25;23.75;23.75;24.00;23.75;23.50;23.25;23.50]
63277- [25.25;24.75;25.00;26.50;26.25;25.50;25.00;25.00;25.00;24.50;25.75;31.75;31.50;25.50;24.75;24.50;24.75;25.00;26.50;37.25;36.25;26.00;24.75;24.25;24.75;25.00;26.75;39.00;36.75;26.00;24.50;24.00;25.00;25.25;27.25;39.00;36.25;25.75;24.25;23.75;24.50;24.50;25.50;36.50;32.25;25.00;24.25;23.75;23.75;24.00;24.50;30.00;27.00;24.00;23.50;22.50;23.75;23.75;24.25;24.50;24.00;23.75;23.75;23.50]
63762- [25.00;24.50;25.75;26.25;26.50;25.00;25.25;25.25;24.75;25.00;25.75;32.00;31.75;25.50;25.25;25.50;24.50;25.25;26.25;37.00;36.00;26.00;24.50;24.75;24.75;25.00;26.50;38.50;36.50;25.50;24.75;24.25;25.00;25.25;27.00;39.25;36.50;25.75;24.50;23.75;24.50;24.75;25.50;36.25;32.25;25.25;23.50;23.75;23.75;24.00;24.25;29.75;27.25;23.75;24.00;23.25;23.50;23.75;23.50;23.75;24.25;23.25;24.00;23.50]
64247- [24.75;24.50;25.00;26.00;26.00;25.25;24.75;24.75;25.00;25.00;25.75;32.00;31.25;25.25;24.50;24.75;24.50;25.00;25.75;37.00;35.75;26.00;24.75;24.75;24.50;24.75;26.25;38.50;36.50;25.75;24.75;24.25;24.75;25.00;27.00;39.25;36.50;25.25;24.50;24.25;24.75;24.50;26.00;36.25;32.25;24.75;24.00;24.25;23.75;23.25;24.00;30.00;27.00;24.25;23.50;22.50;23.50;23.25;23.50;24.75;24.00;23.50;23.50;23.50]
64732- [24.75;24.00;25.00;26.50;26.25;25.00;25.00;24.75;25.00;24.50;25.50;31.75;31.50;25.25;24.50;25.00;25.00;24.75;26.00;37.00;35.75;25.25;24.75;24.00;24.25;24.50;26.50;38.25;36.50;25.75;24.50;23.75;24.75;25.00;26.75;39.25;36.25;25.50;24.25;23.50;24.25;24.50;25.50;36.25;32.25;24.75;23.75;23.50;24.00;23.75;24.25;29.75;26.75;24.25;23.25;22.50;23.25;23.50;23.75;24.50;24.00;23.00;23.50;23.50]
65217- [25.00;24.75;25.00;26.25;26.25;24.75;25.00;24.25;24.50;24.50;25.00;31.50;31.00;24.75;24.00;24.25;24.25;25.25;26.00;36.75;35.75;26.25;24.75;24.25;24.25;24.25;26.25;38.50;36.25;25.50;24.50;23.50;24.25;25.00;26.50;39.00;36.25;25.50;24.25;24.00;24.00;24.50;25.50;35.75;32.25;24.50;23.75;23.25;24.25;23.50;24.25;29.00;26.75;24.00;23.50;22.50;23.25;23.50;23.75;23.75;23.75;23.25;22.75;23.25]
65702- [24.75;24.50;25.00;26.25;26.25;25.00;25.25;24.50;24.75;24.75;25.25;31.75;30.75;25.25;24.50;24.25;24.25;24.75;26.00;37.00;36.00;25.25;24.50;24.00;24.50;24.75;26.25;38.25;36.50;25.25;24.25;24.00;25.00;25.00;26.50;39.00;36.00;25.50;24.50;23.75;24.50;24.50;25.75;36.25;31.75;24.75;23.50;23.25;24.00;23.25;24.25;30.00;26.50;23.75;23.50;23.00;23.25;23.75;23.25;24.25;24.00;23.50;23.50;23.25]
66187- [25.00;24.25;25.25;26.00;26.25;25.25;25.00;25.00;25.00;24.75;25.75;31.50;31.25;25.00;24.75;24.75;24.50;25.25;26.00;37.25;35.75;26.00;24.50;24.00;24.75;24.25;26.25;38.50;36.25;25.25;24.75;24.00;24.25;24.75;27.00;38.75;36.50;25.50;24.25;23.50;23.75;24.00;25.75;36.00;32.00;24.50;24.50;23.75;23.50;23.50;24.25;29.75;27.00;23.75;23.50;23.00;23.75;23.75;23.50;24.00;23.50;22.75;23.50;23.00]
66672- [25.00;24.75;25.25;26.00;26.00;25.00;24.50;25.00;24.75;25.00;25.25;32.00;31.25;25.00;24.50;24.50;25.25;25.00;26.50;37.00;35.75;25.75;24.75;24.00;24.25;24.75;26.75;38.75;36.75;26.00;24.25;23.75;24.75;24.50;27.00;38.75;36.50;25.50;24.50;24.00;24.25;24.75;26.25;36.50;32.25;24.50;24.00;24.00;23.75;23.50;24.00;30.00;26.75;24.50;23.50;23.00;23.50;23.75;23.75;24.00;24.00;23.50;23.75;22.50]
67157- [25.25;24.75;25.25;26.25;26.25;25.25;25.25;25.25;25.25;24.50;26.00;32.00;31.00;25.50;25.25;24.75;24.75;24.75;26.50;37.25;35.75;25.75;25.00;24.75;25.00;25.00;26.75;38.50;36.75;25.50;24.75;24.25;25.00;24.75;27.00;39.50;36.25;25.50;24.50;24.00;24.50;24.25;25.75;36.25;32.50;24.50;24.00;24.00;24.25;23.75;24.50;29.75;27.00;24.25;23.50;23.00;23.75;24.00;23.75;24.00;24.25;23.50;24.00;23.50]
67642- [25.50;24.75;25.25;26.75;26.00;25.00;25.25;24.50;25.25;24.50;25.75;32.00;31.50;25.00;24.75;25.00;25.00;25.00;26.50;37.25;36.00;26.00;25.00;24.50;25.00;25.00;26.50;38.25;36.75;25.50;24.75;23.50;24.50;25.25;27.25;39.25;36.50;25.75;24.50;24.00;24.00;24.25;26.25;36.00;32.25;24.75;24.00;23.50;23.75;23.50;24.75;29.75;26.75;24.25;23.75;22.50;23.50;23.75;24.25;23.75;23.50;23.50;23.25;23.00]
68127- [25.50;24.50;25.25;26.25;26.25;24.75;25.00;24.50;25.00;24.75;25.75;32.00;31.25;25.75;24.75;24.00;24.50;25.00;26.50;37.25;36.25;26.00;25.00;24.50;24.75;24.75;26.25;38.50;37.00;25.75;24.75;24.25;25.00;25.00;27.00;39.00;36.50;25.75;25.00;24.00;24.25;24.50;26.00;36.25;32.00;24.75;24.25;23.75;24.00;23.75;24.50;29.75;27.25;24.25;23.50;23.25;24.00;24.00;24.25;24.50;24.00;23.25;23.75;23.25]
68612- [25.00;25.00;25.25;26.00;26.25;25.25;25.00;24.75;25.00;25.00;25.75;32.25;31.00;25.25;25.00;24.75;24.75;24.25;26.25;37.25;35.75;26.25;24.50;24.50;24.50;24.50;26.75;38.50;36.75;25.25;25.00;23.75;24.50;25.00;27.25;39.00;36.25;25.50;24.75;24.00;24.75;24.50;25.75;36.50;32.25;24.75;23.50;24.00;24.00;23.75;24.25;30.00;26.50;24.25;23.75;23.00;23.50;23.75;23.50;23.50;24.25;23.75;23.25;22.75]
69097- [25.25;24.75;25.00;26.50;26.00;25.25;25.00;24.75;25.25;25.00;25.75;32.00;31.75;25.50;24.75;24.75;25.00;24.75;26.00;37.00;36.25;25.75;25.25;24.50;24.00;25.00;26.50;38.50;36.50;25.75;24.50;24.25;25.00;25.00;27.00;39.25;36.50;25.75;24.75;24.00;24.50;24.50;26.50;36.25;32.25;24.50;24.00;24.00;23.50;23.75;24.25;30.00;26.75;24.50;23.75;23.00;23.50;23.75;24.00;23.75;23.75;23.75;24.00;23.00]
69582- [25.25;24.75;25.25;26.25;26.00;25.00;25.50;24.50;25.25;24.25;25.50;32.00;31.25;25.50;24.00;25.00;24.75;24.75;26.25;37.25;35.75;25.50;24.75;24.00;24.75;24.75;26.75;38.25;36.50;25.75;24.25;24.00;24.75;25.00;27.00;39.00;36.00;25.50;24.50;24.00;24.50;24.00;26.00;36.50;32.00;25.00;23.50;24.25;23.75;23.75;24.50;30.00;27.00;24.25;23.50;23.25;23.50;23.25;23.75;24.75;24.00;23.25;24.00;23.25]
70067- [25.00;24.25;24.75;26.25;26.00;25.00;25.00;24.25;25.25;24.50;25.25;31.75;31.00;25.75;24.50;25.00;25.25;25.00;26.25;36.75;35.75;26.00;25.25;23.50;24.50;24.50;26.25;38.25;36.25;25.50;24.50;24.00;24.25;24.75;26.25;38.75;36.25;25.25;24.00;23.50;24.25;24.25;25.75;36.25;32.00;24.75;24.25;23.50;24.00;24.00;24.00;29.75;26.75;23.50;23.25;23.00;23.50;23.50;24.25;24.50;23.75;23.25;23.25;22.25]
70552- [24.75;24.50;25.00;26.00;26.00;25.00;25.00;24.75;24.50;24.50;25.00;32.00;31.00;25.25;24.50;24.25;25.00;24.50;26.25;37.25;35.75;25.75;25.00;24.25;24.50;24.50;26.50;38.50;36.50;25.50;24.50;24.00;24.75;24.75;26.75;39.00;36.00;25.00;24.00;23.50;24.25;24.00;25.50;36.00;32.00;24.25;24.00;23.50;23.75;24.25;24.50;29.50;26.75;24.00;23.25;22.50;23.75;23.75;24.00;24.00;23.75;23.00;23.25;22.75]
71037- [25.00;24.25;24.75;26.00;25.75;24.50;24.50;24.50;24.75;24.00;25.50;31.75;31.25;25.25;25.00;24.75;24.50;24.50;25.75;37.00;35.75;25.50;24.50;24.25;24.50;24.25;26.25;38.25;36.50;25.25;24.50;24.00;24.50;24.25;26.75;38.75;36.00;25.25;23.75;23.75;23.75;23.75;25.50;36.00;31.75;25.00;23.50;23.50;24.00;23.50;24.50;30.25;26.50;24.00;23.50;23.25;23.75;23.25;24.00;23.75;23.75;23.25;23.25;23.50]
71522- [25.00;24.00;24.75;25.75;25.50;24.50;24.75;24.50;24.75;24.50;25.25;31.75;31.00;25.00;24.50;24.50;24.75;24.50;25.75;36.75;35.75;25.50;24.25;24.00;24.50;24.50;26.00;38.00;36.25;25.50;24.00;24.50;24.50;24.75;27.00;39.00;35.75;25.25;24.50;23.25;24.25;23.75;25.75;36.00;31.75;24.50;23.50;23.50;23.75;23.75;24.50;29.50;27.00;23.75;23.75;22.75;23.50;23.50;23.25;23.50;23.50;22.50;23.50;23.50]
72007- [25.00;24.25;24.50;25.75;25.25;24.50;24.50;24.75;24.75;24.00;25.00;31.75;30.50;25.00;24.50;24.25;24.50;24.75;26.00;36.50;35.75;25.75;24.50;24.00;24.25;24.00;26.00;38.25;36.00;25.50;24.25;23.50;24.50;25.00;26.25;38.50;36.00;25.25;24.00;23.75;24.25;24.50;25.75;35.25;31.75;24.00;23.50;23.25;23.50;23.25;24.00;29.50;26.25;23.50;23.00;22.50;23.00;23.00;23.75;23.50;23.50;23.00;23.25;23.00]
72492- [24.25;24.00;23.75;25.75;25.75;24.25;24.50;24.00;24.25;24.50;25.00;31.25;30.75;25.00;23.75;24.25;24.50;24.50;26.00;36.75;35.50;25.00;24.50;23.50;24.25;24.75;26.25;38.00;36.00;24.50;24.25;23.00;23.75;24.25;26.50;38.50;36.00;25.25;24.00;23.25;24.00;24.25;25.00;35.75;31.75;23.75;23.75;23.25;23.25;23.25;23.75;29.50;26.00;23.50;22.75;22.25;23.25;23.00;23.00;23.75;23.25;22.75;23.25;23.25]
72977- [24.25;24.00;24.25;25.75;25.75;24.50;24.50;24.50;24.25;24.25;24.50;31.50;31.00;25.25;23.75;24.50;24.25;24.75;25.75;36.75;35.50;25.25;24.00;23.50;24.25;24.50;25.75;38.00;36.00;25.25;23.50;23.25;24.50;24.25;26.50;38.50;35.75;24.50;24.00;23.50;23.75;24.00;25.25;36.00;31.75;24.25;23.50;23.50;23.50;23.25;23.75;29.50;26.00;23.50;23.25;22.25;23.25;23.50;23.50;23.50;23.50;23.00;23.25;23.00]
73462- [24.50;24.00;24.75;25.25;25.50;24.25;24.00;24.75;24.25;24.25;24.75;31.75;30.25;25.00;24.25;24.50;24.25;24.50;25.75;36.50;35.50;24.75;24.50;23.75;24.25;24.25;25.75;37.75;36.00;25.25;23.75;23.75;23.50;24.50;26.25;38.50;35.25;25.00;24.00;23.50;24.25;23.75;25.50;35.75;31.50;24.25;23.25;23.50;23.50;23.75;23.75;29.25;26.50;23.25;23.25;22.25;23.00;23.50;23.25;23.75;23.50;23.25;22.75;22.50]
73947- [24.50;24.00;24.75;25.75;25.75;24.75;24.75;24.25;24.25;24.25;25.00;31.50;30.75;25.00;24.00;24.25;24.25;24.75;26.00;36.75;35.75;25.25;24.50;23.50;24.75;24.50;26.00;38.00;36.00;25.00;24.50;23.25;25.00;24.50;26.25;38.50;35.75;24.75;24.25;23.50;24.00;24.00;25.25;35.75;31.50;24.25;23.00;23.00;23.50;23.50;23.75;29.25;26.25;24.00;23.00;22.25;23.25;23.00;23.75;23.50;23.25;22.75;23.00;23.50]
74432- [24.25;24.50;24.50;25.75;25.50;24.50;24.75;24.25;24.50;24.25;25.50;31.50;30.50;25.00;24.50;24.00;24.25;24.25;25.75;36.50;35.50;25.25;24.25;23.50;24.50;24.00;25.75;37.75;36.25;25.00;23.75;23.75;24.25;24.50;26.25;38.50;35.75;25.00;24.00;23.00;23.75;24.25;25.50;35.75;31.75;24.25;23.75;23.50;23.25;23.50;24.00;29.25;26.50;23.25;23.25;22.25;23.25;23.25;23.75;23.50;23.50;23.50;23.00;23.00]
74917- [24.75;24.25;24.50;26.00;26.00;24.50;24.00;24.25;24.50;24.75;25.25;31.75;30.50;24.75;24.00;24.25;24.25;24.25;26.25;36.75;35.50;25.50;24.50;24.00;24.00;24.25;26.25;37.50;36.25;25.00;24.25;23.25;24.75;24.50;26.50;38.75;36.00;25.25;24.00;23.00;23.75;24.00;25.75;36.00;31.50;24.25;23.50;23.75;24.00;23.75;23.50;29.25;26.00;24.00;23.00;22.75;23.75;23.25;23.75;23.50;23.50;22.75;23.25;22.50]
75402- [24.50;23.75;24.50;26.00;25.75;24.75;24.50;24.25;24.50;23.75;25.25;31.25;30.75;24.75;24.25;24.50;24.50;24.50;26.00;36.50;35.25;25.25;24.25;24.00;24.25;24.25;26.00;37.75;36.00;25.00;23.75;23.50;24.50;24.50;26.25;38.50;35.75;25.00;24.25;23.25;24.00;24.50;25.50;35.50;31.75;24.25;23.50;23.00;22.75;23.75;23.75;29.25;26.25;23.50;23.25;22.50;23.25;23.50;23.50;24.00;23.75;22.75;22.75;23.00]
75887- [24.50;24.00;25.25;25.50;26.00;24.50;24.50;23.75;24.75;25.00;25.25;31.50;30.75;25.25;24.25;24.00;24.00;24.75;25.50;36.75;35.50;25.25;24.00;23.50;24.25;24.25;26.25;37.75;36.25;25.25;24.50;23.75;24.50;24.25;26.50;38.50;36.00;24.75;24.25;23.50;23.75;24.00;25.50;35.75;32.00;24.00;23.75;23.25;24.00;23.50;23.75;29.25;26.25;23.50;23.25;22.75;23.25;23.50;23.75;24.00;23.75;23.00;23.25;22.25]
76372- [24.75;24.25;24.50;25.75;25.50;24.75;24.50;24.00;24.75;24.25;25.00;31.50;30.75;25.25;24.50;25.00;24.75;24.25;25.75;36.50;35.50;25.50;24.50;24.00;24.25;24.25;25.75;37.75;36.25;25.50;24.00;24.25;24.25;24.75;26.75;38.50;36.00;24.75;24.50;23.50;23.75;24.25;25.25;35.75;31.75;24.25;23.25;23.75;24.00;23.25;23.75;29.00;26.50;23.50;23.00;22.25;23.50;23.50;24.00;24.00;23.75;23.00;23.00;22.75]
76857- [24.50;24.50;24.50;26.00;25.75;25.00;25.00;24.50;24.50;24.50;25.25;31.75;31.00;25.25;24.50;24.50;24.00;25.00;25.75;37.00;35.50;25.25;24.50;24.25;24.50;24.25;26.00;38.25;36.00;25.75;23.75;23.75;24.50;24.50;26.25;38.50;36.00;25.00;24.00;23.50;23.50;23.75;25.50;35.50;31.75;24.25;23.00;24.00;23.25;23.25;24.25;29.50;26.25;23.50;23.25;22.75;23.25;23.50;24.00;23.75;23.75;22.75;23.00;23.00]
77342- [24.75;24.00;24.75;26.00;26.00;24.75;24.50;24.50;24.50;24.50;24.75;31.50;30.50;24.50;24.50;24.25;24.25;24.50;25.75;36.50;35.00;25.00;24.50;23.50;24.50;24.25;26.00;38.25;36.00;25.00;24.00;23.75;24.25;24.50;26.75;38.50;35.25;25.00;23.75;23.25;24.25;24.25;25.25;35.50;31.50;24.25;22.75;23.75;23.25;23.25;24.00;29.50;26.25;23.75;23.00;22.75;22.75;23.75;23.75;24.00;23.50;23.00;23.25;22.75]
77827- [24.50;24.00;24.50;25.75;25.75;25.00;23.75;24.25;24.50;24.25;25.00;31.75;30.50;25.25;24.00;24.50;24.25;24.50;25.75;36.50;35.50;24.75;24.50;23.75;24.00;24.25;26.00;38.25;36.25;25.00;24.25;23.50;24.25;24.75;26.25;38.50;35.75;25.00;24.00;23.25;24.00;24.00;25.75;35.75;31.75;24.25;23.50;23.00;23.75;23.25;23.75;29.00;26.25;23.50;23.25;23.00;23.00;23.50;23.50;23.25;23.50;22.50;22.75;23.25]
78312- [24.75;24.50;24.25;25.25;26.00;24.50;24.50;24.00;24.50;24.50;25.25;31.50;30.75;24.75;24.00;24.00;24.50;24.75;25.75;36.50;35.50;25.25;24.00;23.25;24.25;24.25;25.75;37.75;36.00;25.25;23.75;24.25;24.00;24.25;25.75;38.75;35.50;25.00;23.75;23.00;24.00;24.00;25.50;36.00;31.75;24.00;23.25;23.25;23.00;23.25;24.00;29.25;26.50;23.75;23.25;22.25;23.00;23.25;23.50;23.75;23.25;22.50;23.00;22.25]
78797- [24.50;24.00;24.75;25.50;25.50;24.25;24.50;24.00;24.50;24.25;25.00;31.50;30.50;25.00;24.00;24.50;24.25;24.75;25.75;36.75;35.75;25.00;24.50;24.00;24.25;24.00;25.75;37.50;36.00;24.75;23.75;23.25;24.25;24.75;26.25;38.25;35.75;25.00;24.25;23.50;24.00;24.00;25.25;35.75;31.50;24.50;23.00;23.50;23.00;23.25;23.50;29.25;26.50;23.75;23.00;22.50;23.00;23.50;23.25;23.75;23.00;22.50;22.75;22.50]
79282- [24.00;24.00;24.75;25.75;25.75;24.50;24.50;24.25;24.25;24.25;25.00;31.00;30.75;24.75;24.00;24.25;24.00;25.00;25.75;36.50;35.75;25.50;24.00;23.50;24.25;24.25;26.00;37.75;36.00;25.25;24.00;23.50;24.75;24.25;26.25;38.50;35.75;25.00;24.00;23.50;24.25;23.75;25.25;35.50;31.75;24.00;23.25;23.25;23.50;23.25;23.75;29.25;26.00;23.75;23.25;22.25;23.50;23.75;23.75;23.50;23.50;22.75;22.75;23.00]
79767- [25.00;24.25;24.75;25.50;25.75;24.25;24.25;24.75;25.00;24.25;25.00;31.50;30.75;25.00;24.50;23.75;24.25;24.50;25.75;36.50;35.25;25.00;24.25;23.75;24.50;24.25;26.25;37.75;36.00;25.25;24.00;23.75;24.50;24.25;26.25;38.75;35.75;25.00;24.00;23.25;23.75;24.25;25.50;35.50;31.75;24.00;23.25;23.25;23.25;23.50;24.00;29.25;26.25;24.00;23.00;22.50;23.00;23.75;23.50;23.75;23.50;22.75;23.25;22.75]
80252- [25.00;23.75;24.50;26.00;25.50;24.75;24.75;24.50;24.25;24.25;25.25;31.25;30.75;24.75;24.00;24.25;24.50;24.75;25.75;36.50;35.25;25.50;24.25;24.00;23.75;24.25;26.00;37.75;36.50;25.25;24.25;23.50;24.50;24.50;26.25;38.50;35.75;25.00;24.00;23.50;23.50;24.25;25.00;35.50;31.75;24.25;23.00;23.75;23.00;23.50;24.00;29.00;26.25;23.25;23.00;22.50;23.50;23.50;23.50;23.75;23.75;22.75;23.00;22.75]
80737- [24.50;24.00;24.50;25.75;25.25;24.00;24.50;23.75;25.00;24.00;25.00;31.50;30.75;25.00;24.50;24.50;24.25;25.00;25.75;36.50;35.75;25.25;24.00;24.00;24.25;24.50;25.50;38.00;36.25;25.25;24.00;23.50;24.25;24.75;26.25;38.25;35.75;25.50;24.00;23.25;24.50;24.00;25.00;35.50;31.25;24.25;23.75;23.25;23.75;23.75;23.75;29.25;26.25;23.75;23.25;22.50;22.75;23.50;23.25;23.75;23.75;22.50;23.25;23.25]
81222- [24.50;24.00;24.75;26.00;26.00;24.50;25.25;24.25;24.75;24.00;25.00;32.25;31.25;25.00;24.00;24.50;24.50;24.75;26.00;36.50;35.75;25.50;24.50;23.75;24.75;24.50;26.00;38.00;36.50;25.50;24.00;24.25;24.50;24.25;26.00;38.75;36.00;25.25;24.00;23.25;24.00;24.25;24.75;35.25;31.75;24.25;23.75;23.75;23.50;23.00;23.75;29.25;26.50;23.75;23.00;22.50;23.75;23.00;23.50;23.50;24.00;23.25;23.00;22.25]
81707- [24.75;24.25;25.00;26.00;26.00;25.00;24.50;24.50;25.25;24.25;25.50;31.50;31.25;25.00;24.50;24.50;24.25;25.00;26.00;36.50;36.00;25.75;24.75;23.75;24.25;24.75;26.25;38.25;36.50;25.25;24.00;23.50;24.25;24.50;26.50;38.50;36.25;25.00;24.25;23.75;24.25;24.50;25.50;35.75;31.75;24.25;23.75;23.50;23.75;23.25;24.00;29.50;26.50;23.75;23.00;22.25;23.50;23.50;24.00;24.00;23.75;23.25;23.50;23.50]
82192- [25.00;24.50;24.75;26.50;26.50;25.00;25.00;23.75;24.50;24.75;25.50;31.25;31.50;25.25;24.25;24.50;24.00;25.00;26.00;36.75;36.25;25.75;24.75;24.25;24.50;25.00;26.00;38.00;36.25;25.50;24.25;23.75;24.50;25.00;26.75;38.50;36.00;25.75;24.50;24.00;24.00;24.50;25.50;35.75;31.75;24.25;23.75;23.75;24.00;23.50;24.50;29.50;27.00;24.00;23.50;22.00;23.50;23.50;23.50;23.75;23.75;23.50;23.25;22.50]
82677- [25.25;24.75;25.00;26.00;26.00;24.75;25.00;24.75;24.75;24.75;25.25;32.00;31.50;25.25;24.25;24.75;24.75;24.75;26.25;37.00;35.75;25.50;24.75;24.25;24.75;24.50;26.50;38.00;36.75;25.50;24.00;24.00;24.50;25.00;26.75;38.75;36.25;25.50;24.75;23.50;24.00;24.25;25.50;36.00;31.75;24.50;23.50;24.00;23.50;23.75;24.00;29.50;26.75;24.25;23.75;22.50;23.50;24.25;23.50;23.75;24.25;23.50;23.00;23.00]
83162- [24.75;24.50;25.25;26.00;26.00;25.00;25.25;24.50;25.00;24.75;25.75;32.25;31.25;25.25;24.50;24.75;24.75;25.00;26.25;37.00;35.75;25.75;24.75;24.00;24.50;25.00;26.50;38.00;36.75;26.00;25.00;24.25;25.00;25.00;27.00;38.75;36.75;25.50;24.00;23.75;24.50;24.50;26.00;35.75;32.25;24.75;23.75;24.00;24.00;24.25;24.50;29.75;27.00;24.25;23.50;23.00;23.75;23.50;24.25;24.00;24.00;23.00;23.75;23.25]
83647- [25.00;24.75;25.25;26.75;26.50;25.25;25.00;24.25;24.25;24.50;25.00;31.75;31.50;25.25;25.00;24.75;24.75;24.75;26.25;37.25;35.75;26.00;25.00;24.00;24.25;24.50;26.50;38.25;36.75;25.50;24.50;23.75;24.75;24.75;26.75;38.50;36.50;25.75;23.75;23.50;24.25;24.50;25.50;35.75;32.00;24.50;23.50;24.00;23.75;23.75;24.75;30.00;27.00;24.25;23.75;22.75;23.75;24.00;23.50;24.00;23.75;23.50;23.25;23.25]
84132- [24.75;24.25;25.00;26.25;26.25;25.00;25.25;24.50;24.25;24.75;25.25;32.00;31.75;25.50;24.25;24.75;25.00;25.00;26.25;36.75;36.00;25.50;24.75;24.00;24.25;24.50;26.50;38.25;36.50;25.50;24.50;23.75;25.00;25.00;26.50;38.75;36.25;25.50;24.50;23.25;24.25;24.25;25.75;35.50;31.75;24.75;23.75;24.25;23.75;23.50;24.25;29.25;26.75;23.75;23.25;23.00;23.50;23.75;23.75;24.00;24.00;23.00;23.25;23.00]
84617- [25.00;24.25;25.00;26.25;25.75;24.50;24.50;24.75;24.75;24.50;25.50;31.75;31.50;25.50;24.50;24.75;25.00;24.50;26.00;37.00;35.75;25.75;24.50;24.00;24.75;24.25;26.00;38.25;36.50;25.75;24.00;23.75;24.50;24.75;26.50;38.75;36.00;25.50;24.25;23.75;24.00;24.25;25.25;35.75;32.00;24.50;23.50;23.75;24.00;24.00;24.50;29.25;26.50;23.50;23.25;22.75;23.00;24.00;23.75;23.75;24.25;23.25;23.00;23.25]
85102- [25.00;24.25;25.00;26.00;26.00;24.75;25.25;25.00;24.75;24.75;25.25;31.75;31.50;25.25;24.25;25.00;24.50;24.75;26.00;36.75;35.50;25.50;24.75;24.25;24.25;24.50;26.50;38.25;36.50;25.50;24.25;23.75;24.50;25.00;26.75;39.00;36.25;25.50;24.25;23.25;24.00;24.25;25.75;35.75;32.00;24.50;23.50;24.00;23.50;23.50;24.00;29.50;26.25;24.00;23.00;22.25;23.00;23.50;23.75;23.75;23.75;23.00;23.50;22.75]
85587- [25.50;24.50;24.75;25.50;26.25;25.00;25.00;24.50;25.00;25.00;25.50;32.00;31.50;25.25;24.50;24.50;24.00;25.25;26.00;37.00;35.75;26.00;24.75;24.00;24.75;24.75;26.25;37.75;36.25;25.50;24.25;24.00;24.75;24.75;26.50;38.75;36.50;25.50;24.00;23.75;24.50;24.75;26.00;35.50;32.00;24.50;24.00;23.50;23.75;23.50;24.25;29.50;26.75;24.25;23.50;22.50;23.25;23.50;24.00;23.75;23.50;23.00;23.00;22.75]
86072- [25.00;24.25;25.25;26.25;26.00;24.50;24.75;24.75;25.50;24.50;25.50;32.25;31.75;25.00;24.25;24.00;24.50;25.00;26.25;37.00;36.00;26.25;24.50;24.00;24.50;24.75;26.25;38.00;36.25;25.75;24.00;24.25;25.00;24.75;26.50;38.50;36.50;25.25;24.25;23.50;24.00;25.00;25.25;35.75;31.75;24.25;23.50;23.50;23.25;23.75;24.25;29.75;26.25;23.75;23.25;23.00;23.50;23.50;23.75;24.25;23.75;23.00;23.00;22.75]
86557- [24.75;24.50;24.50;26.25;26.00;25.00;24.75;24.50;24.75;24.50;25.25;32.00;31.00;25.25;24.50;24.25;24.50;24.50;26.25;37.00;35.75;25.25;24.25;24.00;24.50;24.50;26.00;38.50;36.50;25.50;24.25;23.75;24.75;24.75;27.00;39.00;36.25;25.75;24.25;23.25;23.75;24.00;25.75;35.50;31.75;24.75;23.25;23.00;23.75;23.75;24.25;29.00;26.75;24.00;23.25;22.75;23.50;23.50;24.00;23.75;24.00;23.25;22.75;23.25]
87042- [25.25;24.50;24.75;26.00;26.00;24.75;25.00;24.50;24.75;24.75;25.00;31.75;31.50;25.00;24.75;24.75;24.50;24.75;26.00;36.75;35.50;25.75;24.75;24.00;24.00;24.75;26.50;38.00;36.25;25.75;24.25;23.50;24.75;24.50;26.25;38.75;36.25;25.25;24.50;23.25;23.75;24.50;25.50;35.75;32.00;24.50;23.50;23.50;23.50;23.50;24.50;29.25;26.75;23.75;23.00;22.75;23.50;23.25;23.75;24.00;24.25;23.25;23.25;23.50]
87527- [24.50;24.00;24.75;26.00;25.50;24.25;24.25;24.25;24.50;24.25;25.00;31.75;31.00;25.00;24.25;24.25;24.50;25.00;25.75;36.75;36.00;25.25;24.25;24.25;24.50;24.50;26.00;38.00;36.25;25.25;24.00;23.50;24.50;24.75;26.50;38.50;36.00;25.25;24.25;22.75;23.75;24.00;25.50;35.25;31.50;24.50;23.25;23.75;23.75;23.00;24.25;28.75;26.25;23.50;23.50;22.50;23.25;22.75;23.50;23.75;24.00;23.00;22.75;22.50]
88012- [24.50;24.00;24.50;26.00;25.75;24.50;24.75;24.00;24.50;24.25;25.25;31.75;30.75;25.00;24.00;24.25;24.50;24.75;26.00;36.75;35.50;25.25;24.00;24.00;24.75;24.50;25.75;38.00;36.25;25.00;24.00;23.50;24.50;24.50;26.25;38.25;36.00;25.50;24.00;22.75;23.50;23.75;26.00;35.25;32.00;24.50;24.00;23.50;24.00;23.25;23.75;29.50;26.75;23.50;23.00;22.75;23.25;23.50;23.50;23.25;23.50;23.25;23.00;23.00]
88497- [24.75;23.75;24.75;26.00;26.00;24.75;24.50;24.50;25.00;24.25;25.50;31.50;31.00;24.50;24.50;24.50;24.75;24.75;25.75;36.75;35.25;25.25;24.25;23.50;24.50;24.25;26.25;38.00;36.50;25.00;23.75;23.25;24.00;24.50;26.25;38.00;36.00;25.25;24.25;23.00;23.50;24.50;25.25;35.50;31.75;24.50;23.50;23.50;23.50;23.50;24.25;29.50;26.50;23.75;23.75;23.00;23.25;23.25;23.25;23.50;23.75;22.50;23.00;23.00]
88982- [24.50;24.00;24.75;25.75;25.75;24.50;24.25;24.25;24.25;24.50;25.50;31.50;31.25;25.00;24.75;24.75;24.25;24.75;25.50;36.50;35.50;25.25;24.25;23.50;23.75;24.75;26.00;37.75;36.00;25.50;24.25;23.25;24.25;24.50;26.75;38.75;36.00;25.00;24.25;23.25;23.50;24.25;25.00;35.25;31.75;24.00;23.25;23.25;23.50;23.25;23.75;28.75;26.75;23.50;23.00;22.50;24.00;23.25;23.50;23.75;24.00;23.00;23.25;23.25]
89467- [24.25;24.50;24.75;26.00;25.25;25.00;24.75;24.25;24.75;24.75;25.25;31.75;31.00;25.00;24.50;24.25;24.50;25.00;26.00;36.25;35.75;25.50;24.25;23.50;24.50;24.00;26.00;37.75;36.50;25.00;24.00;24.00;24.00;24.75;26.75;38.25;36.00;25.00;24.00;23.25;24.25;23.75;25.50;35.25;31.50;24.50;22.75;23.25;23.25;23.00;24.00;29.50;26.00;23.50;23.00;22.25;22.75;23.00;23.50;23.75;23.50;23.25;23.25;22.75]
89952- [24.50;24.25;24.50;25.75;25.75;24.75;24.50;24.00;24.50;24.25;25.25;31.50;31.25;25.00;24.50;24.50;24.50;24.75;25.25;36.75;35.50;25.25;24.00;23.75;24.25;24.75;25.75;37.75;36.25;25.00;24.25;23.75;24.50;24.50;26.25;38.25;36.00;25.00;24.25;23.00;24.25;23.75;25.25;35.50;31.75;24.25;23.75;23.50;23.75;23.00;24.25;29.25;26.50;23.50;23.00;22.50;23.25;23.00;23.75;23.50;23.75;22.75;23.50;23.00]
90437- [25.00;24.25;24.75;26.00;26.00;24.75;25.00;24.75;24.50;24.75;25.25;31.75;31.25;25.00;24.25;24.25;24.50;24.25;25.50;36.50;35.50;25.50;24.50;23.75;24.00;24.75;25.50;38.00;35.75;25.50;24.00;23.50;24.25;24.75;26.25;38.50;36.00;25.50;24.25;23.00;24.00;24.25;25.25;35.25;31.50;24.25;23.50;23.25;23.50;23.25;24.25;28.75;26.25;24.00;23.25;22.50;23.25;24.00;23.75;23.75;23.50;22.75;23.00;23.25]
90922- [24.75;24.25;24.50;26.00;25.75;25.25;24.50;24.50;24.75;24.75;25.00;31.75;30.50;25.25;24.50;24.25;24.50;24.75;25.75;36.75;35.50;25.50;24.50;24.00;24.00;24.25;26.25;38.25;35.75;25.00;24.25;23.25;24.50;24.50;26.25;38.25;36.00;25.25;24.25;23.00;23.75;24.00;25.25;35.75;31.75;24.25;23.25;23.50;23.50;23.25;23.50;29.75;26.75;23.50;23.25;22.50;23.50;23.75;23.50;24.00;23.75;23.25;23.00;23.25]
91407- [24.50;24.25;24.50;25.50;26.00;24.50;24.50;24.25;24.75;24.00;25.00;31.75;30.50;25.00;24.00;24.00;24.25;24.25;25.75;36.50;35.50;25.50;24.50;23.75;24.50;24.50;25.75;38.00;36.00;25.25;23.75;23.75;24.50;24.50;26.25;38.50;36.00;25.00;23.75;23.75;23.75;24.00;25.00;35.50;31.75;24.50;23.25;23.25;23.00;23.50;24.00;29.25;26.50;23.50;23.25;23.00;23.25;23.25;23.25;23.50;23.50;22.75;23.25;23.00]
91892- [24.75;24.25;24.50;25.75;26.00;24.75;24.25;24.25;24.50;24.75;24.75;31.50;31.00;24.75;24.50;24.25;24.00;24.50;25.50;36.75;35.25;25.50;24.25;24.25;24.00;24.50;26.00;37.75;36.25;24.75;24.25;23.25;24.00;24.50;26.50;38.50;36.00;24.75;24.25;23.25;23.75;24.00;25.75;35.75;32.00;24.50;23.25;23.50;23.50;23.50;24.25;29.00;26.75;23.75;23.25;22.00;23.00;23.50;23.25;23.50;23.50;22.50;23.00;23.00]
92377- [24.75;24.00;24.50;26.00;26.00;25.00;24.50;24.00;24.75;24.25;25.00;31.25;30.50;25.00;24.00;24.00;24.25;24.50;25.50;36.50;35.75;25.50;24.50;23.75;24.50;24.00;26.00;38.00;36.00;25.25;24.50;23.75;24.00;24.50;26.50;38.50;36.00;24.75;24.25;23.50;24.25;24.00;25.25;35.75;31.50;24.25;23.50;23.75;23.50;23.50;24.00;29.50;26.25;23.50;23.50;22.25;23.25;23.00;23.75;23.50;23.25;23.25;23.50;23.00]
92862- [25.00;23.75;24.25;25.50;25.75;24.75;24.50;24.25;24.50;24.00;24.75;31.25;30.75;24.75;24.00;24.50;24.75;24.75;25.50;36.00;35.75;25.25;24.50;23.75;23.75;24.50;26.25;37.75;36.00;25.25;24.00;23.50;24.25;24.25;26.50;38.25;35.75;25.00;24.00;23.00;23.75;24.00;25.75;35.50;31.75;24.25;23.75;23.50;23.25;23.25;24.25;29.25;26.00;23.50;23.00;22.50;22.75;23.00;22.75;23.50;24.00;22.25;23.00;22.50]
93347- [24.75;24.25;24.75;26.00;25.75;24.25;24.25;24.25;24.50;24.50;25.00;31.25;30.50;25.00;24.00;24.00;24.50;24.75;25.75;36.50;35.50;25.50;24.25;24.00;24.25;24.00;26.00;37.75;36.00;25.50;24.00;23.50;24.25;24.25;26.50;38.50;36.00;25.00;23.75;23.00;23.75;24.00;25.25;35.25;31.75;24.25;23.50;23.75;23.00;23.25;23.75;29.00;26.00;23.75;23.25;23.00;23.50;23.00;23.25;23.75;23.75;22.50;22.75;23.25]
93832- [24.50;24.25;25.25;25.75;25.75;24.75;24.50;23.75;24.50;24.50;25.00;31.50;30.75;24.75;23.75;24.25;24.50;24.00;25.75;36.50;35.75;25.25;24.50;23.50;24.00;24.00;25.75;38.00;36.00;25.00;24.00;23.25;24.25;24.50;26.50;38.50;35.75;24.75;24.00;23.25;23.75;24.00;25.25;35.50;31.75;24.00;23.25;23.75;23.25;23.25;24.25;29.25;26.00;24.00;23.00;22.00;22.50;23.50;23.50;23.50;23.25;23.25;23.50;23.00]
94317- [24.50;23.75;24.75;25.75;25.25;24.75;24.75;24.75;24.75;24.50;24.75;31.00;31.00;25.00;24.50;23.75;24.50;24.25;25.50;36.25;35.50;25.25;24.00;23.50;24.25;24.50;25.75;38.00;36.00;24.75;23.50;23.50;24.00;24.50;26.25;38.25;35.75;25.00;24.00;23.00;23.75;24.25;25.25;35.50;31.25;23.75;23.25;23.75;23.50;23.50;23.50;29.50;26.25;23.75;23.50;23.25;23.00;23.00;24.00;23.25;23.75;22.75;23.00;22.25]
94802- [24.25;24.25;24.25;26.00;25.75;24.50;24.75;24.50;24.50;24.00;24.75;31.00;30.50;24.75;24.25;24.00;24.75;24.50;25.50;36.50;35.25;25.25;24.25;24.00;24.25;24.00;26.25;37.75;36.00;25.00;23.50;23.50;23.75;24.50;26.25;38.50;35.50;25.00;23.75;23.00;23.50;24.00;25.50;35.50;31.25;24.25;23.00;23.75;23.25;23.25;23.75;29.25;26.50;23.50;22.75;22.75;23.50;23.00;23.75;23.50;23.50;22.75;23.25;22.25]
95287- [24.75;24.00;24.50;25.50;25.50;24.75;24.50;24.00;24.50;24.00;24.75;31.50;31.00;25.00;24.25;24.25;24.25;24.75;25.25;36.25;35.50;25.75;24.00;23.50;23.75;24.00;26.00;37.75;36.00;25.00;24.25;23.25;24.50;24.25;26.25;38.00;35.50;24.50;24.00;23.25;23.75;24.50;25.25;35.50;31.50;24.25;23.00;23.25;23.75;23.00;23.75;29.25;26.25;23.00;23.00;22.25;23.25;22.75;24.25;23.50;23.25;22.75;23.00;22.75]
95772- [24.50;23.75;24.25;25.50;25.25;24.50;24.00;23.50;24.25;24.25;24.75;30.75;30.25;24.75;24.25;24.00;24.00;24.75;25.50;36.50;35.50;25.50;24.00;23.50;23.75;24.00;25.75;37.75;36.00;25.00;23.75;23.00;24.75;24.75;26.25;38.25;35.75;24.75;24.00;23.50;23.50;24.00;25.25;35.50;31.50;24.25;23.25;23.75;23.50;23.25;23.75;29.00;26.25;23.50;23.00;21.75;22.75;23.50;23.25;23.50;23.50;22.75;22.75;23.25]
96257- [24.75;23.75;24.50;25.75;26.00;24.50;25.00;23.50;24.50;24.75;25.25;31.50;30.50;24.75;24.00;24.50;24.50;24.25;25.25;36.25;35.50;25.50;24.75;23.75;24.00;24.00;25.75;37.75;36.00;25.50;24.00;23.25;24.25;24.00;26.25;38.50;35.75;24.75;24.00;23.25;24.50;23.75;25.50;35.50;32.00;24.00;23.50;23.75;23.50;23.50;23.75;29.50;26.00;23.50;23.00;22.50;22.75;22.50;23.50;23.50;23.75;22.50;22.75;23.00]
96742- [24.75;24.25;24.75;26.50;25.50;24.75;24.75;24.50;24.50;24.50;24.75;32.00;31.25;24.75;24.00;24.25;24.50;24.50;25.75;36.75;35.75;25.25;24.50;23.50;24.00;24.25;26.25;37.75;36.25;25.00;23.75;23.75;24.00;24.25;26.25;38.50;35.50;25.25;24.00;23.25;24.00;24.25;25.25;35.75;31.50;24.25;23.25;23.50;23.25;23.50;23.75;29.25;26.50;23.50;22.75;22.50;23.00;23.00;23.50;23.75;23.75;22.50;23.25;23.00]
97227- [25.00;24.00;24.50;26.00;26.00;24.50;25.00;24.25;24.75;24.50;25.50;31.50;30.75;24.75;24.00;24.50;24.75;24.50;26.00;36.50;35.50;25.75;24.75;24.25;24.25;24.00;26.25;37.50;36.00;25.00;23.75;23.75;24.25;24.50;26.25;38.75;36.00;25.00;24.00;22.75;24.00;24.25;25.25;35.75;31.75;24.25;23.50;23.25;23.75;23.50;23.75;29.75;26.75;23.75;23.25;22.75;23.00;24.00;23.50;23.75;23.50;23.00;23.25;23.50]
97712- [24.75;23.75;25.25;25.75;25.75;24.50;24.75;24.25;25.00;24.50;25.25;31.50;30.75;24.75;24.50;24.50;24.25;24.75;25.75;36.75;35.50;25.50;24.75;23.50;24.00;24.50;25.75;38.00;36.00;25.25;24.25;23.75;24.50;24.25;25.75;38.75;35.75;25.25;24.00;23.25;23.75;23.75;26.00;35.50;31.75;24.25;23.50;23.00;23.75;23.50;24.00;29.50;26.00;23.50;22.75;22.00;23.00;23.50;23.25;23.75;23.50;23.00;23.00;23.25]
98197- [24.75;24.25;24.75;25.50;26.25;25.25;24.75;24.75;25.00;24.50;25.00;31.00;31.25;25.25;24.25;24.25;24.50;24.75;26.00;36.50;35.50;25.50;24.25;24.00;24.00;24.50;26.00;38.00;36.50;25.50;24.25;23.75;24.75;24.25;26.50;38.75;36.00;24.75;24.25;23.50;23.25;24.00;25.50;35.75;31.75;24.00;23.50;23.50;23.25;23.75;24.00;29.50;26.25;23.75;23.00;22.50;23.75;23.25;23.75;23.50;23.25;23.00;23.00;23.25]
98682- [24.75;24.00;24.75;26.00;26.00;24.50;24.75;24.50;24.50;24.25;25.25;31.75;31.00;24.75;24.00;24.50;24.50;24.50;25.50;36.75;35.75;25.75;24.50;23.75;24.25;24.25;26.00;37.75;36.00;25.50;24.00;23.75;24.25;24.50;26.50;38.75;35.75;25.25;24.25;23.00;24.25;24.25;25.75;35.75;31.75;24.00;23.50;23.25;23.75;23.00;24.00;29.50;26.75;23.50;23.50;22.25;23.50;23.50;23.50;23.50;23.75;23.00;23.00;23.00]
99167- [24.50;24.25;25.00;26.25;25.75;24.25;24.75;24.25;24.25;24.25;25.25;31.50;30.75;24.75;24.25;24.00;24.50;24.25;26.00;36.75;35.50;25.75;24.75;23.50;24.00;24.25;25.75;38.00;36.25;25.00;24.25;23.50;24.25;24.25;26.25;38.75;36.00;25.50;24.00;23.25;24.00;24.00;25.50;35.50;31.50;24.75;23.50;23.25;23.25;23.25;24.00;29.25;26.50;23.75;23.00;22.50;23.50;23.25;23.50;24.00;23.75;23.50;22.75;22.75]
99652- [24.25;24.50;24.75;25.75;25.75;24.50;24.50;24.75;24.50;24.25;25.25;31.50;31.00;24.75;24.00;24.25;24.00;24.50;26.00;36.75;35.50;25.75;24.50;23.75;24.00;24.25;26.00;38.00;36.00;25.50;24.25;23.75;24.25;24.75;26.25;38.75;35.75;25.50;24.00;23.50;24.50;23.75;25.25;35.50;31.75;24.25;23.50;23.50;23.50;23.00;23.75;29.50;26.50;23.75;23.25;22.50;23.25;22.75;24.00;24.00;23.25;23.00;22.50;22.50]
100137-[25.00;24.00;24.75;25.75;26.00;25.00;25.00;24.50;24.25;24.75;25.25;31.50;30.75;24.75;24.50;24.25;24.50;24.25;25.75;36.75;35.75;25.75;24.00;24.00;24.00;24.75;26.25;37.75;36.00;25.00;24.00;24.25;24.25;24.50;26.50;38.75;36.00;25.00;23.75;23.75;24.25;24.00;25.50;35.25;32.00;24.25;23.50;23.50;23.75;23.00;24.00;29.25;26.50;24.00;23.25;22.50;22.75;23.25;23.25;23.75;24.00;23.00;22.75;23.00]
100622-[24.50;24.25;25.00;25.50;26.00;24.75;24.50;24.25;24.50;24.50;25.25;31.50;31.00;25.00;24.25;24.25;24.25;24.25;25.50;36.75;35.25;25.50;24.25;24.00;24.75;24.25;26.00;37.75;36.00;25.25;24.00;24.00;24.25;24.50;26.25;38.50;35.75;25.25;24.50;23.50;23.75;24.00;25.50;35.75;32.25;24.50;23.50;23.75;23.00;24.00;24.00;29.50;26.25;23.75;23.50;22.50;23.75;23.00;23.75;24.00;23.50;22.75;23.25;23.25]
101107-[24.50;23.50;24.75;26.00;26.00;24.75;24.75;24.25;25.00;24.25;24.75;31.50;30.50;25.00;24.25;24.25;24.50;24.75;25.75;36.50;35.75;25.25;24.25;24.00;24.25;24.25;26.00;37.75;36.00;25.25;24.25;24.00;24.25;24.50;26.25;38.75;36.00;25.25;24.25;23.25;24.00;24.50;25.00;35.75;31.75;24.25;23.75;23.50;23.50;23.25;24.25;29.50;26.75;23.50;23.00;23.00;23.25;23.75;23.50;23.75;23.50;22.75;23.50;23.00]
101592-[25.25;24.25;24.50;26.00;26.00;25.00;24.75;24.50;25.00;24.25;25.75;31.50;30.75;25.00;24.25;23.75;24.75;24.00;25.75;36.50;35.50;25.25;25.00;24.00;24.25;24.25;26.00;38.00;36.25;25.25;24.25;23.50;24.50;24.25;26.75;38.50;36.00;25.00;24.25;23.25;23.50;24.25;25.75;36.00;31.75;24.50;23.50;23.75;23.75;23.75;23.75;29.50;26.25;24.00;22.75;22.50;23.25;23.00;23.75;23.50;23.75;22.75;23.50;23.00]
102077-[24.50;24.25;25.00;26.00;25.75;24.75;24.75;24.50;25.00;24.00;25.00;31.75;31.50;25.25;24.50;24.75;24.75;25.00;26.00;36.00;35.50;25.50;24.75;24.00;24.50;24.50;25.75;38.00;36.50;25.50;24.50;23.75;24.75;24.50;26.75;38.75;36.00;25.25;24.25;23.50;23.75;24.25;25.75;35.75;31.75;24.25;23.50;23.50;23.75;23.50;23.75;30.00;26.25;23.75;23.50;22.25;23.50;23.50;23.25;24.25;23.25;23.00;23.25;23.25]
102562-[24.75;23.75;24.50;26.00;25.50;24.75;25.00;24.25;24.75;24.00;25.00;31.50;31.00;25.00;24.75;24.50;24.50;24.75;25.75;36.75;35.25;25.25;24.50;23.75;24.25;24.25;25.75;37.75;36.00;25.00;24.25;23.50;24.75;24.25;26.00;38.50;36.00;24.75;24.00;23.00;24.00;24.00;25.25;35.75;31.25;24.00;23.25;23.50;24.00;23.50;24.00;29.50;26.25;23.50;23.00;22.50;23.00;23.50;23.75;23.50;23.00;22.75;23.25;23.25]
103047-[24.25;24.50;25.00;26.00;25.75;24.75;24.50;24.25;24.50;24.50;25.50;31.75;31.00;25.25;24.50;24.25;24.50;24.50;25.50;36.50;35.75;25.00;24.25;24.00;24.00;24.50;26.00;37.75;35.75;25.50;24.25;24.25;24.50;24.25;26.25;38.75;35.75;25.00;24.25;23.25;23.75;24.25;25.25;35.75;31.50;24.25;23.25;23.00;23.00;23.75;24.00;29.50;26.50;23.75;23.00;22.00;22.75;23.25;23.50;23.50;23.75;23.25;23.00;23.00]
103532-[24.75;24.00;24.75;25.50;25.75;24.50;24.75;24.50;24.50;24.25;25.00;31.75;30.50;25.25;24.75;24.50;24.75;24.25;26.25;36.50;35.75;25.50;24.25;23.75;24.25;24.00;25.75;38.00;36.00;25.00;24.50;23.25;24.25;24.75;26.50;38.75;35.75;25.25;24.25;23.50;23.75;24.25;25.00;35.75;31.75;24.00;23.25;23.75;23.50;23.25;24.50;29.00;26.50;23.75;23.25;22.75;22.75;23.50;23.50;23.75;23.75;22.50;23.00;22.50]
104017-[24.75;24.50;24.50;26.25;25.75;25.00;24.75;24.25;24.25;25.00;25.50;31.50;31.25;25.00;24.50;24.25;24.50;24.75;25.75;36.75;35.75;25.50;24.75;24.00;24.00;24.00;26.00;38.00;36.25;25.50;24.75;23.75;24.50;24.25;26.50;38.75;36.25;25.50;24.00;23.50;24.00;24.50;26.00;35.75;31.75;24.50;23.75;23.25;23.25;23.50;24.50;29.75;27.00;23.75;23.75;23.50;23.50;23.25;23.75;23.50;23.50;22.75;23.00;23.25]
104502-[25.00;24.00;24.50;26.25;26.00;24.50;25.00;24.50;24.75;24.25;25.00;31.50;31.50;25.25;24.50;24.50;24.50;24.00;26.50;36.75;35.50;25.50;25.00;24.25;24.00;24.50;26.25;38.25;36.25;25.75;24.25;24.00;23.75;24.50;26.75;39.00;36.00;25.50;24.75;24.00;24.00;24.25;25.75;35.75;31.75;24.50;24.00;23.50;23.75;23.50;24.00;30.00;26.75;23.50;23.25;22.75;23.50;23.50;23.75;24.00;24.00;23.50;23.25;22.75]
104987-[25.00;24.25;25.25;26.25;25.75;25.25;24.75;24.75;25.00;24.25;25.75;31.75;31.00;25.25;24.50;24.25;24.50;25.00;26.25;36.75;35.75;25.50;24.25;24.00;24.00;24.00;26.50;38.00;36.25;25.25;24.25;23.75;24.25;24.75;26.75;38.75;35.75;25.00;24.25;23.50;24.00;24.25;25.25;36.00;32.00;24.00;23.75;23.50;24.25;23.50;24.25;29.75;26.50;24.00;22.75;22.75;23.75;23.75;24.00;24.00;24.00;22.75;23.25;23.00]
105472-[24.75;24.25;25.00;26.25;26.00;24.75;25.50;24.50;24.50;24.50;25.25;31.50;30.75;25.00;24.75;24.50;24.75;24.50;26.25;36.75;35.75;26.00;24.25;24.00;24.25;24.25;26.25;38.25;36.50;26.00;24.00;24.00;24.25;24.50;26.25;38.75;36.00;25.00;24.25;23.25;23.50;24.00;25.75;36.00;32.00;24.50;23.25;23.50;23.75;23.25;23.75;30.00;26.50;23.75;23.50;23.00;23.75;23.50;23.50;24.00;23.75;23.25;23.25;23.00]
105957-[25.25;24.25;24.75;26.50;26.00;25.00;24.50;24.25;25.00;24.25;25.00;31.75;31.00;25.25;24.75;24.00;24.50;24.75;26.25;36.50;35.75;25.50;24.75;24.25;25.00;24.50;26.25;37.50;36.00;25.25;24.50;24.00;24.75;24.75;26.75;38.75;35.75;25.00;24.25;23.25;24.25;24.25;25.50;35.50;31.50;24.50;23.25;23.50;23.25;23.50;24.25;29.25;26.50;24.00;23.25;22.75;23.25;22.75;23.25;23.75;24.00;23.00;23.00;23.00]
106442-[24.50;24.75;24.75;26.25;25.75;25.00;24.75;24.75;24.50;24.25;25.25;31.75;31.00;25.25;24.00;24.50;24.25;24.50;25.50;37.00;35.50;25.75;24.75;23.50;24.50;24.50;26.25;38.00;36.50;25.75;24.00;23.75;23.75;24.50;26.50;38.75;35.75;25.00;24.00;23.50;23.75;24.00;25.50;35.75;31.50;24.50;23.75;23.25;23.50;23.50;24.00;29.50;26.75;23.75;23.25;22.75;23.25;23.50;23.50;23.75;23.25;22.75;23.25;22.75]
106927-[25.25;25.00;25.00;25.75;25.75;24.50;25.00;24.25;25.00;24.25;25.75;31.50;30.50;24.75;24.00;24.50;24.50;24.50;26.00;36.75;35.50;25.25;24.75;23.50;24.50;24.00;26.00;38.00;36.50;25.25;23.75;23.50;23.75;24.75;26.50;38.75;35.75;25.25;24.00;23.25;24.25;24.00;25.25;35.75;31.50;24.00;23.25;23.75;23.50;23.00;24.00;29.50;26.50;23.50;23.25;21.75;22.50;23.00;23.75;23.75;24.00;23.25;23.25;22.75]
107412-[25.00;24.00;24.50;26.00;25.50;25.00;25.00;24.25;24.00;24.00;24.75;31.25;30.50;24.75;24.00;24.25;24.75;24.50;26.25;36.75;35.25;25.50;24.25;23.50;24.25;24.50;25.75;38.00;36.25;25.50;24.00;23.25;24.00;24.25;26.00;38.50;35.75;25.25;24.00;23.00;24.00;24.00;25.50;36.00;32.00;24.25;23.75;23.00;23.25;23.50;24.25;29.50;26.25;24.00;23.00;22.50;23.00;22.75;23.50;24.00;24.00;22.75;23.50;23.00]
107897-[24.75;24.00;25.00;25.75;26.00;24.75;25.00;24.25;25.00;24.00;25.25;31.50;30.50;24.75;23.75;24.00;24.50;24.25;26.00;36.75;35.50;25.50;24.25;24.00;24.25;24.25;26.00;37.75;35.75;25.25;23.75;23.75;24.25;24.25;26.75;38.25;35.75;25.00;24.25;23.75;24.25;24.50;25.25;35.75;31.75;24.75;23.75;23.25;23.50;23.00;24.00;29.50;26.50;23.75;23.25;22.50;23.50;23.50;23.75;23.25;23.50;23.00;23.25;23.25]
108382-[24.50;24.00;24.50;25.50;26.00;24.25;24.50;24.25;24.25;24.00;25.25;31.50;31.00;25.00;24.25;24.25;24.50;24.50;25.75;36.50;35.25;25.25;24.50;23.75;24.25;24.00;26.00;37.75;35.50;25.25;23.50;23.75;24.50;24.50;26.50;38.25;35.75;24.75;24.00;23.25;24.00;24.25;25.25;35.50;32.00;24.00;23.75;23.50;24.00;23.25;23.75;29.50;26.25;23.50;23.25;22.00;23.50;23.25;23.50;23.75;23.25;22.50;23.00;23.25]
108867-[24.75;24.25;24.50;25.75;26.25;24.50;25.00;24.25;24.25;24.50;25.00;31.75;31.00;24.75;24.25;24.50;24.25;24.75;25.50;36.25;35.50;25.25;24.25;24.00;24.00;24.25;25.50;37.75;36.00;25.50;24.00;23.75;24.25;24.25;26.75;38.25;35.75;24.50;24.00;23.50;24.00;24.50;25.25;35.75;32.00;24.50;23.50;23.50;23.75;23.25;23.75;30.00;26.50;23.50;22.75;22.50;22.75;23.50;23.25;24.00;23.50;23.25;23.00;23.00]
109352-[24.25;24.00;24.75;25.75;26.00;24.50;24.75;24.25;25.00;24.50;24.75;31.00;30.75;24.75;24.50;24.50;24.75;24.25;25.75;36.50;35.50;25.75;24.00;24.00;24.25;24.25;26.00;38.00;36.00;25.50;24.25;23.75;24.25;24.50;26.50;38.25;35.75;25.00;24.25;23.50;24.25;24.00;25.00;35.50;31.50;24.00;23.25;23.25;23.50;23.25;23.50;29.75;26.50;23.50;22.75;22.50;23.00;23.25;23.75;24.00;23.75;23.25;23.50;22.75]
109837-[24.75;24.00;24.50;25.50;25.50;24.50;24.75;24.25;24.75;24.25;25.25;31.25;31.00;25.00;24.50;24.25;24.50;24.25;25.50;36.25;35.25;25.75;24.25;23.75;24.50;24.25;26.25;38.00;36.00;25.00;24.00;23.50;24.50;24.25;26.50;38.25;36.00;25.00;24.25;23.25;24.25;24.25;25.50;35.50;32.25;24.00;23.25;23.00;23.25;23.50;24.25;29.75;26.75;23.25;23.00;22.25;23.50;23.25;23.50;24.00;24.00;23.00;23.00;22.75]
110322-[24.25;23.75;24.75;25.50;25.25;24.25;24.25;23.75;25.00;24.25;24.75;31.25;30.75;25.00;24.25;24.75;24.25;24.75;25.50;36.50;35.75;25.50;23.75;23.50;24.00;24.25;25.75;37.50;36.00;25.25;23.75;23.75;24.00;24.50;26.25;38.25;35.75;24.75;23.75;23.25;24.25;23.50;25.25;35.50;31.75;24.25;23.75;23.50;23.75;23.00;24.00;29.75;25.75;23.50;23.00;22.75;22.75;23.50;23.25;23.25;23.50;22.50;23.25;22.75]
110807-[25.25;24.25;24.50;25.75;25.25;24.50;24.50;23.75;24.25;23.50;25.25;31.00;30.75;24.75;24.00;24.00;24.50;25.00;25.75;36.25;35.50;25.25;24.50;23.75;24.00;23.75;25.75;37.50;36.00;25.00;24.00;23.50;24.00;24.00;26.50;38.00;35.50;24.75;23.50;23.00;23.50;24.00;25.25;35.75;31.75;24.25;23.25;23.25;23.50;23.00;24.00;28.75;26.25;23.50;23.00;22.25;23.50;23.25;23.00;23.50;23.25;22.25;23.00;22.75]
111292-[25.00;24.25;24.50;25.75;25.50;24.00;24.50;24.00;24.25;24.00;25.25;31.00;30.75;25.00;24.25;24.25;24.00;24.75;25.75;36.50;35.25;25.00;24.25;23.75;24.00;23.75;26.00;37.75;36.00;25.25;24.00;23.50;24.25;24.25;26.00;38.25;35.75;25.25;24.00;23.25;23.75;23.75;25.00;35.50;31.25;24.00;23.25;23.75;23.50;23.25;23.50;29.00;26.50;23.75;22.75;22.50;22.75;23.50;24.00;24.00;23.75;23.00;23.00;22.50]
111777-[25.00;24.00;25.00;26.00;26.25;24.75;24.75;24.50;24.75;24.25;25.00;31.50;30.75;24.75;24.00;24.75;24.50;24.50;26.00;36.50;35.75;25.75;24.25;23.75;24.75;24.75;25.75;38.25;36.00;25.25;24.50;23.50;24.75;25.00;26.75;38.50;35.75;25.50;24.50;23.25;24.00;24.25;25.50;35.75;31.75;24.00;23.50;23.25;23.75;23.00;24.25;29.50;26.25;23.75;23.25;22.50;23.25;23.25;23.75;23.75;24.00;22.75;23.50;22.50]
112262-[24.50;23.75;24.50;25.75;25.75;24.00;25.00;24.25;24.25;24.50;25.00;31.25;31.00;25.00;24.50;24.25;24.50;24.75;25.75;36.50;35.75;25.50;24.00;23.50;24.50;24.50;26.25;38.00;36.50;25.50;24.00;23.75;24.25;24.50;26.75;38.50;35.75;25.00;24.50;23.00;23.75;24.50;25.50;35.75;31.75;24.50;23.50;23.25;23.75;23.50;24.50;29.75;26.50;23.25;23.25;22.75;23.50;23.00;23.50;24.25;24.00;22.50;23.50;22.50]
112747-[25.00;24.00;25.00;26.00;26.00;24.50;24.75;24.50;25.00;24.50;25.50;32.00;31.25;24.50;24.50;24.25;24.75;25.00;26.00;36.75;35.25;25.75;24.75;24.00;24.00;24.50;26.00;38.00;36.25;25.50;24.00;24.00;24.50;24.75;26.75;38.50;36.25;25.00;24.25;23.25;24.00;24.50;25.75;35.75;31.75;24.75;23.75;24.00;23.75;23.75;24.25;30.00;26.50;24.00;24.00;22.75;23.75;23.00;23.50;24.00;23.75;23.25;23.50;23.25]
113232-[24.75;24.75;25.00;26.25;26.00;24.75;24.75;25.00;24.75;24.50;25.25;31.50;31.00;25.00;24.75;24.25;24.75;24.75;25.75;37.00;35.75;26.00;24.75;24.25;24.25;24.75;26.50;37.75;36.25;25.50;24.50;24.00;24.75;25.00;26.75;38.75;36.00;25.25;24.25;23.25;24.25;24.25;25.50;36.00;31.75;25.00;24.00;23.50;23.75;23.50;24.75;30.00;26.50;24.00;23.50;23.00;23.25;23.75;23.50;23.50;24.25;23.00;23.25;22.50]
113717-[24.25;24.50;25.00;26.00;25.75;25.00;24.75;24.50;25.25;24.75;25.25;31.50;31.00;25.50;24.25;24.50;24.25;25.25;26.25;36.75;35.50;25.75;24.75;24.00;24.50;24.75;26.75;37.75;36.50;25.25;24.25;24.00;24.75;25.00;26.50;38.75;36.00;25.50;24.00;24.00;24.00;24.25;25.50;35.75;32.50;24.50;23.25;23.50;24.00;23.75;24.00;29.50;26.50;23.75;23.25;22.75;23.50;23.50;23.75;23.50;24.25;23.25;23.50;23.25]
114202-[25.00;24.50;24.75;26.25;26.00;25.25;25.00;24.25;25.00;24.75;25.25;31.75;31.00;25.50;24.50;25.00;24.50;24.75;26.25;36.75;35.50;25.25;24.50;24.25;24.25;24.75;26.25;38.25;36.25;25.75;24.25;23.50;24.25;24.50;27.00;38.75;36.25;25.50;24.75;24.00;24.25;24.50;25.75;36.00;32.25;24.50;24.25;23.50;23.75;23.50;24.50;29.75;26.75;24.00;23.00;22.75;23.50;23.75;24.25;24.00;23.75;23.50;23.00;23.25]
114687-[25.00;24.50;24.50;25.75;26.25;25.25;25.50;24.25;24.75;24.50;25.50;31.50;31.00;25.25;24.50;24.50;24.75;25.00;26.25;36.75;35.75;25.75;25.00;24.50;24.75;24.25;26.25;38.00;36.00;25.75;24.00;24.00;24.50;24.75;26.75;38.50;35.75;25.50;24.00;24.00;24.50;24.50;25.75;36.00;32.25;24.75;24.25;24.00;23.50;23.75;24.25;29.75;26.50;23.75;23.50;23.00;23.50;23.75;24.00;23.50;23.75;23.25;22.75;22.75]
115172-[25.25;23.50;25.50;26.00;26.25;25.00;25.00;24.75;25.25;24.75;25.50;31.50;31.00;25.25;24.50;24.75;25.00;25.25;26.00;36.75;35.75;25.75;25.00;24.25;24.50;24.75;26.50;38.25;36.50;25.75;24.50;23.75;24.50;24.50;26.50;39.00;36.00;25.75;24.50;23.75;24.00;24.25;25.75;36.25;31.75;24.50;24.00;23.75;23.75;23.75;24.50;30.00;27.00;23.75;23.75;22.75;23.25;23.50;24.00;23.75;23.75;23.50;23.00;23.50]
115657-[24.75;24.50;25.25;26.00;26.00;25.00;25.00;24.25;24.50;24.75;25.25;31.75;30.75;25.00;24.75;24.50;25.00;24.25;26.00;36.75;35.75;25.75;24.75;24.00;24.00;24.25;26.50;38.00;36.25;25.50;24.00;24.25;24.75;25.00;26.50;38.75;36.00;25.00;24.75;23.75;24.00;24.25;25.50;36.50;32.25;24.75;23.50;24.00;24.00;23.75;24.25;30.00;26.75;24.25;23.50;23.00;24.25;23.50;23.50;24.00;23.75;23.00;23.00;23.25]
116142-[25.00;24.50;25.25;26.25;26.25;24.75;25.50;25.00;25.25;24.75;25.25;32.00;31.50;25.25;24.50;24.75;25.00;25.00;26.25;36.75;35.75;25.75;24.25;24.00;24.50;24.75;26.25;37.75;36.50;25.75;24.50;23.75;24.50;24.75;26.50;38.50;35.75;25.25;24.50;23.25;24.25;24.25;25.75;36.00;31.50;24.50;24.00;23.75;23.50;23.75;24.25;29.75;26.75;24.25;23.50;22.75;23.75;23.50;23.75;24.00;24.25;23.50;23.75;23.50]
116627-[25.00;24.75;24.75;26.50;26.25;24.75;25.25;25.00;24.50;24.50;25.75;31.75;31.50;25.25;25.00;24.75;24.50;25.25;26.25;36.75;35.75;25.75;24.75;24.00;24.50;24.50;26.50;38.25;36.50;25.75;24.50;23.75;24.75;24.75;26.75;38.50;36.00;25.25;24.25;23.75;24.00;24.25;25.75;36.25;32.00;24.75;23.75;24.00;23.50;23.75;24.25;29.75;27.00;24.50;23.75;22.75;23.75;23.25;24.00;24.50;23.75;23.00;23.50;22.75]
117112-[25.25;24.25;25.00;26.00;26.50;24.75;25.25;24.75;25.00;24.50;25.50;31.75;31.50;25.25;24.50;24.50;24.75;24.75;26.25;37.00;36.00;25.75;24.75;24.25;24.75;24.25;26.25;38.00;36.50;25.25;24.25;24.00;24.50;24.75;26.75;38.50;36.00;25.00;24.25;23.50;23.75;24.50;25.75;36.00;32.00;24.75;23.75;24.00;23.50;23.75;24.25;29.50;26.50;23.75;23.50;22.75;23.50;23.50;23.50;23.75;23.75;23.00;23.00;22.75]
117597-[25.25;24.75;24.75;26.25;26.00;25.00;24.75;24.75;25.00;24.50;25.25;31.75;30.75;25.25;24.25;24.50;24.50;25.00;25.75;36.75;35.50;25.50;24.75;24.25;24.50;24.75;26.25;38.00;36.50;25.50;24.25;24.00;24.75;24.75;26.75;38.75;35.75;25.25;24.75;23.25;24.25;24.50;25.75;36.50;32.25;24.50;23.75;23.75;24.00;23.75;24.25;30.00;27.00;23.75;23.25;22.75;23.50;24.00;24.00;23.50;23.75;22.75;23.50;23.00]
118082-[24.50;23.75;24.75;26.25;26.25;24.50;25.00;24.50;25.25;24.00;25.25;31.50;31.00;25.00;24.00;24.75;24.50;24.75;26.00;36.75;35.50;25.50;24.75;24.00;24.50;24.50;26.25;38.00;36.00;25.75;24.00;23.75;24.75;24.50;26.75;38.75;35.75;25.00;24.25;23.25;23.75;23.75;25.50;35.75;31.75;24.00;23.75;23.75;24.00;24.00;24.50;30.00;26.50;23.75;22.75;22.75;23.25;23.50;23.50;23.75;23.50;23.00;23.25;23.25]
118567-[25.25;24.50;25.00;26.00;26.50;24.50;25.00;24.50;25.25;24.25;25.50;31.50;30.75;25.00;24.50;24.00;24.25;25.00;26.00;36.75;35.75;25.75;24.75;24.00;24.75;24.50;26.00;37.75;36.50;25.50;24.25;23.75;24.75;24.50;26.75;38.50;36.25;24.75;24.00;23.50;24.25;24.25;25.50;36.00;32.00;24.00;23.50;24.00;23.50;23.50;24.00;29.50;26.75;24.00;23.25;22.75;23.75;23.50;23.50;24.00;23.75;23.00;23.25;22.75]
119052-[25.00;24.50;24.50;26.00;25.50;24.75;24.75;24.75;24.75;24.50;25.50;31.75;31.00;25.25;24.50;24.75;24.75;24.75;26.25;37.00;35.50;25.50;24.50;24.25;24.50;24.50;26.00;38.00;36.50;25.00;24.50;23.75;24.50;25.00;26.50;38.50;35.75;25.25;24.00;23.50;24.00;24.25;25.75;35.75;31.75;24.25;24.00;23.25;23.75;23.50;24.00;29.25;27.00;23.25;23.25;22.25;23.50;23.25;23.75;23.75;23.00;22.75;23.00;22.50]
119537-[24.75;24.50;25.50;26.00;25.75;25.25;25.25;24.75;25.25;24.50;25.00;31.50;31.25;25.25;24.75;24.50;24.50;24.75;25.75;36.50;36.00;25.75;24.50;24.50;24.25;24.25;26.25;38.00;36.25;26.00;24.50;23.75;24.50;24.75;26.75;38.75;36.25;25.25;24.50;23.00;24.50;24.50;25.75;35.50;31.75;24.50;23.50;23.75;23.75;23.50;24.25;29.75;27.00;23.75;23.50;22.75;23.50;23.50;23.50;24.25;24.25;23.25;23.75;23.00]
120022-[25.00;24.25;25.00;26.00;26.25;24.75;25.25;24.50;24.25;24.75;25.50;31.75;31.25;25.25;24.50;25.00;24.25;24.75;26.25;37.00;36.00;25.50;24.75;23.25;24.00;24.50;26.25;38.00;36.25;25.25;24.50;23.75;24.50;24.75;26.50;38.75;36.25;25.00;24.00;23.50;24.25;24.25;25.75;35.75;32.00;24.25;23.75;23.25;23.50;23.50;24.00;29.50;26.75;23.50;23.75;23.25;23.50;24.00;24.00;24.25;23.75;23.50;23.25;23.00]
120507-[25.00;24.50;25.00;25.75;26.25;25.00;25.00;24.75;24.75;24.00;25.25;31.75;31.25;25.50;24.25;25.00;24.75;25.00;26.00;37.00;35.50;25.75;25.00;24.00;24.75;24.75;26.50;37.75;36.25;25.75;24.50;24.00;24.50;24.75;27.00;38.75;36.00;25.25;24.25;23.50;24.25;24.25;25.50;36.00;32.00;24.25;23.50;23.50;23.75;23.50;24.75;29.75;26.75;24.25;23.50;23.00;23.50;23.25;23.75;24.25;24.00;23.25;23.25;23.50]
120992-[25.00;24.25;24.75;26.25;26.00;24.75;25.00;24.50;25.00;24.50;25.00;31.50;31.00;25.25;24.25;24.50;24.50;24.75;25.75;37.00;36.00;25.50;24.50;23.75;24.75;24.50;26.00;38.00;36.50;25.50;23.75;24.00;24.00;24.75;26.75;38.50;35.75;25.25;24.00;23.75;24.50;24.50;25.50;36.00;31.75;24.25;23.25;23.75;24.00;23.25;24.00;29.50;26.50;23.75;23.25;22.50;23.25;23.75;23.75;23.75;23.25;22.75;23.25;23.25]
121477-[25.00;24.50;25.00;26.50;25.75;25.00;24.75;24.75;25.00;24.75;25.25;31.75;30.75;25.25;24.25;25.00;24.75;25.00;26.25;36.75;35.50;25.75;24.75;24.25;24.75;24.75;26.00;38.25;36.25;25.50;24.25;23.75;24.75;24.75;26.75;38.75;35.75;25.25;24.75;23.50;24.50;24.25;25.50;36.00;32.00;24.75;24.00;23.50;23.25;23.75;24.00;29.75;26.75;23.75;23.50;22.50;23.50;23.25;23.75;23.75;23.75;23.00;23.25;23.00]
121962-[25.00;24.50;25.00;26.00;26.25;25.00;24.75;24.75;25.00;24.50;25.00;32.00;31.00;25.75;24.75;24.75;24.75;25.00;26.00;36.75;35.75;25.75;24.25;24.50;24.25;24.75;26.50;38.25;36.50;25.50;24.25;23.50;24.75;25.00;26.75;38.75;35.75;25.00;24.50;23.50;23.75;24.50;25.25;35.75;31.75;24.25;24.00;23.75;23.75;23.75;24.00;29.75;26.75;23.75;23.50;22.75;23.25;23.25;24.00;23.75;23.75;23.75;23.50;23.25]
122447-[25.00;24.25;25.00;26.25;26.25;24.75;24.75;25.00;25.00;24.50;25.75;31.75;31.25;25.25;24.50;24.50;25.00;24.75;26.50;36.75;36.00;25.75;24.75;24.25;24.00;24.50;26.00;38.00;36.50;25.50;24.50;23.75;24.00;24.75;27.00;39.00;36.00;25.25;24.25;23.75;23.75;24.75;25.50;36.00;31.75;24.50;23.25;23.25;24.00;23.50;24.25;30.00;26.75;23.50;23.50;22.50;22.75;24.00;23.50;23.75;23.25;22.75;23.50;23.25]
122932-[25.00;24.00;25.25;26.00;26.00;25.25;24.50;25.00;24.75;24.75;25.00;31.50;31.00;25.25;24.75;24.50;25.00;24.50;26.25;36.75;35.75;26.00;24.75;24.50;25.00;24.50;26.25;38.00;36.50;25.50;25.00;23.75;24.75;24.75;26.75;38.50;36.00;25.25;24.50;23.75;23.75;24.50;25.75;36.00;31.75;24.50;24.00;23.75;24.00;23.75;24.25;30.00;26.75;23.75;23.25;22.50;23.75;23.50;24.00;23.50;23.50;23.50;23.00;23.50]
123417-[25.00;24.00;25.25;26.00;25.75;24.75;25.00;24.75;24.75;24.50;25.25;31.75;31.00;25.25;24.50;24.50;25.00;25.00;26.25;36.75;36.00;25.50;25.00;24.00;24.25;24.25;26.50;38.25;36.50;25.50;24.50;24.00;24.50;24.75;26.75;38.75;35.75;25.25;24.50;23.25;24.00;24.25;25.25;36.00;31.75;24.75;23.75;23.75;23.50;23.75;24.25;30.00;26.75;24.00;23.00;22.50;23.50;23.75;23.50;24.00;23.50;23.50;23.75;22.50]
123902-[25.50;24.25;25.25;26.25;26.25;24.75;24.75;24.50;25.00;25.00;25.50;31.50;31.00;25.25;24.75;24.75;24.75;24.75;26.00;37.00;35.50;26.00;24.50;24.50;24.50;24.75;26.50;38.00;36.50;25.50;24.50;24.25;24.75;25.00;27.00;39.00;36.00;25.50;24.50;23.75;24.00;24.25;25.50;36.00;31.75;24.75;24.00;23.75;23.75;23.75;24.25;29.75;26.75;24.25;23.00;22.25;23.50;23.25;23.25;24.00;23.75;23.00;23.50;23.00]
124387-[25.00;24.25;25.25;26.25;26.00;24.75;25.25;24.50;24.75;25.00;25.50;31.75;31.50;25.50;25.00;24.50;24.75;24.50;26.25;36.75;35.75;25.50;25.00;24.25;24.50;24.75;26.50;38.25;36.25;26.00;24.50;23.75;24.75;24.75;26.75;39.00;36.25;25.00;24.50;23.50;24.25;24.50;25.75;36.00;32.25;24.50;23.75;24.00;23.50;23.75;24.25;30.00;26.50;24.00;23.50;22.75;23.50;23.75;23.50;24.25;24.00;23.00;23.25;23.25]
124872-[25.25;24.50;25.50;26.00;25.75;24.75;25.25;25.00;25.00;24.50;25.50;31.50;31.00;25.50;24.50;24.50;25.00;25.00;26.25;36.75;35.50;26.00;24.75;24.50;24.75;24.75;26.50;38.00;36.50;25.50;24.25;23.75;25.00;24.75;26.75;39.00;35.75;25.50;24.50;23.25;24.00;24.25;25.50;36.00;32.25;24.50;23.75;23.75;24.00;24.00;24.25;29.75;26.75;24.25;23.00;22.75;24.00;23.75;24.00;24.00;24.00;23.25;22.75;23.25]
125357-[24.75;24.00;24.75;26.25;26.25;24.50;24.50;24.50;24.75;24.50;25.25;31.50;31.25;25.00;24.50;24.50;24.50;24.75;26.00;36.50;35.50;25.75;24.50;24.25;24.50;24.25;26.00;37.50;36.25;25.00;24.00;23.25;24.50;24.75;26.75;38.75;35.75;25.25;24.25;23.50;24.25;24.25;25.25;35.25;31.50;24.25;23.25;23.25;23.75;23.25;24.25;30.00;26.50;23.50;23.25;22.75;23.50;23.25;23.50;23.25;23.75;22.75;23.00;23.25]
125842-[24.50;24.00;25.25;25.75;25.75;24.50;24.75;24.50;24.50;24.75;25.00;31.75;30.75;25.00;24.00;24.75;24.75;24.75;25.75;36.25;35.50;25.75;24.50;24.00;23.75;24.50;26.25;38.25;36.50;25.75;24.00;23.50;24.50;24.75;26.50;38.50;36.00;24.75;24.00;23.25;24.00;24.50;25.25;35.50;32.00;24.25;23.50;23.50;23.25;23.50;24.25;30.25;26.75;24.00;23.25;22.50;23.50;23.50;23.25;23.00;23.25;23.25;23.00;23.25]
126327-[24.25;24.00;24.75;25.75;25.75;24.75;24.50;24.50;24.75;24.50;25.00;31.25;30.75;25.00;24.50;24.50;24.00;24.50;26.00;36.50;35.25;25.50;24.75;24.00;24.50;24.25;25.50;37.75;36.00;25.00;24.25;23.50;24.25;24.50;26.50;38.50;35.75;25.00;24.00;23.75;23.75;24.25;25.25;35.50;32.00;23.75;23.25;23.00;23.75;23.50;24.25;29.50;26.75;24.00;23.00;23.00;23.25;23.75;23.25;23.75;23.25;23.00;22.25;23.00]
126812-[24.75;24.25;25.00;26.00;25.75;24.50;25.00;24.50;24.75;24.75;25.25;31.50;30.75;25.25;24.25;24.50;24.50;24.50;26.00;36.50;35.50;25.50;24.50;23.75;24.50;24.50;26.25;37.75;36.00;25.25;24.25;23.50;24.50;25.00;26.50;38.25;35.75;25.25;24.50;23.25;23.75;24.25;25.50;35.50;31.75;24.00;23.75;23.25;23.50;23.50;24.00;29.50;26.75;23.75;23.25;22.75;23.50;23.25;23.50;23.50;24.25;23.00;23.25;22.75]
127297-[24.75;24.75;24.25;25.50;26.00;24.50;25.00;24.00;25.00;24.50;25.50;31.75;30.75;25.25;24.50;24.75;24.50;24.75;25.75;36.50;35.50;25.75;24.75;24.25;24.50;24.75;26.00;38.00;36.00;25.50;24.25;23.50;24.50;24.75;26.50;38.50;35.75;25.25;24.25;23.50;24.00;24.50;25.25;35.50;31.75;23.50;23.75;23.25;23.25;24.00;24.00;29.50;26.75;23.75;23.25;22.75;23.50;23.25;23.75;23.75;23.50;23.00;23.50;22.50]
127782-[24.75;24.00;24.50;25.75;26.00;24.50;25.25;24.50;25.00;24.75;25.00;31.50;31.25;25.00;24.25;24.25;24.25;24.50;26.25;36.50;35.50;25.75;24.50;23.75;23.75;24.75;26.00;38.00;36.25;25.25;24.00;23.50;24.50;24.50;26.50;38.50;36.00;25.00;24.25;23.25;23.75;24.25;25.50;36.00;31.50;24.25;23.50;23.25;23.50;23.75;23.75;29.75;26.00;24.00;23.00;22.75;23.00;23.50;23.00;23.75;23.50;22.75;23.00;22.75]
128267-[24.75;24.50;25.00;26.00;25.75;24.75;25.00;24.00;24.75;24.00;25.25;31.25;30.75;24.75;24.50;24.50;24.50;24.25;25.75;36.50;35.25;25.75;24.25;23.75;24.00;24.00;26.00;38.25;35.75;25.00;24.25;23.50;24.25;25.00;26.25;38.75;35.75;25.00;23.75;23.25;24.00;24.25;25.25;35.75;31.25;24.25;23.50;23.25;23.50;23.50;24.00;29.50;26.50;23.50;23.00;22.00;23.50;23.75;23.50;24.00;24.00;23.00;23.25;22.75]
128752-[24.50;23.75;24.25;25.25;25.75;24.75;24.50;24.25;24.50;24.00;25.25;31.25;31.00;24.75;24.25;24.50;24.25;24.75;25.50;36.50;35.25;25.00;24.75;24.00;24.00;24.00;26.00;37.75;36.00;25.25;24.25;23.75;24.25;24.50;26.00;38.50;36.00;25.25;24.00;23.00;24.00;24.00;25.25;35.75;31.50;24.00;23.75;23.25;23.50;23.00;23.75;29.50;26.25;23.75;23.25;22.50;23.00;23.25;24.25;23.75;23.50;23.00;23.00;23.00]
129237-[24.50;24.00;24.75;26.00;26.25;25.25;25.00;24.00;24.75;24.50;25.25;31.25;30.75;24.75;23.75;24.50;24.50;24.25;25.75;36.50;35.75;25.75;24.25;24.00;24.50;24.00;25.50;37.50;36.00;25.50;23.75;23.75;24.25;24.50;26.50;38.50;35.50;25.00;23.75;23.25;23.75;24.00;25.25;35.50;31.50;24.25;23.25;23.25;23.50;23.75;24.00;29.50;26.50;23.50;23.00;22.75;23.75;23.50;23.00;23.50;23.00;22.50;23.25;23.25]
129722-[24.50;24.25;24.50;26.25;25.75;24.50;24.75;24.25;25.00;24.25;25.00;31.25;31.00;25.00;24.50;24.25;24.25;24.50;26.00;36.25;35.50;25.00;24.25;23.75;24.25;24.50;26.00;37.75;36.00;25.25;24.25;23.75;24.50;24.75;26.50;38.25;35.50;25.00;24.25;23.25;23.75;24.00;25.25;35.50;31.50;24.25;23.50;23.75;23.75;23.25;23.75;29.50;26.50;24.00;23.00;22.25;23.50;23.50;23.25;24.00;23.50;23.00;23.25;22.75]
130207-[24.50;24.00;24.75;26.00;26.00;24.25;25.00;24.25;24.50;24.50;25.00;31.25;31.25;24.50;24.50;24.75;24.75;24.50;25.50;36.50;35.50;25.00;24.25;23.75;24.25;24.50;26.25;38.00;36.00;25.25;23.75;23.75;24.50;24.75;26.50;38.25;35.50;25.25;24.00;23.00;23.75;24.50;25.25;35.75;31.75;24.25;23.25;23.50;23.25;23.50;24.00;29.25;26.25;23.50;23.25;22.25;23.25;23.75;23.25;24.00;23.25;22.75;23.00;23.00]
130692-[24.75;24.00;25.00;25.50;25.75;25.00;24.50;24.25;24.50;24.00;25.50;31.25;30.75;25.00;24.75;24.50;24.50;24.25;25.75;36.75;35.25;25.25;24.75;23.75;24.00;24.25;25.75;37.75;36.00;24.75;24.00;23.50;24.00;25.00;26.25;38.25;35.50;24.75;24.25;23.25;24.25;24.25;25.50;35.75;31.75;23.75;23.50;23.25;23.25;23.75;23.75;29.25;26.50;24.00;23.00;22.75;23.50;23.75;23.75;23.75;23.75;23.00;23.50;22.75]
131177-[24.75;24.00;24.75;25.75;25.75;24.25;24.50;24.50;24.00;24.50;25.25;31.50;31.00;24.75;24.00;24.00;24.50;24.50;25.25;36.50;35.25;25.50;24.50;24.00;24.25;24.00;26.00;37.75;35.75;25.25;24.25;23.50;24.00;24.75;26.50;38.25;35.75;25.00;24.00;23.50;24.25;24.50;25.50;35.50;32.00;24.25;23.75;23.50;23.75;23.25;24.00;29.00;26.50;23.75;22.75;22.25;23.25;23.25;23.50;23.50;23.75;23.00;22.75;22.75]
131662-[24.25;23.75;24.50;26.00;26.00;24.75;24.75;24.25;24.75;24.50;25.50;31.75;30.50;25.25;24.25;24.00;24.25;24.75;25.50;36.50;35.50;25.00;24.00;24.00;24.00;24.50;25.50;38.25;36.00;25.50;24.00;23.50;24.75;24.25;26.50;38.25;35.75;25.25;24.00;23.50;24.00;24.25;25.25;35.75;31.50;24.25;23.75;23.25;23.75;23.25;24.25;29.75;26.50;24.00;23.25;22.75;23.00;23.25;23.50;24.00;24.00;23.00;23.25;22.75]
132147-[25.00;24.25;25.00;25.75;25.50;25.00;24.50;24.75;24.25;24.50;25.25;31.50;31.00;24.75;24.00;24.50;24.00;25.25;25.75;37.00;35.25;25.50;24.50;24.00;24.50;24.75;26.50;38.00;36.00;25.25;24.25;24.00;24.50;24.50;26.25;38.50;36.00;25.00;24.00;23.25;24.25;24.00;25.50;35.75;31.75;24.25;23.25;23.25;23.75;23.50;24.00;29.75;26.75;23.50;23.50;22.75;23.25;23.25;24.00;23.50;23.75;23.00;23.00;23.00]
132632-[24.00;24.00;24.75;26.00;25.75;24.75;24.75;24.00;24.50;24.25;25.00;31.75;30.75;25.00;24.25;24.75;24.50;25.00;25.75;36.50;35.75;25.50;24.50;24.25;24.50;24.00;26.25;37.50;36.00;25.50;24.50;24.00;24.25;24.25;26.50;38.50;36.00;25.00;24.50;23.75;23.75;24.50;25.50;35.50;31.50;24.50;23.50;23.50;23.50;23.75;24.50;29.75;26.50;23.75;23.50;22.75;23.50;23.00;23.75;23.75;24.00;23.00;23.00;22.50]
133117-[24.50;24.25;24.75;25.75;25.75;24.25;25.25;24.75;24.75;24.25;25.00;31.50;30.50;25.25;24.00;24.00;24.50;24.50;25.75;36.25;35.50;25.25;24.25;24.00;24.50;24.25;26.00;37.75;36.25;25.25;24.00;23.50;24.25;24.75;26.75;38.25;35.75;25.00;24.00;23.00;24.00;24.00;25.25;35.25;31.75;24.50;23.25;23.25;23.00;23.25;23.75;29.50;26.25;23.50;23.25;22.75;23.00;23.25;23.50;24.00;23.75;23.25;23.25;22.50]
133602-[24.50;24.25;25.00;26.00;25.75;24.25;25.00;24.75;24.75;24.50;24.75;31.50;30.75;25.00;24.25;24.25;24.25;24.50;25.75;36.75;35.25;25.50;25.00;23.75;24.00;24.25;26.25;37.50;36.25;25.25;24.00;23.50;24.25;24.50;26.50;38.25;35.75;25.25;24.00;23.50;23.75;23.50;25.25;35.75;31.75;24.50;23.50;23.75;23.75;23.25;23.75;29.75;26.50;24.00;23.25;22.50;23.25;23.75;23.25;23.50;23.25;22.50;22.75;23.00]
134087-[25.00;24.25;24.75;25.75;25.75;24.50;24.75;25.00;24.25;24.50;24.75;31.50;31.00;25.00;24.25;24.25;24.75;24.25;26.00;36.50;35.50;25.25;24.75;23.75;24.25;24.75;25.75;37.50;36.00;25.25;24.25;23.75;24.25;24.25;26.25;38.75;35.75;25.00;24.25;23.50;24.00;24.00;25.50;35.25;31.25;24.50;23.25;23.75;23.25;23.25;24.00;29.00;26.25;24.00;23.50;22.75;23.25;23.25;23.25;23.75;23.25;23.00;22.75;22.75]
134572-[24.75;24.00;24.50;25.75;26.00;25.00;24.50;24.75;24.50;24.75;25.00;31.50;30.75;24.75;24.25;24.50;24.50;24.75;26.00;36.50;35.25;25.50;25.00;24.00;24.50;24.25;25.50;37.75;36.00;25.25;24.00;23.50;24.50;24.75;26.25;38.25;35.75;24.75;23.75;23.25;24.00;24.50;25.25;36.00;31.75;24.50;23.50;23.25;23.50;23.25;24.00;29.25;26.50;24.00;23.00;22.25;23.25;23.50;23.75;24.00;23.75;22.75;23.25;23.00]
135057-[25.25;24.50;24.25;26.00;25.75;24.75;24.75;24.25;25.25;24.50;25.00;31.50;31.00;25.25;24.50;24.00;24.50;24.75;26.00;36.50;35.25;25.50;24.50;23.75;24.75;24.25;26.25;37.50;36.00;25.50;24.50;23.75;24.25;24.50;26.50;38.50;36.00;24.75;24.00;23.50;24.25;24.00;25.25;36.00;31.50;25.00;23.75;23.75;23.50;23.50;24.25;29.50;26.25;23.75;23.00;22.50;23.25;23.25;23.50;23.75;23.00;22.50;22.50;23.00]
135542-[25.00;24.00;24.50;26.00;25.75;24.75;24.50;24.25;24.75;24.00;25.25;31.25;30.75;24.75;24.50;24.50;24.50;24.50;26.00;36.50;35.25;25.25;24.50;24.25;24.00;24.25;26.00;37.75;36.00;25.25;24.25;23.75;24.25;24.50;26.50;38.50;35.75;24.75;23.75;23.25;23.75;23.75;25.25;35.50;31.75;24.25;23.50;23.75;23.50;23.75;23.75;29.50;26.75;23.25;23.25;22.75;23.25;23.50;24.00;23.75;23.75;23.00;23.50;23.25]
136027-[24.75;24.25;24.75;26.00;25.50;24.50;24.50;24.50;24.00;24.75;24.75;31.75;30.75;25.00;24.00;24.25;24.25;24.50;25.75;36.25;35.00;25.25;24.25;24.00;24.25;24.00;26.00;37.75;36.00;25.25;24.00;23.50;24.50;24.50;26.25;38.50;35.75;25.00;23.50;23.75;23.75;24.50;25.00;35.50;31.50;24.25;23.50;23.50;23.75;23.75;24.00;29.50;26.50;23.75;23.00;22.25;23.00;23.25;23.50;23.75;23.50;23.50;23.00;23.50]
136512-[24.75;24.25;24.75;26.00;25.50;25.00;25.00;24.25;24.50;24.00;25.50;31.75;30.75;25.00;24.50;24.75;24.50;24.50;25.50;36.50;35.25;25.25;24.25;24.00;24.25;24.50;25.75;37.75;35.75;25.50;24.00;23.50;24.25;24.25;26.25;38.50;35.25;25.00;24.00;23.00;24.25;24.00;25.00;35.75;31.50;24.50;23.50;23.50;23.50;23.50;23.75;29.25;26.25;23.50;23.00;22.25;23.00;23.50;23.25;23.50;23.25;22.75;22.25;23.25]
136997-[24.75;24.25;24.75;25.50;25.75;24.50;24.50;24.75;24.50;24.25;24.75;31.50;31.25;24.50;24.50;24.75;24.25;24.50;26.00;36.25;35.25;25.25;24.50;24.00;24.00;24.25;26.00;37.75;35.75;25.50;24.25;23.50;24.25;24.50;26.50;38.25;35.50;24.75;24.00;23.25;23.75;23.75;25.00;35.50;31.50;24.25;23.50;23.75;23.50;23.75;24.00;29.50;26.25;23.50;23.00;22.00;22.75;23.50;23.25;23.50;23.75;22.50;22.75;22.50]
137482-[24.25;24.25;24.75;26.00;25.50;24.50;24.25;24.50;24.75;24.50;25.25;31.50;31.00;24.75;24.25;24.25;24.50;24.50;25.50;36.25;35.25;25.25;24.25;23.75;24.00;24.25;26.00;37.50;36.00;25.25;23.75;23.25;24.00;24.50;26.00;38.25;35.50;25.00;24.00;23.00;24.00;24.00;25.25;35.75;31.50;24.00;23.25;23.50;24.00;23.25;24.00;29.75;26.25;23.50;23.25;22.50;23.25;23.25;23.50;23.25;23.25;22.75;22.75;22.25]
137967-[25.25;24.25;24.75;26.25;26.00;24.50;25.25;24.50;24.50;24.50;25.00;31.75;30.50;25.00;24.00;24.50;24.25;24.50;25.75;36.25;35.50;25.50;24.25;23.75;23.75;24.25;25.75;38.00;36.00;25.25;23.75;23.50;24.25;24.75;26.25;38.25;36.00;25.25;24.00;23.00;23.50;24.00;25.25;35.50;31.75;24.25;23.25;23.00;23.75;23.50;24.00;29.00;26.50;23.50;22.75;22.75;23.25;22.75;23.25;23.50;23.75;22.75;23.25;22.50]
138452-[25.00;23.50;24.75;26.00;26.00;24.75;24.50;24.25;24.75;24.50;25.25;31.50;31.00;24.75;23.75;24.00;24.50;24.50;25.50;36.00;35.25;25.25;24.25;23.50;24.25;24.00;25.75;37.75;35.75;25.25;24.25;23.50;24.75;24.50;26.25;38.25;35.75;25.00;23.75;23.50;23.75;24.00;25.00;35.75;31.25;24.25;23.50;23.25;23.50;23.25;24.00;29.25;26.25;23.75;22.75;22.00;23.00;23.50;23.25;23.50;23.25;22.75;22.75;22.75]
138937-[24.50;24.25;24.75;25.50;25.75;24.75;24.50;24.00;24.50;24.00;25.00;31.00;30.50;24.75;24.00;24.50;24.50;24.50;25.50;36.75;35.50;25.25;24.50;23.75;24.25;24.00;26.00;37.50;35.75;25.25;24.25;23.25;24.25;24.25;26.00;38.25;35.50;24.75;24.00;23.50;23.50;24.00;25.25;35.50;31.25;24.00;23.50;23.00;23.50;23.25;23.50;28.75;26.00;23.50;23.00;22.25;23.25;23.50;23.25;23.00;23.25;23.00;23.25;22.75]
139422-[24.50;23.75;24.50;25.50;25.75;24.25;24.75;24.25;24.00;24.50;24.75;31.25;30.25;25.00;23.75;24.25;24.25;24.00;25.50;36.25;35.00;25.00;24.25;23.75;24.25;24.00;25.50;37.25;35.75;25.00;24.00;23.50;23.75;24.25;26.25;38.25;35.75;24.75;24.50;23.50;23.50;24.00;25.00;35.50;31.25;23.75;23.50;23.50;23.25;23.00;24.00;29.25;26.50;23.25;23.00;22.25;23.50;23.00;23.50;23.50;23.75;22.75;23.25;23.00]
139907-[24.25;23.50;24.50;25.50;25.75;24.00;24.50;24.25;24.50;24.25;24.75;31.00;30.50;25.00;24.25;24.50;24.25;24.50;26.25;36.25;35.50;25.50;24.25;23.75;23.75;24.50;25.75;37.50;35.75;25.00;24.00;23.25;24.00;24.25;26.25;38.25;35.50;24.50;24.25;23.50;24.00;23.75;25.25;35.50;31.50;24.25;23.50;23.25;23.25;23.50;23.75;29.00;25.75;23.50;23.00;22.00;23.00;23.25;22.75;23.50;23.25;22.25;22.50;23.25]
140392-[24.25;24.00;24.75;25.50;25.50;24.75;24.50;24.50;24.50;24.00;25.25;31.00;30.75;24.75;24.00;24.00;24.00;24.00;25.50;36.50;35.25;25.25;24.50;23.50;24.00;24.00;26.25;37.25;35.75;25.00;24.00;23.50;23.75;24.00;26.25;38.25;35.75;24.75;23.75;23.25;23.75;24.00;25.00;35.25;31.50;24.00;23.25;23.50;23.50;23.25;23.25;29.00;26.25;23.50;23.25;22.75;23.00;22.75;23.25;23.00;22.75;22.25;23.00;22.00]
140877-[24.25;24.25;24.25;26.00;25.75;24.50;24.75;24.00;24.25;24.00;25.25;31.50;31.00;25.00;24.50;23.50;24.00;24.50;25.50;36.25;35.25;24.75;24.25;23.75;24.25;24.25;26.00;37.50;35.75;25.00;24.25;23.75;24.00;24.50;26.00;38.50;35.75;25.00;23.75;22.75;23.75;23.75;25.25;35.25;31.50;24.25;23.50;23.25;23.25;23.50;23.25;29.25;26.00;23.75;23.00;22.50;23.00;23.50;23.00;23.25;23.00;23.00;23.00;22.50]
141362-[24.50;24.00;24.25;25.50;26.00;24.75;24.25;24.25;24.00;24.00;24.50;31.25;30.50;24.75;23.75;24.00;24.25;24.50;25.75;36.25;35.25;25.00;24.75;23.75;24.00;24.25;25.75;37.25;35.75;24.75;24.00;23.25;24.00;24.50;25.50;38.00;35.50;24.50;24.00;23.00;24.25;23.75;24.75;35.25;31.25;24.00;23.00;23.25;23.75;23.25;23.75;28.75;26.25;23.50;23.00;22.00;22.75;23.00;23.00;23.75;23.25;23.00;23.00;22.25]
141847-[25.25;24.25;24.75;26.25;25.75;24.75;24.75;24.00;25.00;24.00;25.00;31.50;31.00;25.00;24.25;24.25;24.50;24.50;25.50;36.25;35.50;25.25;24.25;23.75;24.00;24.25;26.00;37.75;36.00;25.25;24.00;23.75;24.75;24.50;26.25;38.50;35.50;25.00;24.25;23.00;23.75;24.00;25.25;35.25;31.50;24.25;23.75;23.50;23.25;23.00;24.00;29.25;26.25;23.25;23.00;22.50;23.00;23.25;23.50;23.75;23.25;22.75;22.75;22.00]
142332-[25.00;24.00;25.00;25.50;25.50;24.50;24.75;24.50;24.75;24.25;25.25;31.75;31.00;25.00;24.50;24.25;24.75;24.25;25.50;36.25;35.75;25.25;24.25;23.75;24.25;24.25;26.00;37.75;36.00;25.25;24.00;23.75;24.25;24.25;26.25;38.25;35.50;25.00;24.00;23.00;23.75;24.00;25.25;35.25;31.50;24.25;23.00;23.50;23.50;23.50;24.00;29.50;26.25;23.25;22.75;22.25;22.75;23.50;23.50;23.00;23.25;22.75;22.75;22.50]
142817-[24.75;24.25;24.00;25.50;26.00;24.75;24.25;24.25;24.75;23.75;25.00;31.25;30.75;25.00;24.50;24.75;24.00;24.50;25.50;36.25;35.25;25.25;24.00;23.25;24.25;24.50;26.00;37.75;36.00;24.75;24.00;23.50;24.25;24.75;26.25;38.25;35.50;24.75;24.00;22.75;23.50;23.75;25.00;35.50;31.50;24.00;23.25;23.25;23.50;23.00;24.00;29.25;26.25;23.75;22.50;22.25;23.50;23.75;23.50;23.75;23.50;22.25;23.00;22.75]
143302-[24.25;24.25;25.00;26.00;25.75;24.75;24.50;24.75;24.25;24.25;25.00;31.25;31.00;25.00;24.00;24.00;24.50;25.00;26.00;36.50;35.50;25.50;24.25;23.75;24.25;24.50;26.00;37.75;35.75;25.00;24.00;23.50;24.25;24.75;26.25;38.50;35.50;24.75;23.75;23.00;23.75;24.00;25.25;35.25;31.25;24.00;23.25;23.25;23.50;23.25;24.00;29.25;26.25;23.25;23.00;22.75;22.75;23.25;23.25;23.75;23.25;22.75;23.00;23.00]
143787-[24.50;24.25;24.75;25.75;25.75;24.75;24.75;24.25;24.50;24.50;25.00;31.25;30.75;25.00;24.00;24.00;24.25;24.75;25.75;36.00;35.25;25.50;24.75;23.75;24.00;24.25;26.00;38.00;36.00;25.00;24.25;23.50;
