PlasticoLiquidoBranco200mm
227-   [25.50;25.00;25.75;27.25;27.25;25.50;25.25;25.50;25.25;25.00;26.25;34.50;33.75;26.00;24.75;25.00;25.25;25.50;27.25;41.25;40.25;27.25;25.50;24.50;25.00;24.75;27.75;42.00;40.00;26.75;24.50;24.00;24.75;25.25;28.00;42.25;39.50;26.00;24.50;23.75;24.25;24.75;27.25;41.50;37.00;25.25;24.00;23.50;24.00;24.00;26.50;41.00;34.50;25.00;23.75;22.50;24.25;24.00;24.75;32.25;27.75;23.50;23.25;22.75]
712-   [24.75;25.00;25.75;27.00;27.00;25.25;25.25;24.75;25.00;24.75;26.00;34.25;33.50;26.25;25.00;24.50;25.00;25.25;27.00;40.75;39.75;27.00;24.75;25.00;24.50;25.25;27.25;41.75;39.75;26.50;24.50;24.25;24.50;25.25;27.50;42.00;39.00;26.00;24.50;23.75;24.50;25.00;27.25;41.75;36.75;25.25;23.75;24.00;23.50;23.75;25.75;41.00;34.75;24.75;23.50;22.75;22.75;23.75;24.75;31.75;28.00;23.75;23.00;22.00]
1197-  [25.00;24.25;25.25;27.25;26.75;25.00;25.25;24.75;24.75;24.50;25.75;33.75;33.25;26.00;24.75;24.50;24.75;25.25;27.50;40.50;39.75;26.25;25.25;24.25;24.25;24.75;27.25;41.50;40.00;26.25;24.50;23.75;24.50;24.75;27.75;42.25;38.75;26.00;24.50;23.25;23.75;24.50;27.00;41.25;36.75;25.25;24.00;23.50;23.50;23.75;26.25;41.25;35.00;24.75;23.75;22.50;23.00;23.50;25.00;31.25;27.25;23.25;22.75;22.75]
1682-  [24.25;24.75;25.25;26.75;26.25;25.75;25.00;24.25;25.00;24.75;26.00;34.00;33.50;25.50;24.50;24.25;24.75;25.00;27.25;40.50;39.75;26.75;24.75;24.25;24.75;24.75;27.25;41.75;39.75;26.50;24.50;23.75;24.25;25.00;27.25;42.00;39.00;25.25;24.75;23.25;23.75;24.50;26.75;41.75;37.00;25.25;23.50;23.50;23.50;23.75;26.25;40.75;34.75;24.75;23.50;22.50;22.75;23.25;24.75;31.50;27.75;23.50;22.75;22.50]
2167-  [24.75;24.50;25.25;27.00;26.50;25.25;25.25;24.25;25.00;24.50;25.75;34.25;33.75;25.50;24.75;24.25;24.50;25.00;27.25;40.50;39.50;26.50;25.00;24.25;24.25;24.50;27.00;41.75;39.50;26.25;24.50;24.00;24.25;24.75;27.25;42.50;38.75;26.00;24.25;23.50;24.00;24.25;26.75;41.75;36.50;25.00;23.75;23.75;23.50;23.75;26.00;41.00;34.25;24.00;22.75;22.75;23.50;23.75;24.50;31.75;27.75;23.25;23.75;22.25]
2652-  [25.00;24.00;25.25;27.00;26.25;25.25;24.50;24.50;25.00;24.50;25.75;34.00;33.25;25.50;24.75;24.25;25.00;24.75;26.75;40.25;39.50;26.50;25.00;24.50;24.25;24.50;26.75;41.50;39.75;26.25;24.50;23.50;24.00;24.50;27.25;41.75;38.50;25.50;24.25;23.25;23.75;24.50;26.75;41.25;36.75;24.75;23.50;23.75;23.25;23.75;25.75;41.00;34.50;23.75;23.00;22.25;23.75;23.75;24.50;31.50;27.25;23.25;22.75;23.00]
3137-  [24.50;24.00;25.25;26.25;26.25;25.25;25.00;24.25;24.50;24.50;25.75;33.75;33.00;25.75;24.25;24.25;24.50;24.75;26.75;40.75;39.50;26.50;25.25;23.50;24.75;24.25;27.00;41.50;40.00;25.75;24.50;23.25;24.25;24.50;27.75;41.50;38.75;25.25;24.00;23.25;24.00;24.50;27.00;41.25;36.75;25.00;23.75;23.50;24.00;23.75;25.75;40.50;34.25;23.75;23.25;22.25;23.25;23.50;24.50;31.50;27.50;23.50;23.00;22.25]
3622-  [24.50;24.00;25.00;26.50;26.50;24.75;24.50;23.75;24.50;24.25;25.75;33.75;33.25;25.50;24.50;24.25;24.50;24.50;26.50;40.50;39.50;26.25;25.00;24.00;24.25;24.75;27.25;41.25;39.75;26.00;24.00;24.00;24.75;24.25;27.25;41.75;38.50;25.50;24.00;22.75;23.75;24.25;26.50;41.50;36.75;24.75;23.75;23.50;23.25;24.25;26.50;40.75;34.25;24.25;23.25;22.25;23.25;23.75;25.00;31.75;27.50;23.50;23.25;23.00]
4107-  [24.75;24.00;25.00;26.50;26.50;25.00;24.75;24.50;24.75;24.75;26.00;34.00;33.25;25.75;24.50;24.25;25.00;25.00;27.00;40.50;39.25;26.75;25.00;24.25;24.50;24.00;26.75;41.50;39.75;25.75;24.00;23.75;24.00;25.00;27.25;41.75;38.75;25.50;24.25;24.00;24.00;24.50;26.75;41.25;36.75;25.00;24.00;23.00;24.00;23.75;26.00;41.00;34.50;24.25;23.50;22.50;23.50;24.00;24.50;31.75;27.75;23.50;23.00;22.50]
4592-  [24.75;24.50;25.00;26.75;26.75;25.25;24.75;24.75;24.75;24.75;25.75;33.75;33.00;25.50;24.50;25.00;24.75;24.75;27.00;40.50;39.75;26.25;24.75;24.00;24.50;24.50;27.00;41.25;39.75;26.25;24.25;24.00;24.25;24.75;27.25;41.75;38.50;25.75;24.00;23.50;24.00;24.75;27.00;41.50;36.50;24.75;23.75;23.25;23.50;23.75;26.00;40.50;34.25;24.25;23.25;22.50;23.75;24.00;25.00;32.00;27.75;23.75;23.50;23.00]
5077-  [24.50;24.50;25.25;26.75;26.25;24.75;25.00;24.50;25.00;24.75;26.00;34.00;32.75;25.25;24.25;24.25;24.75;24.50;27.00;40.50;39.75;26.25;24.75;24.00;24.25;24.75;26.75;41.50;39.50;26.00;24.00;23.50;24.25;24.25;27.50;41.75;38.50;25.75;24.50;23.25;24.00;24.25;27.25;41.25;36.50;25.00;23.50;23.50;23.50;24.00;26.25;41.00;34.00;24.25;23.25;22.75;23.25;24.00;25.00;31.75;27.25;23.25;23.00;23.00]
5562-  [25.00;24.25;25.00;26.50;26.50;24.75;24.75;24.75;24.50;24.75;26.25;34.00;33.50;25.75;24.75;24.50;24.75;24.75;27.00;40.75;39.50;26.75;25.00;24.50;24.75;24.50;27.25;41.75;39.75;26.00;24.50;24.25;24.75;25.00;27.75;41.75;39.00;26.00;24.50;23.50;24.25;25.00;26.75;41.50;36.75;24.75;24.00;23.50;23.75;23.75;26.00;41.25;34.75;24.50;23.50;22.50;23.00;23.50;25.25;32.00;27.50;23.50;23.50;22.75]
6047-  [25.00;24.50;25.25;26.75;26.00;25.75;25.00;24.25;25.25;24.50;26.00;34.00;33.25;25.75;24.75;24.75;25.00;24.75;27.00;40.50;40.00;26.25;25.00;24.25;24.75;24.50;27.00;41.50;39.75;26.25;25.00;23.75;24.25;25.00;27.50;42.00;38.50;25.50;25.00;23.25;24.25;24.50;27.25;41.75;37.00;25.00;23.75;23.50;23.50;24.00;25.75;41.25;34.75;24.00;23.25;22.50;24.00;23.25;25.00;32.25;27.50;23.75;23.00;22.75]
6532-  [25.25;24.50;25.25;26.50;26.75;25.25;25.25;25.00;24.75;25.00;26.00;34.25;33.75;26.25;24.75;24.50;24.25;25.25;26.75;40.25;39.50;26.25;24.75;24.25;24.75;24.75;27.00;41.50;40.00;26.25;24.75;24.00;24.50;25.25;27.75;42.25;38.75;25.75;24.50;23.50;24.00;24.50;27.25;41.50;36.50;25.00;24.00;24.00;23.50;24.25;26.50;41.00;34.75;24.50;24.00;22.75;23.75;24.25;25.00;32.00;27.75;23.50;23.25;23.25]
7017-  [25.00;24.25;25.25;26.75;26.50;25.25;25.25;24.50;25.00;24.75;26.25;34.00;33.75;25.75;24.75;24.25;25.00;25.25;27.25;40.75;39.75;26.50;25.00;24.50;25.00;25.00;27.00;41.50;39.75;26.00;24.75;23.75;24.75;25.25;27.50;42.25;38.75;26.00;24.75;23.75;24.50;24.75;27.00;41.75;37.00;25.00;23.75;24.00;24.00;24.75;26.25;41.25;34.75;25.00;23.75;23.25;23.75;23.50;24.75;31.75;28.00;23.50;23.50;23.25]
7502-  [25.00;24.50;25.50;26.75;26.50;25.50;25.25;25.25;24.75;24.75;25.75;34.25;33.50;26.00;25.00;24.50;24.75;25.00;27.00;40.75;39.75;26.75;24.75;24.50;25.00;24.75;27.25;41.25;40.00;26.25;24.50;23.75;24.75;25.00;27.75;42.25;39.00;26.00;25.25;23.75;24.75;24.50;27.00;41.75;37.00;25.50;23.75;23.75;24.00;24.25;26.75;41.00;34.75;25.00;23.75;22.75;24.00;24.00;25.25;32.25;27.75;24.00;23.75;23.25]
7987-  [25.50;24.75;25.00;26.75;26.50;25.00;25.00;24.50;25.75;25.25;26.00;34.00;33.25;26.00;24.50;24.75;24.75;25.00;26.75;40.75;39.50;26.50;24.75;24.00;24.75;24.75;27.50;41.50;39.75;26.25;25.00;24.50;24.50;25.25;27.25;41.75;38.75;26.25;24.50;23.50;24.75;24.75;27.25;41.75;36.75;25.25;24.50;23.75;24.25;24.25;26.50;41.25;35.00;24.75;24.00;22.75;23.75;24.25;25.00;32.50;27.75;24.00;23.50;23.25]
8472-  [25.25;24.25;25.50;26.50;26.75;25.00;24.75;24.50;25.00;24.75;25.75;33.75;33.25;25.75;24.75;25.25;24.75;25.25;27.00;40.75;39.75;26.75;25.00;24.25;24.75;24.75;27.25;41.75;40.00;26.25;24.75;24.00;24.75;25.50;27.75;42.00;38.50;25.75;24.50;23.50;24.25;24.50;27.50;42.00;36.50;25.25;24.25;24.00;23.75;24.25;26.50;41.25;35.00;24.50;23.50;22.75;24.25;24.50;24.75;31.75;28.00;23.25;23.25;23.50]
8957-  [25.25;24.25;25.00;26.25;26.75;25.50;25.25;25.00;25.00;25.00;26.25;33.75;33.50;25.25;24.25;25.00;24.50;25.00;27.00;40.50;39.50;26.50;25.00;24.50;24.50;24.50;27.50;41.50;40.00;26.50;24.50;23.75;24.75;25.25;27.75;42.00;39.00;26.00;24.50;24.25;24.25;24.50;27.00;41.75;36.75;25.50;24.00;23.75;24.50;24.50;26.25;41.00;35.00;24.75;23.75;23.00;24.00;24.25;24.75;31.50;27.75;23.75;24.25;23.00]
9442-  [25.00;25.00;25.25;26.75;26.50;25.50;25.25;25.00;25.50;24.75;26.50;33.75;33.50;26.25;24.75;25.00;25.00;25.25;27.00;40.50;39.75;26.75;24.75;24.50;24.50;24.75;27.25;41.50;40.00;26.25;24.50;24.00;24.50;25.25;27.50;42.00;38.75;26.00;24.75;23.25;24.25;24.75;27.00;42.00;36.75;25.25;24.00;24.25;24.00;24.25;26.50;41.25;35.00;24.75;23.75;22.75;24.50;24.25;25.00;32.00;28.00;24.00;23.75;23.50]
9927-  [24.75;24.50;25.50;26.75;26.75;25.00;25.50;24.50;25.25;24.50;25.75;34.25;33.25;25.75;24.75;25.25;24.75;25.25;27.75;40.75;39.75;27.00;25.00;24.50;24.75;25.00;27.25;41.50;40.00;26.25;24.50;24.25;25.25;25.00;28.00;42.25;38.75;26.25;24.50;23.50;25.25;24.75;27.25;41.75;37.25;25.50;24.50;24.00;24.50;24.25;26.25;41.25;35.25;24.75;24.00;23.00;24.00;23.75;25.00;31.25;27.50;23.75;23.75;23.75]
10412- [25.25;24.50;25.00;26.75;26.75;25.25;25.50;24.50;25.25;24.25;26.25;34.25;33.50;25.75;25.00;25.00;24.50;25.00;27.50;41.00;40.00;26.25;24.75;24.50;25.25;24.75;27.00;42.00;39.25;26.50;24.50;24.00;24.75;25.00;27.75;42.00;39.00;26.25;24.25;23.75;24.00;25.00;27.25;42.00;37.25;25.50;24.25;24.00;24.00;23.75;26.75;41.00;34.75;24.75;24.00;23.00;24.25;24.00;24.75;32.00;28.25;24.50;23.50;23.75]
10897- [25.00;24.75;24.75;26.75;26.50;24.75;25.00;24.75;25.25;25.25;26.25;34.25;33.25;26.00;24.75;24.75;25.00;25.25;27.25;40.75;39.75;26.75;25.25;24.50;25.00;24.75;27.50;41.50;40.00;26.50;25.00;24.25;24.75;25.00;27.75;42.25;39.25;25.75;24.50;23.50;24.50;25.00;27.25;42.00;37.00;25.25;24.00;24.25;24.25;24.25;26.50;41.00;35.00;24.75;24.00;23.25;24.00;24.00;25.75;32.25;27.75;23.75;23.75;23.75]
11382- [25.25;24.75;25.25;27.00;27.00;25.25;25.25;24.75;25.50;24.75;26.25;34.25;33.50;25.75;25.00;24.75;25.00;25.25;27.50;40.75;39.75;26.75;25.00;24.50;25.00;25.00;27.50;41.75;40.00;26.75;25.00;24.00;24.75;25.00;28.00;42.00;39.00;26.00;24.75;24.00;24.00;24.50;27.50;42.00;37.25;25.25;24.00;24.50;24.00;24.25;26.25;41.25;34.50;25.00;23.75;23.00;24.00;24.25;25.50;32.25;28.25;24.00;24.00;23.50]
11867- [24.75;24.50;25.75;26.50;27.00;25.25;25.75;25.00;24.75;24.75;26.25;34.00;33.25;26.00;25.25;25.25;25.00;25.00;27.25;40.50;39.75;26.75;25.50;24.75;25.00;25.00;27.50;41.50;40.00;26.75;25.00;24.50;25.25;25.00;27.75;42.50;39.25;26.25;24.75;24.00;24.75;25.25;27.50;41.75;37.50;25.75;24.00;24.00;24.25;24.25;26.50;41.50;35.25;24.50;24.00;23.50;24.25;24.25;24.75;32.25;27.75;23.75;23.75;23.50]
12352- [25.50;24.25;25.50;26.50;26.75;25.50;25.25;24.75;25.00;24.75;26.00;34.25;33.75;26.25;24.75;25.00;25.00;25.50;27.25;41.00;39.75;26.75;25.00;24.50;24.75;25.25;28.00;41.50;40.00;26.25;24.75;24.25;25.25;25.25;27.75;42.25;38.75;26.25;24.75;24.00;24.75;24.75;27.25;42.00;37.00;25.00;24.00;24.00;24.00;24.25;26.25;41.25;34.75;25.00;23.75;23.00;24.50;24.50;25.50;31.75;28.00;23.50;23.75;23.25]
12837- [25.25;24.75;25.00;27.25;26.75;25.50;25.00;25.00;25.00;24.75;26.50;34.25;33.50;26.00;25.25;25.00;24.75;25.00;27.25;40.50;39.75;27.00;25.25;24.25;25.00;25.00;27.50;41.75;40.00;26.50;24.50;24.00;25.25;25.50;28.00;42.25;39.25;26.00;25.00;23.75;24.50;25.00;27.25;41.75;37.00;25.75;24.25;24.00;24.25;24.75;26.50;41.50;35.00;25.25;23.50;22.75;23.75;23.50;25.00;32.00;28.00;23.75;23.25;23.75]
13322- [25.50;24.25;25.50;27.25;27.00;26.00;25.25;24.75;25.00;25.25;26.25;34.25;33.25;26.25;25.00;25.00;25.00;25.75;27.50;40.75;40.00;27.25;25.50;25.25;25.00;25.25;27.75;42.25;40.25;26.50;25.00;24.25;24.75;25.50;28.00;42.50;39.00;26.75;25.25;24.25;24.50;25.25;27.75;42.50;37.25;25.75;24.25;24.25;24.50;24.50;26.50;41.25;35.00;25.00;24.00;22.75;23.75;24.25;25.00;32.25;28.00;24.00;24.00;23.25]
13807- [25.25;25.00;25.75;27.00;27.25;25.50;25.50;24.75;25.00;25.25;26.25;34.50;33.75;26.50;24.75;25.00;25.00;25.50;27.50;41.00;40.25;27.00;25.50;25.00;25.00;25.25;28.00;42.00;40.00;26.25;24.75;24.50;25.25;25.50;28.00;42.00;39.25;26.25;25.25;24.25;24.75;24.75;27.50;42.25;37.00;25.75;24.25;24.25;24.25;24.75;26.75;41.50;35.00;25.25;24.75;23.50;23.75;25.00;25.50;32.25;28.25;24.00;23.75;24.00]
14292- [25.25;25.00;25.75;26.75;27.00;25.75;25.25;25.00;25.75;25.25;26.25;34.75;34.00;26.50;25.50;25.25;25.50;25.75;27.50;41.00;40.00;26.75;25.75;24.75;25.25;25.00;27.50;42.00;40.00;26.75;24.75;24.50;25.25;25.25;27.75;42.25;39.25;26.25;25.50;24.25;24.50;25.25;27.25;42.50;37.25;25.75;24.25;24.50;24.50;24.50;26.50;41.75;35.25;25.25;24.25;23.50;24.50;24.50;25.75;32.00;28.25;24.50;24.00;23.50]
14777- [25.25;24.75;26.00;27.00;27.00;26.00;25.75;24.50;25.50;24.75;26.75;34.50;33.75;26.25;25.25;25.25;25.25;25.50;27.50;41.00;40.25;27.00;25.00;24.50;24.75;25.00;27.75;41.75;40.50;26.50;25.00;24.50;25.25;26.00;28.00;42.25;39.25;26.25;24.75;24.50;24.50;25.25;27.75;42.25;37.25;25.25;24.50;24.25;24.50;24.50;27.00;41.75;35.25;25.00;24.50;23.50;23.50;25.00;25.50;32.00;28.25;24.00;24.00;23.25]
15262- [26.00;24.75;25.50;27.00;26.75;25.25;25.50;25.25;25.50;25.00;26.00;34.50;33.75;26.50;25.00;25.25;25.25;25.50;27.75;41.00;40.00;27.25;25.75;25.25;25.25;25.25;27.50;42.00;40.25;26.75;24.75;24.50;25.00;25.50;27.75;42.50;39.00;26.50;25.25;24.25;25.00;25.50;27.75;42.25;37.00;25.50;24.25;23.50;24.50;24.50;26.50;41.50;35.00;25.00;24.00;23.25;24.00;24.25;25.25;32.75;28.00;24.50;23.75;23.00]
15747- [25.25;25.00;26.25;27.00;27.00;25.75;25.25;25.25;25.25;25.25;26.50;34.50;34.00;26.00;25.25;25.00;25.50;25.75;27.75;41.00;40.25;27.00;25.50;25.00;25.00;25.00;27.25;42.25;40.00;26.75;25.00;24.25;25.00;25.50;28.00;42.25;39.00;26.75;25.25;24.25;24.75;25.00;27.75;42.25;37.50;25.50;24.75;24.00;24.50;24.00;26.50;41.50;35.00;25.00;24.00;23.25;24.00;24.50;26.00;32.75;27.75;24.00;24.00;23.50]
16232- [25.50;25.00;25.75;27.25;27.50;25.75;25.75;25.50;25.50;25.00;26.50;34.75;33.75;26.50;25.25;25.25;25.50;25.25;27.50;40.75;40.00;26.50;25.25;24.50;25.25;25.00;27.50;41.75;40.25;26.75;25.00;24.00;25.00;25.25;27.75;42.50;39.25;26.50;25.00;24.25;24.75;25.00;27.50;42.00;37.00;25.75;24.25;24.25;24.50;24.50;26.25;41.50;35.25;25.25;23.75;23.50;24.50;24.50;25.25;32.25;28.25;24.00;24.00;23.50]
16717- [25.25;24.75;25.50;26.75;27.00;25.25;25.75;25.00;25.75;25.00;26.50;34.25;34.00;26.25;25.00;25.00;25.50;25.25;27.50;41.25;40.00;27.00;25.25;24.75;25.25;25.00;27.75;42.00;40.25;26.50;25.00;24.25;25.00;25.50;28.00;42.50;39.50;26.25;25.00;24.00;24.50;24.75;27.50;42.00;37.00;25.50;24.75;24.00;24.25;24.25;26.75;41.50;35.00;25.00;24.50;23.25;23.75;24.00;25.75;32.00;28.25;23.75;23.25;23.50]
17202- [25.00;25.00;25.25;27.00;26.75;25.50;25.25;25.25;25.75;25.25;26.25;34.50;33.50;26.25;25.25;25.25;25.25;25.25;27.75;40.75;40.00;26.75;25.50;24.50;25.00;25.25;27.25;41.75;40.00;26.50;24.50;24.25;24.50;25.25;27.75;42.25;39.25;26.00;24.75;24.00;24.50;25.25;27.00;42.50;37.00;25.75;24.25;24.00;24.00;24.50;26.75;41.25;35.00;24.50;23.75;23.25;24.50;24.50;25.25;32.25;28.25;24.25;23.50;23.75]
17687- [25.25;24.75;24.75;26.75;26.50;25.00;25.25;25.25;25.25;24.75;26.25;34.25;33.50;26.00;24.50;25.00;24.25;25.25;27.50;40.75;40.00;26.50;25.25;24.25;25.00;25.25;27.75;41.75;40.00;26.00;24.50;24.25;24.75;25.25;27.75;42.25;38.75;26.00;24.25;24.25;24.25;25.00;27.25;42.00;37.00;25.50;24.25;24.00;23.75;24.00;26.50;41.50;35.00;24.50;23.50;23.25;24.50;24.00;24.75;32.25;27.75;23.75;23.75;23.25]
18172- [24.75;25.00;25.00;26.75;26.75;25.25;25.50;25.00;24.75;25.00;26.50;34.00;33.25;26.00;25.25;25.00;25.00;25.25;27.25;40.75;40.00;26.75;25.25;24.25;24.25;24.50;27.50;42.00;40.00;26.25;24.75;24.25;24.75;25.25;27.75;41.75;38.75;25.75;24.75;23.50;24.50;24.50;27.25;42.00;37.25;25.25;24.00;24.50;24.50;24.50;26.00;41.25;35.00;24.75;23.75;23.25;24.00;24.25;24.75;32.00;27.75;24.00;23.50;23.25]
18657- [25.25;24.50;25.00;26.25;26.75;25.50;25.50;24.50;25.25;25.25;25.75;34.25;33.25;25.75;25.00;25.00;25.25;25.00;27.25;40.75;39.50;26.75;25.00;24.75;24.25;25.00;27.25;41.75;40.00;26.50;24.75;24.00;24.50;25.00;27.50;42.00;38.75;26.00;24.25;23.75;24.25;24.75;27.25;42.00;37.25;25.00;24.25;24.00;24.25;24.25;25.75;41.00;35.00;24.50;23.75;22.75;23.50;24.00;25.00;31.75;27.75;23.50;23.50;23.50]
19142- [24.50;24.50;25.25;26.75;26.75;25.00;25.00;24.50;25.50;24.50;26.00;33.75;33.25;25.50;24.75;25.00;24.75;25.25;27.25;40.75;39.75;26.50;25.00;24.50;24.75;24.75;27.00;41.50;40.00;26.25;24.25;24.25;24.75;24.75;27.50;42.00;39.00;25.75;24.25;23.25;24.25;24.25;27.00;41.50;37.00;24.75;24.50;23.75;23.75;24.00;26.25;41.00;34.75;24.50;24.00;23.00;24.00;24.00;25.25;32.25;27.75;24.25;24.00;23.50]
19627- [24.75;24.50;25.00;26.50;26.25;25.00;24.50;24.75;24.50;24.75;25.75;34.00;33.25;25.75;24.50;24.50;25.25;24.75;26.75;40.50;39.50;26.75;24.75;24.50;24.25;24.50;27.25;41.50;39.75;26.25;24.25;23.75;24.25;25.00;27.25;41.75;38.50;26.00;24.25;23.00;24.00;24.50;27.00;42.00;36.75;25.00;24.00;24.25;24.00;24.00;26.00;41.00;34.50;24.50;23.25;22.50;23.00;24.25;25.00;32.00;27.25;23.75;23.50;23.25]
20112- [25.00;24.25;25.25;26.50;26.25;24.75;25.00;24.50;25.25;24.75;26.00;34.00;33.25;25.75;25.00;24.75;25.25;25.00;26.50;40.25;39.75;26.25;25.00;24.00;24.75;24.75;27.00;41.50;39.75;26.00;24.75;23.75;24.25;25.00;27.75;41.75;38.75;25.50;24.25;23.50;23.75;24.50;27.00;41.75;36.75;25.25;23.75;23.75;24.25;24.00;26.25;40.75;34.50;24.50;23.75;22.50;23.50;23.50;25.25;31.50;27.50;23.75;23.25;23.25]
20597- [25.25;24.50;25.00;26.50;26.75;24.75;25.00;24.50;24.75;24.25;26.00;33.75;32.75;25.75;24.75;24.75;24.75;25.00;26.75;40.75;39.75;26.25;24.75;24.25;24.50;24.50;27.00;41.25;39.50;26.25;24.25;23.75;24.50;24.75;27.50;42.00;38.75;25.75;24.50;23.50;24.25;24.75;27.25;41.75;36.50;24.75;23.75;23.50;23.50;24.00;25.75;41.25;34.75;24.50;23.75;22.75;23.75;24.25;24.75;32.00;27.25;23.50;23.00;22.75]
21082- [24.75;24.25;25.25;26.50;26.50;25.00;25.00;24.75;24.50;25.00;25.75;34.00;33.00;25.75;24.50;24.75;24.75;24.25;27.00;40.50;39.50;26.25;24.75;24.25;24.25;24.25;27.00;41.25;39.50;25.50;24.50;24.00;24.50;25.00;27.50;41.75;38.75;25.75;24.25;23.50;23.75;24.50;26.75;41.50;36.50;25.25;24.00;24.25;24.00;23.75;26.00;41.75;34.50;24.50;23.75;22.50;23.75;24.25;25.25;32.00;27.75;23.50;23.00;23.25]
21567- [24.75;24.25;25.00;26.75;26.25;25.25;24.75;24.50;24.75;24.50;25.75;33.75;33.00;25.25;25.00;24.50;24.50;25.25;26.75;40.50;39.25;26.50;25.00;24.50;24.25;24.75;27.25;41.25;39.50;26.00;24.50;24.00;24.50;25.00;27.25;41.75;39.00;25.50;24.75;23.50;24.25;24.50;27.00;41.25;36.50;25.00;23.75;23.75;24.50;23.75;25.75;40.75;35.00;24.75;23.25;22.75;23.75;24.25;24.75;32.00;27.75;24.00;23.00;23.00]
22052- [24.75;24.25;25.00;26.00;26.25;25.00;25.00;24.50;24.75;25.00;26.00;34.25;33.00;25.50;24.50;24.25;24.50;24.75;27.00;40.50;39.25;26.50;25.00;23.75;24.25;24.50;27.00;41.50;39.25;25.75;24.25;23.50;24.50;24.75;27.25;41.75;38.50;25.00;24.25;23.75;23.75;24.50;27.00;41.50;36.50;24.75;23.50;23.75;24.00;23.50;25.75;41.00;34.25;24.25;23.50;23.00;23.25;24.00;25.00;32.00;28.00;23.50;23.25;23.00]
22537- [24.75;24.50;24.75;26.50;26.25;24.75;25.00;24.50;25.00;24.50;25.75;34.00;33.00;26.00;25.00;25.25;24.50;24.75;27.00;40.50;39.50;26.25;24.75;24.25;24.25;24.25;27.00;41.25;39.25;25.75;24.00;24.00;24.25;24.75;27.75;41.50;38.25;25.50;24.50;23.50;24.00;24.75;27.00;41.25;36.75;24.25;23.75;23.75;23.75;23.75;26.00;41.00;34.75;24.50;23.50;22.75;23.50;23.75;25.00;32.25;27.75;23.75;23.25;22.75]
23022- [24.75;24.25;25.00;26.50;26.00;24.75;25.00;24.50;24.75;24.50;26.00;34.00;33.25;25.75;24.75;25.00;24.75;24.75;26.75;40.25;39.50;26.25;24.75;24.25;24.25;24.25;27.00;41.25;39.50;26.25;24.25;23.75;24.50;24.75;27.50;42.00;38.25;25.75;24.25;23.50;24.50;24.75;26.75;41.50;36.50;25.00;24.25;23.75;24.00;23.25;26.25;41.00;34.50;24.25;24.00;23.00;23.75;23.50;25.00;31.75;27.50;23.50;23.75;23.25]
23507- [24.75;24.50;25.25;26.50;26.00;25.00;25.25;24.50;25.00;24.50;25.75;34.25;33.25;25.25;24.75;24.75;24.75;25.00;27.00;40.50;39.75;26.25;25.00;24.50;24.25;24.50;27.00;41.50;39.75;25.75;24.50;23.75;24.75;24.50;27.50;42.00;38.75;25.50;24.25;23.50;24.25;24.25;27.25;41.50;36.75;25.00;23.75;23.50;24.50;24.00;26.25;41.50;34.75;24.75;23.75;23.00;24.00;24.00;25.00;32.00;28.00;24.00;23.00;23.50]
23992- [24.75;24.25;25.50;26.75;26.50;25.25;25.25;24.75;25.00;24.75;26.25;34.00;33.75;25.75;24.75;24.75;24.75;25.25;26.50;40.75;39.75;26.50;25.00;24.25;24.75;24.50;27.00;41.50;39.75;26.25;24.25;24.00;24.50;24.75;27.25;42.00;38.75;25.75;23.75;24.00;24.25;24.75;27.00;41.50;36.75;25.25;23.75;23.75;23.75;23.50;26.00;41.25;34.50;24.75;24.00;22.50;23.75;23.25;24.75;32.00;27.75;23.25;23.50;23.50]
24477- [25.25;24.75;25.25;26.50;27.00;25.25;24.50;25.00;25.00;24.25;26.00;34.00;33.00;26.00;24.75;25.50;25.00;24.75;27.00;40.75;39.50;26.25;25.25;24.25;24.50;24.50;27.00;41.75;39.50;26.25;24.75;24.25;24.50;25.25;27.25;42.00;38.50;25.50;24.75;23.50;24.25;24.50;27.00;41.25;36.75;25.50;24.00;23.75;24.00;24.00;26.25;41.25;34.50;24.75;23.50;23.25;24.00;24.00;25.25;31.75;28.25;23.50;23.75;23.50]
24962- [25.25;24.25;25.25;26.75;26.25;25.00;24.75;25.25;25.00;24.75;25.75;33.75;33.25;25.75;25.00;25.00;24.50;25.00;26.75;40.75;39.50;26.50;25.00;24.00;24.75;24.75;27.25;41.75;40.00;26.25;24.50;23.75;25.00;24.75;27.75;42.00;39.00;25.75;24.75;24.00;24.25;24.25;27.50;41.75;37.00;25.25;24.25;24.00;24.50;23.75;26.50;41.25;34.75;25.00;23.75;23.25;23.75;24.25;25.00;32.00;28.00;23.75;23.50;23.25]
25447- [25.25;24.25;26.00;26.50;26.75;25.25;25.00;24.75;25.25;24.75;26.75;34.00;33.50;25.75;25.00;24.75;25.25;25.25;27.50;40.75;39.50;26.75;25.25;24.25;25.25;24.75;27.75;41.75;40.00;26.25;25.00;24.25;24.25;25.25;27.75;42.50;38.75;25.75;24.75;23.75;24.25;25.00;27.25;41.75;37.00;25.25;24.00;23.50;24.00;24.00;26.25;41.50;35.00;25.00;24.25;23.50;24.00;24.25;25.00;32.00;28.00;24.00;24.00;23.25]
25932- [25.00;24.50;25.00;27.00;27.00;25.00;25.50;25.25;25.25;24.50;26.00;34.50;33.50;26.25;25.00;25.00;25.00;25.25;27.50;40.75;39.50;26.75;25.25;24.75;25.00;25.00;27.25;41.75;39.75;26.50;24.50;24.25;25.00;24.75;27.75;42.25;38.75;26.00;24.25;23.25;24.75;24.50;27.50;41.75;37.00;25.25;24.00;23.75;24.00;24.00;26.00;41.50;34.75;25.00;23.75;23.00;24.00;24.50;25.00;32.00;27.75;24.00;23.50;23.25]
26417- [25.50;24.25;25.25;26.50;27.00;25.50;25.00;24.75;25.00;25.00;26.00;34.25;33.50;26.25;24.75;25.00;24.75;25.25;27.00;40.50;40.00;26.00;25.25;24.25;24.50;25.00;27.25;41.75;40.00;26.25;25.00;24.50;25.25;24.50;27.75;42.25;38.50;25.50;24.75;24.00;24.50;24.75;27.00;41.50;37.00;25.25;24.00;23.75;23.75;24.50;26.00;41.00;35.00;24.25;24.00;22.75;24.00;24.25;25.50;31.75;28.00;23.25;23.25;23.50]
26902- [25.00;24.75;25.75;26.75;26.75;25.50;25.50;25.25;24.75;25.00;26.50;34.25;33.50;26.25;25.25;25.00;25.25;25.25;27.25;40.75;40.00;26.75;25.00;24.00;24.75;25.00;27.25;41.75;40.00;25.75;24.75;24.25;24.75;25.00;27.75;42.00;38.75;26.00;24.50;23.50;24.00;25.00;27.25;42.00;37.00;25.00;24.25;23.75;24.00;24.25;26.75;41.50;34.75;24.75;23.75;23.25;23.50;23.75;24.75;32.25;28.25;24.25;23.50;24.00]
27387- [24.75;24.50;25.25;26.75;26.50;25.50;25.50;25.25;24.50;25.00;26.50;34.00;33.25;26.00;24.50;24.75;25.00;25.00;27.25;40.75;39.75;26.50;25.00;24.50;25.00;25.25;27.00;41.75;39.75;26.25;24.50;23.75;25.00;25.00;27.50;42.25;38.75;25.50;24.75;24.00;24.50;24.75;26.75;41.75;37.00;25.25;23.75;23.50;24.25;23.75;26.00;41.00;34.75;24.50;23.75;23.50;23.75;24.25;25.25;32.25;27.75;24.00;23.25;23.75]
27872- [25.25;24.50;25.00;26.75;27.00;25.50;25.50;24.75;25.00;25.00;26.25;34.00;33.75;26.00;24.75;25.00;25.25;25.00;27.00;40.75;39.75;26.75;24.75;24.50;25.00;24.75;27.50;41.50;39.75;26.00;24.50;24.25;24.75;25.25;27.50;42.25;39.00;25.75;24.50;24.00;24.25;24.50;27.00;41.75;37.00;25.25;24.25;23.75;23.75;24.25;26.00;40.75;35.00;25.25;23.75;23.00;24.00;23.75;25.00;32.00;28.00;23.75;23.50;23.00]
28357- [25.50;24.75;25.75;26.75;26.50;25.50;25.75;24.75;25.50;25.00;26.25;34.50;33.50;26.25;25.25;25.25;24.75;25.50;27.00;41.00;39.75;26.75;25.25;24.00;24.75;24.25;27.50;42.00;40.00;26.25;25.00;23.75;25.00;25.25;27.75;41.75;39.00;25.75;24.75;23.75;24.50;24.75;27.50;41.75;37.00;25.25;24.25;23.75;24.25;24.25;26.25;41.00;34.75;24.75;23.75;22.50;23.75;24.25;24.75;32.00;27.75;23.50;24.00;23.25]
28842- [25.75;25.25;25.50;27.00;26.50;25.25;26.00;24.50;25.50;25.00;26.25;34.25;33.75;26.00;25.00;24.75;25.25;25.25;27.50;41.25;40.00;26.75;25.50;24.00;24.75;25.00;27.50;41.75;40.00;26.50;25.00;24.00;25.00;25.00;27.75;42.25;39.00;26.50;25.00;24.00;24.25;25.25;27.00;41.75;37.25;25.50;24.00;24.00;24.50;24.50;26.25;41.25;34.75;24.75;24.25;23.00;23.75;24.00;25.00;32.00;28.25;24.00;23.75;23.25]
29327- [25.50;25.00;25.25;27.00;27.25;25.25;25.25;25.00;25.00;25.00;26.50;34.25;33.25;26.00;25.00;24.50;25.50;25.25;27.25;40.75;39.50;26.50;25.25;24.50;24.25;25.00;27.25;42.00;40.00;26.25;24.75;24.00;24.75;25.00;27.75;42.00;39.00;26.00;25.00;24.00;24.25;25.25;27.25;41.75;36.75;25.25;24.25;24.50;23.75;24.50;26.00;41.25;34.75;24.50;24.00;23.50;23.50;24.25;25.00;31.50;28.00;24.00;23.50;23.50]
29812- [25.50;24.75;26.00;27.25;27.00;25.75;25.25;25.50;25.75;25.25;26.25;34.50;33.50;26.00;25.50;25.50;25.25;25.25;27.25;40.75;39.75;27.00;25.50;24.75;25.00;25.25;27.75;41.75;40.00;26.50;25.00;24.50;24.50;25.00;28.00;42.00;39.25;26.25;24.75;24.25;24.75;25.00;27.50;42.00;37.00;25.75;24.50;24.00;24.25;24.00;26.25;41.50;35.00;25.00;23.75;23.00;24.25;24.25;25.00;32.25;28.25;24.00;24.00;23.75]
30297- [25.25;25.00;25.75;27.25;27.00;25.25;25.75;25.50;25.25;25.50;26.00;34.50;33.50;26.25;25.00;24.75;25.00;25.00;27.50;41.00;40.00;26.75;25.25;24.75;25.00;25.00;27.75;41.75;39.75;26.50;25.00;24.25;25.25;25.25;27.75;42.25;39.00;26.00;25.00;24.00;24.75;25.25;27.25;41.75;37.25;25.50;24.00;24.00;24.75;24.75;26.25;41.50;34.75;24.75;24.25;24.00;24.25;24.25;25.50;32.25;28.00;24.00;24.50;22.75]
30782- [25.75;25.00;25.25;27.00;26.50;26.00;25.75;25.00;25.50;25.25;26.25;34.75;33.75;26.25;25.25;25.25;25.50;25.50;27.50;40.75;40.00;27.00;25.50;25.25;25.00;25.00;27.50;42.00;40.25;27.00;25.00;24.00;25.25;25.25;27.75;42.25;39.00;26.25;24.75;24.00;24.25;25.50;27.50;42.00;37.25;25.50;24.25;23.75;24.50;24.75;26.25;41.00;35.25;24.75;24.00;23.25;24.00;24.25;25.00;32.25;28.00;24.25;23.50;24.00]
31267- [24.75;24.75;26.25;27.25;27.00;25.50;26.25;25.00;26.00;24.75;26.00;34.75;33.50;26.25;25.25;25.00;25.25;25.75;27.25;40.75;39.75;27.00;25.25;25.00;25.25;25.25;27.50;42.00;40.00;26.75;25.50;24.50;25.00;25.75;27.75;42.25;39.00;26.50;24.50;24.25;24.50;25.25;27.50;42.00;37.25;25.75;24.25;24.25;24.25;24.25;26.50;40.75;35.25;24.75;24.00;23.00;23.50;24.25;25.25;32.00;28.25;24.25;24.25;23.25]
31752- [25.50;25.00;25.50;27.25;26.75;25.00;25.50;25.25;25.25;25.00;26.50;34.25;34.00;26.25;25.00;25.50;25.25;25.75;27.25;40.75;40.25;26.75;25.50;24.75;24.50;25.00;27.50;41.75;40.00;26.50;25.25;24.50;25.25;25.50;28.00;42.25;39.50;26.00;25.00;23.75;24.75;24.75;27.25;42.00;37.00;25.50;24.50;23.75;23.75;24.25;26.75;41.00;34.75;25.00;23.75;23.50;24.25;24.25;25.25;32.00;28.25;24.25;23.75;23.25]
32237- [25.50;25.25;26.00;27.25;27.00;26.00;25.00;25.25;25.75;25.00;26.50;34.50;34.25;26.25;25.50;25.50;25.25;25.25;27.50;41.25;40.00;27.50;25.75;25.25;25.00;25.50;27.75;41.75;40.00;26.75;25.25;24.00;25.00;25.25;28.00;42.00;39.25;26.50;25.25;24.00;25.00;25.00;27.25;42.00;37.00;25.50;24.50;24.50;24.25;24.75;26.75;41.25;35.00;24.50;24.25;23.50;23.00;24.50;25.75;32.50;28.25;24.25;24.25;23.75]
32722- [26.00;24.50;25.75;27.00;27.25;25.75;25.75;25.25;25.50;25.00;26.50;34.75;33.75;26.25;25.50;25.50;25.50;25.50;27.75;40.75;40.25;27.25;25.50;24.75;25.25;25.00;28.00;41.75;40.00;26.25;25.25;24.75;25.00;25.75;28.00;42.25;39.00;26.25;25.00;24.00;25.00;25.25;27.50;41.75;37.25;25.50;24.50;24.00;24.00;24.50;26.50;41.25;35.00;25.25;24.00;23.25;24.25;24.25;25.25;32.25;28.25;23.50;24.00;24.00]
33207- [25.50;25.00;26.00;27.00;27.25;25.75;25.25;25.00;25.25;25.25;26.50;34.50;34.00;26.25;25.25;25.25;25.25;25.50;27.50;40.75;40.00;27.50;25.00;24.75;25.00;25.25;27.75;41.75;40.00;26.50;25.00;24.50;25.00;25.75;27.75;42.50;39.00;26.25;25.25;24.50;24.50;25.25;27.25;41.75;37.25;25.75;24.25;24.25;24.50;24.50;26.75;41.25;35.00;25.25;23.75;23.00;24.00;24.50;25.25;32.00;28.00;24.00;24.75;23.75]
33692- [25.75;25.00;25.75;27.00;27.25;25.75;25.75;25.00;25.75;25.00;26.75;35.00;33.75;26.25;25.75;25.25;25.25;25.50;27.50;41.00;39.75;27.25;25.50;24.75;25.25;25.75;27.75;42.00;40.00;26.75;24.75;24.25;25.75;25.25;28.00;42.25;39.25;26.25;24.75;24.00;24.75;25.00;27.50;41.75;37.50;25.75;24.25;24.00;24.25;24.50;26.75;41.00;35.00;25.50;24.00;23.00;24.25;24.25;25.25;32.00;28.25;24.25;23.75;23.50]
34177- [25.25;24.75;26.00;27.25;27.25;26.25;25.75;25.25;25.50;25.00;26.75;34.25;33.75;26.00;25.25;24.75;25.25;25.50;27.50;41.00;39.75;26.75;25.25;25.00;24.75;25.00;27.75;41.75;40.00;26.50;24.75;24.75;25.25;25.50;28.00;42.25;39.25;26.50;24.75;24.25;24.75;25.25;27.50;41.75;37.25;25.50;24.00;23.75;24.50;24.25;26.50;41.25;35.25;25.00;23.75;23.75;24.00;24.25;25.50;31.75;28.25;24.00;23.75;23.00]
34662- [26.00;25.25;25.75;27.25;27.50;25.75;25.75;25.25;26.00;25.50;26.75;34.75;33.75;26.25;25.50;24.75;25.75;25.50;27.50;41.00;40.00;27.00;25.75;24.75;25.25;25.00;27.50;41.75;40.00;26.75;25.00;24.00;25.25;25.50;27.50;42.25;39.25;26.75;25.25;24.00;24.75;24.75;27.50;42.25;37.00;25.50;24.50;24.25;24.75;24.00;26.75;40.75;35.00;25.25;24.00;23.25;24.25;24.25;25.50;32.00;28.25;24.25;23.50;24.00]
35147- [25.75;25.75;25.75;27.50;27.25;25.50;26.00;25.25;25.25;25.25;26.50;34.75;33.75;26.75;25.25;25.00;25.00;25.00;27.50;40.75;39.75;27.00;25.50;24.75;25.00;25.00;27.75;42.25;40.00;26.75;25.00;24.75;24.75;25.25;27.50;42.25;39.00;26.25;24.75;23.75;24.75;25.00;27.50;42.00;37.25;26.00;24.75;24.50;24.00;24.00;26.50;41.25;35.00;25.25;24.25;22.75;24.00;23.75;25.00;31.75;27.75;24.00;23.50;23.00]
35632- [25.50;24.75;25.25;27.00;27.25;25.25;25.75;25.00;25.00;25.25;26.50;34.50;33.75;26.25;25.00;25.50;25.00;25.75;27.50;41.00;40.00;27.00;25.50;25.00;25.00;25.25;27.50;42.00;40.25;26.25;24.75;24.75;25.00;25.50;28.00;42.25;38.75;26.50;24.75;24.50;24.50;25.00;27.25;41.75;36.75;25.75;24.75;23.75;24.25;24.25;26.75;41.50;35.25;24.75;24.00;23.25;24.25;24.50;25.25;32.00;28.25;24.25;23.50;23.25]
36117- [25.50;25.00;26.00;27.00;27.25;25.75;25.75;25.25;25.50;25.25;26.50;34.50;33.50;26.25;25.50;25.50;25.50;25.50;27.00;40.75;40.00;27.00;25.50;24.75;25.00;24.75;27.75;42.00;40.00;26.75;24.75;24.25;24.50;25.50;28.00;42.25;39.00;26.25;25.25;23.75;24.50;24.75;27.50;42.00;37.25;25.75;24.00;24.25;24.75;24.50;26.25;41.25;35.00;25.00;24.00;23.00;24.50;23.75;24.75;32.00;28.00;24.00;24.00;23.75]
36602- [25.75;25.00;25.50;27.00;27.25;25.75;26.50;25.50;25.50;25.00;26.75;34.50;33.75;26.00;25.25;25.25;25.50;25.75;27.25;41.00;40.00;27.00;25.50;24.50;25.50;25.00;28.00;42.00;40.00;26.75;25.25;24.25;24.75;25.75;28.25;42.25;39.25;26.50;24.50;23.75;24.75;24.75;27.50;42.00;37.25;25.50;24.25;24.25;24.00;24.25;27.25;41.50;35.00;25.00;24.00;23.50;24.00;24.25;25.25;32.25;28.25;24.00;24.00;23.50]
37087- [25.50;25.25;25.50;27.25;27.50;26.00;25.50;25.25;25.50;25.00;26.75;34.75;34.00;26.00;25.25;25.00;25.25;25.50;27.50;41.00;40.25;27.50;25.00;25.25;25.00;25.25;28.00;42.25;40.25;26.75;25.00;24.50;25.25;25.50;28.00;42.00;39.00;26.25;25.00;23.75;24.50;25.25;27.50;42.00;37.50;25.50;24.25;24.00;23.75;24.75;26.50;41.25;35.00;25.25;24.25;23.25;23.75;24.50;25.25;32.00;27.75;23.50;24.00;23.25]
37572- [25.50;25.00;25.25;27.25;27.25;25.50;25.25;25.25;25.50;25.00;26.75;34.75;33.75;26.25;25.25;25.75;25.50;25.75;27.50;41.00;40.00;27.25;25.75;25.00;25.00;25.25;27.75;41.75;40.00;26.50;25.00;24.25;24.75;25.50;28.25;42.25;39.25;26.25;24.75;24.50;24.75;25.25;27.50;41.75;37.00;25.50;24.50;24.75;24.25;24.50;26.50;41.50;34.75;25.00;24.25;23.25;24.25;24.25;25.50;32.00;27.75;24.00;23.75;23.75]
38057- [25.75;25.25;25.50;27.00;27.00;25.75;25.75;25.00;25.00;25.00;26.75;34.50;33.75;26.50;25.00;25.50;25.25;25.50;27.50;40.75;40.00;27.25;25.25;24.75;25.00;25.25;27.75;42.00;40.00;26.50;25.00;24.25;25.00;25.50;28.00;42.25;39.00;26.00;25.00;24.25;24.50;24.75;27.25;41.75;37.00;25.75;24.25;24.50;24.75;24.50;26.50;41.00;35.00;25.50;24.25;23.50;24.00;24.25;25.25;32.25;28.25;23.75;24.00;23.50]
38542- [25.75;25.00;25.75;27.00;27.25;25.50;25.50;24.75;25.75;25.50;26.75;34.50;33.75;26.00;25.25;25.50;25.25;25.25;27.50;41.00;40.00;27.25;25.25;24.50;25.25;24.75;27.75;41.75;40.00;26.25;25.00;24.75;25.00;25.25;27.50;42.25;39.00;26.00;25.00;23.50;24.25;25.00;27.25;42.25;37.50;25.50;24.75;24.25;24.25;24.00;26.00;41.00;35.00;24.75;23.75;23.25;24.25;24.25;25.25;32.00;28.25;24.25;23.75;23.25]
39027- [25.25;25.00;25.50;27.50;27.00;25.50;25.50;25.50;25.75;25.50;26.75;34.50;33.75;26.00;25.25;25.00;25.00;25.50;27.25;40.50;40.25;27.25;25.50;24.75;25.25;25.25;27.50;41.75;40.00;26.75;24.75;24.25;24.50;25.50;28.00;42.00;39.25;26.25;24.75;23.75;24.75;25.00;27.50;42.25;37.00;25.50;24.50;24.00;24.25;24.00;26.50;41.25;34.75;24.75;23.75;23.25;24.00;24.50;25.00;32.25;28.00;24.25;23.50;23.75]
39512- [25.50;25.00;26.00;27.50;27.00;25.75;26.00;25.25;25.25;25.25;26.75;34.50;33.75;26.50;25.00;25.00;25.75;26.00;27.25;41.25;40.00;27.25;25.25;24.50;25.25;25.50;27.50;41.75;40.25;26.75;25.00;24.50;24.50;25.50;28.00;42.25;39.25;26.50;25.00;24.25;25.50;25.25;27.25;42.00;37.25;25.50;24.75;24.25;24.50;25.00;26.50;41.25;35.25;25.25;24.75;23.00;24.50;24.50;25.00;32.25;28.50;23.75;24.00;23.50]
39997- [25.50;25.00;26.00;27.25;27.25;25.25;25.50;25.25;25.75;25.25;26.75;34.50;33.75;26.00;25.00;25.50;25.25;25.75;27.50;41.00;40.00;27.00;25.50;24.25;25.25;25.25;27.75;42.00;40.00;26.75;25.50;24.50;25.00;25.00;28.00;42.25;39.00;26.00;25.00;24.50;24.25;25.00;27.50;42.00;37.00;25.75;24.50;24.00;24.25;24.50;26.25;41.25;35.00;25.25;23.50;23.25;24.00;24.50;25.25;31.75;28.25;24.00;24.00;23.75]
40482- [25.75;25.00;25.50;26.75;27.00;25.50;25.75;24.75;25.25;25.25;26.50;34.50;33.50;26.00;25.50;25.50;25.50;25.50;28.00;41.00;40.25;27.25;25.75;24.75;25.00;25.00;27.50;41.75;40.25;26.50;25.25;24.50;25.25;25.50;27.75;42.25;39.00;26.50;25.25;24.00;25.00;25.00;27.75;41.75;37.00;25.50;24.25;24.50;24.25;24.25;26.50;41.50;35.00;25.00;24.00;23.25;24.50;24.50;25.50;32.25;28.25;23.50;24.25;23.50]
40967- [25.25;25.25;25.50;27.00;27.00;25.50;25.50;25.25;25.50;25.25;26.75;34.25;33.75;26.50;25.75;25.25;25.00;25.50;27.50;41.00;40.00;27.00;25.50;24.50;25.00;25.25;27.50;42.00;40.25;27.00;25.00;24.50;25.00;25.50;27.75;42.25;39.25;26.25;25.25;24.00;25.00;25.00;27.75;41.75;37.00;26.00;24.75;24.75;24.50;24.75;26.75;40.50;35.00;24.75;24.00;23.50;24.50;24.75;25.75;32.25;27.75;24.25;24.50;23.50]
41452- [25.50;25.25;25.75;26.75;27.00;25.75;25.75;25.25;25.50;25.00;26.75;34.50;34.00;26.25;25.25;25.00;25.50;25.25;27.50;41.00;40.25;27.00;25.75;24.75;25.00;25.50;28.00;42.00;40.25;26.75;25.00;24.50;25.25;25.50;28.00;42.25;39.25;26.50;25.00;24.00;24.75;25.25;27.50;42.25;37.00;25.75;24.00;24.50;24.75;24.25;26.50;41.25;35.00;25.00;24.00;23.25;24.75;25.00;25.25;32.25;28.25;24.25;24.00;23.75]
41937- [25.50;25.25;25.75;27.00;27.25;25.50;26.00;25.25;25.50;25.25;26.50;34.75;33.75;26.50;25.25;25.25;25.50;25.00;27.75;40.75;40.50;27.25;25.75;25.00;25.00;25.00;27.75;42.25;40.00;26.75;25.25;24.75;25.50;25.25;28.00;42.50;39.00;26.25;25.25;24.50;24.50;25.50;27.25;42.25;37.50;26.00;24.50;24.25;24.75;24.50;26.50;41.00;35.25;24.75;24.00;23.00;24.50;24.25;25.25;32.25;28.00;24.00;23.50;23.25]
42422- [25.25;24.75;25.50;27.25;26.75;26.00;25.75;25.75;25.50;25.25;26.25;34.25;33.75;26.25;25.50;25.00;25.25;25.25;27.25;40.75;40.25;26.75;25.00;24.75;25.00;25.00;27.50;41.75;39.75;26.75;24.75;24.75;24.75;25.25;28.00;42.00;38.75;26.25;25.25;24.00;24.75;25.25;27.25;42.00;36.75;25.50;24.25;24.25;24.25;24.50;26.75;41.00;35.00;25.00;24.50;23.50;23.75;24.25;25.00;31.75;27.75;23.75;23.50;23.50]
42907- [25.50;24.75;26.00;27.25;26.75;25.50;25.25;25.00;25.25;24.75;26.25;34.25;33.75;26.25;25.50;25.25;25.25;25.25;27.75;41.25;40.00;27.00;25.50;25.00;25.25;25.00;27.75;41.75;40.25;26.50;25.00;24.75;25.00;25.25;28.25;42.50;39.25;26.50;24.75;23.75;24.75;24.75;27.50;41.75;37.00;25.50;23.75;24.50;23.75;24.25;26.25;41.25;34.50;25.25;23.75;22.75;23.75;23.75;25.00;32.00;28.25;24.00;23.50;23.50]
43392- [25.50;24.75;25.75;26.75;27.00;25.50;25.25;25.75;25.00;25.25;26.75;34.50;34.00;26.50;25.25;25.25;25.25;25.75;27.00;41.00;40.00;27.25;25.00;25.00;25.00;25.25;27.25;42.00;40.25;26.50;25.00;24.00;25.25;24.75;28.50;42.50;39.00;26.25;24.75;24.00;24.25;25.25;27.25;41.75;37.00;25.50;24.25;23.50;24.50;24.25;26.50;41.25;34.75;25.25;24.00;23.25;24.50;24.50;25.00;32.25;28.00;24.25;23.25;23.00]
43877- [25.50;24.75;25.50;27.25;27.00;25.75;25.50;25.00;25.75;25.25;26.50;34.75;34.00;26.75;25.00;25.50;26.00;25.75;27.50;41.00;40.00;27.25;25.25;24.75;24.75;25.00;27.75;42.00;40.00;26.50;24.75;24.50;25.00;25.00;28.00;42.50;39.00;27.00;25.00;24.00;25.00;25.25;27.50;42.00;37.25;25.50;24.00;24.00;24.25;24.75;26.50;41.25;35.25;25.00;23.75;23.25;24.25;24.50;25.25;32.00;27.50;24.00;24.00;23.75]
44362- [25.25;24.75;25.75;27.00;27.50;26.00;26.25;25.75;25.00;25.00;26.75;34.75;33.75;26.75;25.25;25.50;25.50;25.50;27.50;40.75;40.00;27.25;25.50;24.50;24.75;25.50;27.75;41.75;40.25;26.50;25.25;24.50;25.00;25.25;27.75;42.25;39.25;26.25;25.00;24.50;24.50;24.75;27.25;42.00;37.00;26.00;24.75;24.50;24.50;24.50;26.25;41.50;35.00;25.00;24.00;23.00;24.00;24.50;25.00;32.00;28.25;24.50;24.00;23.50]
44847- [26.00;24.75;25.50;27.25;27.00;25.75;25.25;25.25;25.25;25.25;26.75;34.25;33.75;26.25;25.25;25.25;25.75;25.25;27.75;41.00;40.00;27.25;25.50;25.00;25.00;25.25;27.50;41.75;40.25;27.00;25.00;24.00;25.00;25.50;28.00;42.00;39.25;26.00;24.75;24.25;24.75;24.75;27.75;41.75;37.25;25.75;24.50;24.50;24.50;24.50;26.50;41.50;35.00;25.00;24.25;23.50;24.00;24.75;25.00;32.00;28.00;24.25;23.75;24.00]
45332- [25.75;24.75;25.50;27.00;27.00;26.00;25.75;25.50;25.25;25.50;26.25;34.25;33.75;26.50;25.00;25.25;25.00;25.25;27.25;41.00;40.00;27.25;25.50;24.50;25.25;25.25;27.50;41.75;39.75;26.75;25.00;24.25;25.00;25.50;27.75;42.25;39.00;26.25;24.75;23.75;24.50;24.75;27.50;41.75;37.25;25.75;24.00;24.50;24.25;24.50;26.25;41.00;35.00;25.00;23.75;22.75;24.25;24.25;25.50;32.25;28.00;24.00;23.50;23.50]
45817- [25.50;24.75;25.25;26.75;27.25;25.00;25.25;25.00;25.50;24.75;26.00;34.25;33.75;26.25;25.25;25.25;25.25;25.50;27.50;41.25;39.75;26.75;25.00;24.75;25.00;25.00;27.50;41.75;39.75;26.25;24.75;24.50;25.25;25.75;27.75;42.00;39.25;26.00;24.75;24.00;24.50;24.75;27.50;42.00;37.00;25.50;24.25;24.50;24.25;24.00;26.25;41.00;34.75;25.00;24.25;23.50;24.25;24.25;25.25;32.25;28.00;24.25;23.50;24.00]
46302- [25.25;25.00;25.25;27.00;27.00;25.50;25.50;24.75;25.75;25.25;26.75;34.00;33.50;26.50;25.50;25.25;25.25;25.25;27.25;40.75;39.75;27.00;25.25;24.75;24.50;25.00;27.50;41.50;40.00;26.50;25.00;23.75;25.00;25.25;27.75;42.25;39.00;26.25;24.50;24.00;24.75;25.25;27.25;41.75;36.75;25.25;24.00;24.00;24.25;24.25;26.00;40.75;35.00;25.00;24.00;23.75;24.00;24.25;24.75;32.00;27.50;24.25;24.00;23.25]
46787- [25.00;25.00;25.50;27.00;27.25;25.25;25.25;25.00;25.25;25.50;26.50;34.00;33.50;26.00;24.75;25.25;25.25;25.75;27.25;40.75;39.50;26.50;25.25;24.75;24.50;24.75;27.25;41.75;39.75;26.25;25.00;24.50;25.25;25.50;27.50;42.00;39.00;25.75;24.50;23.50;24.25;25.00;27.25;41.50;37.25;25.25;24.00;23.75;23.75;24.00;26.25;41.00;34.75;24.75;24.00;23.25;23.75;24.50;24.75;32.00;27.25;24.00;23.75;23.25]
47272- [25.25;24.75;25.25;27.25;27.00;25.50;25.50;24.75;25.25;25.25;26.25;34.25;33.75;26.00;25.25;25.25;24.75;25.25;27.25;40.75;39.75;27.25;25.25;24.75;24.75;25.25;27.00;41.75;40.00;26.50;25.00;24.25;25.00;25.00;28.00;42.00;38.75;26.00;24.25;24.25;24.75;25.00;27.25;42.00;37.00;25.50;24.75;24.00;24.00;24.50;26.25;41.00;34.75;25.00;23.50;23.00;23.75;24.00;25.25;32.00;28.00;24.00;24.00;23.00]
47757- [25.50;24.75;25.75;27.00;27.25;25.75;25.75;25.00;25.50;25.00;26.75;34.25;34.00;26.25;25.25;24.75;25.25;26.00;27.50;41.00;39.75;27.00;25.25;25.25;25.00;25.00;28.00;41.50;40.00;26.25;25.00;24.25;25.25;25.50;28.00;42.25;38.75;26.00;25.00;23.75;24.50;24.75;27.50;42.00;36.75;25.50;24.50;24.00;24.50;24.50;26.50;41.25;35.00;25.25;23.50;23.00;24.25;24.25;25.00;32.00;28.25;24.00;23.00;23.25]
48242- [25.25;25.00;25.75;27.00;27.00;25.75;25.50;25.00;25.50;25.25;26.50;34.25;33.50;26.25;25.50;25.50;25.25;25.25;27.00;41.00;40.25;27.25;25.50;25.00;25.25;25.25;27.25;41.50;39.75;26.75;25.00;24.75;25.00;25.00;28.00;42.50;39.00;26.25;25.00;24.00;24.25;25.00;27.50;42.25;37.25;25.25;24.50;23.75;24.75;24.50;26.75;41.50;35.00;25.00;24.25;23.50;23.75;24.50;25.25;32.00;27.75;24.25;23.75;23.75]
48727- [25.50;24.50;25.75;26.75;27.00;25.75;25.50;25.25;25.25;25.00;26.75;34.00;34.00;26.50;25.00;25.00;25.25;25.75;27.25;41.00;40.00;27.00;25.50;24.75;25.25;25.00;27.50;41.50;40.25;26.75;25.00;24.25;25.00;25.25;27.75;42.25;39.25;26.25;24.75;23.50;24.50;24.75;27.00;41.75;37.00;25.25;24.50;24.00;24.50;24.50;26.50;41.50;34.75;25.00;24.00;22.75;24.00;24.75;24.75;32.25;27.75;23.75;24.25;23.75]
49212- [25.25;25.25;25.25;27.25;26.75;25.50;25.25;25.25;25.25;24.75;26.50;34.00;33.75;26.25;25.50;25.50;25.00;25.25;27.75;40.75;39.75;27.25;25.50;24.75;25.00;25.00;27.50;41.75;40.00;26.25;24.75;24.75;25.00;25.25;28.00;42.25;39.25;26.00;24.75;24.00;24.50;25.25;27.25;42.00;37.00;25.50;24.00;24.25;24.50;24.25;26.75;41.25;35.25;25.00;24.25;23.50;24.00;24.25;25.25;32.00;28.25;24.50;24.00;23.50]
49697- [25.50;25.00;25.50;26.75;27.00;25.75;25.50;25.50;25.50;24.75;26.50;34.50;33.50;26.25;25.00;25.00;24.75;25.75;27.50;40.75;40.00;26.75;25.50;24.75;25.25;24.75;27.50;41.50;40.00;26.75;25.25;24.25;25.25;25.25;28.00;42.00;39.00;26.25;25.00;24.00;24.50;25.00;27.50;41.75;37.25;25.50;24.50;24.00;24.25;24.25;26.50;41.25;35.00;25.00;23.50;23.25;24.00;24.00;25.25;32.25;28.00;23.75;23.50;23.50]
50182- [25.50;25.25;25.25;26.75;27.00;25.50;25.50;25.50;25.00;25.00;27.00;33.75;33.75;26.50;25.00;25.00;25.25;25.75;27.50;40.75;39.75;27.00;25.00;25.00;24.75;25.25;27.25;41.25;40.00;26.50;24.75;24.00;24.75;25.50;28.00;42.00;39.00;25.50;24.75;24.25;24.50;25.00;27.50;41.75;37.25;25.50;24.25;24.00;24.75;23.75;26.50;40.75;35.00;25.25;24.00;23.25;24.00;24.75;25.00;32.50;27.50;23.75;23.50;22.75]
50667- [25.50;25.00;25.00;27.00;27.00;25.75;25.50;25.25;25.25;24.75;26.25;34.25;33.50;26.25;25.25;25.00;25.50;25.50;27.00;41.00;40.00;26.75;25.75;24.75;25.00;25.25;27.50;41.50;39.75;26.50;25.00;24.25;25.00;25.75;27.75;42.25;39.00;26.50;24.75;24.00;24.25;25.25;27.50;41.75;37.25;25.75;24.00;24.25;24.50;24.00;26.50;41.00;35.00;25.00;24.00;23.25;24.25;24.50;24.75;31.75;28.00;24.00;24.25;23.75]
51152- [25.50;24.75;25.75;26.75;27.00;25.75;25.25;24.50;25.50;25.25;26.25;34.50;33.50;26.50;25.00;25.25;25.25;25.25;27.50;40.50;39.75;26.50;25.00;24.50;25.25;25.25;27.25;41.25;40.25;26.25;24.75;24.50;25.25;25.25;27.50;42.00;38.75;26.00;24.50;24.00;24.50;25.25;27.25;41.50;37.25;25.25;24.25;24.25;23.50;24.00;26.25;41.00;34.75;25.00;24.00;23.25;24.25;24.00;25.00;31.75;27.75;24.00;23.75;23.75]
51637- [25.25;25.25;25.25;27.00;26.25;25.50;26.00;25.00;25.25;25.25;26.50;34.00;33.75;26.00;25.25;25.25;25.50;25.50;27.50;40.75;40.00;27.00;25.75;25.00;25.00;25.00;27.75;41.75;40.00;26.50;25.25;24.50;25.25;25.75;28.00;42.25;39.00;26.00;25.25;24.25;25.00;25.25;27.25;42.00;37.00;25.50;24.25;24.00;24.75;25.00;26.75;41.25;35.00;24.50;24.25;23.25;23.75;24.50;25.25;32.50;27.50;23.75;24.00;23.75]
52122- [25.75;24.75;25.50;26.75;27.00;25.75;25.50;25.50;25.25;24.75;26.25;34.00;34.00;26.50;25.25;25.25;25.00;25.50;27.00;40.50;39.75;26.75;25.25;24.75;25.25;25.00;27.25;41.75;40.25;26.75;25.00;24.25;25.00;25.75;28.00;42.00;39.00;26.25;25.00;24.25;24.50;24.75;27.00;41.75;37.00;25.50;24.50;24.00;24.25;24.75;26.75;41.25;34.75;25.25;24.00;23.25;24.50;24.25;25.75;32.25;28.25;24.00;23.75;23.75]
52607- [25.50;24.75;25.50;27.25;27.00;26.25;25.50;25.25;25.00;25.00;26.50;34.25;33.75;26.25;25.25;24.75;25.50;25.25;27.75;40.75;39.75;26.50;25.25;24.75;25.25;24.75;27.75;42.00;40.00;26.00;24.75;24.25;24.75;25.75;27.75;42.25;38.75;26.25;25.00;24.00;24.50;25.00;27.25;42.00;37.00;25.50;23.75;24.00;24.00;24.50;26.75;41.25;35.25;25.25;24.00;23.50;24.00;24.00;25.25;31.50;28.00;24.00;23.50;23.25]
53092- [25.75;24.50;26.00;27.00;27.00;25.50;25.50;25.25;26.00;25.25;26.25;34.25;33.75;26.50;25.25;25.00;25.50;25.00;27.00;40.75;39.75;26.75;25.50;24.75;25.00;25.00;27.75;42.00;40.00;26.50;25.00;24.25;25.00;25.25;27.75;42.00;38.75;26.25;24.75;24.00;24.50;25.00;27.25;42.00;36.75;25.25;24.50;23.75;24.25;24.25;26.50;41.25;34.75;25.00;24.50;23.25;24.00;24.50;25.00;32.00;28.00;24.00;24.00;23.25]
53577- [24.75;25.00;25.25;26.75;26.75;25.50;25.75;24.75;24.75;25.00;26.50;34.25;33.25;26.25;25.00;25.25;25.25;25.50;27.50;40.50;40.00;26.75;25.25;24.75;25.00;25.00;27.50;41.50;40.00;26.50;24.75;24.50;24.50;25.50;28.00;42.00;39.00;25.75;24.50;24.00;24.25;24.50;27.25;42.00;36.75;25.25;24.25;24.00;24.00;24.25;26.50;41.50;35.00;25.00;23.75;23.25;24.00;24.00;25.00;32.25;28.00;24.00;24.00;23.75]
54062- [25.50;25.00;25.50;27.25;26.75;25.50;26.00;25.25;25.75;24.75;26.50;34.50;33.50;26.25;25.50;25.25;25.00;25.50;27.25;40.75;39.75;26.75;25.25;24.75;25.00;25.25;27.50;41.75;39.50;26.50;25.00;24.25;25.00;25.50;27.75;42.00;38.75;26.00;25.25;23.50;24.50;25.00;27.75;41.50;36.75;25.25;24.25;24.25;24.25;24.25;26.50;41.00;34.50;25.00;24.00;23.25;24.50;25.00;25.25;32.00;28.00;24.00;23.50;23.75]
54547- [24.75;25.25;25.25;27.00;27.00;25.50;25.00;25.25;25.25;25.50;26.25;34.25;33.25;26.75;25.25;25.00;25.25;25.75;27.25;40.75;40.00;27.00;25.25;24.75;25.50;25.00;27.50;41.50;40.00;26.50;24.75;24.00;25.00;25.25;28.00;42.00;39.00;26.50;24.75;23.75;24.25;25.00;27.50;41.75;37.00;25.50;24.00;24.00;24.00;24.25;26.25;41.50;35.00;24.75;23.50;23.00;23.25;24.75;25.25;32.00;28.25;24.00;24.00;23.75]
55032- [25.00;24.75;25.75;26.50;27.25;25.25;25.00;25.25;25.25;25.00;26.25;34.25;33.00;26.25;25.25;25.25;24.75;25.50;27.25;40.50;40.00;26.75;25.50;24.50;24.75;25.00;27.50;41.50;39.50;26.25;24.75;24.00;25.25;25.25;27.75;42.00;38.50;26.00;24.75;24.25;24.75;25.00;27.25;42.00;37.00;25.25;24.00;24.75;24.00;24.25;26.25;41.25;34.75;24.75;23.25;23.50;24.00;24.25;25.50;32.00;27.50;23.50;23.25;23.50]
55517- [25.75;24.75;25.50;26.75;26.75;25.25;25.00;25.00;25.00;25.00;26.00;34.25;33.75;26.25;24.75;25.00;25.50;25.00;26.75;40.75;40.00;26.75;25.50;24.50;24.75;24.50;27.50;41.75;40.00;26.25;24.50;24.50;24.50;25.00;27.50;42.00;38.75;26.00;25.00;23.75;24.00;24.50;27.00;41.75;37.00;25.25;24.25;23.75;24.25;24.25;26.75;41.00;34.50;24.75;24.00;23.00;23.50;24.25;25.25;32.00;27.75;23.50;23.00;23.25]
56002- [25.25;24.50;25.50;26.50;27.00;25.25;25.75;24.50;25.00;25.25;26.50;34.25;33.75;26.25;25.25;25.00;25.25;25.00;27.00;40.50;39.50;26.50;25.00;24.75;25.00;24.50;27.75;41.50;39.75;26.25;24.75;24.50;24.75;25.25;27.75;42.00;38.75;26.00;24.50;23.75;24.25;25.00;27.00;41.75;37.00;25.25;24.00;23.75;24.25;24.50;26.25;41.25;34.50;25.00;23.50;23.00;24.25;24.50;25.50;31.75;27.75;23.75;24.00;23.50]
56487- [25.50;24.50;25.50;26.75;27.00;25.75;25.25;25.00;25.25;25.00;26.50;34.00;33.75;26.00;25.00;25.00;25.25;25.25;27.25;40.50;39.75;26.75;25.25;24.50;24.75;24.75;27.50;41.75;39.75;26.25;24.50;24.50;25.00;25.25;27.75;42.00;38.50;26.00;24.75;23.75;24.25;24.50;27.75;42.00;36.50;25.50;23.75;24.00;24.25;24.00;26.00;41.25;34.25;24.75;24.00;23.00;24.25;24.25;25.50;32.25;28.00;23.50;23.75;23.50]
56972- [25.50;24.75;25.25;26.50;27.00;25.25;25.00;24.50;25.25;25.00;26.00;33.75;33.00;26.00;25.25;25.50;24.75;25.50;27.00;40.50;39.50;26.25;25.00;24.75;25.25;25.00;27.25;41.50;39.75;26.00;25.25;24.25;24.50;24.75;27.75;41.75;38.75;26.00;25.00;23.75;24.75;24.75;27.00;41.25;36.75;25.50;24.00;24.25;24.00;24.50;26.50;40.75;35.00;25.00;24.00;22.75;24.25;24.00;25.00;32.00;27.25;24.00;23.50;23.50]
57457- [24.75;24.50;25.25;27.25;26.75;25.50;25.75;24.75;24.75;25.00;26.25;34.00;33.75;25.50;25.25;25.00;24.75;25.00;27.25;40.50;39.25;26.50;25.25;25.00;24.75;24.50;27.25;41.25;39.75;26.25;24.75;24.50;24.75;24.75;27.50;42.00;38.75;25.75;24.50;24.00;24.75;25.25;27.50;41.50;36.25;25.00;24.25;23.75;24.25;24.25;26.25;40.75;34.75;25.00;23.25;22.75;24.00;24.75;25.25;31.75;28.25;23.75;23.75;23.50]
57942- [25.25;24.50;25.50;27.00;26.75;25.00;25.50;24.50;25.25;25.00;26.00;34.25;33.50;26.00;24.75;25.25;25.00;25.25;27.00;40.75;39.50;26.75;24.75;24.75;24.75;24.25;26.75;41.50;39.75;26.25;24.25;24.25;24.50;24.75;27.50;41.75;38.50;25.75;24.25;23.50;24.00;25.00;27.25;41.75;36.75;25.50;24.25;24.25;24.50;24.50;26.25;41.00;34.75;24.75;23.75;22.25;23.50;24.50;25.00;32.00;27.75;24.00;23.75;23.75]
58427- [24.75;25.00;25.25;26.75;26.50;25.00;25.25;25.00;25.25;25.00;26.25;34.25;33.50;26.00;25.00;25.00;24.75;25.25;26.75;40.50;39.50;27.00;24.75;24.75;25.00;24.75;27.00;41.25;39.75;26.25;24.50;24.75;25.00;25.00;27.50;42.00;39.25;25.75;25.00;23.75;24.50;24.50;27.00;41.50;36.75;25.50;24.00;24.50;24.00;24.25;26.50;40.75;34.75;25.00;23.50;22.75;24.00;24.25;24.75;31.75;27.75;23.75;23.00;23.50]
58912- [25.25;24.75;25.50;27.00;26.75;25.50;25.25;25.50;25.50;25.75;26.50;34.25;33.25;26.25;25.00;25.00;25.00;25.00;27.50;40.75;39.75;26.75;25.25;24.75;24.50;25.00;27.50;41.75;39.75;26.25;24.50;24.25;24.75;25.00;28.00;42.25;38.75;26.00;24.50;23.75;24.00;24.75;27.00;41.75;37.25;25.75;24.00;23.75;24.00;24.25;26.25;41.25;34.75;25.25;23.75;23.00;23.25;24.50;25.25;31.75;27.50;24.00;23.50;23.00]
59397- [25.50;24.25;25.50;26.75;27.00;25.25;25.50;25.00;25.00;24.75;26.25;33.75;33.00;26.00;25.25;25.25;24.75;25.00;27.25;40.75;39.50;26.75;25.00;24.25;25.00;25.00;27.75;41.50;40.00;26.00;25.00;24.00;24.75;25.00;27.25;41.50;39.00;26.25;24.50;24.25;24.50;24.75;27.25;42.00;36.75;25.25;24.25;24.00;24.00;24.25;26.25;41.00;35.00;24.75;24.25;22.75;23.75;24.25;25.00;32.00;28.25;24.00;24.00;23.25]
59882- [25.00;24.50;25.25;27.00;27.00;25.25;25.50;24.75;25.25;25.00;26.50;34.00;33.25;26.25;25.00;24.25;25.50;25.25;27.25;40.25;39.75;26.75;25.25;24.75;24.75;24.75;27.50;41.50;39.75;26.25;25.00;24.25;24.50;25.25;27.50;42.00;39.00;26.00;24.50;24.00;24.25;24.50;27.25;41.75;36.75;25.00;24.25;23.75;23.75;24.75;26.25;41.00;34.75;24.75;24.00;23.25;24.25;24.00;25.50;31.75;27.50;24.00;23.50;23.25]
60367- [25.50;24.50;25.25;26.75;27.25;25.25;25.00;24.50;25.50;25.00;26.25;34.25;33.50;26.50;25.25;24.75;25.00;25.25;27.00;40.50;39.50;26.75;25.00;24.25;25.00;24.50;27.00;41.50;39.50;26.25;24.00;24.00;25.00;24.50;27.50;41.75;38.75;26.00;24.50;24.00;24.00;24.25;26.75;41.50;36.75;25.25;24.00;24.00;24.00;24.00;26.25;41.25;34.75;24.75;23.50;23.25;24.00;24.50;25.00;32.25;28.00;24.00;23.50;23.50]
60852- [25.00;24.50;25.25;26.75;26.50;25.50;25.50;24.50;25.00;24.75;26.50;34.25;33.50;26.25;25.00;25.25;24.75;25.00;27.25;40.50;39.75;26.50;25.00;24.75;24.75;24.25;27.25;41.50;39.75;26.25;25.00;23.75;24.50;24.75;27.50;41.50;39.00;25.75;24.75;23.75;24.00;24.25;27.25;41.75;36.75;25.50;23.50;23.50;23.75;24.50;26.00;41.25;34.75;25.00;23.75;23.50;23.50;24.25;25.25;32.25;28.25;23.75;23.75;23.00]
61337- [25.00;24.25;25.25;27.00;26.50;25.25;25.25;25.25;25.50;25.00;26.25;34.25;33.50;26.00;25.25;25.00;25.00;25.25;27.00;40.50;39.50;26.25;25.00;24.50;25.00;24.75;27.25;41.50;39.50;26.25;24.75;24.25;24.50;25.00;27.50;42.00;38.75;25.75;25.00;23.75;24.25;24.50;27.25;41.75;37.00;25.00;23.75;23.75;24.00;24.00;26.00;41.00;34.50;24.75;23.75;22.75;24.00;24.50;25.00;31.75;27.50;24.50;23.75;23.50]
61822- [25.00;24.50;25.25;26.75;26.75;25.25;25.50;25.00;25.50;24.75;26.00;34.00;33.50;26.00;24.75;25.25;25.25;25.25;27.00;40.75;39.50;26.25;25.00;24.25;25.00;25.00;27.25;41.50;39.50;26.25;24.50;24.50;24.75;25.00;27.25;42.25;38.50;26.00;24.50;24.00;24.00;24.75;27.50;41.75;36.50;25.25;24.00;24.00;24.00;23.75;26.00;41.00;34.75;24.75;23.50;23.25;24.25;24.00;25.25;32.00;27.50;23.50;23.50;22.75]
62307- [25.00;25.00;25.25;27.00;26.50;25.00;25.25;24.75;25.25;24.75;25.75;34.00;33.25;26.25;25.00;24.75;25.00;25.25;26.75;40.50;39.75;26.25;25.00;24.50;24.75;24.50;27.50;41.25;39.75;26.25;24.50;24.25;24.75;25.00;27.50;41.75;39.00;25.75;24.50;23.75;24.50;25.00;27.25;41.25;36.75;25.25;23.50;24.00;24.00;24.25;26.25;41.00;34.75;24.75;24.00;23.00;24.00;24.50;25.50;32.00;27.50;24.00;23.25;23.25]
62792- [25.25;24.50;25.50;27.00;26.75;25.25;25.00;24.50;25.00;25.00;26.00;34.00;33.50;26.00;24.75;25.25;25.25;25.25;27.25;40.75;39.50;27.00;25.00;24.75;24.75;24.50;27.25;41.75;39.50;26.25;24.75;24.00;25.00;24.75;27.75;42.00;38.75;26.00;24.75;23.75;24.50;24.75;27.00;41.25;36.75;25.25;24.50;23.75;24.00;24.25;26.25;41.25;34.50;24.75;23.75;23.25;23.75;24.00;25.25;32.00;27.75;23.75;23.75;23.50]
63277- [25.00;24.75;25.75;26.75;26.75;25.25;25.25;25.50;25.00;25.00;26.00;34.25;33.25;26.25;25.00;25.25;25.25;25.50;27.25;40.75;39.75;26.50;25.25;24.50;24.75;24.75;27.25;41.75;39.75;26.00;24.50;24.25;24.75;24.75;27.75;41.75;38.50;26.00;24.75;24.25;24.50;25.00;26.75;41.75;37.00;25.25;23.75;24.25;24.50;24.25;25.75;41.25;34.75;24.75;24.00;22.75;23.50;24.25;25.50;31.75;28.25;23.75;23.50;23.75]
63762- [24.75;24.50;25.00;26.75;27.00;25.00;25.50;24.75;25.25;24.75;26.25;34.00;33.50;26.25;25.00;24.75;25.25;25.25;26.75;41.00;39.50;26.75;25.25;24.75;24.75;24.75;27.25;41.50;39.75;26.25;24.25;24.00;24.75;25.00;27.75;42.00;38.50;25.75;24.25;23.50;24.75;24.50;27.00;41.75;36.75;25.00;23.75;23.75;23.75;24.50;26.25;41.00;34.75;24.75;23.75;23.75;23.75;23.75;25.50;32.00;28.00;24.00;24.00;23.25]
64247- [25.50;24.75;25.75;27.00;27.00;25.75;25.25;25.00;25.50;24.50;26.50;34.00;33.50;26.25;25.25;24.50;25.00;25.25;27.00;40.50;39.75;26.75;25.25;24.50;24.75;25.00;27.50;41.50;40.00;26.25;25.00;24.50;24.50;25.00;27.75;42.00;38.50;26.00;24.25;24.00;24.25;24.75;27.00;41.50;36.75;25.00;24.25;23.75;24.00;23.75;26.50;41.25;34.75;24.50;23.75;23.25;24.25;24.25;24.75;32.00;27.75;24.00;24.00;23.00]
64732- [25.50;24.50;25.50;27.00;27.25;25.75;25.50;24.50;25.25;24.75;26.00;34.25;33.50;26.25;25.00;25.00;25.00;25.00;27.00;41.00;39.75;26.75;25.00;24.75;25.00;25.00;27.25;41.50;40.00;26.50;25.00;24.25;25.00;25.25;27.75;42.00;38.75;26.00;24.25;23.75;24.75;25.25;27.50;41.75;37.00;25.50;23.75;24.50;24.50;24.25;26.25;41.00;35.25;24.75;24.25;23.00;24.25;24.00;25.25;32.00;28.00;24.00;24.25;23.00]
65217- [25.75;24.75;25.75;27.00;27.25;25.50;25.25;25.25;25.50;25.00;26.25;34.50;33.50;26.00;25.25;25.25;25.25;25.00;27.75;40.75;39.75;27.00;25.50;24.75;25.00;25.00;27.50;41.75;40.00;26.50;25.25;24.75;25.00;24.75;27.75;42.25;39.00;25.75;24.75;24.25;24.50;24.75;27.50;42.00;37.00;25.75;24.25;24.25;24.50;23.75;26.25;41.25;35.00;25.25;24.00;23.25;23.50;24.25;24.75;32.25;28.25;24.00;23.75;23.75]
65702- [25.50;24.75;25.50;27.50;27.00;25.50;25.75;25.25;25.50;25.50;26.50;34.25;33.50;26.50;25.00;25.00;25.00;25.50;27.75;41.00;40.00;26.75;25.50;25.00;25.00;25.00;27.75;42.00;40.25;26.75;25.00;24.50;25.00;25.25;27.75;42.50;38.50;25.75;25.25;24.25;24.75;25.00;27.75;42.00;37.50;25.75;24.25;24.00;24.25;24.00;26.25;41.50;34.75;24.75;24.00;23.25;24.50;24.25;25.25;32.75;28.50;23.75;24.00;23.25]
66187- [26.00;25.00;25.25;27.00;26.75;25.75;25.50;25.50;25.75;25.25;26.50;34.50;34.00;26.50;25.25;25.25;25.25;25.50;27.25;40.75;39.75;27.00;25.50;25.00;24.75;24.75;28.00;41.75;40.00;27.00;25.25;24.50;25.50;25.00;28.00;42.50;38.75;26.25;24.75;24.25;24.50;25.50;27.25;41.75;36.50;25.25;24.25;23.75;24.25;24.50;26.75;41.25;35.25;25.25;23.75;23.25;24.00;24.75;25.50;32.00;27.75;23.75;23.50;23.25]
66672- [25.50;25.25;25.75;27.00;26.75;26.00;25.75;26.00;25.50;25.00;26.50;34.50;33.50;26.00;25.75;25.50;25.25;25.25;27.25;41.00;39.75;27.00;25.50;24.75;24.75;25.00;27.75;42.00;39.75;26.50;25.00;24.50;25.00;25.50;27.75;42.25;39.00;26.00;25.00;24.00;24.25;25.00;27.75;42.00;37.00;25.50;24.25;24.00;24.50;24.25;26.50;41.25;35.25;25.00;24.00;23.50;23.75;24.75;25.25;32.25;28.25;23.25;23.75;24.25]
67157- [25.75;25.00;25.50;27.25;27.00;25.50;26.00;25.00;26.00;25.25;26.50;34.25;33.75;26.25;25.00;25.00;25.50;25.50;27.75;40.50;39.75;27.00;25.50;25.00;25.00;25.50;27.50;42.00;40.00;26.25;24.75;24.25;25.00;25.50;27.75;42.00;39.00;26.25;24.75;24.00;24.50;25.25;27.50;42.25;37.00;25.50;24.75;24.25;24.25;24.50;27.00;41.00;35.50;25.25;24.25;23.25;24.00;24.50;25.50;32.50;28.25;24.00;24.50;23.50]
67642- [25.25;25.00;25.75;27.50;26.75;26.00;25.75;25.00;26.00;25.25;26.50;34.50;33.50;26.00;25.00;25.25;25.00;25.25;27.50;41.00;40.00;27.00;25.25;24.50;25.25;24.75;27.75;42.00;40.00;27.00;25.00;24.75;25.00;25.25;28.00;42.50;38.75;26.00;24.75;24.00;24.75;25.00;27.50;41.75;37.00;25.25;24.50;23.75;24.00;24.25;26.50;41.25;34.75;25.00;24.00;23.25;23.75;24.00;25.50;32.50;28.00;24.00;23.50;24.25]
68127- [25.25;24.75;25.75;27.25;27.25;25.50;25.25;25.00;25.75;25.00;26.25;34.75;33.75;26.25;25.50;25.50;25.25;25.75;27.25;41.00;39.75;27.00;25.50;24.50;24.75;24.50;27.50;42.00;40.00;26.25;24.75;24.00;24.75;25.00;27.75;42.25;39.25;26.00;25.00;23.75;24.75;24.75;27.50;41.75;37.00;25.50;23.75;24.25;24.00;24.75;26.50;41.50;35.25;24.50;24.50;23.25;24.75;24.25;25.00;32.00;28.25;24.25;24.25;23.75]
68612- [25.00;24.75;25.50;27.00;27.25;25.50;25.50;25.25;25.50;25.25;26.50;34.25;33.75;26.50;25.00;25.00;25.00;25.25;27.75;40.75;39.75;27.00;25.50;24.50;25.00;25.25;27.25;42.00;40.25;26.25;25.00;24.75;24.75;25.25;27.75;42.00;39.00;26.00;24.75;23.75;24.75;24.75;27.25;42.25;37.00;25.50;24.00;24.25;24.25;24.50;26.25;41.25;34.50;25.00;24.00;23.00;23.50;24.50;25.25;31.75;28.25;23.50;23.50;23.25]
69097- [24.75;24.50;25.50;27.00;26.50;25.00;25.25;25.00;25.25;25.00;26.25;34.50;33.75;26.50;25.00;24.75;25.00;25.50;27.00;40.75;39.75;26.75;25.25;24.75;25.00;25.00;27.50;41.50;39.75;26.50;24.75;24.50;24.50;24.75;27.50;42.00;38.75;25.75;24.50;23.75;24.50;25.25;27.00;42.00;36.75;25.50;24.50;24.00;24.00;24.50;26.00;41.00;34.50;25.00;24.00;23.50;24.25;24.75;25.00;31.75;28.00;24.25;23.50;23.25]
69582- [25.25;25.00;25.00;26.75;27.25;25.25;25.50;24.75;25.25;25.00;26.25;34.25;33.25;26.50;25.25;24.75;25.00;25.50;27.50;40.50;39.50;27.00;25.50;24.75;24.75;25.50;27.25;41.50;40.25;26.50;24.75;24.50;25.00;25.25;27.75;42.25;39.00;26.00;24.75;23.75;24.50;25.25;27.25;41.50;36.75;25.25;24.00;24.25;24.25;24.75;26.25;41.25;34.75;24.75;23.75;23.75;23.75;24.25;25.50;32.50;28.00;24.25;23.75;23.75]
70067- [25.75;24.75;25.50;26.75;26.75;25.50;25.75;25.00;26.00;25.25;26.25;34.00;33.75;26.25;25.25;25.50;25.50;25.50;27.50;41.00;40.25;26.75;25.25;24.75;25.00;25.00;27.50;42.00;40.00;26.50;24.75;24.00;25.00;25.50;27.75;42.25;39.00;26.25;25.00;24.50;24.75;24.75;27.25;41.75;37.00;25.25;24.50;24.00;24.75;24.50;26.75;41.00;34.50;25.00;23.75;23.50;24.00;24.50;25.75;32.25;27.75;23.75;24.25;23.75]
70552- [25.25;24.25;25.50;27.00;27.00;25.25;26.00;25.25;25.50;25.25;26.25;34.25;33.50;26.50;25.50;25.00;25.50;25.75;27.50;41.00;40.00;27.00;25.25;24.75;24.50;25.00;27.75;42.00;39.50;26.75;24.75;24.50;25.25;25.00;27.75;42.25;39.00;26.25;25.00;23.75;24.25;24.75;27.50;41.50;37.00;25.50;24.25;24.25;24.00;24.50;26.25;41.25;35.25;25.25;24.00;23.50;23.75;24.50;25.00;32.00;28.00;23.75;24.00;23.25]
71037- [25.75;25.50;26.00;27.00;27.25;25.75;25.75;25.25;25.50;25.25;26.25;34.25;34.00;26.50;25.50;25.25;25.50;25.50;27.25;41.00;40.00;27.25;25.50;24.75;25.25;25.25;27.75;42.00;39.75;26.50;25.50;24.25;24.75;25.50;27.75;42.25;38.75;26.25;24.50;24.25;24.75;25.25;27.75;42.00;37.50;25.50;24.50;24.00;24.75;24.75;26.25;41.50;35.00;25.00;24.00;23.00;24.75;24.25;25.00;31.75;28.00;23.75;24.00;23.25]
71522- [26.00;25.50;26.00;27.50;27.25;25.75;26.25;25.25;25.25;25.50;26.75;34.50;33.75;26.75;25.00;25.25;25.25;25.75;27.75;41.25;40.25;27.00;25.75;24.75;25.00;25.25;28.00;42.00;40.50;26.50;25.25;25.00;25.25;25.25;28.25;42.50;39.00;26.25;25.25;24.25;24.50;25.50;27.75;42.00;37.00;25.75;24.75;23.75;24.50;24.25;26.50;41.50;35.00;25.00;24.00;23.25;23.75;24.50;25.25;32.00;28.00;23.50;24.00;23.50]
72007- [26.00;25.00;26.00;27.25;27.50;25.75;25.75;25.00;25.75;25.00;26.50;34.50;33.50;26.50;25.25;25.75;25.50;25.75;27.50;41.25;40.00;27.25;25.50;25.25;25.25;25.25;27.75;42.00;40.25;26.75;25.25;24.75;25.50;25.75;28.25;42.25;39.25;26.00;25.00;24.50;24.50;25.25;27.50;42.00;37.00;25.50;24.50;24.75;24.25;24.50;26.75;41.50;35.50;25.25;24.50;23.50;24.25;24.50;25.00;32.25;28.25;24.00;24.00;23.50]
72492- [25.50;24.75;26.00;27.25;27.25;25.75;26.00;25.50;25.50;25.00;26.50;34.75;34.00;26.50;25.50;25.25;25.25;25.75;27.50;41.00;40.25;27.00;25.75;25.25;25.00;25.50;28.00;42.25;40.50;26.50;25.25;24.50;25.25;25.50;28.25;42.50;39.25;26.50;25.25;24.25;24.50;25.25;27.50;42.00;37.25;25.75;24.25;24.25;24.25;25.00;26.25;41.25;35.25;25.25;24.25;23.50;24.25;24.50;25.50;32.75;28.25;23.75;23.50;23.50]
72977- [25.25;25.25;26.00;27.75;26.75;25.75;25.25;25.00;25.50;25.00;26.50;34.25;34.25;26.50;25.00;25.25;25.25;25.25;28.00;41.00;40.00;27.00;25.75;25.25;25.00;25.00;28.00;41.75;40.00;26.75;24.75;24.50;25.00;25.25;28.00;42.25;39.50;26.50;25.00;24.50;24.50;25.00;27.50;42.00;36.75;26.00;24.50;24.00;24.50;24.25;26.25;41.25;35.00;25.25;23.75;23.50;23.75;24.25;25.00;31.75;27.75;23.75;23.75;24.00]
73462- [25.50;25.25;25.50;27.25;27.25;25.75;25.75;25.25;25.75;25.25;26.00;34.00;33.75;26.25;25.00;25.25;25.25;25.00;27.50;40.75;39.75;27.25;25.50;24.25;25.00;25.00;27.50;41.75;40.00;26.50;24.75;24.50;25.25;25.25;27.75;42.25;39.00;26.00;24.50;24.75;24.75;24.50;27.00;41.75;37.25;25.75;24.00;24.25;24.25;24.00;26.25;41.00;35.25;25.00;23.50;22.75;24.00;24.00;25.00;32.25;28.25;24.00;23.75;23.25]
73947- [25.50;24.50;25.75;26.50;26.75;25.25;25.25;25.25;25.25;25.25;26.25;34.50;33.75;26.50;25.25;25.50;25.25;25.25;27.00;41.00;39.50;27.00;25.50;25.25;25.25;24.75;27.75;42.00;40.00;26.50;25.00;24.50;25.25;25.25;28.00;42.00;39.00;26.00;25.00;23.75;24.50;25.00;27.75;41.75;36.75;25.75;24.25;24.00;24.25;24.25;26.25;41.00;34.75;25.00;23.75;22.75;24.00;24.50;24.75;32.00;28.25;23.75;23.75;22.75]
74432- [25.50;24.75;25.50;27.00;27.00;25.75;26.25;25.75;25.50;25.00;26.25;34.50;33.50;26.50;25.25;25.50;25.25;25.50;27.25;41.00;39.50;27.00;25.50;24.75;25.25;24.75;28.00;41.75;40.25;26.50;25.50;24.50;25.25;24.75;27.75;42.00;39.25;26.25;25.25;24.00;24.75;24.75;27.75;42.00;37.25;25.75;24.00;24.25;24.50;24.25;26.50;41.50;34.50;25.00;24.00;23.75;24.25;25.00;25.00;32.00;28.25;23.75;23.75;24.50]
74917- [25.75;25.00;25.50;27.25;26.75;25.50;26.00;24.75;25.75;25.25;26.75;34.25;33.75;26.50;25.50;25.00;25.25;25.75;27.50;41.00;40.00;27.25;25.50;25.25;25.00;24.75;27.25;42.00;39.75;26.50;25.00;24.50;25.25;25.25;27.50;42.50;39.00;26.00;24.75;24.00;24.75;25.25;27.50;41.75;37.25;25.25;24.50;24.50;24.25;24.75;26.75;41.50;34.75;25.25;24.00;23.75;24.25;24.25;25.75;32.25;27.75;23.50;23.25;23.75]
75402- [25.50;25.00;25.75;27.25;27.00;25.75;25.25;25.75;25.50;25.25;26.50;34.25;33.75;26.25;25.25;25.25;25.50;25.75;27.50;41.00;39.75;26.25;25.25;24.25;25.00;25.00;28.00;41.75;40.00;26.75;25.25;24.75;25.25;25.25;28.25;42.25;39.25;26.25;25.00;24.25;24.50;25.25;27.50;42.00;37.25;25.50;24.25;24.25;24.00;24.25;26.75;41.50;35.00;24.75;24.25;23.50;23.75;24.00;25.25;32.25;28.25;24.00;24.50;24.00]
75887- [25.75;25.00;25.75;27.00;27.00;25.75;25.75;25.25;25.50;25.25;26.25;34.25;33.75;26.50;25.00;24.75;25.25;25.75;27.75;41.00;40.00;27.00;25.50;25.00;24.75;24.75;27.50;42.00;40.00;26.75;25.25;24.75;25.25;25.00;28.25;41.75;39.25;26.25;25.00;23.75;25.25;25.00;27.25;42.00;36.75;25.75;24.00;24.75;23.75;25.00;26.50;41.00;35.00;25.25;23.75;23.00;24.25;24.50;25.25;32.25;28.25;23.75;24.00;24.00]
76372- [25.00;25.00;25.50;26.75;27.00;25.50;25.25;25.25;25.25;25.00;26.75;34.50;34.00;26.25;25.25;25.25;25.00;25.25;27.50;41.00;40.00;27.50;25.75;25.25;25.00;25.25;27.75;41.75;40.00;26.75;24.75;24.25;25.25;25.25;28.00;42.25;39.00;26.50;24.75;24.25;25.00;25.00;27.50;41.75;37.25;25.00;24.25;24.50;24.75;24.25;26.75;41.00;35.00;25.00;23.75;23.00;23.75;24.50;25.50;32.50;28.25;24.00;23.50;23.50]
76857- [25.00;24.75;25.25;27.25;27.00;25.75;25.50;25.25;25.75;25.25;26.00;34.25;33.75;26.25;25.25;25.00;25.25;25.25;27.25;40.50;39.75;27.00;25.25;24.75;24.75;24.75;27.50;41.75;39.75;26.50;25.00;24.50;25.25;25.00;27.50;42.25;38.75;25.75;24.75;24.00;24.50;25.00;27.00;41.75;37.25;25.25;24.00;24.00;24.25;24.75;26.50;41.25;35.00;25.00;23.75;23.25;23.50;24.25;25.50;31.75;28.25;23.50;23.75;24.00]
77342- [25.50;25.25;25.50;26.75;27.00;25.75;25.75;25.25;25.25;25.25;26.75;34.50;33.50;26.50;25.50;25.50;25.00;25.50;27.00;41.00;39.75;27.25;25.25;24.25;24.75;25.25;27.75;41.75;40.00;26.50;25.00;24.00;25.00;25.25;28.00;42.25;38.75;25.75;25.00;24.00;25.00;25.00;27.25;42.00;37.00;25.75;24.00;24.00;24.25;24.25;26.25;41.00;34.50;24.75;24.00;23.00;23.75;24.50;24.75;32.00;27.75;24.00;23.75;23.00]
77827- [25.25;25.00;25.50;26.50;27.25;25.50;25.75;25.00;25.25;25.25;26.25;34.50;33.75;26.25;25.25;25.25;25.00;25.25;27.50;40.50;39.75;26.75;25.25;24.50;25.00;25.25;27.75;42.00;40.00;26.50;25.25;24.50;25.00;25.25;28.00;42.50;39.00;26.00;24.75;24.00;24.75;25.25;27.50;41.75;37.25;25.50;24.75;23.75;24.25;24.00;26.50;41.00;35.00;24.75;23.50;23.50;24.25;24.50;25.00;32.00;27.50;24.25;24.25;23.75]
78312- [25.75;25.00;25.50;27.25;27.00;26.00;25.75;25.25;25.75;25.00;26.25;34.50;33.50;26.25;25.00;25.25;25.25;25.25;27.25;40.75;39.50;27.25;25.25;24.25;25.00;24.75;27.50;42.00;40.25;26.75;24.50;24.50;25.25;25.25;28.00;42.00;39.25;26.25;24.75;24.00;25.00;25.00;27.50;41.50;37.25;25.50;24.50;24.00;24.25;24.75;26.50;41.25;34.75;24.75;23.75;23.50;23.75;24.25;25.25;32.00;27.50;23.75;24.00;23.00]
78797- [25.50;24.75;25.50;26.75;27.00;25.25;25.50;25.00;25.25;25.25;26.25;34.00;33.75;26.25;25.50;25.00;25.25;25.25;27.50;41.25;40.00;26.75;25.25;25.00;25.00;24.75;27.25;41.75;40.00;26.50;24.75;24.00;25.00;25.50;28.00;42.00;39.00;26.25;24.75;24.25;24.00;25.00;27.50;41.75;37.00;25.75;24.25;24.00;24.00;24.50;25.75;41.00;35.00;25.25;23.75;23.00;24.25;24.75;25.25;32.25;27.50;23.50;23.50;24.00]
79282- [25.25;24.75;25.50;27.50;27.25;26.00;26.00;25.25;25.75;25.25;26.75;34.25;33.75;26.25;25.50;24.75;25.25;25.25;27.25;40.75;39.75;26.75;25.25;24.50;24.75;24.75;27.75;41.50;39.75;26.50;25.00;24.25;25.00;25.50;27.75;42.25;39.00;26.00;24.50;23.50;24.50;25.00;27.25;41.75;36.75;25.50;24.25;23.75;24.50;24.25;26.25;41.00;34.50;24.75;24.25;23.00;23.75;24.25;25.25;32.50;27.50;24.00;23.75;23.25]
79767- [25.50;24.75;26.00;27.25;27.00;25.75;25.75;24.75;25.25;25.00;26.50;34.50;33.75;26.25;25.50;25.50;25.00;25.50;27.25;40.75;39.75;26.75;25.50;25.00;25.00;25.00;27.25;41.25;40.00;26.50;25.00;24.00;24.75;25.00;28.00;42.25;38.75;26.25;24.75;24.00;24.50;25.00;27.25;41.75;37.00;25.25;24.00;24.25;24.00;24.00;26.50;41.00;34.75;25.00;23.75;23.00;24.25;24.25;25.00;32.00;27.75;23.75;23.75;23.50]
80252- [25.50;24.50;25.75;27.00;26.75;25.50;25.50;25.25;25.25;24.75;26.25;34.75;33.75;26.25;25.25;25.00;24.75;25.50;26.75;40.75;39.25;26.50;25.25;24.50;24.75;25.25;27.25;41.75;39.75;26.25;25.25;24.50;24.25;25.00;27.75;42.00;38.75;26.00;24.50;23.50;24.25;24.50;27.50;41.50;37.00;25.25;24.25;24.00;24.00;24.25;26.25;41.00;34.75;24.75;24.00;23.25;23.50;24.00;24.75;32.00;27.50;23.50;23.25;23.00]
80737- [25.25;24.75;25.25;26.75;27.00;25.50;25.25;25.00;25.50;25.00;26.00;34.25;33.50;26.00;25.00;25.25;25.50;25.00;27.00;40.50;39.50;26.75;25.25;24.50;24.50;25.00;27.25;41.25;39.75;26.00;24.50;24.00;25.00;24.75;27.75;42.00;38.50;26.25;24.25;24.00;24.75;25.00;27.00;41.75;37.00;25.50;24.00;23.75;24.00;24.25;26.25;41.25;34.50;24.75;23.75;23.00;23.75;23.75;25.00;32.25;27.50;24.00;23.75;23.00]
81222- [25.25;24.75;25.50;26.75;27.00;25.00;25.25;24.75;25.75;25.00;26.25;34.25;33.75;26.25;25.00;25.00;25.25;24.75;27.00;40.50;39.50;26.50;25.00;24.25;24.75;25.00;27.25;41.25;39.50;26.50;24.75;24.25;24.50;25.50;27.50;42.00;38.75;26.00;24.75;24.00;24.25;24.75;27.25;41.25;36.50;25.25;24.50;23.75;24.25;24.25;26.25;40.75;34.75;25.00;23.50;23.25;23.50;23.75;25.25;32.25;27.25;23.50;23.50;22.75]
81707- [25.00;24.25;25.25;26.75;26.75;25.75;25.25;25.00;25.25;24.50;26.25;33.75;33.75;25.75;25.25;24.50;24.75;25.00;27.00;41.00;39.50;26.75;25.50;24.50;24.50;25.00;27.50;41.75;39.75;26.25;25.00;24.00;25.00;25.00;27.75;41.75;38.50;26.25;24.75;23.75;24.50;24.75;27.25;41.75;36.75;24.75;24.00;24.00;24.00;24.25;26.75;40.75;34.75;24.50;23.75;22.75;24.25;24.50;25.00;32.00;27.25;24.00;23.25;23.25]
82192- [25.00;24.25;25.25;27.00;27.25;25.25;25.50;25.00;25.00;25.00;25.75;34.00;33.50;26.00;25.25;24.50;25.25;25.00;27.00;40.75;39.25;26.75;25.00;24.75;24.25;24.50;27.25;41.50;39.75;26.25;24.75;24.25;24.75;25.00;27.50;41.75;38.50;25.75;23.75;23.25;24.25;24.50;27.50;41.50;36.75;25.25;24.00;23.75;24.25;24.00;26.50;40.50;34.75;24.25;23.50;22.75;23.75;24.25;25.00;32.00;28.00;23.25;23.50;23.00]
82677- [25.25;24.50;25.25;27.00;27.00;25.75;25.50;25.25;25.50;24.75;26.25;33.75;33.75;26.25;25.25;25.50;24.75;25.25;27.25;40.50;39.25;26.75;25.00;24.50;24.75;24.50;26.75;41.75;39.75;25.75;24.50;24.00;24.50;24.50;27.50;41.75;38.75;25.75;24.50;23.75;24.50;24.75;27.25;41.50;36.75;25.25;24.25;24.00;23.75;23.75;26.00;41.25;34.50;24.50;23.50;22.75;24.00;23.75;25.25;32.00;27.75;23.75;23.50;23.25]
83162- [25.25;24.75;25.50;27.00;27.25;25.00;25.25;25.00;25.00;25.25;26.50;33.75;33.50;26.25;25.00;25.00;25.50;25.00;27.25;40.75;39.75;26.75;25.50;24.50;24.75;24.75;27.00;41.50;40.00;26.25;24.50;24.00;24.75;25.25;27.25;41.75;38.50;26.25;24.50;23.75;24.25;24.75;27.00;41.50;36.75;25.00;24.25;23.75;24.00;24.25;26.25;40.50;34.50;24.75;23.25;23.00;24.50;24.00;25.00;32.00;27.50;24.25;23.75;23.50]
83647- [25.25;24.75;25.50;27.25;26.75;25.25;25.75;24.75;25.00;24.75;26.25;34.25;33.25;25.75;24.75;24.75;25.00;25.75;27.25;40.50;39.25;27.00;25.00;25.00;24.25;24.75;27.25;41.75;39.75;26.00;24.75;23.75;25.00;25.00;27.50;41.75;38.75;26.00;24.25;23.75;24.75;24.50;27.25;42.00;36.75;25.00;24.00;23.75;24.00;24.00;26.25;41.00;34.75;24.50;24.00;22.25;23.75;23.75;25.25;31.75;27.75;24.00;24.00;23.00]
84132- [25.00;25.00;25.25;27.00;26.25;25.50;25.50;25.00;25.00;24.25;26.25;34.00;33.25;26.25;25.00;25.00;24.50;25.25;27.00;40.50;39.50;26.50;25.00;24.25;24.75;24.75;27.00;41.50;39.50;26.00;24.75;24.00;25.00;25.00;27.50;42.00;38.25;25.75;24.50;23.75;24.50;24.50;27.25;41.75;36.25;25.25;24.00;23.75;24.00;24.00;26.25;41.00;34.75;24.50;23.25;23.25;24.00;23.50;25.25;31.75;27.50;23.75;24.00;23.25]
84617- [25.00;24.25;25.00;27.25;27.00;25.00;25.25;25.00;24.50;24.75;26.00;34.25;33.75;25.75;24.75;24.75;24.75;25.50;27.00;40.50;39.75;26.75;25.25;24.50;24.50;25.00;27.25;41.25;39.50;26.25;24.75;24.25;25.00;25.00;27.50;41.50;38.50;26.00;24.75;23.75;24.00;24.50;26.75;41.75;36.50;25.25;24.00;23.75;24.25;24.00;26.00;40.75;34.50;24.50;23.25;23.25;23.75;23.75;25.00;32.25;27.75;23.75;23.25;23.00]
85102- [25.50;24.50;25.25;26.75;26.75;25.00;25.25;25.00;25.25;25.00;25.75;34.00;33.00;25.75;24.75;24.75;25.00;25.00;26.75;40.25;39.50;26.50;25.00;24.00;24.75;24.75;27.00;41.50;39.50;26.00;24.75;24.25;24.75;25.00;27.25;41.75;38.25;26.00;25.00;23.75;24.25;24.50;26.75;41.50;36.75;25.00;24.00;23.25;24.00;24.00;26.25;40.75;34.75;25.00;23.75;23.00;24.00;24.00;25.25;31.75;27.50;24.25;23.50;23.00]
85587- [25.00;24.75;25.25;26.50;26.75;25.00;25.75;24.50;25.25;24.50;26.00;34.00;33.25;25.50;24.75;25.00;24.75;24.75;26.50;40.75;39.50;26.25;25.00;24.25;24.50;24.75;27.25;41.50;39.75;26.00;24.50;24.50;24.50;24.75;27.50;41.25;38.50;25.75;24.50;23.75;24.00;24.25;26.75;41.50;36.75;25.00;24.00;23.75;24.25;23.75;26.25;40.50;34.50;24.50;23.75;22.50;23.75;24.25;25.25;31.75;27.50;23.25;23.50;23.25]
86072- [25.00;24.75;25.25;27.00;26.75;25.50;25.75;24.75;24.75;25.00;26.50;34.00;33.25;26.00;25.00;24.75;24.75;24.75;26.50;40.25;39.50;26.50;24.75;24.25;24.75;24.75;27.25;41.50;39.50;26.00;24.75;24.00;24.50;25.25;27.50;42.00;39.00;25.75;24.50;24.00;24.25;25.25;26.75;41.50;36.75;25.25;23.75;23.75;23.75;23.75;26.25;41.00;34.50;24.75;24.00;23.25;23.50;23.50;25.00;31.75;27.75;23.75;23.75;23.50]
86557- [25.00;24.75;25.25;26.25;26.50;25.25;25.50;24.50;25.25;25.00;26.00;34.00;33.25;25.50;24.75;24.50;24.75;25.25;27.00;40.50;39.50;26.50;25.25;24.50;24.75;24.50;26.75;41.50;39.75;26.25;24.75;23.75;24.50;25.00;27.50;41.50;39.00;25.75;24.50;23.75;24.25;24.50;27.00;41.25;36.75;25.25;24.00;23.50;24.25;23.75;25.75;40.50;34.50;24.50;23.25;23.00;23.50;24.00;24.75;31.75;28.00;24.00;24.00;22.75]
87042- [25.00;24.50;25.50;26.50;27.25;25.25;25.25;25.50;25.25;24.75;26.00;34.25;33.75;26.00;25.00;25.00;25.50;25.00;27.25;40.50;39.50;26.25;25.25;24.50;24.75;25.00;27.50;41.00;39.50;26.25;24.50;24.25;24.50;25.50;27.50;41.75;38.25;25.75;24.50;23.75;24.50;25.00;26.75;41.50;37.00;25.00;24.50;24.00;23.75;24.50;26.25;40.75;34.50;24.50;24.25;23.50;24.25;23.50;25.00;32.00;28.00;24.00;24.00;23.00]
87527- [25.25;24.75;25.50;26.50;26.75;25.25;25.50;25.00;25.00;24.75;26.00;34.25;33.50;26.00;24.75;24.75;25.25;25.25;27.00;40.50;39.75;26.50;25.50;24.75;24.75;25.00;27.25;41.50;39.75;26.25;25.00;24.25;24.50;25.25;27.50;42.00;38.75;26.50;25.00;23.75;24.00;25.00;27.25;41.50;36.75;25.25;24.25;24.00;24.00;24.25;26.25;41.00;34.75;25.00;24.25;23.25;23.75;24.50;25.00;32.00;28.00;24.25;23.75;23.25]
88012- [24.75;24.25;25.25;27.00;26.75;25.50;25.75;25.00;25.25;25.00;26.00;33.75;33.25;25.75;25.25;25.00;25.00;25.25;27.00;40.50;39.50;26.75;25.25;24.25;24.75;25.00;27.25;41.50;39.75;26.50;24.75;24.50;25.00;25.00;27.25;41.75;38.75;26.00;24.50;24.25;24.25;25.25;27.00;41.25;36.75;25.00;24.00;24.00;23.50;24.00;26.25;40.75;34.50;24.75;23.50;22.50;24.00;23.75;25.25;31.75;28.25;23.75;24.00;24.00]
88497- [25.00;24.75;25.75;27.00;26.75;25.75;25.00;24.75;25.00;25.25;26.25;34.25;33.50;26.50;25.25;25.00;24.75;25.25;27.00;40.50;39.25;26.50;25.25;24.50;25.00;24.75;27.25;41.25;39.75;26.25;24.50;24.25;25.00;25.00;27.50;42.25;39.00;25.75;24.50;23.75;24.75;24.75;27.25;41.25;37.00;25.50;23.75;23.75;24.50;24.00;26.75;40.75;34.50;24.50;24.00;23.25;23.50;24.00;25.00;31.75;28.00;24.25;23.50;23.50]
88982- [25.75;24.75;25.25;27.00;26.75;25.25;25.25;25.50;25.25;24.50;26.50;34.25;33.50;26.00;25.25;24.75;25.00;25.75;27.25;40.25;39.50;26.50;25.25;24.75;25.00;24.75;27.00;41.50;40.00;26.50;24.75;23.75;24.75;25.25;27.75;41.75;38.75;26.00;24.75;23.50;24.25;24.75;27.25;41.75;36.75;25.50;24.00;23.75;23.75;24.00;26.25;40.75;34.75;24.75;23.75;22.75;23.50;24.25;25.00;32.25;28.00;24.00;23.75;23.00]
89467- [25.00;24.75;25.75;27.00;27.00;25.50;25.75;25.50;25.50;25.00;26.25;34.25;33.50;26.25;25.25;25.25;25.25;25.75;27.50;40.50;40.00;27.00;25.25;25.00;25.00;25.00;27.25;41.50;39.75;26.75;25.00;24.25;25.00;25.00;28.00;42.00;39.00;26.25;24.75;24.00;24.75;25.00;27.50;41.50;36.75;25.50;24.25;23.75;24.25;24.25;26.25;41.00;34.75;25.25;24.00;23.00;23.25;24.75;25.00;31.75;27.75;24.00;24.00;23.25]
89952- [25.50;24.75;25.50;27.25;26.50;25.75;25.75;24.50;25.50;25.00;26.50;34.50;33.25;26.50;25.00;25.25;25.25;25.50;27.75;40.50;39.50;27.00;25.25;25.25;24.75;24.75;27.75;41.50;40.00;26.25;24.75;24.50;25.25;25.00;27.75;41.75;39.00;26.25;25.00;24.25;24.50;25.00;27.00;41.50;36.75;25.50;24.25;24.00;24.50;24.00;26.25;41.00;34.75;25.25;24.00;23.25;23.75;24.00;25.00;32.25;28.25;24.00;23.50;22.75]
90437- [25.25;24.75;25.75;27.25;27.00;25.50;25.50;25.00;25.50;25.25;26.50;34.50;33.50;26.00;25.25;25.50;25.00;25.50;27.25;40.50;39.75;26.75;25.00;24.75;25.00;25.00;27.75;41.75;40.00;26.00;25.00;24.50;24.75;25.25;27.50;41.50;38.50;26.25;24.75;24.25;24.50;25.00;27.00;41.50;37.25;25.25;24.00;24.25;24.25;24.25;26.75;40.75;35.25;25.00;24.00;23.25;23.75;24.25;25.00;32.00;28.25;24.25;23.75;23.00]
90922- [25.00;24.75;25.25;27.25;26.75;25.00;25.25;25.25;24.75;24.75;26.25;34.25;33.75;26.00;25.75;24.50;25.25;25.25;27.25;40.50;40.00;26.75;25.25;24.50;25.00;24.75;27.50;41.25;39.50;26.00;24.75;23.75;25.00;25.00;27.50;41.75;38.50;26.25;24.75;23.75;24.75;24.75;27.25;41.50;36.75;25.00;24.00;24.50;24.25;24.25;26.25;41.25;34.50;25.00;23.75;23.00;24.00;24.25;25.25;32.00;28.00;23.75;23.50;23.25]
91407- [25.50;24.50;25.25;27.00;26.75;25.50;25.25;25.00;25.50;25.00;26.50;34.00;33.50;26.25;24.75;25.00;25.00;25.25;27.25;40.50;39.50;26.75;25.25;24.50;24.75;24.75;27.50;41.50;39.50;26.25;24.75;24.25;24.75;25.00;27.75;41.75;38.75;26.25;25.00;24.00;24.50;25.00;27.25;41.50;37.00;25.00;24.25;24.25;24.25;24.25;26.00;41.00;34.75;24.50;23.50;23.00;24.75;24.50;25.75;32.25;28.25;23.75;24.25;23.00]
91892- [25.25;25.00;25.50;27.25;27.00;25.25;25.50;25.25;25.50;25.00;26.50;34.50;33.75;26.00;25.50;25.00;25.00;25.50;27.25;40.50;39.50;27.00;25.25;24.50;24.75;24.75;27.75;41.50;39.75;26.25;25.00;24.75;24.75;25.25;28.25;41.75;38.75;26.00;24.75;23.75;24.25;24.75;26.75;41.25;37.00;25.25;23.75;24.25;24.25;24.25;26.25;41.00;35.25;24.75;24.25;23.25;24.00;23.75;25.75;32.00;27.75;24.00;24.00;23.75]
92377- [25.50;25.25;25.75;27.00;26.75;25.50;25.75;25.00;25.50;25.25;26.00;34.25;33.75;26.75;25.75;25.00;25.00;25.50;27.50;40.50;39.50;27.00;25.25;24.75;24.75;25.00;27.50;41.50;40.25;26.75;25.25;24.75;24.75;25.50;27.50;41.50;39.00;26.00;25.25;23.75;25.00;24.75;27.50;42.00;37.00;25.50;24.50;24.25;24.25;24.25;26.75;40.75;35.00;25.25;23.75;23.75;24.25;24.50;25.25;32.25;28.25;23.50;24.00;23.50]
92862- [25.25;25.00;25.50;27.00;27.25;25.75;25.25;25.00;25.75;25.25;26.25;34.00;33.50;26.50;25.25;25.25;25.00;25.25;27.25;40.75;39.75;26.50;25.25;24.75;25.00;24.50;27.25;41.75;39.75;26.75;24.75;24.50;25.00;25.00;28.00;42.25;39.25;26.25;25.00;24.25;24.50;25.25;27.25;41.75;37.25;25.75;24.50;24.25;24.75;24.75;26.75;41.25;35.25;25.50;24.00;22.75;23.75;24.00;25.00;32.00;28.00;24.25;24.00;23.75]
93347- [25.75;25.25;25.50;27.25;27.50;25.50;25.25;25.25;25.50;25.00;26.25;34.25;33.50;26.25;25.50;25.25;25.75;25.75;27.25;40.25;39.50;27.00;25.50;24.50;25.00;25.00;27.75;41.75;39.75;26.00;24.50;24.25;25.50;25.50;27.75;41.75;38.75;25.75;24.75;24.25;25.00;24.75;27.50;41.75;36.75;25.50;24.25;24.00;24.25;24.25;26.25;41.25;35.00;25.00;24.25;23.50;23.50;24.50;25.50;32.25;28.00;24.00;23.25;23.75]
93832- [25.50;25.00;26.00;27.25;27.50;25.75;25.50;25.25;25.50;25.50;26.25;34.25;34.00;26.25;25.25;25.50;25.25;25.75;27.50;40.75;39.50;27.00;25.75;24.75;24.75;24.75;27.50;41.50;40.25;26.75;25.25;24.50;24.75;25.00;28.00;41.75;38.75;26.25;25.25;24.25;24.50;25.25;27.50;41.75;37.00;25.25;24.25;24.50;24.75;24.75;26.50;41.25;35.25;25.25;24.00;23.50;24.00;24.50;25.50;32.25;28.25;24.00;24.25;23.50]
94317- [25.50;25.25;25.75;27.50;27.25;25.75;25.50;26.00;25.50;25.25;27.00;34.50;33.50;26.50;25.50;25.75;25.75;25.75;27.75;41.00;40.00;27.25;25.50;25.50;24.75;24.75;27.75;41.75;40.00;27.00;24.75;24.50;24.75;25.50;28.00;42.00;39.00;26.00;25.25;24.00;25.00;25.00;27.50;42.25;37.25;25.50;24.25;24.75;24.75;25.00;26.00;41.50;35.25;25.50;24.00;23.50;23.75;24.75;25.25;32.25;28.25;23.75;24.50;23.75]
94802- [25.25;25.00;26.25;27.50;27.25;25.75;25.50;25.50;25.50;25.50;26.75;34.75;34.00;26.00;25.50;25.25;25.50;26.00;27.50;40.50;39.75;27.00;25.75;24.75;24.75;25.25;27.50;41.75;40.00;26.50;25.00;24.50;25.25;25.50;28.00;42.00;39.00;26.00;24.75;24.50;25.00;25.25;27.50;42.00;37.00;25.75;24.50;24.25;24.75;24.75;26.75;41.25;34.75;25.25;24.00;23.50;24.25;25.00;26.00;31.75;28.50;24.25;24.00;23.75]
95287- [25.00;24.50;26.00;27.00;27.25;26.00;25.75;25.50;25.75;25.75;26.25;34.75;34.25;26.50;25.25;25.50;25.25;25.50;27.25;41.00;39.75;27.00;25.00;25.00;25.25;25.00;27.75;41.75;40.00;26.00;24.75;24.25;25.00;25.50;27.75;42.00;38.75;26.25;25.00;24.00;24.25;25.25;27.50;42.00;37.25;25.75;24.50;24.25;24.25;24.75;26.75;41.25;35.00;24.75;23.75;23.50;24.50;24.25;25.00;32.25;28.00;24.50;24.00;23.75]
95772- [25.50;25.00;25.50;27.00;27.00;25.50;25.75;24.75;25.00;25.25;26.75;33.75;33.50;26.25;25.75;25.25;25.00;25.50;27.25;40.50;40.00;26.75;25.50;25.25;24.75;25.25;27.75;41.25;40.00;26.25;25.25;24.50;24.50;25.50;27.75;41.75;38.75;26.00;24.75;24.25;24.75;25.00;27.50;41.75;36.50;25.75;24.25;24.25;24.25;24.25;26.50;41.00;35.00;24.75;24.00;23.25;23.75;24.00;25.25;32.00;28.25;23.75;23.75;23.25]
96257- [25.00;24.75;26.00;27.25;27.25;25.75;25.50;24.75;25.25;25.25;26.25;34.00;33.50;26.25;25.50;25.75;25.00;25.25;27.25;40.50;39.50;26.75;25.00;24.50;25.00;25.00;27.50;41.50;39.75;26.25;24.75;24.25;24.75;25.50;27.50;41.75;38.75;26.50;24.75;23.75;24.50;25.25;26.75;41.50;36.75;25.00;24.25;24.00;24.00;24.25;26.50;41.00;34.50;24.75;23.75;22.75;23.75;24.00;25.00;32.00;28.25;23.75;24.00;23.75]
96742- [25.25;24.75;25.75;26.75;27.25;25.75;25.75;25.00;25.25;25.00;26.00;34.00;33.50;26.25;25.00;25.25;25.00;25.75;27.25;40.50;39.75;27.00;25.50;25.00;24.75;24.75;27.75;41.50;39.50;26.00;24.75;24.50;25.00;25.25;27.75;42.00;39.00;26.25;24.75;24.00;24.25;24.75;27.50;41.75;37.00;25.25;24.00;24.00;24.00;24.25;26.25;40.75;34.50;25.00;23.75;23.25;23.50;24.50;25.00;31.75;27.50;23.75;23.75;23.50]
97227- [25.50;24.50;25.50;27.00;27.25;25.75;25.75;25.50;25.00;25.25;26.50;33.75;33.50;26.25;25.75;24.75;25.25;25.25;27.00;40.50;39.50;26.75;25.25;24.75;24.75;25.00;27.00;41.50;39.75;26.25;24.75;24.25;25.00;24.75;27.50;41.75;39.00;26.25;24.50;24.25;24.50;24.75;27.00;41.25;37.00;25.25;24.50;24.25;24.25;24.25;26.25;40.75;34.50;25.25;23.75;23.25;24.25;24.25;25.25;32.00;28.75;23.75;24.25;23.75]
97712- [24.75;24.25;25.75;27.25;26.75;25.50;25.50;25.25;25.00;24.75;26.00;34.00;33.50;26.00;24.75;25.25;25.25;25.50;27.25;40.50;39.25;26.25;25.25;24.50;25.00;25.00;27.25;41.50;39.25;26.00;25.00;24.00;24.75;25.25;27.75;42.25;38.50;25.75;24.50;23.25;24.25;24.50;27.25;41.50;37.00;25.25;24.25;24.00;24.00;24.25;26.00;41.00;34.75;24.75;24.25;23.50;23.50;24.50;24.50;32.00;28.00;24.00;23.75;23.50]
98197- [25.00;25.25;25.25;26.75;26.50;25.50;25.25;25.00;25.25;25.00;26.00;34.00;33.50;25.75;24.75;25.00;25.00;25.00;27.25;40.50;39.50;27.00;25.00;24.00;24.75;25.00;27.00;41.75;39.50;26.00;24.50;24.00;24.75;25.25;27.50;42.00;38.75;25.75;24.25;23.75;24.50;24.75;27.50;41.50;37.00;25.50;24.25;24.25;24.00;24.00;26.25;41.00;34.75;25.00;23.75;23.25;23.50;24.50;25.25;32.00;27.50;23.25;23.50;23.75]
98682- [25.50;24.25;25.75;27.00;26.75;25.25;25.25;24.50;25.25;25.25;26.00;33.75;33.50;26.25;25.25;24.75;24.75;25.50;27.00;40.25;39.50;26.50;25.25;24.50;25.00;25.00;27.75;41.00;39.75;26.50;25.00;24.50;24.75;24.75;28.00;41.75;38.50;26.00;24.50;24.00;24.00;24.75;27.50;41.50;36.75;25.50;24.50;24.00;24.00;24.50;26.25;41.00;34.75;24.75;23.75;23.25;24.00;24.50;25.00;32.25;28.00;24.00;24.00;23.75]
99167- [25.25;24.25;26.00;27.00;27.25;25.25;25.75;24.75;25.50;25.00;26.50;33.75;33.50;26.25;25.00;24.75;25.00;25.25;27.00;40.50;39.50;26.75;25.50;24.00;25.00;24.75;27.25;41.50;39.50;26.00;24.75;24.25;25.00;25.50;27.50;41.75;38.50;25.75;24.75;24.00;24.75;24.75;27.25;41.75;37.00;25.25;24.00;24.00;24.25;23.75;26.00;40.75;34.50;25.00;23.75;23.25;23.25;24.25;25.00;32.25;28.00;24.00;24.00;23.50]
99652- [25.75;24.25;25.25;27.25;27.25;25.25;25.75;25.25;25.25;25.00;26.50;34.00;33.50;26.00;25.25;24.75;25.25;25.00;27.25;40.25;39.25;26.50;25.25;24.50;25.00;25.00;27.00;41.75;39.50;26.50;24.75;24.00;24.50;25.25;27.25;41.75;38.75;26.25;25.00;23.75;24.75;24.75;27.50;41.50;37.00;25.25;24.25;24.25;24.25;24.50;26.75;41.25;34.75;24.50;23.75;23.00;24.00;24.00;25.00;32.00;28.00;23.50;23.25;23.50]
100137-[24.75;24.50;25.50;27.00;27.00;25.50;25.25;24.75;25.25;24.75;26.50;34.00;33.25;26.00;25.00;25.00;25.00;24.75;27.25;40.50;39.50;26.75;25.25;24.50;24.50;24.75;27.25;41.50;39.75;26.00;24.50;24.25;24.75;24.75;27.50;41.75;38.50;26.25;24.50;24.00;24.25;25.00;27.25;41.50;36.75;25.50;24.25;24.00;24.00;24.25;26.25;41.00;34.50;24.50;23.75;22.75;23.75;24.25;25.50;32.00;28.00;24.00;24.00;23.50]
100622-[25.50;25.00;25.50;26.75;27.00;26.00;25.25;25.25;25.25;25.00;26.25;33.75;33.25;26.25;25.50;25.50;25.00;25.00;27.25;40.50;39.50;26.25;25.25;24.00;24.75;24.75;27.75;41.25;39.75;26.00;25.00;24.00;24.75;25.00;27.50;41.75;38.50;26.00;24.50;23.50;24.25;24.75;27.00;41.75;36.75;25.25;23.75;24.25;24.00;24.25;26.00;41.25;34.50;25.00;24.00;23.25;23.75;24.50;24.75;31.75;27.75;24.25;23.50;23.50]
101107-[25.50;24.25;25.50;26.50;26.75;25.75;25.25;25.00;25.25;24.50;26.25;34.25;33.50;26.00;25.00;24.75;24.75;25.00;26.75;40.50;39.25;26.75;25.00;24.50;24.75;24.75;27.25;41.75;39.75;26.25;25.00;24.00;24.75;25.00;27.50;41.75;38.50;25.50;24.50;24.00;24.50;24.75;27.25;41.25;36.75;25.25;24.00;23.75;23.75;24.25;26.00;40.75;34.50;24.75;23.50;23.25;24.25;24.00;25.50;32.00;28.00;23.75;24.00;24.00]
101592-[25.50;24.50;25.75;27.25;26.50;25.75;25.25;24.75;25.50;25.25;26.00;34.00;33.25;26.25;25.00;25.00;25.00;25.25;27.25;40.00;39.25;26.75;25.25;24.50;25.00;24.50;27.50;41.25;39.50;26.50;24.50;24.25;24.50;24.75;27.50;41.75;38.75;26.00;24.25;23.25;24.25;24.50;27.00;41.50;36.25;25.00;24.00;24.00;24.00;24.50;26.00;40.75;34.75;24.50;23.75;22.75;24.50;24.50;25.25;32.50;27.75;24.00;23.75;23.50]
102077-[25.25;24.50;25.75;26.50;26.50;25.50;25.50;25.25;25.25;24.50;26.00;34.50;33.25;25.50;25.50;25.00;25.25;25.00;27.00;40.25;39.50;26.50;25.50;24.50;24.50;24.75;27.50;41.00;39.75;26.00;24.50;24.00;24.75;25.25;27.50;41.75;38.50;25.75;25.00;23.75;24.25;24.75;27.25;41.75;37.25;25.50;24.25;24.50;23.50;24.25;26.25;41.00;34.50;25.00;23.75;23.00;24.25;24.25;25.25;31.75;27.50;23.75;23.25;23.25]
102562-[25.25;25.00;26.00;27.00;26.75;25.75;25.50;25.25;25.00;24.75;26.25;33.75;33.00;26.00;25.00;25.25;24.75;25.00;27.00;40.25;39.25;27.00;25.25;24.75;24.75;24.75;27.25;41.50;40.00;26.25;24.50;24.50;24.75;24.75;27.75;41.75;38.75;26.00;24.75;24.00;24.50;24.50;27.25;41.50;36.50;25.25;24.00;24.25;23.50;24.00;26.25;41.00;34.50;25.00;23.75;23.25;24.00;24.25;24.50;31.75;28.00;23.50;23.75;23.25]
103047-[25.00;24.25;25.25;26.50;26.25;25.50;25.25;25.25;25.00;25.00;26.00;34.25;33.25;26.00;24.75;25.00;25.00;25.50;27.00;40.50;39.50;26.50;25.00;24.50;24.75;24.75;27.25;41.50;39.50;26.50;24.75;24.00;24.75;24.75;27.50;41.75;38.25;26.00;24.50;24.00;24.50;24.50;27.00;41.50;36.75;25.50;24.25;24.25;23.75;24.00;26.50;40.50;34.50;24.75;23.50;23.00;24.00;24.25;25.00;32.00;27.75;23.75;23.25;23.75]
103532-[25.25;24.50;25.50;26.75;26.50;25.25;25.00;24.50;24.75;24.75;26.25;33.50;33.25;26.25;25.00;25.00;24.75;25.25;27.25;40.50;39.25;27.00;25.00;24.50;24.50;24.75;27.25;41.25;39.50;26.00;24.50;24.25;24.75;24.75;27.50;41.50;38.75;25.75;24.25;23.75;24.00;24.75;27.00;41.50;36.50;25.25;23.75;24.00;24.00;24.25;26.75;40.75;34.75;25.00;23.75;23.50;24.00;23.75;25.25;32.00;27.75;24.00;24.25;23.00]
104017-[25.00;24.00;25.25;26.75;27.00;25.75;25.00;25.00;25.25;25.00;26.25;34.00;33.50;26.00;25.25;24.75;25.25;25.00;27.00;40.75;39.00;26.00;25.25;24.50;24.25;24.75;27.00;41.50;39.25;26.00;24.50;24.25;24.25;25.00;27.00;41.75;38.25;26.00;24.50;23.75;24.75;24.75;27.25;41.25;36.75;25.25;24.25;23.75;23.50;24.50;26.25;40.75;34.25;25.25;23.00;23.50;23.50;24.25;24.75;32.25;27.50;23.75;23.25;23.00]
104502-[25.00;24.50;25.50;27.00;26.75;25.25;25.00;25.50;24.75;25.00;26.25;34.00;33.50;26.25;25.00;25.50;24.75;25.50;27.25;40.25;39.50;26.50;25.50;24.50;24.75;25.25;27.25;41.25;39.25;26.25;25.00;23.75;24.75;25.25;27.75;41.75;38.50;25.75;25.00;24.00;24.50;24.75;27.00;41.50;36.75;25.25;24.25;24.00;24.25;24.25;26.50;41.00;34.00;24.75;23.25;23.00;24.00;24.25;25.00;31.50;28.25;24.25;24.00;23.25]
104987-[25.25;25.00;25.50;26.75;26.50;25.50;25.50;24.75;25.00;24.50;26.25;34.25;33.00;26.00;24.75;25.00;25.25;25.00;27.00;40.25;39.25;26.50;25.00;24.25;24.75;24.50;27.50;41.25;39.50;26.50;24.75;24.00;24.75;25.00;27.50;41.50;38.25;26.00;24.75;24.25;24.50;24.50;27.00;41.50;36.75;25.00;24.00;24.25;24.00;23.50;26.00;41.00;34.50;24.75;23.75;23.00;24.00;24.25;25.00;32.50;27.75;23.75;23.50;23.50]
105472-[25.25;24.75;25.25;26.75;26.25;25.50;25.50;25.00;25.50;24.75;26.00;33.75;33.25;25.75;24.75;24.50;25.00;24.75;27.25;40.25;39.25;26.50;25.00;23.75;24.50;24.50;27.50;41.25;39.50;26.00;24.50;24.00;24.50;25.25;27.50;41.75;38.25;25.50;24.00;23.75;23.75;24.25;26.75;41.25;36.25;24.75;23.25;23.75;24.00;24.25;25.75;40.75;34.75;24.25;23.75;22.75;23.50;23.50;24.75;32.00;27.75;23.50;23.50;23.00]
105957-[25.25;24.75;25.25;27.00;26.75;25.25;25.00;25.00;25.25;24.75;25.75;34.25;33.25;26.00;25.00;25.50;24.75;24.75;27.00;40.25;39.50;26.00;25.00;24.50;24.50;24.75;27.25;41.25;39.75;26.00;24.75;24.25;24.50;25.25;27.50;41.75;38.50;26.00;24.25;23.50;24.00;24.75;27.00;41.25;36.50;25.00;24.00;24.00;24.00;23.75;26.25;40.50;34.50;24.75;23.50;23.00;23.25;24.50;24.75;31.50;28.25;24.00;23.50;23.25]
106442-[24.75;24.50;25.25;26.75;26.50;25.25;25.25;25.25;25.25;25.25;26.00;34.25;33.50;26.00;25.00;25.00;24.75;25.50;27.00;40.25;39.75;26.50;24.50;24.50;24.50;24.50;27.50;41.00;39.50;26.00;24.75;24.25;25.00;25.00;27.25;41.25;38.00;25.75;25.00;23.50;24.50;24.75;26.50;41.25;36.25;24.75;24.00;24.00;24.00;24.25;26.00;40.50;34.75;24.75;23.75;23.00;23.75;24.00;25.00;32.50;27.50;23.75;23.50;23.00]
106927-[25.50;24.25;25.00;26.75;26.50;25.50;24.75;24.75;24.75;25.25;26.00;33.75;33.25;26.00;25.00;24.75;24.75;25.00;27.00;40.00;39.25;26.75;25.00;24.75;24.75;24.75;27.25;41.25;39.50;26.00;24.25;23.75;24.50;24.50;27.75;41.75;38.50;26.00;24.50;23.75;24.50;24.25;27.00;41.25;36.75;25.00;24.50;24.00;23.75;24.25;26.25;41.00;34.50;25.00;23.25;23.25;23.25;23.75;24.75;32.00;27.50;23.50;23.75;23.75]
107412-[25.00;25.00;25.00;26.50;26.50;25.50;25.50;25.25;25.00;25.00;26.25;33.75;33.25;25.75;24.75;24.75;25.00;25.25;27.00;40.25;39.25;26.50;25.25;25.00;24.75;25.00;26.75;41.50;39.25;26.00;24.50;24.25;25.25;25.25;27.75;41.75;38.50;26.00;24.75;23.50;24.75;25.00;27.00;41.25;36.75;24.75;24.00;24.00;24.25;23.75;26.25;40.75;34.75;25.00;24.00;23.00;24.00;24.75;25.00;32.00;27.75;23.50;23.75;23.00]
107897-[25.00;24.75;25.50;26.75;27.00;25.50;25.25;25.25;25.25;25.00;26.25;33.75;33.50;26.50;25.00;25.00;25.50;25.25;27.25;40.50;39.50;26.75;25.00;24.50;24.75;24.50;27.50;41.25;39.50;26.25;24.75;23.75;25.25;25.25;27.75;41.75;38.75;26.00;24.50;23.50;24.50;24.50;27.00;41.50;36.75;25.25;24.00;24.25;24.25;24.50;26.25;41.25;34.50;24.75;24.25;22.50;24.00;24.00;25.00;32.25;27.75;23.75;23.00;23.50]
108382-[24.75;24.75;25.75;27.25;27.00;25.25;25.25;25.50;25.00;25.00;26.50;34.25;33.50;26.25;24.75;25.25;25.25;25.25;27.00;40.50;39.75;26.75;25.25;24.25;24.75;25.00;27.50;41.75;40.00;26.50;24.50;24.00;24.75;25.00;27.50;41.75;39.00;26.25;24.75;24.00;24.50;25.00;27.25;41.25;36.75;25.75;24.25;24.00;24.00;24.00;26.50;41.00;34.50;24.25;24.00;23.50;24.25;24.25;25.50;32.00;28.25;24.00;23.75;23.75]
108867-[25.25;24.50;25.50;26.75;27.00;25.50;25.50;25.00;25.50;25.00;26.50;34.50;33.50;26.00;25.25;25.00;25.25;25.25;27.25;40.50;39.50;26.50;25.25;24.25;24.75;24.50;27.50;41.50;39.75;26.25;24.75;24.50;25.25;24.75;27.75;42.00;38.75;26.00;24.75;24.00;24.25;25.00;27.50;41.50;36.50;25.50;24.25;24.00;24.25;24.25;26.50;41.00;34.75;24.75;23.75;23.50;23.75;24.25;25.25;32.50;28.25;23.75;24.50;23.75]
109352-[25.50;24.50;25.50;27.00;27.25;25.00;25.25;25.00;24.75;25.00;26.00;34.25;33.25;26.75;25.00;24.75;25.25;25.25;27.00;40.25;39.50;27.25;25.25;24.25;25.00;25.00;27.50;41.25;39.75;26.50;24.75;24.00;24.75;25.50;28.00;42.00;38.50;26.25;24.75;24.25;24.50;25.00;27.00;41.50;36.75;25.75;24.25;24.00;24.25;24.50;26.50;40.75;34.75;24.75;23.75;23.25;24.25;24.25;25.25;32.25;28.00;24.25;23.75;24.25]
109837-[25.00;25.00;25.50;27.00;27.00;25.75;25.50;24.75;25.50;25.00;26.25;34.25;33.50;26.25;25.00;25.00;25.25;25.50;27.25;40.75;39.50;27.00;25.25;24.50;24.75;25.00;27.50;41.50;39.50;26.25;25.00;24.25;25.00;25.50;27.75;42.00;38.75;26.25;25.00;24.50;24.50;25.00;27.50;41.75;36.75;25.25;24.25;24.50;24.75;24.25;26.25;41.25;34.75;25.00;23.50;23.25;24.50;24.75;25.50;32.00;28.00;24.25;24.00;23.50]
110322-[25.25;25.00;25.50;27.00;26.75;25.25;24.75;25.50;25.25;25.00;26.25;34.25;33.50;26.25;25.25;25.25;24.75;25.50;27.25;40.75;39.50;26.75;25.50;24.50;25.00;25.00;27.25;41.25;40.00;26.75;25.00;24.25;25.00;25.00;27.50;41.75;38.75;26.00;24.75;24.25;24.50;25.00;27.50;41.25;36.75;25.25;24.00;24.25;24.25;24.25;26.00;41.00;34.75;24.75;24.25;23.25;23.75;24.25;24.75;32.25;27.75;24.25;23.75;23.25]
110807-[25.25;24.50;25.00;26.25;27.00;25.50;25.75;25.25;25.25;25.00;26.25;34.00;33.75;26.50;24.75;25.25;24.75;25.50;27.25;40.50;39.75;27.00;25.50;24.75;24.75;24.75;27.75;41.50;39.75;26.25;24.25;24.50;24.75;25.00;27.75;42.00;38.75;25.75;24.50;23.75;24.25;24.75;27.25;41.50;36.75;25.50;23.75;23.75;24.25;24.00;26.50;41.00;34.50;24.75;24.25;23.25;23.75;24.00;25.25;32.25;28.00;23.50;24.50;23.50]
111292-[25.50;24.75;25.75;27.25;27.25;25.50;25.25;24.75;25.25;25.50;27.00;34.25;34.00;26.00;25.00;25.25;25.25;25.50;27.50;40.75;39.75;27.00;25.25;25.00;25.25;25.00;27.50;41.50;39.75;26.50;25.25;24.25;24.75;25.50;27.75;42.00;38.50;26.25;25.25;24.00;24.25;24.75;27.25;41.50;37.00;25.75;24.50;24.25;24.00;24.00;26.75;41.25;34.75;24.75;24.00;23.50;24.25;24.25;25.25;32.25;28.00;24.00;23.75;23.25]
111777-[25.25;25.00;25.50;26.50;27.00;25.25;25.50;25.25;25.25;25.00;26.50;34.50;33.75;26.50;25.50;24.75;25.00;25.25;27.00;40.25;39.50;26.50;25.25;24.75;25.00;25.25;27.50;41.75;39.75;26.75;25.00;24.25;24.50;25.25;27.75;42.00;39.00;26.25;25.25;23.75;24.50;25.00;27.00;41.75;36.75;25.50;24.25;24.25;24.25;23.75;26.25;40.75;34.75;24.50;24.00;23.25;24.00;24.25;24.75;32.25;27.75;24.00;24.00;23.25]
112262-[25.75;24.75;25.50;27.50;27.25;25.50;25.50;25.25;25.25;25.25;26.25;34.25;33.50;26.50;25.25;25.25;25.00;25.25;26.75;40.75;39.50;27.00;25.00;24.75;25.25;25.00;27.50;41.50;39.75;26.25;24.75;24.50;24.75;25.50;27.75;42.00;38.50;26.50;24.50;24.25;24.50;24.50;27.50;41.50;37.00;25.25;24.25;24.25;23.75;24.00;26.25;41.50;34.50;25.25;23.75;23.50;24.00;24.00;25.25;32.25;28.50;24.25;24.25;23.25]
112747-[25.50;24.75;25.50;27.25;27.25;25.75;25.50;25.00;25.50;25.25;26.00;34.50;33.50;26.50;25.25;25.50;25.00;25.50;27.50;40.50;39.75;26.75;25.25;24.50;25.25;24.75;27.50;41.25;39.75;26.25;24.50;24.75;25.00;25.50;27.75;41.75;39.00;26.25;24.75;24.25;24.25;24.75;27.00;41.50;37.00;25.25;24.25;24.00;24.25;24.25;26.25;41.50;34.50;25.00;23.75;23.25;24.00;24.25;25.00;32.75;28.00;24.00;23.25;23.75]
113232-[25.00;25.00;25.50;27.00;27.25;25.25;25.50;25.25;25.50;25.50;26.50;34.25;33.75;26.75;25.25;25.00;25.50;25.25;27.50;40.75;40.00;27.00;25.75;25.00;25.00;25.00;27.50;41.50;39.75;26.75;25.00;24.50;24.75;25.00;28.25;41.75;39.00;26.25;24.75;24.00;24.50;25.25;27.25;41.75;36.75;25.75;24.00;24.00;24.25;24.50;26.50;41.25;34.75;25.00;23.75;23.50;24.00;24.25;25.50;32.50;27.75;23.50;23.75;23.50]
113717-[25.25;24.75;26.00;26.75;27.00;25.50;25.50;25.50;25.25;25.25;26.25;34.50;33.25;26.50;25.00;25.50;25.25;25.00;27.00;40.50;39.75;27.00;25.25;25.00;25.50;25.25;27.25;41.75;39.75;26.50;25.25;24.25;24.75;25.00;27.75;42.00;38.75;26.00;25.00;24.00;24.50;24.75;27.50;41.50;36.75;25.75;24.50;24.50;24.25;24.50;26.75;41.00;34.75;25.00;24.00;23.00;23.75;24.00;25.00;32.00;28.25;23.75;23.50;23.50]
114202-[25.00;24.75;25.75;26.75;27.25;25.75;25.75;25.50;25.50;25.25;26.50;34.00;33.75;26.25;25.75;25.00;25.00;25.25;27.25;40.50;39.75;27.00;25.25;24.75;24.75;24.75;27.75;41.00;39.75;26.25;24.50;23.75;25.00;25.00;27.25;41.75;38.75;26.25;25.00;24.00;24.75;25.00;27.00;41.50;36.75;25.50;24.50;24.25;24.50;24.25;26.25;41.00;34.75;25.00;23.75;23.50;23.25;23.50;25.25;32.00;28.25;24.00;24.00;23.50]
114687-[25.00;24.75;25.50;26.75;26.50;25.25;25.25;25.00;25.50;25.25;26.50;34.25;33.25;26.00;25.00;25.00;25.00;25.25;27.00;40.75;39.50;27.00;25.00;24.75;25.00;25.50;27.25;41.00;39.50;26.25;24.75;24.50;24.75;25.00;27.50;41.75;38.50;26.25;24.75;23.75;24.25;25.00;27.25;41.50;36.75;25.75;23.75;23.75;24.00;24.25;26.00;41.00;34.75;25.00;23.75;23.25;24.00;24.75;26.00;32.25;27.75;24.00;23.75;24.00]
115172-[25.00;25.00;25.25;27.00;27.00;25.50;25.75;25.00;25.75;25.00;26.50;34.00;33.50;26.25;25.00;25.00;25.25;25.25;27.00;40.50;39.50;26.75;25.25;24.75;24.75;24.75;27.50;41.25;39.50;26.50;24.75;24.50;24.75;25.00;27.75;41.75;39.00;26.25;24.25;23.75;24.25;25.00;27.00;41.25;36.75;25.50;24.25;23.75;24.25;24.50;26.25;41.00;34.50;24.75;23.75;23.00;24.25;24.50;25.25;32.50;28.00;24.00;23.50;23.50]
115657-[25.50;24.50;25.75;27.00;26.75;25.50;26.00;24.25;25.25;25.25;26.25;34.00;33.50;26.50;25.25;25.25;25.25;25.25;27.25;40.25;39.50;26.50;24.75;24.50;24.75;25.00;27.50;41.25;39.75;26.50;24.50;24.25;24.25;25.00;27.50;41.50;38.75;26.00;24.50;24.50;24.50;25.00;27.00;41.25;36.75;25.50;24.00;24.50;24.50;24.00;26.50;40.75;35.00;24.75;24.25;23.00;23.75;24.50;24.75;31.75;27.75;24.50;23.75;23.75]
116142-[25.75;24.75;25.50;27.00;26.75;25.50;25.75;25.00;25.00;25.00;26.25;34.50;33.75;26.25;25.25;25.00;25.00;25.25;27.00;40.25;39.75;26.75;25.50;25.00;24.75;24.75;27.25;41.25;39.75;26.00;24.75;24.25;24.50;24.75;27.75;41.50;39.00;26.00;24.75;24.00;24.50;24.25;27.25;41.00;36.75;25.25;24.00;24.25;24.00;24.00;26.50;40.75;35.00;24.75;23.75;23.25;24.00;24.50;25.25;31.00;27.50;24.25;23.75;24.00]
116627-[25.50;24.75;25.25;26.75;27.00;25.50;25.75;25.25;25.25;25.00;26.25;34.75;33.75;26.50;25.50;25.25;25.25;24.75;27.25;40.75;39.50;27.00;25.25;25.00;24.50;25.00;27.25;41.25;40.00;26.75;24.75;24.75;25.50;25.00;27.50;41.75;38.50;26.00;25.00;24.00;24.75;24.75;27.00;41.25;36.75;25.50;24.50;24.00;23.75;24.25;26.25;40.50;34.75;25.00;23.75;23.25;24.50;23.75;25.50;31.50;27.75;24.25;24.00;24.00]
117112-[25.50;24.50;26.00;27.50;27.00;25.50;25.75;24.75;25.75;24.75;26.25;34.75;34.00;26.50;25.00;25.50;25.25;25.00;26.75;40.50;39.25;27.00;25.75;24.50;24.75;25.25;27.25;41.25;39.75;26.75;24.75;24.50;25.00;25.25;27.75;41.75;38.75;26.00;25.25;24.00;24.50;24.75;27.25;41.50;37.00;25.25;24.00;24.00;24.50;24.00;26.25;40.75;34.75;24.75;24.25;22.75;23.75;24.25;25.00;31.50;28.00;24.25;23.75;23.50]
117597-[25.50;24.75;25.50;27.25;27.00;25.50;26.00;25.25;25.50;25.25;26.25;34.50;33.50;26.25;25.00;25.25;25.25;25.50;27.50;40.25;39.75;27.00;25.50;24.50;24.75;24.75;27.50;41.25;40.00;26.50;24.75;24.25;24.75;25.00;27.75;41.50;38.75;26.00;24.75;23.75;24.75;24.75;27.50;41.50;36.75;25.75;24.00;24.00;24.00;24.25;26.00;41.00;35.00;24.50;23.75;22.50;23.50;24.50;25.00;31.25;27.25;24.75;23.50;23.25]
118082-[25.50;25.00;25.50;27.00;27.00;25.75;25.75;24.75;24.75;25.00;26.25;34.75;33.75;26.50;24.50;24.75;25.00;25.25;27.00;40.25;39.25;27.00;25.00;24.50;24.75;25.25;27.00;41.00;39.50;26.00;24.50;24.25;25.25;25.00;27.75;41.50;38.75;25.75;24.50;23.75;24.25;24.75;27.00;41.25;37.00;25.50;24.00;24.00;24.25;24.25;25.75;40.50;35.25;25.25;24.00;23.00;24.00;23.75;25.00;31.50;27.50;23.75;23.75;23.00]
118567-[25.25;24.50;25.50;27.00;26.75;25.25;25.75;25.25;25.50;25.00;26.50;34.75;34.25;26.00;25.00;24.50;25.00;25.25;27.25;40.25;39.50;26.75;25.50;24.75;25.00;25.00;27.25;41.00;39.75;26.25;24.25;24.50;25.00;25.25;27.75;41.75;38.75;26.25;25.25;24.00;24.25;25.00;27.25;41.50;36.75;25.50;24.25;24.25;23.75;24.00;26.25;41.00;34.75;24.75;24.50;23.50;24.50;24.25;24.50;31.25;27.25;23.50;23.50;23.00]
119052-[25.50;25.00;26.00;27.00;27.25;25.75;25.75;25.50;25.50;24.75;26.50;34.50;34.25;26.25;25.50;25.00;25.50;25.00;27.25;40.25;39.50;27.00;25.00;24.75;25.00;25.00;27.25;41.25;39.75;26.50;24.25;24.25;25.00;25.00;27.75;41.75;38.75;25.75;24.75;24.00;24.50;24.50;27.25;41.25;36.75;25.50;24.00;24.00;24.00;24.00;26.75;40.50;34.75;25.00;23.00;23.00;24.00;24.25;25.25;31.75;27.50;24.50;23.50;23.50]
119537-[25.25;25.00;25.50;27.25;27.00;25.50;25.25;25.00;25.50;25.25;26.50;34.50;34.00;26.50;25.25;25.00;25.50;25.50;27.25;40.00;39.25;26.75;25.25;25.00;25.25;25.00;27.75;41.50;40.00;26.25;25.00;24.25;25.00;25.25;27.50;41.75;38.75;25.75;25.00;23.75;24.75;25.00;27.25;41.50;36.75;25.50;24.25;24.00;24.25;25.00;26.25;40.75;35.00;24.50;23.75;23.25;24.00;24.00;25.00;31.25;27.50;24.25;23.50;23.25]
120022-[25.25;24.75;26.00;27.50;27.75;25.50;26.00;25.25;25.25;25.50;26.00;34.75;34.00;26.50;25.25;25.25;25.00;25.50;27.50;40.25;39.75;27.00;25.50;25.00;25.00;25.00;27.25;41.50;40.00;26.75;24.75;23.75;25.00;25.25;27.50;41.75;38.75;26.00;25.00;24.00;24.50;24.75;27.50;41.50;37.00;25.50;24.50;24.25;24.50;24.00;26.00;40.50;35.00;24.75;24.00;23.50;23.25;24.75;25.00;31.50;27.50;24.00;24.00;23.50]
120507-[25.75;24.75;26.00;27.25;27.50;25.75;26.00;25.00;25.25;25.00;26.25;34.50;34.25;26.25;25.00;25.00;25.00;25.00;27.25;40.50;39.50;27.00;25.50;24.75;25.00;25.25;27.50;41.25;39.75;26.25;25.00;24.50;24.75;25.25;27.75;41.75;38.75;26.25;24.50;24.00;24.75;25.25;27.00;41.25;37.00;25.50;23.75;24.00;24.25;24.75;26.25;40.75;34.50;24.75;23.75;23.00;24.00;24.50;25.25;31.25;27.75;24.25;23.75;23.75]
120992-[25.50;24.75;25.50;27.75;27.00;25.75;26.00;25.00;25.25;25.00;26.25;34.50;34.00;26.50;25.00;26.00;25.50;25.75;27.00;40.50;39.75;26.75;25.25;24.50;24.75;25.25;26.75;41.75;39.50;26.75;25.00;24.50;24.75;25.25;27.75;41.75;38.75;25.50;24.75;24.00;24.75;25.50;27.25;41.75;37.00;25.50;24.75;24.50;24.75;23.75;26.00;40.75;34.75;25.00;24.00;22.50;24.00;24.50;25.25;31.50;27.50;24.00;24.25;23.25]
121477-[25.00;25.00;26.00;27.50;27.00;26.00;25.75;25.75;25.50;24.75;26.50;34.75;34.25;26.25;25.25;25.50;25.25;25.50;27.50;40.25;39.25;27.00;25.50;25.00;24.75;24.75;27.25;41.25;39.50;26.50;24.75;24.25;25.00;25.00;27.25;41.75;38.75;25.75;25.25;23.75;24.25;25.00;27.00;41.25;37.25;25.25;24.25;24.25;24.25;24.25;26.25;40.75;34.75;24.75;24.00;23.25;23.50;24.50;24.75;31.50;27.75;23.75;24.00;23.50]
121962-[25.00;24.50;26.00;27.25;27.00;25.50;25.75;24.75;25.50;25.50;25.75;34.50;34.00;26.75;25.00;25.75;25.25;25.75;27.00;40.75;39.75;26.50;25.50;25.25;24.75;25.00;27.50;41.50;40.25;26.50;25.00;24.50;24.75;25.25;28.00;41.75;38.50;26.00;25.00;23.75;25.00;25.00;27.25;41.50;37.25;25.50;24.25;23.75;24.25;24.25;26.25;41.00;34.75;25.25;24.00;23.25;23.50;24.50;25.00;31.75;28.00;24.00;23.00;23.75]
122447-[25.75;24.75;26.00;27.50;27.00;25.50;26.00;25.50;25.25;25.00;26.00;34.50;33.75;26.50;25.75;25.25;25.25;25.75;27.00;40.50;39.50;26.75;25.25;24.75;25.00;25.00;27.25;41.25;40.00;26.50;24.75;24.50;25.25;25.25;27.75;42.00;39.00;26.25;25.50;23.75;24.25;25.00;27.00;41.50;37.00;25.50;24.50;24.00;24.25;24.25;26.25;40.75;34.75;25.50;24.25;23.25;23.75;24.50;25.25;31.75;28.00;24.25;23.25;23.75]
122932-[25.75;25.25;26.00;27.00;27.50;25.25;26.00;25.50;25.50;25.25;26.75;34.50;34.00;25.75;25.50;25.25;25.50;25.50;27.50;40.25;39.75;27.00;25.25;24.75;25.00;25.25;27.25;41.50;39.75;26.50;25.25;24.75;25.50;25.25;27.25;42.00;38.50;26.50;25.00;24.25;24.25;24.75;27.25;41.75;36.75;25.50;24.25;24.00;24.50;24.25;26.50;41.00;35.25;25.00;24.00;23.25;23.75;24.00;25.00;31.25;27.00;24.25;23.75;23.50]
123417-[25.75;25.00;25.50;27.25;26.75;25.25;26.00;25.50;25.75;25.25;26.75;34.50;34.00;26.25;25.00;25.00;25.50;25.25;27.25;40.25;39.50;26.75;25.50;24.75;25.00;25.00;27.50;41.25;39.75;26.50;25.00;24.75;25.00;25.25;27.75;41.75;38.75;26.25;24.75;24.00;24.25;25.25;27.00;41.50;36.75;25.75;24.25;24.25;24.00;24.00;26.00;41.25;34.75;24.25;23.75;23.25;24.00;24.25;25.00;31.75;27.75;24.00;23.75;23.75]
123902-[25.00;24.75;25.50;27.25;27.00;25.50;25.50;24.75;25.25;25.00;26.00;34.75;34.00;26.25;25.25;25.50;25.25;25.50;26.75;40.75;39.50;26.50;25.50;25.00;25.00;24.75;27.25;41.75;39.50;26.50;24.75;24.25;25.00;25.50;28.00;41.25;38.75;26.25;24.75;24.00;24.50;25.00;27.25;41.50;37.00;25.50;24.25;23.75;24.00;24.00;26.50;40.75;34.75;24.75;23.75;23.50;23.75;24.00;25.00;31.75;27.50;24.25;23.75;23.50]
124387-[25.00;24.75;26.00;27.00;27.00;26.00;26.00;25.00;25.50;25.00;26.75;34.50;33.75;26.00;25.00;25.25;24.75;25.25;27.25;40.25;39.25;26.50;25.50;24.25;25.25;25.00;27.25;41.25;39.50;26.25;25.00;24.25;24.50;25.25;27.25;41.75;38.75;25.75;24.75;23.75;24.50;24.50;27.25;41.50;36.75;25.25;24.50;23.75;24.00;24.25;26.50;40.50;34.50;25.25;23.25;23.00;24.00;23.75;25.25;31.25;28.00;24.00;23.75;23.50]
124872-[25.00;24.75;25.25;27.25;26.50;25.50;25.50;24.50;25.25;24.75;26.50;34.75;33.50;26.25;25.25;25.00;25.00;25.25;26.75;39.75;39.50;26.75;25.25;24.75;24.75;24.50;27.25;41.00;39.50;26.00;24.50;24.50;24.50;25.00;27.50;41.25;38.75;26.00;24.50;23.25;24.25;24.25;27.25;41.50;36.50;25.00;24.00;23.75;24.00;24.00;25.75;40.50;35.00;24.50;23.50;23.00;23.75;24.25;25.25;31.75;27.50;23.50;23.75;23.25]
125357-[24.50;24.50;25.00;27.25;26.75;25.25;25.25;25.00;24.75;24.75;26.00;34.25;33.75;25.75;25.00;24.75;24.75;25.25;27.00;40.25;39.50;26.50;25.25;24.00;24.50;24.50;27.00;41.00;39.50;26.25;24.50;24.00;24.75;25.00;27.25;41.25;38.75;25.50;24.25;23.50;24.25;24.25;27.00;41.25;37.25;25.25;24.00;23.75;24.25;24.25;26.25;41.00;34.75;25.00;24.00;23.25;23.75;24.25;24.50;30.75;27.50;24.25;23.75;23.50]
125842-[24.75;24.50;25.00;26.75;26.75;25.25;24.75;25.25;25.50;24.75;26.00;34.25;33.50;26.25;24.50;25.25;24.75;25.25;26.75;39.75;39.25;26.25;25.00;24.25;24.75;24.75;27.00;41.00;39.25;26.25;24.75;23.75;24.75;24.75;27.25;41.25;38.25;26.00;24.25;23.75;24.00;25.00;26.75;41.25;36.50;25.25;24.25;23.75;23.75;24.00;26.00;40.25;34.50;24.75;23.75;23.00;23.75;23.75;24.50;31.50;27.50;23.25;23.75;23.75]
126327-[25.00;24.25;25.00;26.50;26.50;25.25;25.50;24.75;25.00;24.75;26.25;34.00;33.25;25.75;25.00;25.00;24.50;25.00;26.75;39.75;39.25;26.25;25.00;24.50;24.50;24.75;27.25;41.00;39.50;26.25;24.75;24.25;24.75;25.00;27.50;41.75;38.50;25.75;24.50;24.00;24.00;24.50;26.75;41.25;36.50;25.00;23.75;24.00;23.75;23.75;26.25;40.50;34.50;24.75;23.50;23.25;23.25;24.00;25.00;31.75;27.75;23.50;23.50;23.00]
126812-[24.50;24.75;25.25;26.75;26.50;25.25;25.00;24.00;25.25;24.75;25.75;34.00;33.25;26.00;25.00;25.00;25.25;25.25;27.00;39.75;39.00;26.50;25.00;24.25;24.50;24.75;27.00;41.50;39.50;26.00;25.00;24.00;25.00;24.75;27.00;41.50;38.25;25.50;24.50;24.00;24.25;24.75;27.00;41.25;36.75;25.00;23.50;23.50;24.00;24.00;26.00;40.25;34.50;24.50;23.25;23.50;24.25;24.25;24.50;31.50;27.75;23.50;23.50;23.25]
127297-[25.00;24.50;25.25;26.75;27.00;25.25;25.00;24.50;25.50;24.75;26.25;34.00;33.75;25.75;24.75;24.50;25.00;25.00;27.50;40.50;38.75;26.75;25.25;24.25;24.50;24.75;27.00;41.00;39.50;26.25;24.75;24.50;24.50;25.25;27.50;41.50;38.25;25.75;24.50;23.50;24.25;24.50;26.75;41.25;36.75;25.25;24.00;24.00;24.25;24.00;26.25;40.75;34.50;24.50;24.00;23.25;24.00;24.50;25.25;31.75;27.25;23.75;23.50;22.75]
127782-[25.00;24.75;25.25;27.25;26.75;26.00;25.25;25.00;25.50;25.00;25.75;34.25;33.75;26.00;25.25;25.00;25.00;25.25;27.00;40.25;39.00;26.25;25.25;24.75;24.50;24.75;26.75;41.00;39.50;26.00;24.50;24.25;24.75;25.00;27.50;41.50;38.50;26.00;24.50;23.75;24.75;24.50;26.75;41.50;36.75;25.00;23.75;23.75;23.75;24.00;26.25;40.50;34.50;24.75;23.75;23.00;24.00;23.75;25.25;31.50;27.50;23.50;23.75;23.25]
128267-[25.25;24.75;25.50;26.75;26.75;25.25;25.00;25.00;25.25;25.25;25.75;34.50;33.75;26.00;25.00;25.25;25.00;25.50;26.75;40.00;39.50;26.75;25.00;24.25;25.00;24.75;27.25;41.25;39.25;26.25;24.75;23.50;24.50;25.25;27.50;41.50;38.50;26.00;24.50;23.75;24.25;24.75;27.25;41.25;36.75;25.25;23.75;23.75;24.25;24.25;26.25;40.75;34.75;24.50;23.75;23.50;24.00;23.75;25.25;31.50;27.50;23.25;23.75;23.00]
128752-[25.00;24.75;25.50;26.75;27.00;25.25;25.25;24.75;25.00;25.00;26.25;34.75;33.75;25.75;24.50;24.50;24.75;25.00;27.00;40.25;39.50;26.75;24.75;24.25;25.00;24.75;27.00;41.25;39.50;26.25;24.50;24.00;24.75;25.00;27.75;41.50;38.75;26.00;24.50;24.25;24.50;24.75;27.50;41.50;36.50;25.25;24.25;23.75;24.00;24.50;26.50;40.75;34.75;24.50;23.75;23.25;24.00;24.50;24.50;31.75;27.75;23.75;23.75;22.75]
129237-[24.75;25.00;26.00;27.00;27.25;25.25;25.50;25.00;25.00;24.75;26.25;34.00;33.75;26.25;25.00;25.00;25.00;25.00;27.00;40.50;39.75;26.75;25.00;25.00;24.75;24.75;27.25;41.50;40.00;26.25;24.75;24.25;24.50;25.00;28.00;41.50;38.50;25.75;24.50;23.50;24.50;24.75;27.50;41.50;36.75;25.75;24.25;24.00;24.25;23.75;26.00;40.75;34.50;25.00;23.75;23.25;24.25;23.75;25.50;32.00;28.25;24.00;23.75;23.50]
129722-[25.25;24.75;25.50;27.25;27.50;25.25;25.50;25.00;25.25;24.50;26.50;34.25;34.00;26.25;25.25;24.75;25.00;25.25;27.50;40.25;39.50;26.75;25.25;24.75;24.75;24.50;27.50;41.50;39.50;26.25;24.50;24.00;24.75;25.25;27.75;41.50;38.50;26.00;24.50;23.50;24.25;24.75;27.00;41.50;37.00;25.25;24.00;24.00;24.50;24.00;26.50;40.75;34.75;25.00;23.75;23.50;24.00;24.50;25.50;31.75;27.75;24.00;23.75;23.50]
130207-[25.25;24.75;25.50;27.25;27.00;25.75;25.50;25.25;25.50;25.50;26.00;34.25;33.75;26.25;25.00;25.00;25.25;25.25;27.75;40.25;39.50;27.25;25.25;24.50;24.75;25.00;27.50;41.00;39.75;26.50;24.75;24.00;24.75;25.25;27.75;41.75;39.00;25.75;24.75;24.00;24.25;25.00;27.00;41.50;36.75;25.00;24.25;24.25;24.25;23.50;26.25;40.75;35.25;25.00;24.00;23.50;24.00;24.25;25.00;32.25;27.75;23.75;23.50;23.75]
130692-[25.50;24.50;25.50;26.75;27.00;25.75;25.50;25.50;25.25;25.25;26.50;34.75;33.75;26.25;25.00;25.25;25.00;25.25;27.25;40.50;39.50;27.00;25.50;24.25;24.75;25.25;27.50;41.50;39.75;26.25;24.75;24.00;24.75;25.25;28.00;41.75;39.00;26.25;24.50;24.00;24.50;24.75;27.00;41.75;36.75;25.25;24.25;24.25;24.50;24.00;26.25;40.75;35.25;24.75;23.75;23.75;23.50;23.75;25.25;31.50;27.75;24.00;24.00;24.00]
