PlasticoLiquidoBranco300mm
227-   [24.25;23.75;24.75;24.75;24.75;24.75;24.50;23.25;24.75;24.25;25.00;27.00;26.75;24.50;24.25;24.25;24.50;24.00;25.00;33.25;31.75;25.00;24.25;23.75;24.00;24.25;25.25;38.00;35.00;24.75;24.00;23.00;24.00;24.50;25.50;38.50;34.00;24.75;23.75;23.00;23.25;24.00;25.50;38.25;31.50;23.75;23.50;23.00;23.25;23.25;23.75;31.50;27.00;23.75;23.25;22.00;22.50;22.75;23.50;23.00;23.25;22.75;22.75;22.00]
712-   [24.75;24.00;24.75;25.25;25.25;24.25;24.25;24.00;24.25;24.00;25.00;26.50;27.00;24.50;24.25;23.75;24.00;24.50;25.25;33.50;31.75;25.00;24.50;23.50;24.00;24.25;25.50;38.00;35.00;24.75;23.75;23.25;24.00;24.00;25.50;38.75;34.00;24.50;23.50;23.25;23.75;23.75;25.50;38.00;31.50;24.25;23.00;22.75;23.25;23.25;24.25;31.25;26.75;23.75;22.75;22.00;23.00;23.25;23.50;23.50;23.50;23.00;23.25;22.50]
1197-  [24.25;24.25;24.50;25.25;25.00;24.25;24.75;24.00;25.00;24.25;25.25;27.25;26.75;24.75;24.00;24.50;24.25;24.25;24.75;33.00;31.75;25.00;24.50;23.75;23.75;24.50;25.25;37.75;34.75;25.00;24.00;23.25;24.00;24.50;25.75;38.50;33.75;24.75;24.00;23.25;23.50;23.50;25.50;37.75;31.50;24.25;23.25;23.25;23.75;23.00;24.00;31.50;27.00;23.75;22.25;22.00;23.00;23.25;23.50;23.50;23.00;22.75;22.75;22.75]
1682-  [24.25;23.75;24.00;25.50;25.00;24.00;24.25;23.50;24.50;24.25;24.50;26.75;26.75;24.25;24.00;23.50;24.25;24.50;25.50;33.25;31.75;25.25;24.25;23.50;23.50;23.75;25.25;37.75;35.00;25.00;23.75;23.75;24.00;24.50;25.75;38.50;33.75;25.00;23.50;23.25;23.75;24.00;25.25;37.75;31.75;24.25;23.25;23.00;23.25;23.50;24.25;31.75;27.00;24.00;22.75;22.25;23.50;23.25;23.00;24.00;23.50;22.50;22.75;22.00]
2167-  [24.00;23.75;24.25;25.25;24.50;23.75;24.25;23.75;24.50;24.00;24.50;27.00;26.50;25.00;24.00;24.00;23.75;24.25;25.00;32.75;31.25;24.75;24.50;23.50;23.75;24.00;25.25;37.75;35.00;24.75;23.75;23.25;23.50;24.25;25.75;38.75;33.75;24.50;23.50;22.75;23.25;23.50;25.25;37.75;31.50;24.25;23.25;23.25;23.25;23.00;23.75;31.50;27.25;23.50;23.00;22.00;22.75;23.25;23.25;23.50;23.00;22.25;23.25;22.00]
2652-  [24.25;23.50;24.25;24.75;25.00;24.00;24.25;23.75;24.00;24.00;24.75;26.75;27.00;24.25;24.00;24.00;23.75;24.25;25.25;33.00;31.75;24.75;24.00;23.25;23.75;24.00;25.25;38.00;35.00;24.75;23.75;23.50;23.75;24.50;25.75;38.25;34.00;24.50;23.75;23.25;23.75;23.25;25.50;37.50;31.75;24.25;23.50;23.00;23.50;23.00;23.75;31.25;27.25;23.50;23.25;22.25;23.00;23.00;23.50;23.50;23.75;22.75;23.00;22.75]
3137-  [24.25;23.50;24.00;25.00;25.25;24.00;24.50;23.50;24.50;24.25;24.25;27.00;26.25;24.50;23.75;23.75;24.25;24.25;25.00;32.75;31.25;24.75;24.25;24.00;23.75;23.50;25.00;37.50;35.00;25.00;24.00;22.75;24.00;24.25;25.75;38.50;34.00;24.75;23.25;23.25;23.75;23.75;25.00;37.75;32.00;23.75;23.50;23.00;23.25;23.00;23.75;31.50;27.25;23.50;22.50;21.50;23.00;22.75;23.75;23.50;22.75;23.00;22.50;22.50]
3622-  [24.25;24.00;24.25;25.25;25.50;24.50;24.75;24.00;24.50;24.25;24.75;26.75;26.50;24.50;23.75;24.25;24.25;24.75;25.25;33.25;31.75;25.25;24.00;23.75;24.00;24.25;25.25;37.75;35.00;24.50;23.75;23.75;24.00;24.75;26.00;38.25;34.00;24.75;24.00;23.00;23.75;23.75;25.50;38.00;31.50;24.50;23.00;23.25;23.50;23.50;24.50;32.00;27.00;23.75;23.00;22.25;23.50;23.25;23.75;23.75;23.50;22.75;23.00;23.00]
4107-  [24.25;23.50;24.00;25.00;24.75;24.50;25.00;23.75;24.50;24.50;25.25;26.75;26.50;24.50;23.75;24.75;24.50;24.50;25.25;32.75;31.50;25.50;24.25;23.50;23.75;24.50;25.25;38.25;34.75;24.75;24.25;23.75;24.25;24.25;25.75;38.50;33.75;24.75;24.00;23.25;23.50;23.75;25.50;38.25;31.75;24.75;23.25;23.50;23.75;23.25;24.00;32.00;27.00;24.25;23.25;22.50;23.25;23.25;23.75;24.25;23.75;22.50;23.00;22.75]
4592-  [24.25;23.75;24.50;25.00;25.00;24.50;24.50;24.25;24.25;24.25;24.50;26.75;27.00;24.50;24.25;24.00;24.25;24.25;25.25;33.00;31.50;25.00;24.25;24.25;24.00;24.50;25.75;38.00;35.00;25.25;24.00;22.75;24.75;24.50;25.75;38.75;34.25;24.75;23.75;22.75;24.00;24.25;25.50;38.00;31.50;24.25;23.25;23.25;23.25;23.25;24.50;31.75;27.75;23.75;23.50;22.75;23.50;23.25;23.00;24.50;23.50;22.75;23.00;22.75]
5077-  [24.50;23.75;24.75;25.00;25.25;24.75;24.50;23.75;24.50;23.75;25.00;26.50;27.00;24.75;24.25;24.25;24.50;24.75;25.25;33.25;32.00;25.50;24.50;23.50;24.25;24.00;25.75;38.00;35.00;25.00;24.25;23.50;24.25;24.50;26.00;38.50;34.25;24.75;24.00;23.50;23.75;24.25;25.50;38.25;32.00;24.25;23.50;23.00;23.50;23.00;24.25;31.75;27.25;23.75;23.25;22.25;23.50;23.25;23.50;24.00;24.25;22.75;23.25;23.00]
5562-  [24.50;24.00;24.50;25.00;25.50;24.25;25.00;24.00;24.25;24.50;24.75;27.25;26.75;25.00;24.25;24.25;24.50;24.50;25.75;33.25;32.00;25.00;24.50;23.75;24.25;24.00;25.50;38.25;35.25;25.25;24.50;23.50;24.25;24.50;26.50;38.50;34.00;25.00;24.00;23.25;23.75;24.25;25.00;38.25;31.75;24.25;23.75;23.50;23.50;23.75;24.25;32.00;27.50;24.00;23.25;22.75;23.50;23.75;23.75;23.75;23.75;23.25;23.00;22.75]
6047-  [24.25;24.50;24.75;25.75;25.25;24.75;24.75;24.00;24.75;24.75;25.00;27.00;27.00;24.75;24.25;24.25;24.50;24.25;25.50;33.25;32.00;25.50;24.50;24.00;24.25;24.25;25.75;38.00;35.00;25.25;24.25;23.50;24.25;24.75;25.75;38.75;34.25;25.00;24.25;23.25;24.00;24.25;25.75;38.25;31.75;24.75;23.50;23.50;23.75;23.50;24.50;32.00;27.50;23.75;23.25;22.75;22.75;23.75;23.75;24.00;24.00;23.00;23.50;23.25]
6532-  [24.00;24.00;24.50;25.00;25.00;24.50;24.25;23.75;24.25;24.50;24.75;27.00;27.00;25.00;24.50;24.50;24.50;24.75;25.50;33.00;32.00;25.50;24.75;24.00;24.25;24.50;25.75;38.00;35.50;24.75;24.00;24.00;24.50;24.75;26.00;38.50;34.00;25.00;24.00;23.50;24.25;23.75;25.75;38.00;31.50;24.00;23.50;23.25;23.25;23.50;24.75;31.75;27.50;24.00;23.25;22.50;22.75;23.75;23.25;24.00;23.75;23.00;23.25;23.00]
7017-  [24.75;24.00;24.25;25.25;25.00;24.50;25.00;24.50;24.75;24.25;25.25;27.00;27.00;25.00;24.25;24.50;24.50;24.25;25.75;33.50;31.75;25.00;24.50;24.00;24.50;24.50;25.25;38.00;35.25;25.25;24.50;23.25;24.25;24.50;26.25;39.00;34.00;25.25;24.25;23.50;23.75;24.50;25.50;38.00;32.00;25.00;23.25;23.50;23.50;23.50;24.75;32.00;27.50;23.75;23.00;22.25;23.00;24.00;23.75;24.00;24.00;23.00;23.00;23.50]
7502-  [23.75;24.25;24.75;25.50;25.25;24.50;24.50;24.25;24.50;24.25;25.00;26.75;27.00;25.00;24.25;24.50;24.75;24.50;25.50;33.25;31.50;25.25;24.50;24.00;23.75;24.25;25.75;38.00;35.00;25.00;24.00;23.50;24.25;24.50;26.00;38.75;34.25;24.75;24.25;23.75;23.25;24.25;25.75;37.75;31.75;24.50;23.25;23.75;23.50;23.75;24.25;32.00;27.50;24.00;23.00;22.50;23.75;23.50;23.75;24.00;23.75;23.00;23.25;23.25]
7987-  [25.00;24.50;24.75;25.50;25.25;24.50;24.50;24.50;24.50;24.00;25.00;27.00;26.75;25.00;24.50;24.50;24.50;24.50;25.75;33.50;31.75;25.25;24.50;24.25;24.50;24.50;25.50;38.00;35.25;25.00;24.25;23.50;24.50;24.75;25.75;38.25;34.25;24.75;24.00;23.50;23.75;24.50;25.25;38.00;32.00;24.50;23.50;23.75;24.00;23.75;24.00;32.00;27.50;24.25;23.50;22.50;23.25;23.25;23.75;24.00;24.25;23.00;23.50;22.75]
8472-  [24.50;23.75;24.75;25.25;25.50;24.50;25.00;24.50;25.00;24.25;25.50;27.25;26.50;25.25;25.00;24.50;24.25;24.75;25.50;33.00;32.25;25.50;24.50;24.00;24.25;24.50;25.75;38.25;35.25;25.25;24.00;23.50;24.25;24.75;26.25;39.00;34.00;25.25;24.25;23.00;24.00;24.50;25.75;38.25;31.50;24.75;24.00;23.75;23.75;23.25;24.50;32.00;27.75;23.75;23.25;22.50;23.25;23.50;23.50;24.00;23.75;23.25;23.00;23.00]
8957-  [24.75;23.75;24.25;25.25;25.50;24.50;25.25;24.25;25.00;24.25;25.25;27.25;26.75;25.00;24.25;24.50;24.75;24.50;25.75;33.25;31.75;25.50;24.75;24.25;24.50;24.25;25.50;38.25;35.00;25.00;24.00;23.50;24.00;24.75;25.50;38.25;34.00;25.25;24.25;23.50;23.50;24.25;25.50;38.25;32.00;24.50;23.25;23.75;23.50;23.75;24.25;32.25;27.00;24.50;23.75;22.50;23.75;23.50;23.75;24.25;24.00;23.50;23.00;23.00]
9442-  [24.75;24.00;24.50;25.50;25.25;24.50;24.75;24.50;24.50;24.75;25.00;27.00;26.75;24.75;24.75;24.25;24.50;25.00;25.50;33.25;32.00;25.25;24.50;24.00;24.75;24.25;25.75;38.00;35.25;25.50;24.25;23.25;24.50;24.50;25.75;38.75;34.25;25.00;24.00;23.25;24.25;24.25;25.50;38.00;32.00;24.50;23.75;23.75;23.75;23.75;24.75;32.25;27.75;24.00;23.25;22.25;23.50;23.50;24.00;24.00;24.00;23.00;23.00;23.00]
9927-  [24.50;24.25;24.25;25.00;25.00;24.50;24.75;24.50;25.00;24.25;25.00;26.50;27.00;24.50;24.25;24.25;24.50;25.00;25.50;33.00;31.75;25.00;24.75;23.00;24.00;24.25;25.50;37.75;34.75;25.25;24.00;23.50;24.00;24.50;26.00;38.50;34.00;24.75;24.25;23.25;24.00;24.00;25.50;38.00;31.75;24.25;23.75;23.75;23.00;23.50;24.50;32.25;27.25;24.00;23.75;22.50;23.00;23.50;23.50;23.75;23.50;23.00;23.00;22.75]
10412- [24.25;24.25;24.75;25.00;24.75;24.50;24.75;24.00;24.50;24.50;24.75;27.50;26.75;24.75;24.50;24.25;24.75;25.00;25.25;33.25;31.75;25.50;24.50;24.00;24.00;24.25;25.50;38.25;35.00;25.25;23.75;23.50;24.50;24.25;26.25;38.75;34.25;24.75;23.75;24.00;24.00;24.25;25.50;38.00;31.75;24.75;23.50;23.50;23.25;23.25;24.75;31.75;27.75;24.00;23.50;22.50;23.75;23.75;24.00;24.25;23.75;23.25;22.75;23.50]
10897- [24.50;24.00;25.00;25.25;25.25;24.25;24.75;24.25;24.25;24.25;25.00;27.00;26.75;25.00;24.25;24.25;24.25;24.50;25.75;33.25;31.75;25.25;24.75;23.50;24.25;24.50;25.50;38.25;35.25;25.00;24.50;23.50;24.25;24.50;26.25;38.75;34.25;25.00;24.00;23.75;23.75;24.25;25.25;38.00;31.75;24.50;23.75;24.00;24.25;23.25;24.25;31.75;27.50;23.50;23.00;22.50;23.00;23.75;23.75;24.00;24.00;23.00;23.25;23.00]
11382- [24.75;24.00;24.75;25.00;25.25;24.50;24.75;24.00;24.50;24.50;25.50;26.75;27.00;25.25;24.75;24.25;24.75;24.75;25.50;33.25;32.00;25.75;24.75;24.25;24.25;24.50;25.75;38.25;35.25;25.00;24.50;23.75;24.50;24.75;26.50;38.50;34.50;25.25;24.25;23.25;24.25;24.00;25.75;38.25;31.75;25.00;23.75;23.75;23.75;23.75;24.75;32.25;27.50;24.25;23.75;22.50;23.25;24.00;23.75;24.25;24.00;23.25;23.50;22.75]
11867- [25.00;24.00;24.75;25.50;25.50;25.00;24.50;24.00;24.25;24.25;25.25;27.25;27.25;25.00;25.00;24.25;24.50;24.75;26.00;33.50;32.00;25.50;24.75;24.00;24.75;24.50;25.75;38.00;35.00;25.25;24.50;23.75;24.50;25.00;26.00;39.00;34.25;25.50;24.25;23.25;24.25;24.50;26.00;38.25;31.75;25.00;24.00;23.25;24.50;23.25;24.75;32.00;27.50;24.00;23.25;22.50;24.00;23.75;24.00;24.00;24.00;23.25;23.25;22.25]
12352- [24.25;24.25;25.00;26.00;25.25;24.50;25.00;24.50;25.00;24.75;25.50;27.25;27.00;25.25;24.25;25.00;24.50;25.00;25.75;33.25;32.00;25.50;24.75;24.75;24.75;24.75;26.00;38.50;35.50;25.25;24.50;24.00;24.50;24.75;26.25;38.75;34.50;25.50;24.00;23.50;24.00;24.25;26.00;38.25;32.00;24.50;24.00;24.25;24.50;23.75;24.50;31.75;28.00;24.25;23.50;22.75;23.50;23.50;24.25;24.25;23.50;23.50;23.50;23.50]
12837- [24.00;24.25;24.75;25.75;25.25;24.75;24.75;24.75;24.75;24.75;25.25;27.25;26.75;24.75;24.75;24.50;24.75;24.75;25.50;33.50;32.00;25.50;25.00;24.25;24.50;24.75;25.75;38.25;35.50;25.00;24.25;23.75;24.50;24.50;26.25;38.50;34.25;24.75;23.75;24.00;24.25;24.00;25.75;38.00;31.75;25.00;23.75;23.50;23.50;24.00;24.50;32.25;27.50;24.00;23.50;22.50;23.50;23.50;24.25;24.50;24.25;23.25;23.50;23.25]
13322- [24.75;24.25;24.75;25.75;25.25;24.75;25.00;24.50;24.50;24.75;25.75;27.25;26.75;25.00;24.75;24.50;24.50;24.75;25.50;33.25;32.25;25.75;24.75;24.50;24.25;24.25;25.75;38.00;35.00;25.25;24.50;24.00;24.50;24.75;26.25;38.75;34.00;25.50;24.25;24.00;23.75;24.50;25.75;38.25;32.00;24.75;24.25;23.75;23.75;24.00;24.75;32.25;27.75;24.25;23.75;23.00;23.50;24.00;24.00;24.50;24.00;22.50;23.50;23.25]
13807- [25.00;24.75;25.00;25.50;25.75;25.25;24.75;24.50;25.25;24.50;25.50;27.25;27.25;25.50;24.75;24.75;24.75;24.50;25.75;33.25;32.25;25.25;25.00;24.25;24.75;24.75;26.25;38.25;35.50;25.25;24.75;23.75;24.50;24.50;26.25;38.75;34.25;25.25;24.50;23.50;24.25;24.75;26.00;38.00;32.00;24.50;23.75;23.50;23.75;23.75;24.50;32.25;27.50;24.25;23.50;22.75;23.25;24.25;23.75;24.25;23.50;23.50;23.25;23.00]
14292- [24.50;24.50;24.75;25.50;25.50;24.75;25.00;24.50;24.75;25.00;25.25;26.75;27.00;24.75;24.50;24.75;24.75;25.00;26.25;33.75;32.00;25.50;24.75;24.25;24.50;24.25;25.50;38.50;35.50;24.75;24.50;23.25;24.50;25.00;26.00;38.50;34.50;25.00;24.50;23.00;24.00;24.25;25.75;38.50;31.75;24.50;23.50;23.50;23.75;23.75;24.75;32.00;27.75;24.50;23.25;23.00;23.25;23.75;24.00;24.50;24.00;23.50;23.25;22.75]
14777- [24.75;24.50;24.50;25.25;25.25;25.00;24.75;24.50;24.50;24.50;25.50;27.25;27.00;25.25;24.50;24.50;25.00;25.00;25.75;33.50;32.50;25.25;25.00;24.25;24.75;24.25;25.50;38.25;35.00;25.25;24.25;23.75;24.50;24.25;26.50;38.75;34.25;25.50;24.50;23.75;24.50;24.25;26.00;38.25;31.75;24.50;23.75;23.50;23.75;23.25;24.75;32.25;27.50;24.00;23.50;22.50;23.75;23.75;23.75;24.50;24.00;23.00;23.00;23.00]
15262- [24.75;24.00;24.50;25.25;25.75;24.25;24.75;24.75;25.00;24.25;25.00;27.25;27.00;25.00;24.75;24.25;24.75;24.75;25.75;33.25;32.00;25.50;24.50;24.25;24.00;24.50;25.75;38.25;35.25;25.00;24.25;23.25;24.75;24.75;26.50;38.75;34.00;25.25;24.75;23.75;24.00;24.75;26.00;38.50;32.00;24.75;24.25;23.50;23.75;23.75;24.50;32.25;27.75;24.00;23.00;22.75;23.75;23.50;23.50;24.00;23.75;23.25;23.25;23.25]
15747- [24.75;24.25;24.25;25.50;25.50;24.75;25.50;24.50;24.75;24.00;25.00;26.75;27.25;24.75;24.50;24.50;24.00;25.25;25.25;33.50;32.00;25.25;24.50;24.00;24.25;24.50;25.50;38.25;35.25;25.00;24.00;23.50;24.50;24.75;26.00;38.75;34.00;25.25;24.75;23.75;24.25;24.50;26.00;38.00;32.00;24.50;23.50;24.00;23.50;24.00;24.25;32.25;27.50;23.75;23.25;22.75;23.25;23.50;24.00;24.25;23.75;23.25;23.50;23.00]
16232- [24.75;24.00;24.75;25.25;25.25;24.75;25.00;24.25;24.50;24.00;25.25;27.00;27.00;25.25;24.25;24.25;24.25;25.25;25.50;33.25;32.00;25.50;24.75;24.25;24.25;24.25;25.75;38.25;35.25;25.50;24.50;23.75;24.50;24.75;26.00;38.75;34.25;24.75;24.25;23.50;23.50;24.25;25.50;38.00;32.00;24.75;23.50;24.00;23.50;23.75;24.00;32.00;27.25;24.25;23.50;22.75;23.50;23.75;24.00;23.75;24.00;23.00;23.50;23.00]
16717- [24.75;24.25;24.75;25.75;25.25;24.25;24.75;24.50;24.50;24.25;25.25;27.00;26.75;25.00;24.50;24.25;24.00;24.50;26.00;33.50;31.75;25.50;24.50;24.00;24.25;24.00;25.25;38.00;35.25;25.00;24.25;23.75;24.75;24.50;26.25;38.75;34.50;25.25;24.00;23.25;23.75;24.50;25.50;37.75;31.75;24.25;23.50;23.75;23.50;23.75;24.00;31.75;27.50;24.00;23.50;22.75;23.00;23.50;23.75;24.25;23.25;23.25;23.50;22.50]
17202- [24.75;23.50;24.25;25.50;25.00;24.25;24.75;24.00;25.25;24.00;25.50;26.75;26.75;25.00;24.25;24.25;24.25;24.75;25.25;33.00;31.50;25.00;24.50;24.25;24.25;24.25;25.50;37.75;35.25;25.25;24.25;23.50;24.25;24.75;25.75;38.50;34.00;24.50;24.00;23.50;24.00;24.25;25.50;38.25;31.75;24.25;23.50;23.00;23.75;24.00;24.00;31.75;27.25;24.25;23.50;22.75;22.75;23.75;23.75;24.50;23.75;23.25;23.00;23.00]
17687- [24.25;23.75;24.75;25.50;25.00;24.00;25.00;24.75;24.25;24.50;24.50;26.75;26.50;24.75;23.75;24.25;24.50;24.50;25.25;33.00;31.75;25.00;24.25;23.50;24.25;24.25;25.50;38.00;34.75;25.00;24.50;23.50;24.00;24.75;26.00;38.75;33.75;25.25;24.25;23.75;24.00;24.50;25.75;37.75;31.75;24.50;24.00;23.50;22.75;23.75;24.75;32.00;27.25;24.00;23.25;22.75;23.00;24.00;23.75;24.25;23.75;23.00;23.00;23.00]
18172- [24.00;23.75;24.00;25.25;24.75;24.25;24.50;24.00;24.50;24.75;25.00;26.75;26.50;24.50;24.25;23.50;24.50;24.50;25.25;33.25;31.50;25.00;24.50;23.50;24.25;24.25;25.50;37.50;34.75;24.75;24.25;23.25;25.00;24.25;25.50;38.75;34.00;25.25;24.00;23.25;23.75;24.00;25.50;38.25;31.50;24.50;23.50;23.75;22.75;23.00;24.75;31.75;27.25;23.75;22.75;22.25;23.00;22.75;23.50;23.75;23.75;23.00;23.00;22.75]
18657- [24.25;24.00;24.75;24.75;25.25;24.25;25.00;24.25;24.25;24.25;25.00;27.00;26.75;25.00;24.25;24.25;24.25;24.50;25.50;32.75;31.75;25.25;24.25;24.25;24.50;24.00;25.50;38.00;35.00;24.50;24.25;23.50;24.00;24.25;26.00;38.50;34.00;25.00;24.25;23.25;24.00;24.00;25.75;38.50;32.00;24.50;23.50;23.25;23.50;23.25;24.25;32.00;27.00;24.00;22.75;22.50;23.75;23.75;23.75;24.25;23.50;23.50;23.50;23.25]
19142- [24.50;24.50;24.75;25.50;25.25;24.50;24.50;24.25;24.75;24.25;25.25;27.25;26.75;25.25;24.25;24.00;24.25;24.50;25.50;32.75;32.00;25.25;24.50;23.75;24.50;24.25;25.75;38.25;35.00;25.25;24.25;23.75;24.25;25.00;25.75;38.50;34.00;25.00;24.25;23.50;24.00;24.25;25.75;38.25;32.00;24.50;23.50;23.75;23.75;23.25;24.50;32.50;27.50;24.25;23.00;22.25;23.50;23.75;24.00;23.75;24.00;23.25;23.25;23.50]
19627- [24.50;23.50;25.00;25.00;25.25;25.00;25.00;24.25;24.25;24.50;25.00;27.25;27.00;25.00;24.00;24.75;24.25;24.50;25.50;33.25;31.75;25.25;24.25;24.00;24.50;24.25;25.50;38.00;35.25;25.00;24.00;23.75;24.50;24.50;26.25;39.00;34.00;25.25;24.25;23.50;23.75;24.50;25.50;38.00;32.00;24.75;23.25;23.00;23.50;23.75;24.50;32.50;27.00;24.00;23.50;22.25;23.50;24.00;24.25;24.00;24.00;23.00;23.25;23.25]
20112- [24.75;24.00;25.00;25.50;25.00;24.75;25.25;25.00;24.75;24.50;25.25;27.00;26.75;25.00;24.00;24.50;24.25;24.50;25.25;33.25;32.25;25.25;25.00;24.00;24.00;24.25;25.75;37.75;35.00;25.25;24.25;23.75;23.75;24.75;25.75;38.50;34.25;25.25;24.25;23.50;23.75;24.00;25.50;38.25;32.00;25.00;23.50;23.50;23.75;23.50;24.50;32.00;27.50;24.00;23.00;22.75;23.75;23.75;24.00;24.25;23.75;23.00;23.25;23.25]
20597- [24.75;24.25;24.25;25.00;25.00;24.75;25.00;24.50;24.25;24.25;25.00;27.25;27.00;25.25;24.25;24.25;24.75;24.75;25.75;33.00;32.00;25.25;25.00;24.00;24.50;24.50;26.00;37.75;35.25;25.25;24.25;23.50;24.75;24.75;26.25;38.75;34.25;24.75;24.25;23.75;23.75;24.50;25.75;38.00;32.00;25.00;23.75;23.75;23.50;23.50;24.25;32.25;27.75;23.75;23.25;23.00;23.25;24.00;23.50;24.25;23.75;23.25;22.75;23.25]
21082- [24.50;24.25;24.50;25.50;25.00;24.75;24.75;24.50;24.50;24.50;25.00;27.25;27.00;24.75;24.25;24.75;24.75;24.50;25.50;33.25;31.75;25.25;24.75;24.25;24.50;24.50;26.00;38.00;35.00;25.75;24.25;23.75;24.25;24.50;26.75;38.50;34.00;25.00;24.50;23.50;23.75;24.50;25.75;38.50;31.75;24.75;24.00;24.00;23.50;23.75;24.00;32.00;27.75;23.75;23.25;22.50;23.25;23.25;24.00;23.75;24.00;23.00;23.25;22.75]
21567- [25.25;24.00;24.50;25.00;25.75;24.75;25.00;24.50;24.25;24.75;25.25;27.25;26.75;25.25;24.50;24.75;24.50;24.75;25.75;33.00;32.25;25.25;25.00;24.00;24.75;24.50;26.00;37.75;35.50;25.75;24.00;23.75;24.75;24.75;26.25;38.75;34.00;25.25;24.00;23.50;24.25;24.25;25.75;38.25;32.00;24.75;23.75;23.75;23.50;23.75;24.50;32.00;27.75;24.50;23.25;22.75;23.75;24.00;24.00;24.00;24.50;23.50;23.00;22.25]
22052- [24.75;23.75;24.75;25.50;25.25;24.75;24.50;24.50;25.00;24.50;25.25;26.75;27.00;24.75;24.25;24.25;24.50;25.25;25.25;33.25;32.00;25.50;24.50;24.00;24.75;24.50;25.75;38.00;35.25;25.25;24.25;24.00;24.75;24.75;26.25;38.50;34.00;25.00;24.25;23.75;24.00;23.75;25.50;38.25;32.00;24.50;24.00;23.50;23.25;23.25;24.50;32.25;27.75;24.00;23.25;22.75;23.50;23.75;24.00;24.50;24.00;23.00;23.50;23.25]
22537- [25.00;24.25;24.50;25.75;25.50;24.50;24.50;24.50;24.75;24.00;24.75;26.75;26.75;25.00;24.50;24.25;24.50;24.75;25.75;33.25;31.75;25.25;24.75;24.00;24.50;24.50;25.75;37.75;35.00;25.50;24.25;23.50;24.50;24.75;26.25;38.50;34.00;25.25;24.25;24.00;24.25;24.00;25.50;38.00;31.75;24.50;24.00;23.25;24.00;23.25;24.50;32.50;27.50;24.00;23.75;22.75;24.00;23.00;24.50;24.00;24.00;23.25;23.75;23.00]
23022- [24.75;24.00;24.25;25.25;25.25;24.50;24.75;24.50;24.50;24.75;25.50;27.00;26.75;25.25;24.25;24.75;24.50;24.50;25.75;33.00;31.75;25.25;25.00;24.50;23.75;24.50;25.50;37.75;35.25;25.00;24.50;24.00;24.50;24.75;26.50;38.75;34.25;25.25;24.25;23.25;24.25;24.00;26.00;38.00;32.00;24.75;24.00;23.25;24.00;24.00;24.75;32.25;27.75;24.00;23.25;22.75;23.50;23.50;23.50;23.50;23.75;23.25;23.00;23.00]
23507- [25.00;24.25;25.00;25.50;25.50;25.00;24.75;24.50;24.50;24.75;25.00;27.25;26.75;25.00;24.50;24.50;24.75;24.50;25.50;33.25;32.25;25.50;24.50;24.00;24.00;24.50;25.75;38.00;35.00;25.25;24.75;24.00;24.75;24.75;26.25;38.50;34.25;25.00;24.50;23.50;24.25;24.50;25.75;38.25;32.25;24.25;23.50;23.50;23.75;23.75;24.25;31.75;28.00;24.25;23.75;22.75;23.50;23.25;23.75;24.25;23.25;23.50;23.25;22.50]
23992- [25.00;24.50;24.50;25.25;25.75;24.50;24.75;25.00;25.50;24.75;25.00;27.00;27.25;25.00;25.00;24.50;24.75;25.00;25.75;33.00;31.75;25.75;24.75;23.75;24.50;24.50;25.75;37.75;35.25;25.00;24.25;23.25;24.75;25.00;26.25;38.75;34.00;25.00;25.00;23.50;24.00;24.50;25.75;38.25;31.75;24.50;23.75;24.00;24.00;23.25;24.25;32.25;27.50;24.25;23.75;23.25;23.50;23.50;24.00;24.00;24.00;23.25;23.00;23.00]
24477- [24.25;24.25;24.75;25.75;25.25;24.25;25.00;24.50;25.00;24.25;25.00;27.00;27.00;24.75;24.75;24.75;24.75;24.50;25.25;33.50;32.00;25.25;24.75;24.00;24.25;24.50;25.75;38.25;35.00;25.50;24.75;24.00;24.50;24.50;26.25;38.75;34.25;25.25;24.25;23.50;24.00;24.25;25.25;38.00;32.00;24.50;23.50;23.75;24.25;23.50;24.75;32.25;27.50;24.25;23.75;23.00;23.50;24.25;23.75;24.25;24.00;23.00;23.25;23.50]
24962- [24.50;23.75;25.00;25.25;24.75;24.50;25.25;24.25;24.50;24.75;25.00;27.00;27.00;25.25;24.00;24.25;24.75;25.00;25.50;33.00;32.00;25.25;24.75;24.00;24.25;24.25;25.75;38.00;35.00;25.50;24.50;23.75;24.50;25.00;26.25;38.50;34.25;25.25;24.75;23.50;24.00;24.25;25.50;38.25;32.25;24.50;23.75;23.75;23.50;23.50;24.50;32.25;27.75;24.00;23.00;22.75;23.50;23.75;24.25;24.00;23.75;23.00;23.50;23.00]
25447- [24.75;23.75;24.25;25.00;25.00;24.50;24.75;24.75;24.75;24.25;25.25;27.00;26.75;25.00;24.75;24.50;24.75;24.50;26.00;33.00;32.00;25.75;24.50;24.50;24.50;24.75;26.25;38.50;35.25;25.00;24.00;23.75;24.50;24.25;26.25;38.50;34.00;25.00;24.50;23.25;24.00;24.25;26.00;38.00;31.75;24.75;23.50;23.25;23.25;23.50;24.75;32.25;27.50;24.25;23.50;22.50;23.50;23.25;23.50;24.25;24.25;23.25;23.25;23.00]
25932- [24.75;23.75;24.75;25.00;25.50;24.50;25.00;24.25;25.25;24.25;24.75;27.00;26.75;25.25;24.75;24.50;25.00;25.00;25.00;33.50;32.00;25.75;24.50;24.00;24.75;24.50;25.75;38.00;35.25;25.50;24.75;23.50;24.00;24.50;26.25;38.75;34.25;25.25;24.50;23.50;24.00;24.75;25.25;38.00;31.75;24.50;23.50;24.25;23.75;24.00;24.50;32.25;27.50;24.00;23.00;23.00;23.25;23.00;24.25;24.75;23.75;23.25;23.50;23.25]
26417- [25.00;24.50;24.50;25.50;25.50;24.50;25.25;24.00;24.75;24.75;25.00;27.25;26.75;25.00;24.75;25.00;24.75;25.00;25.75;33.00;32.50;25.50;25.00;24.50;24.25;24.75;25.50;38.25;35.25;25.00;24.25;24.25;24.75;24.75;25.75;39.00;34.25;25.00;24.25;23.75;24.25;24.50;25.50;38.25;32.25;25.00;23.75;23.75;23.25;23.25;24.50;32.25;27.50;24.25;23.50;22.50;23.50;24.00;24.00;24.25;24.25;23.25;23.25;23.25]
26902- [24.75;24.25;24.50;25.75;25.25;25.00;24.50;24.75;25.25;24.25;25.25;27.50;27.00;25.50;24.75;24.75;24.75;24.50;25.50;33.00;32.00;25.50;25.00;24.00;24.25;24.75;26.00;38.00;35.25;25.25;24.75;24.25;24.50;25.00;26.25;38.75;34.25;25.00;24.75;23.75;24.25;24.25;25.75;38.00;32.00;24.75;24.00;24.25;23.50;23.50;24.50;32.50;27.75;24.25;23.50;22.75;23.50;23.00;24.25;24.25;23.75;22.75;23.50;23.25]
27387- [24.75;23.75;24.75;25.25;25.25;25.00;24.50;24.25;25.00;24.75;24.75;27.25;27.00;25.00;24.50;24.50;24.50;24.50;25.75;33.25;31.75;25.75;25.00;24.25;24.25;24.25;25.75;37.75;35.25;25.25;24.75;24.25;25.50;24.75;26.50;38.75;34.50;25.25;24.50;23.50;24.25;24.50;26.00;38.25;32.25;25.00;24.25;23.75;23.50;24.00;25.00;32.25;27.25;24.00;23.75;23.00;23.25;23.75;24.00;24.50;23.75;23.25;23.50;23.25]
27872- [24.75;24.25;25.25;25.25;25.25;25.00;24.25;24.25;25.25;24.25;24.75;27.00;27.00;25.25;24.75;24.50;24.75;24.50;25.50;33.25;32.00;25.75;24.75;24.50;24.75;24.50;25.75;38.25;35.25;25.25;24.00;23.75;24.50;24.75;26.25;39.00;34.50;25.50;24.25;23.50;23.75;24.25;25.75;38.00;32.00;24.75;23.75;24.00;23.75;23.50;24.50;32.25;27.75;24.25;23.00;22.75;24.25;23.75;24.25;24.25;24.00;23.25;23.00;23.25]
28357- [25.00;24.25;24.75;25.75;25.25;24.50;24.25;24.50;24.50;24.50;25.00;27.50;27.00;25.25;24.50;24.75;24.50;24.50;25.50;33.00;31.75;25.50;24.50;23.75;24.25;24.50;26.00;38.25;35.25;25.25;24.50;23.75;24.75;24.75;26.25;38.75;34.00;25.00;24.25;23.50;24.50;25.00;25.75;38.00;31.50;24.75;24.00;23.50;24.25;24.00;24.25;32.25;27.50;24.00;23.50;22.75;23.50;23.75;24.25;24.00;24.25;23.00;23.25;23.25]
28842- [24.50;24.00;24.75;25.50;25.50;24.50;25.00;25.00;24.50;24.50;25.50;27.25;27.00;25.50;24.25;24.50;24.50;25.00;25.75;33.25;31.75;25.75;24.75;23.75;24.50;24.50;26.25;38.25;35.25;25.00;24.25;24.25;24.50;24.75;26.50;38.50;34.25;25.25;24.75;23.25;24.50;24.50;25.50;38.25;32.00;24.50;23.75;24.00;24.00;23.75;24.50;32.25;27.50;24.25;24.00;23.25;23.50;24.00;23.75;24.50;24.00;23.50;23.50;23.00]
29327- [24.50;24.50;24.75;25.00;25.25;25.00;25.00;24.75;25.00;24.25;25.25;27.25;27.25;25.25;24.50;24.75;24.50;24.75;25.75;33.25;31.75;25.50;24.75;24.00;24.50;24.25;25.75;38.25;35.25;25.25;24.75;24.00;24.50;24.50;26.50;38.75;34.50;25.50;24.25;24.00;24.25;24.50;25.75;38.50;32.00;25.00;23.75;24.25;23.75;23.50;24.75;32.00;27.75;24.00;23.50;22.75;23.75;24.00;24.25;24.50;24.00;23.50;23.25;23.50]
29812- [24.75;24.50;24.75;25.25;26.00;24.75;25.00;24.50;24.75;24.50;25.00;27.00;26.75;25.00;24.50;24.75;24.50;25.25;25.50;33.25;32.50;25.75;24.50;25.00;24.25;24.75;25.50;38.00;35.25;25.25;24.50;24.00;24.25;25.00;26.25;38.50;34.25;25.25;24.50;23.75;24.50;24.50;26.00;38.50;32.00;24.75;24.00;23.50;23.75;24.00;24.25;32.50;27.75;24.75;24.00;23.25;23.75;24.00;24.00;24.25;24.00;23.25;23.25;23.25]
30297- [24.50;24.75;25.00;25.75;25.25;24.50;25.00;25.00;24.50;24.25;25.50;27.00;27.00;24.75;24.75;24.50;24.75;25.25;25.75;33.50;31.75;25.75;24.75;24.00;24.75;24.75;26.25;38.50;35.50;25.75;24.50;23.75;25.00;25.00;26.25;39.00;34.75;25.50;24.25;23.75;24.25;24.50;25.50;38.25;32.00;25.00;23.75;23.75;24.00;23.75;25.00;32.50;27.75;24.50;23.75;23.00;24.00;23.75;24.25;24.25;24.00;23.25;23.50;23.25]
30782- [24.75;24.50;25.25;25.25;25.25;24.50;25.00;25.25;24.75;24.50;25.25;27.00;27.25;25.25;24.75;24.75;25.00;25.50;25.50;33.25;32.00;25.75;24.75;24.25;24.75;24.75;25.50;38.00;35.25;25.50;24.75;24.00;24.50;24.75;26.50;39.00;34.50;25.25;24.75;23.75;24.50;24.50;25.75;38.25;32.50;24.50;24.00;24.00;24.25;23.75;24.50;31.75;27.50;24.50;23.50;22.50;23.50;23.75;24.00;24.25;23.50;23.50;23.25;23.50]
31267- [24.50;24.25;24.50;25.75;25.25;25.00;24.75;25.00;25.00;24.25;25.25;27.25;27.25;24.75;24.75;24.50;24.75;24.75;25.75;33.50;32.25;25.50;24.75;24.00;25.00;24.50;26.00;38.25;35.25;25.25;24.75;23.50;24.50;24.75;26.50;38.75;34.50;25.25;24.50;24.00;24.00;24.50;25.75;38.50;32.00;25.00;23.75;24.00;24.25;23.50;24.50;32.50;27.75;24.75;23.50;23.25;23.75;24.00;23.75;24.25;24.00;23.00;23.75;23.50]
31752- [24.75;24.50;24.75;25.50;25.50;25.00;25.00;24.75;24.50;24.75;25.00;27.25;27.25;25.50;24.75;24.50;24.50;25.00;26.00;33.50;31.75;25.75;25.00;24.25;24.50;24.75;25.75;38.25;35.25;25.25;24.50;24.25;24.00;25.25;26.00;39.00;34.75;25.75;24.25;23.50;24.00;24.50;25.75;38.25;32.00;25.00;24.00;23.75;24.00;23.75;24.25;32.50;28.00;24.00;23.75;22.75;23.50;24.00;24.00;24.50;23.75;23.25;23.50;23.00]
32237- [24.75;24.25;24.75;25.25;25.50;24.50;24.75;24.50;24.50;24.50;25.25;27.25;26.75;24.75;24.50;25.00;24.25;24.75;25.50;33.50;32.00;25.25;24.75;24.75;24.25;24.75;25.50;38.25;35.25;25.25;24.25;24.00;24.25;25.00;26.00;38.50;34.25;25.00;24.75;23.75;24.50;24.00;25.75;38.25;32.00;24.25;23.25;23.50;23.75;23.50;24.50;32.25;28.00;24.00;23.25;23.00;23.50;23.75;24.25;24.50;24.00;23.50;23.25;23.00]
32722- [25.00;24.25;24.75;25.50;25.25;24.50;24.50;24.75;25.00;24.50;25.25;27.25;26.75;25.00;24.25;24.50;24.50;25.00;25.50;33.25;32.00;25.00;24.75;24.25;24.50;24.25;25.75;38.00;35.25;25.00;24.25;23.50;24.50;24.50;26.25;38.75;34.50;25.25;24.25;24.00;24.25;24.25;25.75;38.25;32.00;24.75;23.75;24.00;23.25;23.25;24.50;32.25;27.50;24.00;23.50;23.25;23.25;23.75;24.25;24.50;24.00;23.25;23.25;23.25]
33207- [24.50;24.00;24.50;25.75;25.50;24.75;24.75;24.50;25.25;24.50;25.00;27.25;27.25;25.00;24.75;24.50;24.50;24.75;25.75;33.25;32.00;25.50;25.00;24.25;24.25;24.50;25.25;38.00;35.00;25.25;24.25;23.75;24.50;25.00;26.00;38.50;34.25;25.00;24.50;23.50;23.50;24.50;25.75;38.25;32.00;24.50;24.00;23.75;24.00;23.25;24.25;32.25;27.50;23.50;23.75;22.50;23.50;23.75;24.00;24.25;23.75;23.25;23.00;23.25]
33692- [25.00;24.50;25.00;25.75;25.75;24.25;24.75;24.75;24.75;24.75;25.00;27.25;27.25;25.50;25.00;25.00;25.25;25.00;25.75;33.25;32.25;25.50;24.75;24.50;24.25;24.50;25.75;38.00;35.25;25.00;24.50;23.25;24.50;25.00;26.50;39.00;34.25;25.50;24.25;23.50;24.25;24.75;25.75;38.50;32.25;24.75;24.00;24.00;24.25;24.00;24.50;32.25;27.75;24.25;23.75;23.00;24.00;23.50;23.25;24.25;24.00;23.25;23.50;23.75]
34177- [25.25;24.25;25.00;25.00;25.50;25.00;25.25;24.75;25.00;24.75;25.00;27.25;27.00;25.50;24.50;25.00;25.00;24.75;25.75;33.50;32.25;25.75;24.75;24.25;24.50;24.50;26.00;38.25;35.50;25.25;24.50;24.00;25.00;24.50;26.00;39.00;34.25;25.50;24.25;23.50;24.50;24.50;25.75;38.25;32.25;24.75;24.00;24.25;24.00;23.50;24.75;32.25;27.75;23.75;23.75;22.75;23.00;23.50;23.75;24.25;24.50;23.25;23.75;23.00]
34662- [24.75;24.50;25.00;25.25;25.50;24.50;25.00;24.50;25.00;24.25;25.25;27.50;26.75;25.25;24.75;25.00;24.75;24.50;25.50;33.25;31.75;25.75;24.75;24.00;24.50;25.00;25.75;38.25;35.75;25.50;24.25;23.75;24.00;24.75;26.00;38.50;34.50;25.75;24.50;24.25;24.00;24.50;26.00;38.25;32.25;24.50;23.50;23.75;24.00;24.00;25.25;32.75;27.75;24.50;23.75;23.50;23.50;23.50;23.75;23.75;23.75;23.00;23.75;22.75]
35147- [25.00;24.50;25.00;25.25;26.00;24.75;25.00;24.75;24.75;24.50;25.25;27.00;27.25;25.25;24.75;25.00;24.50;25.25;25.50;33.00;32.25;25.75;25.25;24.00;24.50;24.25;26.00;38.25;35.25;25.25;24.75;23.75;24.25;25.00;26.25;39.00;34.25;25.25;24.25;23.50;24.00;24.75;26.00;38.50;32.00;24.75;24.00;24.25;23.50;24.00;24.50;32.75;27.75;24.25;23.50;22.50;23.50;23.75;23.75;24.25;24.00;23.50;23.25;23.25]
35632- [25.00;24.25;24.75;25.50;25.50;24.75;25.50;24.50;25.00;24.25;25.75;27.00;27.00;25.25;24.50;24.00;24.75;25.00;26.00;33.00;32.00;25.50;24.75;24.50;24.50;24.25;26.25;38.00;34.75;25.25;24.25;24.00;25.00;25.00;26.25;38.75;34.25;25.25;24.25;23.00;23.75;24.25;26.25;38.25;32.00;24.75;24.00;23.75;24.00;24.00;24.75;32.50;27.75;24.00;23.50;22.75;23.25;24.00;24.25;24.25;23.75;23.25;23.25;23.00]
36117- [24.75;24.25;25.25;25.50;25.50;24.50;24.50;24.50;25.00;24.75;25.00;27.00;26.75;25.25;24.75;24.75;24.50;25.00;25.50;33.25;32.00;25.25;25.00;24.25;24.75;24.50;26.00;38.25;35.50;25.00;24.25;24.25;24.75;25.25;26.50;39.00;34.25;25.25;24.25;24.25;24.25;24.50;25.75;38.25;31.75;24.75;24.00;24.00;24.00;23.75;25.00;32.00;27.75;24.00;23.50;23.25;23.50;23.50;24.00;24.25;24.25;23.50;23.75;23.25]
36602- [25.00;24.50;24.75;25.25;25.50;24.75;24.75;24.50;25.25;24.50;25.50;27.25;26.75;25.25;24.50;24.75;24.50;25.25;26.00;33.25;32.25;25.75;24.75;24.75;24.75;24.50;26.25;38.25;35.50;25.50;24.25;23.50;24.50;25.00;26.50;39.00;34.25;25.25;24.25;24.00;24.25;24.75;26.00;38.25;32.25;24.50;24.00;23.75;23.75;24.00;24.25;32.50;27.25;24.25;24.25;23.00;23.50;24.00;24.00;24.25;24.00;23.25;23.75;23.50]
37087- [24.75;24.25;25.00;26.00;25.50;24.50;25.00;25.25;25.00;24.75;25.75;27.50;27.25;24.75;24.75;25.00;24.75;25.00;25.75;33.50;32.00;25.50;25.00;24.50;24.75;24.50;26.00;37.75;35.25;25.25;24.50;23.75;24.25;24.75;26.00;38.75;34.25;25.00;24.50;23.75;24.25;24.25;25.75;38.00;32.25;25.00;24.25;23.50;24.25;23.75;24.75;32.50;28.25;24.25;23.75;23.25;23.25;23.75;24.00;24.75;24.25;23.50;23.75;23.25]
37572- [24.75;24.50;25.00;25.75;25.50;24.75;25.00;25.00;25.25;24.25;25.25;26.75;26.75;25.50;24.75;24.75;25.00;25.00;25.75;33.25;32.00;25.50;25.25;24.25;24.75;24.50;26.00;38.00;35.00;25.50;24.50;23.75;24.50;25.00;26.50;38.75;34.50;25.25;24.25;23.25;24.00;24.75;25.75;38.50;31.75;25.00;23.75;23.75;24.00;24.00;24.50;32.50;27.75;24.50;23.50;22.75;23.00;24.50;24.00;24.25;23.75;23.25;23.00;23.00]
38057- [24.75;24.75;25.00;25.25;25.25;25.00;25.00;24.50;24.50;24.50;25.25;27.25;27.00;25.00;24.50;24.75;24.50;24.75;25.75;33.00;32.00;25.50;24.50;23.50;25.00;24.50;26.00;38.50;35.50;25.00;24.75;23.75;24.75;25.00;26.25;38.75;34.25;25.50;24.50;23.50;23.75;24.50;26.00;38.25;32.00;24.75;24.25;24.00;24.00;24.00;24.75;32.25;28.00;24.25;23.50;22.50;23.25;23.75;24.00;24.50;24.25;23.75;23.25;23.50]
38542- [24.75;24.25;25.00;25.50;25.50;24.75;25.50;24.25;25.50;24.50;25.75;27.25;27.00;25.00;24.50;24.00;24.75;24.75;26.00;33.50;32.25;25.50;24.75;24.00;24.50;24.25;25.50;37.75;35.50;25.25;25.00;23.75;24.50;24.75;26.50;38.50;34.00;25.25;24.50;23.25;23.50;24.25;25.50;38.75;32.50;25.00;23.75;23.75;23.75;23.75;24.50;32.75;27.75;24.00;23.50;23.00;23.50;24.00;23.75;24.50;24.00;23.50;23.25;23.50]
39027- [24.75;24.50;24.50;25.75;25.50;25.00;24.75;24.50;25.00;24.50;25.25;27.25;27.00;25.00;24.75;24.50;25.25;25.25;25.75;33.50;32.25;25.75;25.00;24.25;24.50;24.75;26.25;38.25;35.50;25.25;24.75;23.75;24.25;25.00;26.25;38.75;34.25;25.50;24.50;23.25;23.75;24.00;26.00;38.25;32.00;25.00;24.00;23.50;23.75;24.00;24.50;32.50;27.75;24.50;23.25;23.25;24.00;23.50;24.25;24.25;24.75;23.50;23.25;23.25]
39512- [24.75;24.50;25.00;25.75;25.50;24.75;25.00;24.75;24.50;24.50;25.25;27.50;27.25;25.50;24.50;24.75;24.50;25.25;25.75;33.25;31.75;25.75;25.00;24.25;25.00;24.75;25.75;38.25;35.25;25.25;24.25;24.00;24.25;24.75;26.25;39.00;34.25;25.25;24.25;23.50;24.00;24.75;25.75;38.00;32.00;24.75;23.75;23.75;24.00;24.00;25.00;32.00;27.50;24.00;24.00;23.25;23.25;24.25;24.25;24.25;24.00;23.25;23.50;23.00]
39997- [24.75;24.50;25.00;25.25;25.50;25.25;24.75;24.50;24.50;24.75;25.00;27.50;27.00;25.50;24.50;24.50;24.50;25.00;25.00;33.25;32.00;25.50;25.00;24.25;24.50;24.50;26.00;38.50;35.50;25.50;24.50;24.00;24.75;24.75;26.25;38.75;34.75;25.00;24.50;23.75;24.50;24.25;26.00;38.25;32.00;24.75;24.25;24.00;23.75;24.00;24.75;32.50;27.75;24.25;23.75;22.75;23.25;23.50;23.50;24.75;23.75;23.25;23.25;23.25]
40482- [25.00;24.25;25.00;25.50;25.50;25.00;24.50;24.25;24.50;24.50;25.00;27.25;27.00;25.00;24.75;25.00;24.75;24.75;26.00;33.25;32.25;25.50;25.00;24.25;24.75;24.25;25.75;38.25;35.00;25.50;24.50;23.75;24.75;24.75;26.00;38.50;34.00;25.25;24.00;23.25;24.00;24.50;26.00;38.50;32.25;24.50;24.00;23.50;23.50;23.50;25.00;32.00;27.75;24.00;23.50;22.50;24.00;23.50;24.25;24.50;24.00;23.50;23.25;23.00]
40967- [25.50;24.50;25.00;25.50;25.50;24.75;24.75;24.50;24.75;24.50;25.25;26.75;27.00;25.25;24.50;25.50;24.50;24.75;25.50;33.50;32.25;25.75;25.00;24.25;24.25;24.25;26.00;38.25;35.50;25.50;24.25;24.00;24.75;24.25;26.25;38.50;34.50;25.25;24.50;23.00;24.25;24.25;25.75;38.25;32.00;24.25;24.00;23.75;24.00;24.00;24.50;32.25;28.25;24.00;23.75;23.00;23.25;24.00;23.75;24.25;23.75;23.50;23.50;23.50]
41452- [25.75;24.50;24.75;25.75;25.75;25.00;25.50;24.75;25.00;24.75;25.75;27.25;27.00;25.50;24.25;24.50;24.25;25.25;25.75;33.75;31.75;25.50;24.75;24.50;24.50;24.75;26.00;38.25;35.75;25.50;24.50;24.00;24.50;24.75;26.50;38.50;34.50;25.75;24.50;24.25;24.50;24.75;26.00;38.25;32.00;24.75;23.75;23.75;23.50;23.75;24.75;32.25;27.75;24.25;23.75;22.75;23.75;24.00;24.00;24.25;23.50;23.50;23.25;23.50]
41937- [25.00;24.00;24.75;25.25;25.50;24.75;25.25;24.75;25.25;24.75;25.75;27.00;27.25;25.25;24.50;24.50;24.75;25.25;25.75;33.25;32.25;25.75;25.00;24.50;24.50;24.75;26.25;38.50;35.25;25.50;24.25;24.00;24.50;24.75;26.50;38.75;34.25;25.25;24.50;23.75;23.75;24.75;25.50;38.00;31.75;25.00;23.50;23.75;24.25;23.75;24.25;32.25;27.50;24.00;23.00;23.00;23.25;24.00;24.00;23.50;24.00;23.00;23.50;23.00]
42422- [24.75;24.25;24.75;25.75;25.50;24.75;25.00;24.75;24.50;25.00;25.25;27.00;26.75;25.00;24.25;25.00;24.25;24.25;25.75;33.50;31.75;25.50;24.75;23.75;24.50;24.50;26.00;38.25;35.25;25.00;24.75;24.00;24.25;25.00;26.00;38.50;34.50;25.25;24.50;24.00;24.00;24.25;25.75;38.25;31.75;24.75;23.50;24.00;23.50;23.75;24.50;32.00;27.75;23.75;23.50;22.75;23.75;23.75;23.75;24.00;24.25;23.25;23.75;23.50]
42907- [25.00;24.25;25.25;25.50;25.50;24.50;25.25;25.00;24.50;24.50;25.50;27.25;27.50;25.00;24.25;25.00;24.75;25.00;26.00;33.00;32.25;25.25;24.75;24.00;24.50;25.00;26.25;38.00;35.25;25.25;24.25;23.75;24.75;24.75;26.25;38.75;34.25;25.25;24.25;23.75;24.25;24.75;25.75;38.25;32.25;25.00;24.00;23.50;23.75;23.25;24.75;32.25;28.00;24.25;23.75;23.00;23.25;23.75;24.00;23.75;24.00;23.50;23.50;23.00]
43392- [25.00;24.50;25.50;25.75;25.25;25.00;25.50;24.75;24.75;24.50;25.00;27.50;26.75;25.50;24.25;24.25;24.75;25.00;25.75;33.25;32.00;25.25;24.75;24.00;24.75;24.25;26.00;37.75;35.00;25.25;24.50;23.50;24.75;24.50;26.50;39.00;33.75;25.25;24.00;24.00;24.00;24.25;26.00;38.25;32.25;24.75;24.00;23.75;24.00;23.50;24.25;32.50;27.75;24.00;23.50;22.50;24.50;24.25;23.75;24.25;23.50;22.75;23.25;23.00]
43877- [25.00;24.50;25.00;25.25;25.25;24.75;25.00;24.75;25.00;24.00;25.00;27.25;27.25;25.50;24.50;24.75;24.75;24.75;25.75;33.00;31.75;25.50;24.50;24.25;24.50;24.50;25.50;38.25;35.25;25.25;24.75;24.00;24.25;24.75;26.00;39.00;34.25;25.25;24.75;23.75;24.25;24.25;25.75;38.25;32.25;24.50;23.75;24.00;23.75;23.75;24.50;32.75;27.75;24.00;23.50;23.00;23.50;23.25;24.00;23.75;23.50;23.25;23.25;23.00]
44362- [25.00;24.25;24.75;25.50;25.50;24.25;25.00;24.75;25.00;24.25;25.25;27.00;27.00;25.00;24.50;25.00;25.00;25.00;25.75;33.50;32.00;25.50;25.25;24.50;24.75;24.50;26.00;38.00;35.25;25.50;24.25;23.75;24.50;25.00;26.25;38.75;34.25;25.25;24.25;23.75;24.00;25.00;25.75;38.25;32.25;25.00;23.50;23.50;23.50;23.25;24.50;32.00;27.75;24.50;23.50;23.50;23.00;23.25;23.75;24.75;23.75;23.00;23.75;23.00]
44847- [25.00;24.00;25.00;25.50;25.75;24.50;24.75;24.00;24.50;24.50;25.50;27.00;26.75;25.00;24.75;24.50;24.50;24.50;25.75;33.00;32.00;25.50;24.75;24.25;24.25;24.25;25.25;37.75;35.25;25.00;24.25;24.00;24.25;24.75;26.00;38.75;34.25;25.50;24.25;23.25;23.75;24.50;25.75;38.25;32.00;24.50;24.00;23.25;24.25;24.00;24.50;32.25;27.75;23.75;23.75;22.75;23.50;23.75;23.75;24.50;24.00;23.00;23.25;23.50]
45332- [24.75;24.25;24.75;25.75;25.50;24.75;24.75;24.25;24.75;24.25;25.25;27.00;26.75;25.50;24.25;24.75;24.75;24.50;25.75;33.25;32.00;25.50;24.75;24.50;24.75;24.75;25.75;38.25;35.50;25.50;24.00;24.00;24.75;24.50;26.00;38.75;34.25;25.25;24.50;23.25;24.25;24.50;25.25;38.00;31.75;24.50;24.00;23.50;23.75;23.50;24.25;32.25;27.50;24.00;23.25;23.25;23.50;23.25;23.75;23.75;24.25;23.25;23.50;23.25]
45817- [25.00;24.00;24.50;25.50;25.50;24.50;25.25;24.50;25.25;24.50;25.25;27.25;27.00;25.00;25.00;24.75;24.75;25.00;26.00;33.25;32.00;25.75;24.75;24.00;25.00;25.00;26.00;38.00;35.50;25.25;24.75;24.00;24.50;24.50;26.50;38.50;34.00;25.00;24.00;23.75;23.75;24.00;25.75;38.00;32.00;24.75;23.50;23.75;23.75;23.50;24.50;32.00;27.75;24.00;23.75;22.50;23.75;23.50;23.75;23.75;23.75;23.25;23.25;22.75]
46302- [25.25;24.25;25.25;25.00;25.75;25.25;25.25;24.25;24.50;24.75;25.25;27.50;26.75;25.50;24.75;24.75;24.50;25.00;25.75;33.25;31.75;25.75;24.75;24.00;24.75;24.75;25.75;38.25;35.75;25.00;24.50;23.75;24.50;24.75;26.50;38.75;34.25;25.50;24.00;23.50;23.75;24.25;25.50;38.25;32.25;25.00;24.25;23.50;24.25;24.00;24.50;31.75;27.50;24.25;23.50;22.50;23.00;23.50;24.00;24.00;23.50;23.50;23.75;22.75]
46787- [24.75;24.25;25.00;25.00;25.50;25.00;25.00;24.25;25.25;24.75;25.50;27.00;27.00;25.25;25.00;24.50;24.25;24.75;26.00;33.00;32.00;25.75;24.75;24.00;24.25;24.75;25.75;38.00;35.25;25.25;24.50;24.25;24.50;24.75;26.00;38.25;34.00;25.50;24.25;23.75;24.25;24.50;25.75;38.00;32.00;25.00;23.75;23.75;23.75;23.50;24.25;32.25;27.75;24.25;24.00;22.75;24.00;23.50;23.75;24.50;24.00;23.00;23.50;23.50]
47272- [25.00;24.00;24.50;25.50;25.50;24.50;24.50;24.25;24.75;24.75;25.25;27.00;26.75;24.75;24.25;24.75;24.50;25.00;25.50;33.00;31.75;25.00;24.75;23.75;24.25;24.50;25.25;37.75;34.75;25.00;24.25;23.75;24.00;24.25;26.25;38.50;34.25;25.50;24.75;23.50;24.00;24.00;25.50;38.25;32.00;24.50;23.50;23.25;23.50;23.25;24.25;32.00;27.50;24.25;23.00;22.75;22.75;23.00;23.75;24.00;23.50;23.25;22.50;23.00]
47757- [24.50;24.50;25.00;25.75;25.25;25.00;25.25;25.00;24.50;24.50;25.25;27.00;26.75;25.00;24.75;25.00;24.50;24.75;25.25;33.00;32.00;25.50;24.75;24.00;24.75;24.25;25.75;38.25;35.00;25.50;24.25;24.25;24.25;24.50;26.00;38.50;34.25;25.00;24.50;23.75;24.25;24.25;25.75;37.75;32.00;24.75;23.75;24.00;23.50;23.50;24.75;32.00;27.25;24.00;23.00;23.00;23.25;23.25;23.75;24.00;24.00;23.25;23.25;22.75]
48242- [25.25;24.25;24.50;25.50;25.50;24.50;25.50;24.25;25.00;24.50;25.50;27.00;27.25;25.00;24.50;24.50;25.00;25.00;26.25;33.25;31.75;25.75;25.25;24.25;24.50;24.75;26.00;38.00;35.00;25.00;24.25;24.00;24.25;24.50;26.25;38.75;34.00;25.25;24.50;23.25;24.25;24.50;26.00;38.00;32.00;24.50;24.25;23.75;23.50;23.50;24.50;32.00;27.75;24.25;23.50;23.00;23.50;23.00;23.75;24.25;24.00;22.75;23.00;23.50]
48727- [25.00;24.50;25.00;25.50;25.75;24.50;25.50;24.25;24.75;24.50;25.50;26.75;27.00;25.25;24.50;24.75;25.00;24.75;25.50;33.50;31.75;25.25;25.00;24.25;25.00;24.50;25.75;38.00;35.25;25.00;24.25;24.00;25.00;24.75;26.50;38.50;34.25;25.25;24.25;23.00;24.25;24.25;25.75;38.00;32.00;25.25;23.75;23.25;24.00;23.75;24.50;32.25;27.75;24.25;24.00;23.50;24.00;24.25;23.75;24.50;24.25;23.50;23.25;23.50]
49212- [24.75;24.00;24.75;25.75;25.75;25.00;25.25;24.50;24.50;25.00;25.25;27.00;27.00;25.00;24.50;25.00;25.00;25.25;26.00;33.25;32.00;25.75;25.00;24.25;24.25;25.00;25.50;38.00;35.50;25.00;24.75;23.75;24.75;25.00;26.50;38.50;34.50;25.00;24.75;23.25;24.25;24.75;25.75;38.00;31.75;24.50;23.75;23.75;23.50;24.00;24.75;32.50;27.75;24.50;23.50;22.75;23.50;23.50;24.00;24.00;23.75;23.25;23.25;23.25]
49697- [25.00;24.75;25.00;25.50;25.50;24.75;25.00;25.25;24.75;24.50;25.25;27.00;27.00;25.25;25.00;25.00;24.50;25.00;25.50;33.25;31.75;25.50;25.00;24.00;24.50;24.50;26.00;38.00;35.00;25.50;24.50;24.00;24.50;24.75;25.75;38.50;34.25;25.25;24.25;23.75;24.25;24.25;25.75;38.00;32.25;25.00;23.75;23.75;23.75;23.50;24.75;32.00;27.75;24.00;23.50;23.25;23.25;24.00;24.00;24.50;24.00;23.25;23.00;23.50]
50182- [25.00;24.50;24.75;25.50;25.50;24.75;25.00;24.50;24.75;24.50;25.25;27.25;26.75;25.50;24.50;24.75;25.00;25.25;25.75;33.25;32.25;25.75;25.00;24.25;24.75;25.00;26.25;38.50;35.25;25.50;24.75;23.75;24.50;24.50;26.50;38.50;34.50;25.25;24.50;23.50;24.00;24.25;26.00;38.00;32.00;24.75;24.00;23.50;24.00;23.75;24.50;32.50;28.25;24.00;23.00;23.00;23.25;23.75;24.25;24.00;23.50;24.00;23.50;23.75]
50667- [24.50;24.25;25.00;25.50;25.75;24.75;24.75;24.75;24.75;24.50;24.75;27.50;27.00;25.00;24.25;25.00;24.75;25.00;25.50;33.00;32.00;25.25;25.00;24.25;24.50;24.75;26.00;38.00;35.00;25.25;24.75;24.00;24.75;24.50;26.25;38.50;34.25;25.25;24.25;23.75;23.75;24.50;25.75;37.75;32.00;25.00;24.25;23.75;24.00;23.50;24.75;32.25;28.00;24.25;23.50;22.50;23.50;23.50;24.00;24.50;24.25;23.50;23.00;23.50]
51152- [25.00;24.25;24.50;25.75;25.50;24.75;25.00;24.50;25.25;24.50;25.25;27.25;27.00;24.75;24.25;25.25;24.75;24.75;25.25;33.25;32.00;25.75;25.00;24.00;24.00;24.75;25.75;38.25;35.25;25.25;24.50;24.25;24.75;25.00;26.00;38.75;34.50;25.25;24.25;23.75;24.00;24.75;25.50;38.00;32.25;24.75;23.50;23.75;23.50;23.75;24.75;32.50;27.75;24.25;23.50;22.75;23.25;23.75;24.00;24.75;24.00;23.50;23.50;23.00]
51637- [24.50;24.25;25.25;25.50;25.50;25.00;25.00;25.00;25.25;24.50;25.25;27.00;27.00;25.00;24.50;24.75;24.50;24.75;25.50;33.25;31.75;25.75;24.50;24.00;24.75;24.75;25.50;38.25;35.25;25.00;24.50;24.25;24.50;24.75;26.25;38.75;34.50;25.25;24.75;23.50;24.50;24.50;25.75;38.50;32.00;24.75;23.75;24.00;24.25;23.50;24.75;32.00;28.00;24.00;24.00;22.25;23.25;23.50;24.00;24.50;24.00;23.50;23.75;23.75]
52122- [24.25;24.00;24.75;25.75;25.50;24.75;25.25;24.75;24.75;24.50;25.25;27.25;27.50;25.25;24.50;24.50;24.75;24.75;25.50;33.50;31.75;25.50;24.75;23.75;24.75;24.50;25.50;37.75;35.25;25.50;24.25;24.00;24.75;25.00;26.00;39.00;34.50;25.25;24.50;23.50;24.50;24.25;26.25;38.00;31.75;25.25;24.25;23.50;23.75;23.50;24.50;32.25;27.75;24.25;23.75;22.75;24.25;24.00;24.00;24.25;23.75;23.25;23.25;23.50]
52607- [25.00;24.25;24.75;25.75;25.50;24.75;25.00;24.50;25.25;24.75;25.50;27.50;26.75;25.25;25.00;24.75;24.75;25.25;25.25;33.25;32.00;25.75;24.75;24.25;24.50;24.75;25.50;38.50;35.00;25.25;24.75;24.25;24.00;25.00;26.25;38.50;34.25;25.25;25.00;23.50;24.25;24.75;26.00;38.25;32.25;25.25;24.25;24.00;24.25;23.75;24.75;32.00;28.00;24.25;23.50;23.25;23.50;23.75;24.00;24.25;24.25;23.50;24.00;23.25]
53092- [25.25;24.50;24.75;25.50;25.00;25.00;25.00;25.00;25.00;24.75;25.00;27.00;27.25;25.25;24.50;25.00;24.50;25.00;25.75;33.25;32.00;25.50;24.50;24.00;24.50;24.50;25.75;38.25;35.50;25.25;24.75;23.75;24.75;24.75;25.75;38.75;34.25;25.00;24.50;23.50;24.25;24.50;25.75;38.00;32.25;25.00;24.25;24.00;24.25;23.75;25.00;32.25;27.75;24.00;24.00;23.25;23.25;24.00;24.00;24.25;24.25;23.00;23.50;23.25]
53577- [24.50;24.50;25.25;25.25;25.50;25.25;25.25;24.75;24.75;25.00;25.50;26.75;26.75;25.25;24.50;24.75;24.75;24.75;25.75;33.75;32.25;25.50;25.25;24.50;24.75;24.75;25.75;38.25;35.50;25.50;24.50;23.75;24.25;24.50;26.25;38.75;34.00;25.50;24.25;23.50;24.25;24.75;25.75;37.75;32.00;25.00;24.00;23.75;23.50;23.75;24.00;32.00;28.00;24.00;23.50;23.00;23.75;24.25;23.75;24.50;24.00;23.50;23.75;23.75]
54062- [25.00;25.00;25.00;25.75;25.75;24.75;25.50;25.00;25.00;25.00;25.50;27.00;27.00;25.50;25.00;25.00;25.00;25.25;25.50;33.00;31.75;25.50;25.00;24.50;24.50;25.00;26.00;38.00;35.25;25.50;25.00;24.00;24.25;24.75;26.50;38.75;34.50;25.25;24.50;23.50;24.00;24.50;25.75;38.00;32.25;25.00;24.00;24.00;23.75;24.00;24.75;32.50;27.50;25.00;24.00;23.25;24.50;24.00;24.00;24.00;24.00;23.50;24.25;23.25]
54547- [24.75;24.75;25.25;26.25;25.50;25.00;25.25;25.25;25.25;24.75;25.50;27.50;27.00;25.00;24.50;24.50;25.00;25.00;25.75;33.50;32.00;25.75;24.75;24.50;24.25;24.50;26.25;38.25;35.50;25.50;24.75;24.00;24.75;24.75;26.50;38.75;34.50;25.25;24.00;24.00;24.75;24.50;26.00;38.50;32.00;25.00;24.25;24.00;23.75;24.00;24.50;32.75;27.75;24.25;24.00;23.00;24.25;23.75;24.50;24.25;24.25;23.25;23.25;23.25]
55032- [25.00;24.25;25.00;25.50;25.75;24.75;25.00;24.75;24.75;24.50;25.25;27.25;27.00;25.25;24.50;25.25;25.00;25.00;26.25;33.25;32.00;25.75;25.25;24.75;24.50;24.75;26.00;38.50;35.50;25.50;24.50;23.75;25.25;25.00;26.25;38.50;34.25;25.25;24.75;23.25;24.25;25.00;26.00;38.25;32.25;25.00;24.25;24.25;24.00;24.00;25.25;32.50;28.00;24.50;24.00;23.00;24.00;24.00;24.00;24.25;24.25;23.50;23.75;23.50]
55517- [24.75;24.75;25.25;25.50;25.75;24.75;25.00;24.75;24.25;24.75;25.25;27.00;27.25;25.00;24.75;24.75;24.50;24.75;25.75;33.25;32.00;25.50;25.25;24.25;24.25;24.50;26.25;38.25;35.25;25.25;24.25;23.75;24.75;24.75;26.25;38.75;34.00;25.25;24.25;23.75;24.50;24.00;25.75;38.50;32.25;25.25;23.75;23.50;24.25;23.75;24.75;32.25;27.50;24.25;24.00;23.25;23.25;23.75;23.75;24.25;24.25;23.25;23.50;23.50]
56002- [25.00;24.50;25.00;25.75;25.50;24.75;24.75;24.75;25.25;24.25;25.75;27.50;27.00;25.25;24.50;24.75;24.50;25.00;26.00;33.25;32.25;25.50;25.00;24.25;24.50;24.75;26.00;37.75;35.75;25.25;24.75;23.75;24.50;24.75;26.50;38.75;34.25;25.25;25.00;23.50;24.25;25.00;25.75;38.00;32.00;25.25;24.00;24.00;23.75;23.75;25.00;32.50;28.25;24.25;24.00;23.25;23.50;24.25;23.25;24.75;24.50;23.50;23.75;23.25]
56487- [24.50;24.50;24.75;25.50;25.75;24.75;25.25;24.75;24.75;25.00;25.50;27.25;27.00;25.25;24.50;24.50;24.75;25.25;26.00;33.00;32.25;25.50;25.00;24.50;24.25;24.50;26.00;38.75;35.50;25.50;24.75;24.25;24.50;24.75;26.50;38.75;34.25;25.25;24.75;23.50;24.25;24.50;26.00;37.75;32.00;25.00;24.25;23.75;23.75;23.75;25.00;32.50;27.75;24.25;23.75;23.25;23.50;23.75;24.25;24.50;24.25;23.75;23.50;23.75]
56972- [24.50;24.50;25.00;25.75;25.75;24.75;25.00;25.50;24.75;25.00;25.50;27.50;27.25;25.50;25.00;25.00;25.00;25.00;26.00;33.50;32.25;25.50;25.50;24.00;24.75;24.75;25.75;38.25;35.50;25.75;24.50;24.25;24.25;25.00;26.25;38.75;34.50;25.75;24.50;23.75;24.00;24.50;26.25;38.25;32.25;25.00;24.25;23.50;24.00;24.00;24.75;32.75;28.00;24.50;24.00;23.25;24.00;23.75;24.50;24.50;24.25;23.50;23.75;24.00]
57457- [25.00;24.50;24.75;25.75;26.00;25.00;25.25;24.75;25.00;24.75;25.50;27.75;27.25;25.25;24.50;25.25;25.00;25.00;26.25;33.25;32.25;25.75;24.75;24.25;24.75;24.75;26.00;38.25;35.00;25.25;24.75;23.75;24.75;25.00;27.00;38.50;34.25;25.25;24.75;23.75;24.25;25.00;25.75;38.50;32.50;25.00;24.00;23.75;23.75;24.00;25.00;32.50;28.00;24.25;23.75;23.50;23.25;24.25;24.25;24.25;23.75;23.50;23.75;23.50]
57942- [25.00;24.25;24.75;25.50;25.50;24.75;24.75;24.75;25.25;25.25;25.00;27.50;27.00;25.25;25.00;24.75;25.00;25.25;26.00;33.25;32.25;25.75;25.00;24.75;24.25;25.00;26.00;38.25;35.25;25.50;25.00;24.00;24.50;25.25;26.25;38.75;34.50;25.00;25.00;24.25;24.25;24.75;25.75;38.25;32.00;24.75;24.00;24.00;24.00;23.75;24.75;32.25;28.00;24.25;23.50;23.00;23.25;23.75;23.75;24.75;24.25;23.50;23.50;23.25]
58427- [24.75;24.50;25.25;26.00;25.75;24.75;25.00;24.50;25.00;24.50;25.25;27.25;27.00;25.25;25.00;25.25;24.75;25.00;25.75;33.25;32.25;26.00;25.00;24.50;24.75;24.75;26.25;38.25;35.25;25.50;25.00;24.25;25.00;25.25;26.50;39.00;34.75;25.50;24.25;23.50;24.50;24.50;25.75;38.25;32.00;25.00;24.00;23.75;23.75;24.00;24.50;32.50;27.75;24.75;23.50;23.00;24.00;24.00;23.75;24.50;24.25;23.25;23.50;23.25]
58912- [24.75;24.50;25.00;26.00;25.25;24.75;25.25;25.00;25.25;24.75;25.50;27.00;27.25;25.75;24.75;25.00;24.75;25.00;26.00;33.50;32.00;25.75;25.25;24.50;24.75;25.00;26.25;38.25;35.50;25.50;24.75;24.25;24.75;25.00;26.25;39.00;34.25;25.25;24.50;23.75;24.25;24.50;25.50;38.25;32.25;25.00;24.25;23.75;24.25;24.00;24.75;32.50;28.00;24.50;24.25;23.25;23.75;23.75;24.00;24.25;24.25;23.25;23.25;22.75]
59397- [25.25;24.50;24.75;25.75;25.50;25.00;24.75;25.00;25.25;24.75;25.25;27.25;27.25;25.25;25.25;24.75;24.75;25.00;26.00;33.75;32.25;25.75;25.25;24.50;24.50;24.75;26.00;38.00;35.50;26.00;24.50;24.25;25.00;25.00;27.00;38.75;34.25;25.50;24.50;24.00;24.50;24.50;26.00;38.25;32.00;25.25;24.25;23.75;24.00;23.75;24.50;32.75;28.25;24.25;23.75;23.00;23.50;24.00;24.00;24.50;24.25;23.50;23.75;23.50]
59882- [25.25;24.50;25.25;26.00;25.75;25.00;25.25;24.75;25.00;24.50;25.50;27.50;27.25;25.50;24.75;25.25;24.75;25.00;26.00;33.25;32.00;25.75;25.25;24.50;24.75;24.50;26.50;38.00;35.50;25.25;24.75;24.50;24.50;25.00;26.75;39.00;34.50;25.25;24.50;23.75;24.25;24.50;26.00;38.50;32.50;25.00;24.50;24.50;24.25;24.00;24.75;32.25;28.25;24.00;23.75;23.00;23.50;24.25;23.75;24.00;24.25;23.75;23.75;23.50]
60367- [25.00;24.75;25.00;25.50;25.75;24.75;25.75;24.75;24.75;25.00;25.25;27.25;27.25;25.50;24.75;25.25;25.00;25.00;25.50;33.50;32.50;26.25;25.00;24.75;24.75;24.75;26.00;38.50;35.75;25.50;24.75;24.25;25.00;25.25;26.50;39.25;34.50;25.25;25.00;23.75;24.50;24.50;26.00;38.50;32.25;24.75;24.00;24.25;24.00;24.25;24.75;32.75;28.25;24.50;23.50;23.00;23.50;24.25;23.75;24.25;24.25;24.00;24.25;23.50]
60852- [25.25;25.25;25.00;25.50;25.75;25.25;25.25;25.00;25.00;24.75;25.50;27.50;27.00;25.50;24.75;25.25;24.50;25.50;26.00;33.50;32.25;25.75;25.50;25.00;24.75;25.00;26.50;38.00;35.50;25.50;24.75;24.25;24.50;25.00;26.25;38.75;34.75;25.50;24.50;23.50;24.50;24.50;26.00;39.00;32.75;25.25;24.25;24.50;24.00;24.00;24.75;32.75;28.00;24.25;24.25;23.00;23.50;23.25;24.50;24.25;24.50;23.50;24.00;23.00]
61337- [24.50;24.50;24.75;26.00;25.75;25.25;25.75;24.75;25.25;24.75;25.50;27.00;27.25;25.00;24.50;25.00;25.00;25.00;26.00;33.25;32.25;25.75;25.25;24.75;24.50;25.25;26.25;38.00;35.00;26.00;24.50;24.25;24.75;25.25;26.00;38.75;34.00;25.50;24.75;23.75;24.50;24.50;26.25;38.00;32.50;25.25;23.75;24.00;24.25;24.00;25.00;32.50;28.25;24.75;24.00;23.00;23.75;23.75;24.50;24.25;24.50;23.50;23.50;23.25]
61822- [24.75;24.75;24.75;25.50;25.75;25.00;25.50;24.75;24.50;24.75;25.50;27.00;26.50;25.25;25.25;25.00;25.00;25.00;25.75;33.25;32.25;25.75;24.75;24.25;25.00;24.50;25.75;38.25;35.50;25.25;24.50;23.75;24.75;25.50;26.75;38.75;34.25;25.50;24.25;23.75;24.75;24.75;25.75;38.25;32.00;25.00;24.00;24.00;23.50;24.00;24.50;32.50;27.50;24.25;23.25;22.50;24.25;23.75;24.25;24.00;24.50;23.00;23.50;23.25]
62307- [24.75;24.50;25.00;25.50;25.25;24.75;25.00;24.75;24.75;24.75;25.25;27.00;27.25;25.25;24.50;24.75;24.75;24.75;26.00;33.00;32.25;25.50;24.75;24.50;24.75;24.50;25.50;38.00;35.25;25.25;24.25;24.00;24.75;24.75;26.50;38.25;34.25;25.25;24.50;24.00;24.25;24.25;25.75;38.25;32.25;25.00;23.75;23.75;23.50;23.75;24.50;32.50;27.50;24.50;23.25;22.50;23.25;23.50;24.25;24.50;23.75;23.00;23.25;23.00]
62792- [24.75;24.25;24.50;25.00;25.25;24.75;24.75;25.00;24.25;24.50;25.25;27.00;27.00;25.25;24.50;24.75;24.50;25.00;25.50;33.25;31.75;25.50;25.00;23.75;24.75;24.50;25.75;37.75;35.25;25.25;24.50;23.75;24.50;24.50;26.25;38.25;34.25;24.75;24.25;23.25;23.50;24.25;25.50;37.75;31.75;24.50;23.50;23.50;23.50;23.25;24.00;32.25;28.25;23.75;23.25;22.25;23.25;23.50;23.50;24.25;24.00;23.25;23.00;22.75]
63277- [24.75;24.25;24.75;25.50;25.50;24.50;24.75;24.75;24.75;24.50;24.75;27.00;26.50;25.00;24.75;24.75;24.50;24.75;25.50;33.00;32.00;25.50;24.75;24.25;25.00;24.25;26.00;38.00;35.25;25.25;24.00;24.00;24.75;24.75;26.25;38.25;34.00;25.00;24.25;23.50;24.00;24.50;25.75;38.25;31.75;24.25;23.50;24.25;23.00;23.75;24.50;32.25;27.75;23.75;23.75;23.00;23.00;23.50;23.75;24.25;24.00;23.00;23.00;22.75]
63762- [24.75;24.00;25.00;25.50;25.50;25.00;25.25;25.25;25.00;24.25;25.25;27.50;27.00;25.00;24.75;24.75;24.25;24.75;26.00;33.25;32.00;25.50;24.75;24.25;24.50;24.75;25.75;37.75;35.25;25.50;24.00;23.75;24.50;24.75;26.25;38.50;34.25;25.25;24.50;23.25;23.75;24.50;26.00;37.75;32.00;24.75;23.75;23.75;23.75;23.75;24.75;32.25;27.50;24.00;23.25;22.75;24.00;24.00;24.00;23.75;24.25;22.75;23.25;23.50]
64247- [25.00;24.50;24.25;25.75;25.50;24.75;24.50;24.00;24.50;24.25;25.25;27.00;26.75;25.00;24.50;24.50;24.50;24.50;25.75;33.00;31.50;25.25;24.50;24.25;24.50;24.00;25.75;38.00;35.00;25.25;24.50;24.25;24.75;24.25;26.00;38.75;34.25;25.25;24.50;23.75;24.00;24.50;25.50;38.00;32.00;24.75;23.75;24.00;23.75;23.75;24.25;32.25;27.50;24.00;23.50;23.00;23.25;24.00;24.00;24.50;24.00;23.50;23.25;23.25]
64732- [24.50;24.00;24.75;25.75;25.25;24.50;24.75;24.50;25.25;24.50;25.50;26.75;27.25;25.00;24.50;25.00;24.75;24.50;25.75;33.00;32.25;25.25;24.50;24.25;24.00;24.50;26.00;38.00;35.00;25.25;24.50;24.00;24.75;24.50;26.25;38.50;34.00;25.00;24.25;23.50;24.00;24.75;25.75;38.00;31.75;25.00;24.00;23.75;24.00;23.75;24.75;32.25;28.00;24.25;24.00;23.00;23.50;24.00;23.75;24.00;24.50;23.25;23.50;23.00]
65217- [25.00;24.00;25.00;25.25;25.25;24.50;24.75;24.25;24.50;24.00;24.75;26.75;27.25;25.00;24.50;24.75;24.75;24.75;25.75;32.50;31.75;25.00;24.75;24.00;24.00;24.50;25.75;38.00;34.75;24.75;24.25;23.75;24.25;24.75;25.75;38.25;34.25;25.00;24.25;23.75;24.25;24.25;25.75;38.00;31.75;24.75;24.00;23.50;23.50;23.50;24.25;32.25;27.75;23.75;23.25;22.50;23.00;23.50;24.25;24.00;24.00;23.00;23.25;23.25]
65702- [24.75;24.00;24.25;25.00;25.00;24.50;24.75;23.75;24.50;24.50;25.25;27.00;27.25;25.50;24.75;25.00;25.00;24.50;26.00;32.75;31.75;25.25;24.50;24.00;24.00;24.25;25.75;37.75;35.25;24.50;24.00;23.50;24.50;24.75;26.00;38.75;34.00;25.25;24.00;23.50;24.00;23.75;25.75;37.75;31.75;24.75;23.50;23.50;23.50;23.75;24.25;32.25;27.75;23.50;23.25;23.00;23.50;23.50;24.00;24.00;23.50;23.75;23.75;23.50]
66187- [24.50;24.00;24.75;25.25;25.25;24.75;24.50;24.00;24.75;24.25;25.00;26.75;26.75;24.75;24.00;24.25;25.25;25.00;25.50;32.75;31.75;25.00;24.75;24.00;24.50;24.25;25.50;37.50;35.25;24.75;24.25;23.50;24.25;24.50;25.75;38.25;34.25;25.00;24.25;23.50;24.25;24.25;25.50;37.75;32.00;24.50;24.00;24.00;23.75;23.50;24.50;32.25;27.25;23.75;23.25;23.25;23.25;23.75;23.75;24.00;23.75;23.50;23.25;23.25]
66672- [24.75;24.00;24.75;25.50;25.50;24.75;24.25;24.25;24.25;24.25;24.50;27.25;26.75;25.00;24.75;24.25;24.50;24.75;25.50;33.00;31.75;25.50;24.25;23.75;24.25;24.00;25.75;37.75;35.00;25.25;24.00;23.50;24.75;24.25;26.00;38.25;34.00;25.00;24.00;23.25;24.25;24.50;25.75;38.00;31.75;24.75;23.50;23.50;24.00;23.50;24.25;32.75;27.50;24.00;23.50;22.75;23.50;24.00;24.00;24.00;23.75;23.50;22.75;22.75]
67157- [24.75;24.00;25.00;25.00;25.00;24.50;24.50;24.75;24.50;24.25;25.25;26.75;26.75;25.00;24.50;24.75;24.75;24.25;25.50;33.00;31.75;24.75;24.25;24.25;24.75;24.25;25.75;37.75;34.75;25.00;24.25;23.00;24.25;24.75;25.75;38.50;34.25;25.00;24.25;23.25;24.00;24.25;25.75;37.50;32.25;24.50;23.75;23.50;24.00;23.00;24.50;32.50;27.75;23.75;23.25;22.75;23.00;23.50;24.00;24.00;23.50;23.50;23.00;23.00]
67642- [24.50;23.75;24.50;25.75;25.25;24.50;24.75;24.75;24.50;24.50;24.75;26.50;26.75;24.50;23.75;24.50;24.50;25.00;25.50;33.25;31.50;25.50;24.75;24.50;24.50;23.75;25.75;37.75;35.25;24.75;24.50;23.75;24.25;24.50;26.00;38.50;34.00;25.00;24.25;23.50;24.25;24.50;25.50;38.00;32.00;24.50;23.75;23.50;23.00;23.00;24.50;32.50;27.50;23.75;23.50;22.75;22.75;23.25;23.50;24.00;23.75;23.25;23.25;23.00]
68127- [24.75;24.25;25.00;25.75;25.25;24.75;24.25;24.00;24.75;24.00;25.25;26.75;27.00;25.00;24.50;24.50;24.50;24.50;25.25;33.00;31.50;25.25;24.75;23.75;24.25;24.50;25.75;37.75;35.00;25.25;24.25;23.50;24.75;24.75;25.75;38.50;34.00;25.00;24.00;23.75;23.75;24.50;25.75;37.75;31.75;24.50;23.75;24.00;23.75;23.75;24.00;31.75;27.50;23.50;23.25;22.50;23.50;23.50;23.25;24.75;24.00;23.25;23.00;23.00]
68612- [24.75;24.50;24.75;25.25;25.25;25.00;24.50;25.00;25.25;24.00;25.25;26.50;26.75;24.75;24.75;24.50;24.75;24.50;25.75;33.50;31.75;25.50;24.50;24.00;24.50;24.25;25.25;38.00;35.25;24.75;24.25;24.00;24.75;24.75;26.25;38.75;34.00;25.50;24.50;23.75;23.75;24.50;25.75;38.00;31.75;24.75;23.75;23.50;24.25;23.75;24.75;32.50;27.75;23.75;23.50;22.75;23.25;23.25;23.50;24.50;23.75;23.00;23.25;23.50]
69097- [24.50;23.50;25.00;25.50;25.50;24.25;25.00;24.50;24.75;24.75;25.00;27.00;26.50;25.00;24.50;25.00;24.50;24.75;25.75;33.00;31.75;25.25;25.00;23.75;24.50;24.50;25.25;37.75;35.25;25.25;24.25;24.00;24.50;24.75;25.75;38.50;34.25;25.25;24.00;23.75;24.25;24.25;26.00;38.25;31.50;24.50;23.50;23.50;23.75;23.00;24.00;32.00;27.25;24.00;23.50;22.50;23.50;24.00;23.75;23.75;24.25;23.50;24.00;23.25]
69582- [24.50;23.75;24.50;25.50;25.25;24.75;24.50;24.75;24.50;24.50;25.25;26.75;26.75;25.00;24.25;24.50;24.75;24.75;25.75;33.00;31.75;25.00;24.75;24.25;24.50;24.00;25.75;37.75;34.75;25.00;24.25;23.75;24.75;25.00;26.00;38.25;34.00;24.75;24.50;23.50;24.00;24.50;25.75;38.00;32.00;24.50;23.50;23.25;23.50;23.75;24.50;32.50;27.25;24.00;24.00;22.75;23.50;23.50;23.50;24.25;23.75;23.00;23.00;23.50]
70067- [24.75;24.25;24.50;25.25;25.25;24.25;24.75;24.50;24.50;24.00;25.25;27.00;27.00;24.75;24.75;24.25;24.25;24.75;25.50;33.00;31.50;25.25;24.50;23.75;24.25;24.00;25.75;38.25;35.00;24.75;24.50;24.00;24.25;24.50;26.00;38.50;34.00;24.75;24.00;24.00;24.00;24.75;25.75;38.00;32.00;24.75;24.00;23.50;23.25;23.75;24.50;32.50;27.50;23.75;23.25;22.75;23.25;23.25;23.25;23.75;23.75;23.00;23.00;22.75]
70552- [24.50;24.25;24.75;25.50;25.00;24.50;25.25;24.50;24.00;24.00;25.00;27.00;26.75;24.75;24.25;24.50;24.25;24.25;25.50;33.00;31.75;25.25;25.00;24.25;24.25;24.25;25.75;37.75;35.25;25.50;24.25;23.50;23.75;24.25;26.25;38.50;34.00;25.25;24.50;23.25;24.00;24.25;25.75;37.75;31.75;24.75;23.25;23.75;23.50;23.50;24.75;32.00;27.75;24.25;23.25;23.25;23.50;23.50;24.00;24.00;23.75;23.00;24.00;22.75]
71037- [24.50;23.75;24.50;25.25;25.50;24.25;25.00;24.25;24.75;24.25;25.25;27.00;26.50;25.25;24.50;24.50;24.50;24.75;25.25;33.00;31.75;25.00;24.75;24.00;24.50;24.50;25.50;37.75;34.75;25.25;24.25;24.00;24.75;25.00;26.00;38.75;34.00;24.75;24.25;23.50;24.00;24.50;25.75;37.75;31.75;24.75;23.50;24.25;23.75;23.50;24.25;32.25;27.25;24.25;23.25;23.00;23.00;23.50;24.25;24.00;24.00;22.75;23.00;23.00]
71522- [25.25;24.00;25.00;25.50;25.00;25.00;24.75;25.25;24.50;24.75;25.00;27.50;26.75;25.25;24.75;24.75;24.75;25.25;25.50;33.00;31.75;25.25;25.00;24.75;24.25;24.00;25.50;37.75;35.25;25.25;24.25;24.00;24.50;24.75;25.75;38.75;34.00;25.00;24.00;23.75;24.00;24.50;25.50;38.00;32.00;24.50;24.00;23.50;23.50;23.75;24.75;32.50;27.50;24.00;23.75;23.00;23.50;23.00;23.75;24.25;24.00;23.00;23.25;23.25]
72007- [25.00;24.00;25.00;25.25;25.50;24.75;24.25;24.50;24.50;24.75;25.25;27.00;27.00;25.00;24.25;24.75;24.50;24.75;25.75;33.25;31.75;25.25;24.50;24.00;24.50;24.00;25.50;37.75;35.00;25.00;24.75;23.50;24.75;24.75;26.00;38.50;34.25;25.25;24.50;23.50;23.75;23.75;25.50;38.00;32.00;24.50;23.75;23.50;23.50;23.50;24.50;32.25;27.50;24.00;23.00;22.75;23.25;23.50;23.50;24.50;23.75;23.50;22.75;23.25]
72492- [25.00;24.00;24.50;25.50;25.25;24.50;24.50;24.75;24.50;24.25;25.25;27.25;26.75;25.00;24.50;25.25;24.50;25.00;25.50;33.00;32.00;25.25;24.75;24.25;24.75;24.50;25.50;37.75;35.00;25.00;24.25;24.00;24.50;24.50;26.25;38.50;34.00;25.25;24.75;23.25;24.00;24.50;25.50;38.25;32.25;24.50;23.75;23.50;23.50;23.75;24.50;32.25;27.25;24.00;23.50;22.75;23.00;24.00;23.75;24.50;24.00;23.00;23.25;22.75]
72977- [24.50;24.25;24.75;25.00;25.25;24.75;24.75;24.00;24.25;24.00;24.75;26.75;26.75;24.75;24.25;24.50;24.50;25.00;25.75;32.75;31.75;25.50;24.50;24.50;24.25;24.50;25.75;38.00;35.00;25.25;24.00;24.00;24.00;24.50;26.00;38.25;33.75;25.00;23.75;23.75;23.75;24.25;25.50;37.50;31.75;24.50;23.75;23.75;23.25;23.25;24.25;32.00;27.75;24.00;23.50;22.75;23.25;23.50;23.50;24.00;23.50;23.00;23.00;22.75]
73462- [25.00;24.00;24.75;25.50;25.25;24.50;24.75;24.50;24.75;24.00;25.00;26.75;27.00;24.75;24.75;24.00;24.75;25.25;25.75;32.75;31.75;25.00;24.75;23.75;24.25;24.25;25.50;37.75;35.00;25.00;24.25;23.50;24.50;24.75;25.75;38.25;34.00;24.75;24.25;23.50;24.25;24.00;25.50;37.75;31.75;24.25;23.50;23.75;23.50;23.50;24.00;32.00;27.50;23.75;23.25;23.25;23.75;23.50;23.50;24.00;23.50;23.00;23.25;23.25]
73947- [24.75;23.75;24.25;25.25;24.75;24.50;24.75;24.75;24.50;24.50;25.00;27.00;26.75;25.00;24.50;24.50;24.75;24.75;25.25;32.50;31.50;25.25;24.50;24.25;24.75;24.50;25.00;37.75;35.25;25.50;24.25;23.50;23.75;24.50;25.75;38.25;34.00;24.75;24.25;23.50;24.25;24.25;25.50;38.00;31.75;24.50;23.75;23.50;23.50;23.75;23.75;31.75;27.50;23.75;22.75;23.00;23.75;23.00;23.75;24.00;23.75;23.00;23.00;23.25]
74432- [24.50;24.00;24.50;25.25;25.25;24.25;25.25;24.25;24.50;24.50;24.75;27.00;26.75;24.75;24.25;24.50;24.50;24.75;25.50;33.00;31.50;25.25;24.75;24.00;24.50;24.75;25.75;38.00;35.25;25.25;24.25;24.00;24.50;24.25;26.00;38.25;33.75;25.00;24.50;23.25;24.25;24.00;25.75;38.00;31.50;24.25;23.50;24.00;23.50;23.75;24.75;32.25;27.50;24.00;23.25;22.50;23.00;23.50;23.75;24.25;23.50;22.75;23.50;23.25]
74917- [24.75;23.75;24.50;25.25;25.50;24.75;24.75;24.25;24.50;24.25;24.75;27.00;26.50;24.75;24.25;24.25;24.50;24.50;25.25;33.00;32.00;25.25;24.50;23.75;24.25;24.00;25.75;37.75;34.50;25.25;23.75;23.75;24.00;24.50;26.25;38.25;33.75;24.75;24.00;23.00;23.50;23.75;25.00;38.00;31.75;24.25;23.25;23.25;23.50;23.75;24.25;32.00;27.50;24.25;23.25;22.50;23.50;23.75;24.00;24.00;24.00;23.00;22.75;23.25]
75402- [24.75;23.75;24.75;25.00;25.25;24.75;25.00;24.50;24.75;24.25;25.00;26.75;26.50;24.75;24.00;24.50;24.75;24.75;25.50;32.75;31.50;25.25;25.00;24.00;24.50;24.00;25.50;38.00;35.00;25.00;24.00;23.25;24.25;24.50;25.75;38.00;33.75;25.00;24.00;23.25;24.00;24.00;25.75;38.00;31.75;24.50;23.75;23.50;23.50;23.50;24.50;32.50;27.50;24.00;23.50;22.75;23.75;23.50;24.00;24.25;24.25;23.00;23.00;23.00]
75887- [24.00;24.25;24.25;25.25;25.25;24.50;24.75;24.50;24.50;24.25;24.75;26.50;26.50;24.50;24.50;25.00;24.75;24.25;25.50;32.75;31.75;25.25;24.50;23.75;24.25;24.25;25.75;37.50;34.75;25.00;24.25;23.75;24.75;24.75;25.75;38.25;34.00;25.00;24.25;23.50;23.25;24.25;25.75;37.75;31.50;24.50;23.50;24.00;23.50;23.50;24.25;32.25;27.25;23.75;23.00;23.00;23.25;23.25;24.00;23.75;23.00;23.00;22.75;23.00]
76372- [25.50;24.25;24.75;25.00;25.25;24.50;25.00;24.50;24.75;24.00;25.00;27.00;27.00;25.00;24.50;24.75;24.50;24.75;25.00;32.75;31.50;25.50;24.50;24.00;24.25;24.75;25.75;37.50;35.00;25.00;24.25;23.75;24.50;24.75;26.25;38.25;33.75;24.75;24.25;23.25;24.25;24.25;25.75;38.25;31.75;24.75;24.00;23.75;23.75;23.50;24.75;32.25;27.75;24.00;23.25;22.75;24.00;23.25;24.00;24.25;23.75;23.00;23.25;22.50]
76857- [25.00;24.50;25.00;25.25;25.25;24.75;24.50;24.50;24.75;24.50;25.00;26.75;26.50;25.00;24.50;25.00;24.75;24.50;26.00;32.75;32.00;25.00;24.75;23.75;24.25;24.75;25.75;37.50;35.00;25.00;24.50;23.75;24.25;24.25;26.00;38.25;34.25;25.00;24.00;24.00;24.00;23.75;26.00;38.00;32.00;24.25;23.75;23.75;23.75;23.75;24.50;32.25;27.50;24.00;23.75;22.75;24.25;23.75;23.50;23.75;24.00;23.25;23.00;22.75]
77342- [25.00;24.00;24.50;25.25;25.00;24.75;24.50;24.50;24.50;24.25;24.50;26.75;26.75;24.75;24.50;24.25;24.50;24.50;25.75;33.00;31.75;25.50;24.25;24.00;24.25;24.25;25.50;37.50;35.50;25.25;24.50;23.50;24.50;24.75;26.00;38.25;33.75;25.00;24.25;23.25;24.50;24.25;25.25;38.00;31.75;24.50;23.50;22.75;23.50;23.75;24.25;32.25;27.75;24.00;23.25;22.50;22.75;23.50;23.25;24.25;23.50;22.75;23.25;22.25]
77827- [24.50;24.25;24.75;25.50;25.50;24.75;24.75;24.25;25.00;24.00;25.00;26.75;26.50;25.00;24.25;24.75;24.50;24.75;25.25;32.75;31.25;25.25;24.75;24.00;24.25;24.50;25.75;37.75;35.25;25.00;24.25;23.75;24.75;24.50;26.25;38.50;34.25;25.25;24.25;23.25;24.00;24.50;25.50;38.00;32.00;24.25;23.75;23.50;23.75;23.25;24.25;32.50;27.50;24.00;23.00;22.75;23.00;23.50;24.00;23.75;23.75;23.00;23.75;22.75]
78312- [24.00;24.00;24.50;25.25;25.50;24.75;24.75;24.00;24.75;24.50;24.75;27.00;26.50;25.00;24.25;24.75;24.75;24.50;25.50;33.25;31.75;25.50;24.25;24.25;24.50;24.00;25.75;37.50;35.25;25.00;23.75;23.50;24.50;24.75;26.00;38.50;34.00;24.75;24.00;23.75;24.50;24.25;25.50;38.00;31.50;24.75;24.00;24.00;23.50;23.25;25.00;32.50;28.00;24.00;23.50;22.50;23.50;23.50;24.00;24.00;24.00;23.25;23.00;23.00]
78797- [25.00;23.75;24.75;25.25;25.50;24.75;24.75;24.25;24.50;24.25;24.75;26.75;27.00;25.00;24.50;25.00;24.50;24.75;25.50;33.00;31.50;25.25;24.50;23.75;24.50;24.50;25.50;37.75;35.00;25.00;24.25;23.50;24.00;24.50;25.75;38.50;34.00;25.00;24.25;23.25;24.25;24.25;25.50;38.00;31.75;24.25;23.50;23.50;23.75;23.25;24.75;32.25;27.25;24.00;23.25;22.75;23.25;23.50;24.50;23.75;23.50;23.25;23.25;23.00]
79282- [24.50;24.25;24.50;25.50;25.50;24.25;24.75;24.50;24.50;24.25;25.50;27.00;26.75;25.25;24.25;24.25;24.75;25.25;25.75;33.00;31.75;25.25;24.50;24.25;24.25;24.25;25.75;38.25;34.75;25.00;24.25;23.50;24.50;24.75;26.25;38.75;34.25;24.75;24.25;23.50;24.00;24.75;26.00;38.25;32.25;25.00;23.75;23.75;24.00;23.50;24.75;33.00;27.50;24.25;23.50;22.75;23.75;23.75;24.25;24.75;24.00;23.25;23.25;22.75]
79767- [24.75;24.00;25.00;26.00;25.25;25.00;25.25;24.25;24.25;24.50;25.00;27.00;26.75;25.00;24.75;24.75;24.75;24.50;25.50;32.75;32.00;25.25;24.75;24.25;24.50;24.50;25.25;37.75;35.25;25.25;24.50;23.50;24.50;24.50;26.00;38.50;34.50;25.00;24.00;23.50;24.50;24.50;26.00;38.00;31.75;24.75;24.00;23.75;23.75;23.75;24.25;32.50;27.75;24.50;23.25;22.75;23.75;23.75;24.25;24.25;24.00;23.25;23.25;23.25]
80252- [25.00;24.25;24.75;25.25;25.75;24.25;25.00;24.50;24.75;24.25;25.25;27.00;26.75;25.25;24.75;24.25;25.00;24.50;25.75;33.00;32.00;25.75;24.75;24.00;24.25;24.50;25.25;38.25;35.00;25.25;24.50;24.00;24.50;24.75;26.25;38.75;34.25;25.50;24.75;23.50;24.00;24.50;25.75;38.25;32.25;24.75;23.75;24.00;24.25;23.75;24.50;32.75;28.00;24.25;23.75;22.75;23.50;24.00;24.00;24.50;24.00;23.00;23.75;22.50]
80737- [24.50;24.50;25.25;25.25;26.00;24.75;25.25;24.50;25.00;24.50;24.75;26.75;27.00;24.75;25.00;24.50;24.75;24.75;25.75;33.25;31.50;26.00;25.50;24.50;24.75;24.75;25.75;38.00;35.25;25.25;24.50;24.25;24.50;24.75;26.00;38.75;34.25;25.00;24.25;23.25;24.25;24.50;26.25;38.25;32.00;24.50;23.75;23.75;24.00;23.75;24.75;32.75;28.00;24.25;23.25;22.75;23.50;23.75;24.00;24.50;24.25;23.25;24.00;23.75]
81222- [25.00;24.25;25.25;25.50;25.50;24.75;25.00;24.25;24.50;25.00;25.50;27.25;27.00;25.25;24.75;24.50;24.75;25.00;25.50;33.00;31.75;25.50;24.75;24.25;25.00;24.50;25.75;38.00;35.25;25.25;24.50;24.00;24.25;25.00;26.25;38.50;34.00;25.50;24.50;24.25;24.25;24.50;26.00;38.25;32.00;24.75;24.00;24.00;23.75;24.00;24.50;32.50;28.25;24.75;23.50;23.00;24.00;24.25;24.00;24.00;23.75;23.50;23.50;23.00]
81707- [25.00;24.50;24.75;26.00;25.75;25.00;24.75;24.50;24.50;24.75;25.25;27.25;27.25;25.25;24.50;24.75;25.00;24.75;25.75;33.25;31.75;25.50;25.00;24.00;24.75;24.50;26.00;38.00;35.25;25.75;24.50;24.25;24.75;24.50;26.50;38.75;34.25;25.75;24.50;24.25;24.50;24.75;25.75;38.25;32.00;25.00;23.75;23.75;24.25;23.75;24.50;32.75;28.00;24.00;23.75;22.75;23.50;24.00;24.25;24.50;24.00;22.75;23.25;22.75]
82192- [24.50;24.25;24.75;25.50;25.25;24.75;25.25;24.75;25.00;24.75;25.50;27.25;27.50;25.50;24.75;25.00;24.75;24.75;25.50;33.00;32.00;25.50;25.00;24.75;24.25;24.50;25.75;38.00;35.00;25.25;24.75;24.00;24.50;24.50;26.50;38.75;34.00;25.25;24.50;24.25;24.25;24.50;26.25;38.25;32.25;24.75;24.00;24.50;23.75;24.00;24.75;32.75;27.50;24.25;24.00;23.25;23.25;23.00;24.00;24.00;24.25;23.25;23.25;23.75]
82677- [25.00;24.50;24.75;25.75;25.50;25.00;25.00;24.75;25.00;24.75;25.50;27.25;27.00;25.50;24.25;24.75;25.00;24.75;25.75;33.00;32.00;25.75;24.75;24.50;24.50;24.25;25.50;38.25;34.75;25.50;24.50;24.00;24.75;25.00;26.00;38.75;34.00;25.50;24.25;23.75;24.00;24.25;25.75;38.00;32.00;24.50;24.00;23.50;24.00;23.50;24.75;32.50;27.75;24.25;23.75;22.75;23.50;23.75;24.25;24.25;24.00;23.00;23.00;23.00]
83162- [25.00;24.50;25.00;25.50;25.50;24.75;25.00;25.00;24.75;24.00;25.00;27.25;27.00;25.25;24.75;24.25;24.25;24.75;26.00;33.25;31.75;25.75;25.00;24.75;24.75;24.50;26.00;37.75;35.25;25.25;24.25;23.75;24.50;24.50;26.50;38.50;34.25;25.25;24.75;23.75;23.75;24.50;25.50;38.25;32.00;24.75;24.00;24.00;23.25;24.25;24.50;32.50;27.75;24.25;23.25;23.00;23.00;23.25;24.25;24.75;24.00;23.00;23.50;23.75]
83647- [24.75;24.25;24.50;25.25;25.25;24.75;24.75;24.25;24.75;24.75;25.25;27.25;26.75;25.00;24.25;25.00;25.00;24.75;25.75;33.00;32.00;25.50;24.75;24.50;24.75;24.75;25.50;37.75;35.25;25.25;24.50;23.75;24.75;24.75;26.50;38.50;33.75;24.75;24.25;23.50;24.00;24.25;26.00;38.25;32.00;24.75;24.00;24.00;23.75;23.75;24.75;32.75;28.00;24.00;23.25;23.00;23.75;23.75;24.00;24.25;24.50;23.00;23.75;23.75]
84132- [24.75;24.50;24.75;25.75;25.50;25.00;25.00;24.50;25.00;24.50;25.00;27.25;26.75;25.00;24.75;24.75;24.75;25.00;25.50;33.00;32.00;25.50;24.50;24.25;24.75;24.75;25.75;37.75;35.00;25.00;24.75;24.00;24.25;24.75;26.00;38.75;34.00;25.25;24.25;23.75;24.00;24.25;25.50;38.25;32.25;24.75;23.75;24.00;23.75;23.50;24.50;33.00;28.25;23.75;23.75;22.75;24.25;23.50;24.00;24.00;24.00;23.25;23.25;23.25]
84617- [24.75;24.00;25.00;25.50;25.25;24.25;24.75;24.25;24.50;24.50;25.25;27.50;26.50;25.50;24.50;24.50;24.50;25.00;25.50;33.25;31.75;25.25;25.00;24.25;24.75;24.50;25.50;38.00;35.00;25.00;24.00;24.00;24.75;24.75;26.00;38.25;34.25;25.25;24.25;23.75;24.25;24.50;26.00;38.00;31.75;24.50;23.50;23.75;24.00;23.50;24.25;32.50;27.75;24.25;23.25;22.75;23.75;24.00;24.00;24.25;23.75;22.75;23.50;23.75]
85102- [24.50;24.50;24.75;25.25;25.25;24.50;25.00;24.50;24.75;24.50;25.25;27.00;27.00;25.25;24.00;24.75;24.50;25.00;25.25;32.50;31.75;25.50;24.25;24.00;24.25;24.50;25.50;38.00;35.00;25.25;24.00;24.00;25.00;24.50;26.25;38.50;33.75;25.00;24.00;23.00;23.75;24.25;25.50;38.00;31.75;24.25;23.75;23.50;23.25;24.00;24.75;32.25;28.00;23.75;23.75;22.75;23.00;24.00;23.50;24.25;23.75;23.25;23.00;22.75]
85587- [24.50;24.25;24.75;25.50;25.00;25.00;24.75;24.25;24.50;24.50;24.75;27.00;26.75;25.00;24.25;24.50;24.75;24.75;25.75;33.00;32.25;25.25;24.75;24.25;24.50;24.50;25.75;38.00;34.75;25.25;24.50;23.50;24.25;24.50;26.25;38.50;34.00;25.00;24.50;23.75;24.00;24.25;25.75;37.75;31.75;24.25;24.00;24.00;23.50;24.00;24.50;32.75;27.75;24.00;23.75;22.75;23.50;23.25;23.75;24.00;24.00;22.50;23.00;23.00]
86072- [24.50;24.25;24.50;25.75;25.00;24.75;24.75;24.25;24.75;24.25;25.00;26.75;26.75;25.00;24.75;24.50;24.25;24.75;25.50;33.00;31.50;25.00;24.50;24.50;24.25;24.50;25.50;37.75;34.75;25.00;24.25;24.25;24.00;24.75;26.25;38.75;34.00;25.00;24.00;23.25;23.75;24.50;25.75;37.75;31.75;24.25;23.50;24.00;23.75;23.25;24.25;32.50;27.75;24.00;23.25;22.25;23.25;23.25;24.25;24.00;23.75;23.00;23.75;22.50]
86557- [25.00;24.25;24.50;25.25;24.75;25.00;24.75;24.50;24.75;24.50;25.25;27.00;26.75;24.75;24.50;25.00;24.25;24.75;25.75;33.25;31.75;25.25;24.50;24.25;24.50;24.50;25.75;37.75;35.00;25.25;24.25;24.00;24.25;24.25;26.00;38.50;34.25;25.25;24.25;23.75;24.00;24.25;26.00;38.25;31.50;25.00;24.00;24.00;24.25;24.25;24.75;32.50;27.50;24.25;23.50;22.50;23.50;24.00;23.75;24.25;23.50;23.25;23.25;23.00]
87042- [24.50;24.25;25.00;25.50;25.50;24.75;25.00;25.00;24.50;24.50;25.25;27.00;26.25;24.75;24.75;24.75;24.75;24.25;25.75;33.00;32.00;25.50;24.75;24.25;24.00;24.50;26.00;37.75;35.00;25.50;24.50;23.75;24.50;25.00;26.25;38.25;34.25;25.25;24.25;23.50;23.75;24.75;26.00;38.00;31.75;24.75;23.75;23.75;23.50;23.75;24.50;32.50;28.00;24.00;23.50;22.75;23.75;23.75;23.75;24.00;24.00;23.25;23.50;23.25]
87527- [25.00;24.25;24.75;25.50;25.50;24.75;24.75;24.25;24.75;24.50;25.00;26.75;26.75;24.75;24.75;24.75;24.75;24.75;25.50;33.00;31.75;25.50;24.75;23.75;24.50;24.50;25.75;37.75;35.25;25.25;24.00;24.00;24.75;24.50;26.25;38.50;34.25;24.75;24.25;23.50;23.75;24.25;26.00;37.75;32.00;24.50;23.50;23.25;23.50;23.50;24.50;32.75;27.50;24.50;23.75;23.25;22.75;23.25;24.25;24.25;24.25;23.25;23.25;23.75]
88012- [24.75;24.50;24.75;25.50;25.25;24.50;24.75;24.50;24.75;24.25;25.25;27.25;26.75;25.50;24.50;25.00;24.50;24.75;25.75;33.00;31.75;25.25;25.00;24.00;24.50;24.25;25.50;37.75;34.75;25.25;24.25;24.00;24.75;24.50;26.25;38.50;34.25;25.25;24.00;24.00;23.50;24.50;25.75;38.00;31.75;24.75;24.00;23.75;23.75;23.75;24.00;32.25;28.00;24.25;23.00;22.75;23.25;23.50;24.00;24.00;24.00;23.00;23.25;23.50]
88497- [24.50;24.50;24.25;25.50;25.00;24.25;24.50;25.00;25.00;24.25;25.00;27.00;27.00;25.00;24.50;24.25;24.50;25.00;25.50;33.00;31.75;25.50;25.25;24.00;24.50;24.50;25.50;37.75;35.25;25.25;24.25;23.75;24.25;24.50;26.25;38.25;34.25;25.25;24.25;23.50;24.25;25.00;25.75;38.00;31.50;24.75;23.50;24.00;24.00;23.75;24.75;32.50;27.75;24.50;23.50;23.00;23.25;23.75;24.00;24.00;24.25;23.25;23.25;23.00]
88982- [24.25;24.25;24.75;25.25;25.50;24.75;24.75;24.75;24.75;24.50;24.75;27.00;26.75;24.75;24.75;24.25;25.00;24.75;25.50;32.75;31.50;25.50;24.50;24.25;24.50;24.00;25.75;37.75;35.00;25.25;24.25;23.75;24.25;24.25;25.75;38.25;34.00;25.25;24.00;23.25;23.50;24.25;25.50;38.00;32.25;24.50;23.75;23.50;23.50;23.50;24.25;32.50;27.75;24.00;23.50;22.75;23.00;24.00;23.75;25.00;23.75;23.25;22.75;22.75]
89467- [25.00;24.50;24.75;25.25;25.25;25.25;24.75;24.75;24.75;24.50;25.00;27.00;26.75;25.25;23.75;24.75;24.50;24.75;25.50;33.00;32.00;25.50;24.75;24.50;24.50;24.75;26.00;37.75;34.75;25.50;24.75;24.00;24.75;24.75;25.75;38.50;34.25;25.00;24.00;23.75;24.00;24.50;25.50;37.75;31.50;24.50;24.25;23.75;23.75;23.25;24.75;32.50;28.00;24.00;23.50;22.75;23.50;23.75;23.75;24.25;24.25;23.50;23.25;23.25]
89952- [24.50;24.25;24.50;25.00;25.50;24.50;25.00;25.00;25.00;24.50;24.75;27.00;26.50;24.75;24.50;24.75;24.25;24.75;25.00;32.75;31.50;25.50;23.75;24.00;24.75;24.50;25.50;37.75;35.00;25.00;24.25;24.25;24.25;24.25;26.00;38.25;33.50;25.00;23.75;23.50;24.00;24.25;26.00;38.00;31.75;24.50;23.50;24.00;23.75;23.75;24.50;32.75;28.25;23.75;23.50;23.00;23.75;23.50;24.00;24.50;24.00;23.50;23.50;23.50]
90437- [24.50;24.50;24.50;25.25;25.25;24.50;24.50;25.00;24.75;24.75;25.00;26.75;26.75;25.00;24.00;24.50;24.75;24.75;25.50;32.75;31.25;25.50;24.50;24.50;24.50;24.50;25.50;37.75;35.00;25.25;24.25;23.75;24.50;24.25;26.00;38.50;34.00;25.25;24.25;23.75;24.50;24.50;25.50;38.25;31.75;24.75;23.75;23.50;23.75;23.25;24.75;32.50;27.75;24.00;23.75;22.25;23.50;23.75;24.00;24.25;24.50;23.50;23.75;23.50]
90922- [24.50;24.25;24.75;25.25;25.25;24.75;25.25;24.50;24.75;24.25;25.25;27.00;26.75;25.50;24.25;25.00;24.75;24.50;25.50;32.75;32.00;25.00;24.75;23.75;24.50;24.25;26.00;37.75;35.25;25.50;24.25;24.00;24.50;24.50;26.00;38.50;33.75;25.50;24.50;23.25;23.50;24.00;25.50;38.25;32.00;24.50;24.00;24.00;23.75;23.75;24.75;32.25;27.50;23.75;23.50;22.50;23.75;24.00;24.00;24.00;23.75;23.00;23.25;23.50]
91407- [24.75;24.00;24.75;25.50;25.00;24.25;24.50;24.50;24.75;24.00;25.25;27.00;26.75;24.50;24.50;25.00;24.25;24.50;25.25;32.75;31.50;25.25;24.75;24.50;24.75;24.25;25.75;38.00;35.25;25.25;24.25;23.50;25.00;24.50;26.25;38.50;34.25;25.00;24.50;23.75;23.75;24.25;26.00;38.00;32.00;24.75;24.25;23.50;23.75;23.50;24.50;32.50;27.50;23.75;23.25;22.50;23.25;23.75;23.75;23.75;24.00;23.50;23.25;23.50]
91892- [24.75;24.00;24.75;25.50;25.25;24.75;25.50;24.75;25.00;24.50;25.00;27.00;26.75;25.00;24.75;24.50;24.75;24.75;25.25;33.50;31.75;25.50;24.50;24.50;24.25;24.50;25.50;37.75;35.00;25.50;24.50;23.50;24.50;24.50;26.25;38.50;34.25;25.25;24.50;23.50;24.25;24.75;25.75;38.00;32.00;25.00;24.00;24.25;23.50;23.75;24.50;32.50;27.75;23.75;23.50;23.00;24.75;24.25;24.50;24.25;23.75;23.50;23.50;23.25]
92377- [24.75;24.25;25.25;25.25;25.25;24.75;25.00;24.00;25.00;24.50;25.00;26.75;27.25;25.00;24.75;24.50;24.75;24.75;25.75;33.00;31.75;25.75;25.00;24.25;24.50;24.75;25.75;37.75;35.50;25.25;24.50;23.75;24.50;25.00;26.00;38.75;34.25;25.50;24.25;23.75;24.00;24.50;25.75;37.75;31.75;24.75;24.25;24.00;24.00;24.00;24.50;32.75;27.50;24.25;23.50;22.75;24.00;23.75;24.25;24.25;24.50;23.25;24.25;23.50]
92862- [24.75;24.25;24.50;25.50;25.25;24.50;25.00;24.50;24.50;24.75;25.25;27.25;26.75;25.25;24.75;24.75;24.50;25.00;25.75;33.25;31.75;25.75;24.50;24.50;24.75;24.75;26.00;37.75;35.50;25.00;24.50;24.25;24.25;24.75;26.00;38.50;34.00;25.25;24.50;23.75;24.25;24.00;25.75;38.00;31.75;25.00;23.50;24.00;24.00;23.50;24.50;32.50;28.00;24.00;23.50;23.00;23.25;23.75;23.75;24.25;23.75;23.50;23.50;22.75]
93347- [24.75;24.25;24.75;25.25;25.50;24.25;24.75;25.00;24.75;24.50;25.50;27.00;27.00;25.25;24.75;25.00;24.75;24.75;26.00;33.50;31.75;25.75;25.25;24.50;24.50;24.50;25.75;38.00;35.25;25.50;24.75;24.25;24.75;24.50;26.50;38.75;34.00;25.00;24.50;23.50;24.25;24.75;26.00;38.00;32.00;24.75;24.25;23.50;24.00;24.25;24.50;32.75;27.75;24.00;23.50;22.25;23.75;23.50;24.50;24.25;24.25;23.25;23.50;23.00]
93832- [25.25;24.00;24.75;25.75;25.75;25.00;25.00;24.50;25.00;24.50;25.00;27.25;26.75;25.25;24.25;24.75;24.25;24.75;25.50;33.00;31.75;25.75;25.00;24.50;24.00;24.25;26.25;37.75;35.25;25.25;24.75;24.25;24.50;25.00;26.25;38.50;34.25;25.50;24.50;23.50;24.25;24.50;26.25;37.75;32.00;24.50;24.25;23.75;23.75;23.50;24.50;32.50;28.00;24.50;23.25;22.75;23.75;23.75;23.50;24.25;24.25;23.25;23.25;23.00]
94317- [25.25;24.50;24.75;25.25;25.50;25.00;25.00;24.50;25.00;24.75;25.25;26.75;27.00;25.00;24.75;24.75;24.75;25.00;25.75;33.25;32.25;25.50;24.75;24.50;24.50;24.75;25.75;38.50;35.25;25.25;24.75;24.00;24.75;25.00;26.25;38.75;34.25;25.25;24.75;23.75;24.25;24.25;25.75;38.00;32.00;24.75;24.25;23.75;24.00;24.00;24.50;32.50;28.00;24.25;23.50;22.75;23.00;23.75;24.50;24.00;23.75;23.75;23.75;23.50]
94802- [25.00;24.00;24.50;25.25;25.50;24.75;24.75;24.25;24.75;24.75;25.50;27.00;27.25;25.25;24.50;24.25;24.75;25.00;25.50;33.25;32.00;25.75;25.25;24.25;25.25;24.75;25.75;38.00;35.25;25.75;25.00;23.75;24.50;24.75;26.25;39.00;34.50;25.25;24.50;23.75;24.25;24.50;26.00;38.00;32.00;24.50;24.00;23.75;23.75;23.75;24.50;32.75;27.75;24.00;23.50;22.75;23.50;24.50;24.00;24.25;24.00;23.75;23.25;23.50]
95287- [24.75;24.25;24.75;25.25;25.25;24.75;25.00;24.25;24.50;24.50;25.00;27.00;27.00;25.25;24.75;25.00;24.75;24.50;25.75;33.25;32.25;25.50;24.75;24.00;24.75;24.25;26.25;38.00;35.25;25.50;24.75;24.25;24.25;25.00;26.25;38.50;34.50;25.00;24.50;23.75;24.25;24.50;25.75;38.00;31.50;24.75;24.00;23.75;23.75;24.00;24.75;32.25;27.75;24.00;23.25;23.25;23.75;23.25;24.25;24.50;23.75;23.25;23.75;23.50]
95772- [25.00;24.00;25.00;25.75;25.75;24.25;25.00;24.75;24.75;24.75;25.00;27.25;26.75;25.25;24.50;24.75;24.50;24.75;25.75;33.25;31.75;26.00;24.75;24.50;24.50;24.50;26.00;38.25;35.00;25.25;24.25;24.00;24.75;25.00;26.25;38.75;34.50;25.25;24.50;24.00;23.75;24.50;26.50;38.25;32.00;24.75;24.00;24.50;23.50;23.50;24.75;32.50;27.50;24.00;23.75;22.75;23.25;23.75;24.25;24.25;24.25;23.50;23.50;22.75]
96257- [24.50;24.75;24.75;25.50;25.25;25.00;25.00;24.75;24.50;24.75;25.00;27.00;26.75;25.00;24.75;24.25;24.75;25.00;25.75;33.00;31.75;25.50;25.00;24.00;24.75;24.50;25.75;37.75;35.50;25.25;24.50;23.75;24.50;24.50;26.50;38.25;34.25;25.25;24.50;23.50;24.25;24.25;25.75;38.00;32.25;25.00;24.00;23.75;23.50;23.75;24.50;32.50;27.75;24.25;23.50;23.25;22.75;23.50;24.00;24.25;23.75;23.00;23.50;23.25]
96742- [24.50;24.50;24.75;25.50;25.25;24.75;25.00;24.50;24.50;24.50;25.00;27.25;26.50;25.25;24.00;24.75;24.75;24.75;26.00;33.25;32.00;25.50;25.25;24.25;24.75;23.75;25.75;37.75;35.25;25.00;24.00;23.75;24.50;24.75;26.25;38.50;34.50;25.00;24.50;23.75;24.25;24.00;25.50;38.00;32.00;24.50;23.75;23.50;24.00;23.75;24.50;32.25;27.75;23.75;24.00;23.00;23.50;24.50;24.25;24.50;24.00;23.50;23.25;23.00]
97227- [24.50;24.25;25.00;25.25;25.25;24.50;25.00;24.50;24.75;24.50;25.25;27.00;27.00;25.00;25.00;24.50;24.75;25.00;25.50;33.00;31.75;25.75;25.00;24.50;24.25;24.75;26.00;37.75;35.25;25.25;24.00;23.50;24.50;25.25;26.00;38.50;34.25;25.25;24.50;23.75;24.50;24.50;25.50;37.75;32.25;24.75;23.75;23.25;24.00;23.75;24.50;32.50;27.75;24.00;23.50;23.00;24.00;23.50;24.00;24.50;23.75;23.00;23.50;23.50]
97712- [24.50;24.25;25.00;25.50;25.50;24.75;24.75;25.25;24.75;25.00;24.75;27.00;26.50;24.75;24.50;25.00;24.75;24.75;25.75;33.25;31.50;25.75;25.00;24.50;24.50;24.25;25.75;38.00;35.00;25.00;24.50;24.00;24.25;24.75;26.25;38.50;34.00;25.00;24.50;23.50;24.25;24.00;26.00;38.25;32.00;25.25;23.75;24.00;23.50;23.50;24.50;32.50;27.50;24.50;23.50;23.25;23.00;23.75;24.25;24.00;23.50;23.50;23.25;23.25]
98197- [24.50;24.25;24.75;25.50;25.50;24.00;25.25;25.00;24.75;24.75;25.00;26.75;26.75;25.00;24.50;25.00;25.00;24.75;25.50;33.00;31.25;25.00;24.75;24.50;24.25;24.25;25.75;37.75;35.25;25.00;24.25;23.50;25.25;25.00;26.00;38.50;34.00;25.25;24.25;23.50;24.00;24.50;25.50;38.25;31.75;25.00;23.75;23.75;23.50;23.50;25.00;32.75;27.75;24.00;23.50;23.00;23.25;23.75;24.00;24.00;23.75;23.00;23.25;23.25]
98682- [24.50;24.00;24.75;25.50;25.50;25.00;25.00;24.75;24.50;24.25;25.00;27.00;26.75;25.25;24.50;24.75;24.50;25.00;25.50;33.50;31.75;25.50;24.75;24.25;24.75;24.50;26.00;37.75;35.25;25.00;24.50;24.25;24.75;25.00;25.75;38.50;33.75;25.25;24.25;24.00;24.25;24.75;25.75;38.00;31.75;24.75;23.75;23.75;23.75;24.25;25.00;32.75;27.50;23.75;23.25;23.00;23.75;24.00;23.75;24.50;23.75;23.50;23.25;23.00]
99167- [24.75;24.50;25.00;25.50;25.25;25.00;24.75;24.75;24.75;24.50;25.50;26.75;27.00;25.25;24.25;24.25;24.75;24.75;25.25;33.00;31.50;25.50;25.25;24.00;24.50;24.50;26.00;38.00;34.75;25.00;24.25;23.75;24.25;24.75;26.00;38.50;34.50;25.00;24.00;23.25;24.00;24.25;25.75;38.00;31.75;24.50;23.75;23.75;24.00;23.50;24.75;32.75;27.75;23.50;23.25;22.75;23.25;23.25;23.75;24.50;24.00;23.25;23.75;23.00]
99652- [24.50;24.00;24.75;25.25;25.25;24.75;24.75;24.75;24.75;24.25;25.00;27.00;27.00;25.00;24.50;25.00;24.50;24.50;25.50;33.00;31.75;25.50;24.75;23.50;24.00;24.50;25.75;37.50;35.00;24.75;24.25;23.75;24.50;24.75;26.00;38.75;34.00;24.50;24.00;23.75;23.75;24.00;25.75;38.00;31.75;24.25;23.75;23.75;23.50;23.50;24.50;32.25;27.50;24.25;23.25;22.25;23.00;23.75;24.00;24.25;24.00;23.00;22.75;22.50]
100137-[24.50;24.25;24.50;25.25;25.25;24.50;24.50;25.00;24.75;24.50;25.00;26.75;27.00;25.00;24.25;24.25;24.00;25.00;25.75;33.00;31.75;25.75;24.75;24.00;24.25;24.25;25.50;38.00;35.00;25.25;24.00;24.00;24.25;24.50;26.50;38.00;34.00;25.00;24.25;24.00;24.00;24.00;25.50;37.50;32.00;25.00;23.75;23.50;24.00;23.50;24.00;32.25;27.75;24.00;23.25;23.25;22.75;23.75;23.25;24.50;23.75;23.00;23.25;22.75]
100622-[24.75;24.25;24.75;25.75;25.25;24.25;24.75;24.25;24.50;24.25;25.25;26.50;26.75;24.75;24.50;24.25;24.50;24.75;25.75;33.25;32.00;25.25;24.25;23.75;24.25;24.25;25.25;38.00;35.25;25.25;24.25;23.75;24.25;24.25;26.25;38.00;33.75;24.50;24.25;23.50;23.75;24.00;25.50;37.50;31.75;24.25;23.50;23.50;23.50;23.50;24.25;31.50;27.25;23.75;22.75;22.25;23.00;23.00;23.50;24.00;23.50;22.50;23.00;22.75]
101107-[24.75;24.00;24.50;25.00;25.25;24.25;25.00;24.75;24.25;24.25;25.25;27.00;27.00;24.75;24.00;24.00;24.50;24.75;25.75;33.00;32.00;25.00;24.25;24.25;24.25;24.50;25.75;37.75;35.00;25.00;24.00;23.50;23.75;24.25;26.00;38.50;33.75;24.75;24.50;23.50;24.00;24.25;25.50;37.75;32.25;24.50;23.50;23.25;23.25;23.50;24.50;32.00;27.50;23.75;23.75;22.75;22.75;23.25;23.75;23.75;24.00;22.75;23.25;23.25]
101592-[24.75;24.00;24.50;25.00;25.25;24.75;24.75;24.00;25.00;24.00;25.00;27.25;27.00;25.00;24.25;24.75;24.25;24.75;25.75;32.75;32.00;24.75;24.75;24.00;24.00;24.25;25.50;38.00;34.75;25.25;24.50;24.00;24.50;24.50;26.00;38.25;34.00;24.75;24.25;23.50;24.00;24.50;25.50;37.75;31.75;24.75;23.75;23.75;23.50;24.00;24.50;32.00;28.00;24.00;23.00;22.25;23.50;23.50;23.50;23.75;23.50;23.00;22.75;23.50]
102077-[24.75;24.00;25.00;25.50;25.50;25.00;25.00;24.25;24.50;24.25;25.00;27.00;26.75;24.75;24.50;24.50;24.50;24.75;25.75;33.00;32.00;25.25;24.25;24.00;24.25;24.50;25.50;38.00;35.00;25.00;24.25;23.75;24.75;24.75;26.25;38.50;34.00;24.75;24.00;23.25;24.25;24.50;25.75;37.50;32.25;24.25;23.75;24.00;23.50;23.75;24.50;32.00;27.75;23.75;23.00;22.50;23.25;23.25;24.00;23.75;24.00;23.75;23.00;22.25]
102562-[24.25;24.00;24.75;25.25;25.25;24.75;24.75;24.50;24.75;24.25;25.00;27.25;27.00;25.00;24.25;24.50;24.75;24.25;25.00;33.00;31.75;25.00;24.50;23.75;24.25;24.50;25.75;37.50;35.00;25.25;24.50;24.25;24.50;24.50;26.00;38.25;34.00;25.25;24.25;23.25;23.75;24.00;25.75;37.50;32.00;24.25;23.50;23.75;23.50;23.75;24.00;31.75;27.50;24.00;23.75;23.00;23.75;23.75;24.00;24.00;23.75;23.50;23.00;22.75]
103047-[24.25;24.50;24.50;25.50;25.50;24.75;24.50;24.25;24.75;24.25;25.25;27.25;26.75;25.00;24.50;24.75;24.75;24.75;25.50;33.25;32.00;25.00;25.25;24.00;24.25;24.25;25.50;38.00;34.75;25.25;24.00;24.00;24.75;25.00;26.00;38.25;33.75;25.00;24.25;23.75;24.00;24.00;25.75;37.50;32.00;24.25;24.00;23.75;23.50;23.50;24.50;32.25;27.75;24.25;23.50;22.75;23.50;24.00;23.75;24.75;24.00;23.25;23.50;23.25]
103532-[25.25;23.75;24.75;25.25;25.25;24.75;24.75;24.50;24.50;24.00;24.75;26.75;26.75;25.00;24.00;24.25;24.75;25.00;26.00;33.00;32.00;25.25;24.50;24.25;24.00;24.50;25.50;37.50;34.75;25.00;24.50;24.00;24.25;25.00;25.75;38.00;34.00;24.75;24.00;23.25;23.75;24.50;25.50;37.75;31.75;24.25;23.75;23.75;23.75;23.50;24.25;32.00;27.75;23.75;23.25;22.50;23.50;23.50;23.75;24.00;23.75;23.25;23.50;23.50]
104017-[24.75;24.00;24.75;25.25;25.50;24.50;24.75;24.50;24.25;24.50;25.25;27.00;26.50;24.75;24.25;24.25;25.00;24.50;25.75;33.25;32.00;25.25;25.25;24.75;24.00;24.50;25.50;37.75;35.00;25.25;24.00;23.25;24.25;24.50;26.00;38.00;34.25;25.25;24.25;23.50;24.25;24.00;25.75;37.75;31.75;24.00;24.00;23.50;23.75;23.25;24.25;32.50;27.75;24.00;23.00;23.00;22.50;23.50;24.00;24.00;24.00;23.50;23.00;23.50]
104502-[24.50;24.25;24.50;25.25;25.50;24.75;24.75;24.50;25.00;24.50;25.00;27.50;26.75;25.25;24.00;24.50;24.50;24.75;25.25;33.25;32.00;25.25;24.50;24.00;24.25;24.75;26.00;38.00;35.25;25.25;24.25;23.75;24.75;24.75;25.75;38.25;34.00;25.25;24.00;23.50;24.00;24.25;25.50;38.00;32.00;24.25;23.75;23.75;23.50;23.25;24.25;31.75;28.00;24.00;23.00;23.00;23.75;23.00;24.00;24.50;23.50;23.25;23.25;23.25]
104987-[24.50;24.25;24.50;25.50;25.25;24.75;25.00;24.00;24.50;24.50;25.50;27.25;27.00;24.75;24.75;24.50;24.50;24.75;25.50;33.25;32.25;25.50;24.75;23.75;24.75;24.25;25.75;37.75;35.00;25.00;24.50;23.25;24.25;24.75;25.75;38.50;34.00;25.00;24.00;23.75;23.75;24.50;25.75;37.75;31.75;24.50;23.50;24.00;23.50;24.00;24.50;32.00;27.75;24.25;23.50;23.00;23.25;23.75;24.50;24.00;24.00;23.00;23.25;23.50]
105472-[24.75;24.25;24.75;25.50;25.25;24.75;25.00;25.00;25.00;24.25;25.25;27.00;26.75;24.75;24.25;24.75;24.25;25.00;25.25;33.00;32.00;25.75;24.25;24.00;24.25;24.50;26.00;37.75;35.00;25.50;24.50;24.00;24.25;24.75;26.25;38.25;34.25;25.25;24.50;23.50;24.00;24.50;25.75;38.25;32.25;24.75;23.50;23.75;23.50;23.75;24.75;32.00;28.00;24.25;23.25;23.00;23.50;23.50;23.75;24.75;24.00;23.25;23.25;23.25]
105957-[24.50;24.25;24.50;25.50;25.25;24.50;24.50;24.00;24.50;24.50;25.25;27.00;26.50;24.75;24.50;24.25;24.75;24.25;25.25;33.00;32.00;25.00;25.00;24.00;24.00;24.50;25.25;37.75;35.00;25.00;24.25;23.75;25.00;25.00;26.00;38.25;34.00;25.25;24.50;23.75;24.00;24.50;25.75;37.75;32.00;24.50;23.75;23.75;23.75;23.50;24.25;32.00;27.50;23.75;23.25;23.00;23.25;23.25;24.00;24.25;24.25;23.00;23.50;22.75]
106442-[24.25;24.00;24.75;25.75;25.75;24.75;25.00;24.25;24.50;24.50;25.00;27.25;26.50;25.00;24.50;24.50;24.50;25.00;25.50;33.00;32.00;25.25;24.75;24.25;24.50;24.50;25.50;37.75;35.25;25.25;23.75;24.25;24.50;24.50;26.00;38.50;34.25;25.25;24.50;23.75;24.00;24.25;25.50;37.75;31.75;24.75;23.50;23.50;23.75;23.50;24.75;32.25;27.75;24.25;23.75;23.00;23.50;23.75;24.25;24.50;23.75;23.00;23.25;23.50]
106927-[24.75;24.25;25.00;25.75;25.00;24.75;24.75;24.75;24.50;24.50;25.00;27.00;27.25;25.25;24.25;24.75;24.50;24.75;25.50;33.25;32.25;25.50;24.75;24.50;24.25;24.75;25.50;38.00;35.00;25.25;24.00;24.00;24.50;24.50;26.00;38.25;34.25;25.50;24.00;24.00;24.50;24.50;25.75;37.75;32.00;24.50;23.75;23.75;24.00;23.50;24.25;31.75;28.00;24.25;23.50;22.25;23.25;24.00;24.25;24.25;23.75;23.25;23.25;23.00]
107412-[25.00;24.00;24.50;25.25;25.25;24.75;25.00;25.00;24.50;24.00;25.00;27.00;26.75;25.25;24.25;24.50;24.50;24.75;25.75;33.25;32.25;25.00;25.00;24.25;24.25;24.50;26.00;37.75;35.25;25.00;24.50;23.75;24.50;24.75;26.00;38.25;34.00;25.50;24.50;23.75;24.00;24.25;25.50;38.25;32.00;24.75;23.50;23.75;23.75;23.50;24.75;32.25;27.75;24.50;23.50;23.25;23.25;23.75;23.50;24.25;23.75;23.25;23.50;23.25]
107897-[24.50;24.25;24.75;25.50;25.00;24.75;24.50;24.75;24.75;24.25;25.00;26.75;26.75;25.00;24.25;24.75;24.50;24.50;26.00;33.25;31.75;25.25;24.75;23.75;24.00;24.25;25.75;37.75;35.00;25.00;24.50;23.75;24.75;25.00;26.25;38.25;34.00;25.00;24.00;23.75;24.25;24.25;25.50;37.50;32.00;24.50;23.50;23.50;23.25;23.75;24.50;32.00;27.75;24.00;23.75;22.50;23.25;23.00;24.00;24.00;24.25;23.00;23.25;23.25]
108382-[24.75;24.00;24.75;25.25;25.25;24.25;24.75;24.75;24.50;24.25;25.00;27.00;26.50;25.25;24.50;23.75;24.50;24.50;25.00;33.50;32.00;25.50;24.50;24.00;24.75;24.25;25.50;37.50;35.00;25.25;23.75;24.00;24.00;24.50;26.00;37.75;34.00;25.00;24.00;23.50;23.75;24.25;25.50;37.75;32.25;24.75;24.00;24.00;23.50;24.00;24.25;32.00;27.50;24.00;23.25;22.75;23.50;23.50;23.75;23.75;23.75;23.00;23.25;23.25]
108867-[25.00;24.00;24.50;25.25;24.75;24.75;24.25;24.50;24.25;23.75;25.00;26.75;26.75;25.00;24.75;24.25;24.50;24.75;25.50;33.00;32.00;25.25;24.50;24.00;24.50;24.25;25.50;37.75;35.25;25.00;24.25;23.25;24.50;24.25;26.00;38.25;34.00;24.75;24.25;23.25;24.00;24.25;25.75;37.50;31.75;24.50;23.50;24.00;23.75;23.00;24.25;32.00;28.00;23.75;23.25;22.75;23.25;24.00;23.75;24.50;23.50;22.75;23.50;23.00]
109352-[24.75;24.25;24.00;25.25;25.00;24.75;25.25;25.00;25.00;24.50;24.75;27.00;26.75;24.75;24.25;24.75;24.50;24.50;25.25;33.00;31.75;25.00;24.50;24.00;24.25;24.25;25.50;37.50;34.75;25.00;24.25;23.75;24.00;24.25;25.75;38.25;34.00;24.50;23.75;23.50;24.00;24.25;25.50;37.75;32.00;24.25;23.25;23.25;24.25;23.50;24.25;32.00;28.00;23.75;23.75;22.25;23.50;23.75;24.00;24.25;23.75;23.00;23.50;22.50]
109837-[24.50;24.25;24.50;25.50;25.25;24.50;24.75;24.75;24.50;24.25;24.75;27.00;26.75;25.00;24.25;24.50;24.75;25.00;26.00;32.75;31.75;25.25;24.50;24.00;24.75;24.50;25.50;37.25;35.00;25.25;24.00;23.75;24.50;24.25;26.00;38.00;34.00;25.25;24.50;24.00;24.00;23.75;25.75;37.75;32.00;24.50;23.25;23.50;23.75;23.75;24.50;31.75;27.00;23.50;23.75;23.00;23.00;23.25;23.50;24.00;23.50;23.00;23.00;23.25]
110322-[24.75;24.25;24.75;25.25;25.00;24.75;24.25;24.50;24.75;24.00;24.75;27.00;26.75;24.75;24.75;25.00;24.25;24.75;25.50;33.25;32.00;25.25;24.50;24.00;24.50;24.00;25.75;37.25;35.00;25.00;23.75;23.50;24.50;24.75;26.25;38.25;34.25;25.25;24.00;23.50;24.00;24.00;25.25;37.75;31.75;24.25;24.00;23.25;23.50;23.50;24.75;32.00;27.50;24.00;23.25;22.75;23.50;23.50;23.50;23.75;24.00;22.75;22.75;23.00]
110807-[25.00;24.25;24.75;25.50;25.50;24.50;24.75;25.00;24.75;24.25;25.25;27.00;26.75;25.25;24.25;24.25;24.75;24.75;26.00;33.00;32.25;25.50;24.75;24.75;24.25;24.25;25.75;37.50;35.25;25.00;24.00;23.75;24.25;24.50;26.25;38.25;34.00;25.00;24.00;23.25;23.75;24.00;25.75;37.50;32.25;24.75;24.00;23.25;24.00;23.50;24.25;32.00;27.50;23.50;23.50;22.00;23.00;23.75;23.75;24.25;23.75;23.25;23.00;23.25]
111292-[24.50;24.00;24.75;25.75;25.75;24.25;25.00;24.00;24.50;24.50;25.25;27.00;26.75;25.50;24.25;24.50;24.50;24.75;25.75;33.00;32.00;25.75;24.75;24.00;24.50;24.50;25.75;37.75;34.75;25.00;24.25;23.50;24.50;24.75;25.75;37.75;34.00;25.25;24.50;23.75;24.00;24.25;25.50;37.50;31.75;24.50;23.75;23.25;23.75;23.50;24.50;32.25;27.75;24.00;23.25;22.50;23.75;23.50;24.25;23.75;24.00;23.25;22.50;23.25]
111777-[24.50;23.75;25.00;25.00;25.50;24.50;24.50;24.25;24.75;24.25;25.00;26.75;26.75;25.00;24.25;24.50;24.75;24.75;25.75;33.00;31.75;25.50;24.50;24.00;24.25;24.25;25.50;37.75;35.25;25.00;24.00;23.75;24.25;24.75;25.75;38.25;34.00;25.00;24.25;23.75;24.00;24.25;25.75;37.75;31.75;24.50;23.75;23.50;24.00;23.75;24.25;32.25;28.00;24.00;23.25;22.75;23.50;23.00;24.00;24.00;23.75;23.00;22.75;22.50]
112262-[25.00;23.75;24.75;25.00;25.25;24.50;25.00;24.50;24.75;24.50;25.25;27.00;26.75;24.75;24.50;24.50;24.50;24.75;25.50;33.25;31.75;25.50;24.50;24.50;24.50;24.75;25.50;37.75;35.00;25.25;24.25;24.00;24.25;24.75;25.75;38.00;34.00;25.25;24.25;23.50;24.25;24.50;25.75;37.75;32.00;24.75;23.50;24.25;23.50;23.75;24.25;32.00;27.75;23.75;23.25;23.00;23.25;23.25;24.00;24.25;24.00;23.50;23.50;23.00]
112747-[24.50;24.50;25.25;25.50;25.50;24.75;25.25;24.75;25.00;24.75;25.00;26.75;26.75;25.00;24.50;24.50;24.75;25.00;25.50;33.25;31.75;25.50;24.75;24.50;24.50;24.50;26.00;37.75;35.00;25.00;24.50;24.00;24.50;24.75;26.25;38.50;33.75;25.00;24.00;23.75;24.00;24.25;25.50;38.00;32.00;24.50;23.50;24.00;24.50;23.50;24.50;32.00;28.00;24.25;23.25;22.75;23.50;23.75;24.50;24.50;24.00;22.75;23.25;23.25]
113232-[24.75;24.50;24.75;25.50;25.50;25.00;24.75;24.75;24.75;24.25;24.75;27.00;27.00;25.25;24.75;24.50;25.00;24.75;25.75;33.25;32.00;25.00;25.00;24.00;24.25;24.25;26.00;37.75;35.50;25.75;24.50;24.00;24.75;25.00;26.00;38.25;34.25;25.00;24.25;23.75;24.75;24.25;26.00;38.25;32.50;24.50;24.25;24.00;23.25;23.75;24.25;31.75;27.50;24.25;23.75;22.75;23.75;23.50;24.00;24.25;24.00;22.75;23.50;22.75]
113717-[24.75;24.25;25.25;25.50;25.25;24.75;25.00;24.75;25.00;24.75;25.00;26.75;26.75;25.25;24.75;24.75;24.75;24.75;25.50;33.25;32.00;25.50;25.00;24.25;24.75;24.50;25.50;37.75;35.25;25.25;24.75;24.25;24.50;24.50;26.25;38.25;34.25;25.00;24.50;23.50;24.25;24.75;25.75;37.75;32.25;25.00;23.75;23.75;23.50;24.00;24.75;32.00;28.00;24.00;23.75;23.25;23.75;24.00;24.00;24.50;24.00;22.75;23.50;23.75]
114202-[25.00;24.25;24.50;26.00;25.75;25.00;25.00;24.50;25.00;24.75;25.50;26.75;26.75;25.00;24.75;24.50;25.00;25.00;26.00;33.25;32.00;25.25;25.00;24.00;24.25;24.75;25.50;37.75;35.25;25.50;24.25;23.75;24.75;24.75;26.25;38.25;34.25;24.75;24.50;23.25;24.00;24.25;25.75;38.00;31.75;24.75;24.00;23.75;23.25;23.50;24.75;32.25;28.00;23.75;23.50;22.75;23.25;24.50;24.00;24.25;23.75;22.75;23.50;23.50]
114687-[24.50;24.50;25.00;25.50;25.75;24.75;24.75;23.75;24.25;24.50;25.00;27.00;26.75;24.75;24.50;24.50;25.25;24.75;25.75;33.50;32.00;25.50;24.75;24.75;24.75;24.75;25.50;37.75;35.25;25.00;24.50;23.50;24.25;24.75;26.00;38.00;34.25;25.25;24.50;23.50;24.00;24.25;25.75;37.75;32.25;24.75;24.25;23.75;24.00;23.50;24.25;31.75;27.75;23.75;23.50;22.75;23.75;23.50;23.75;24.25;23.75;23.50;23.25;22.75]
115172-[24.75;24.00;24.00;25.75;25.25;24.75;24.75;25.00;24.50;24.00;25.50;27.00;26.75;25.25;24.75;24.25;24.25;24.50;26.00;33.25;32.00;25.50;24.75;24.25;24.25;24.50;25.75;37.50;34.75;24.75;24.25;24.00;24.75;24.75;25.50;38.25;34.00;25.25;24.00;23.25;23.50;24.25;25.25;37.75;32.25;24.50;24.00;23.75;23.50;23.50;24.50;31.50;27.25;24.00;23.50;22.50;23.50;23.50;23.75;24.50;24.00;22.75;23.50;23.50]
115657-[24.50;23.50;24.00;25.50;25.00;24.25;25.00;24.50;25.25;24.75;25.00;27.00;26.75;25.00;23.75;24.75;24.50;24.75;25.75;33.00;31.50;25.50;24.75;24.25;24.75;24.50;25.75;37.50;35.25;25.00;24.00;24.00;24.25;24.75;25.75;38.00;34.00;25.50;24.25;23.50;24.25;24.00;25.50;37.75;31.75;24.50;24.00;23.50;23.25;23.50;24.00;32.00;27.50;23.75;23.25;22.75;23.25;23.00;24.00;24.00;24.00;23.00;23.50;22.25]
116142-[24.50;24.25;24.50;25.75;25.00;24.50;24.50;24.75;25.25;24.50;25.00;26.75;27.00;25.00;24.50;24.75;24.50;25.00;26.00;33.25;31.75;26.00;24.25;24.25;24.75;24.50;25.75;37.50;35.00;25.50;24.25;23.50;24.50;24.50;26.25;38.00;34.00;25.25;24.00;23.25;24.50;24.00;25.75;37.75;31.50;24.75;23.50;23.25;24.00;23.50;24.00;31.75;27.75;24.00;23.00;23.00;23.00;23.25;23.25;24.25;24.25;23.50;23.50;23.25]
116627-[25.00;24.25;24.50;25.25;25.25;24.50;24.50;24.25;24.50;24.50;24.75;26.75;27.00;25.00;24.25;25.00;24.50;24.50;26.00;33.50;32.25;25.00;25.00;24.00;24.50;24.50;25.25;37.50;35.25;25.00;24.25;23.50;24.25;25.00;26.00;38.00;34.00;24.50;24.00;23.50;24.00;24.00;25.50;38.00;31.50;24.75;23.75;23.75;24.00;23.25;24.50;32.25;27.50;24.00;23.25;22.75;23.75;23.25;24.25;24.00;24.00;23.00;23.50;23.00]
117112-[24.75;24.25;24.50;25.25;25.00;24.75;24.75;24.00;24.75;24.25;25.25;27.00;26.75;25.00;24.00;24.75;24.50;24.50;25.50;33.25;32.00;25.75;24.50;24.25;24.50;24.50;26.00;37.75;35.25;25.00;24.25;23.75;24.25;24.75;26.00;38.75;34.00;25.25;24.25;23.75;24.00;24.25;25.75;37.75;32.00;24.50;23.50;23.75;23.25;24.00;24.25;32.25;27.50;24.25;23.00;22.75;24.00;23.25;23.75;23.75;24.00;23.00;23.50;23.50]
117597-[25.00;24.25;25.00;25.25;25.50;24.25;25.00;24.25;25.25;24.50;25.00;27.00;26.75;25.25;24.75;24.25;24.50;24.75;25.50;33.25;32.50;25.25;24.75;24.00;24.50;24.50;25.75;37.75;35.00;25.00;24.25;23.75;24.75;24.75;26.00;38.00;34.00;24.50;24.25;23.50;24.00;24.25;25.50;37.50;31.75;24.50;23.50;23.50;24.00;23.50;24.75;32.00;27.75;24.00;23.00;22.50;23.75;23.75;23.75;23.75;24.00;22.50;22.75;23.00]
118082-[24.75;24.00;25.00;25.50;25.25;24.50;25.00;24.25;24.50;24.00;25.50;26.75;27.00;25.00;24.50;24.50;24.50;24.75;25.50;33.00;32.00;25.50;24.75;24.25;24.25;24.50;25.50;37.50;35.00;25.25;24.50;24.00;24.50;25.25;26.25;38.50;34.00;25.25;24.25;23.75;24.25;24.25;25.75;38.00;32.00;24.75;23.75;23.75;23.50;24.00;24.50;32.50;28.25;24.00;23.75;22.50;23.75;23.00;23.50;23.75;24.00;23.25;23.50;23.25]
118567-[25.00;24.50;24.75;25.50;25.00;24.75;25.00;24.75;24.50;24.50;25.25;27.50;26.50;25.25;24.50;24.75;24.50;24.75;26.00;33.25;32.00;25.50;25.00;24.00;24.25;24.50;25.50;38.00;35.25;25.00;24.75;24.25;24.50;24.50;25.75;38.00;33.75;25.00;24.50;23.75;23.75;24.50;26.00;38.00;31.75;25.00;23.75;24.00;23.50;23.75;24.00;32.25;27.50;24.25;23.50;23.00;23.00;23.25;23.75;24.25;24.00;23.50;24.00;23.25]
119052-[25.00;24.25;24.75;25.50;25.50;24.50;25.00;24.25;24.50;24.75;25.25;27.00;26.75;25.00;24.50;24.25;24.50;24.75;25.25;33.50;31.75;25.50;24.75;23.50;24.50;24.50;25.75;37.50;35.25;25.25;24.50;24.00;24.25;24.50;26.25;38.25;34.00;25.00;24.25;23.75;24.00;24.25;25.75;38.00;31.75;24.75;24.00;24.00;23.50;23.50;24.25;32.25;27.25;24.00;23.00;23.00;23.25;23.75;24.25;24.00;23.75;23.50;23.00;22.75]
119537-[24.50;24.25;25.00;25.50;25.25;24.50;24.25;25.00;24.50;24.75;25.00;27.25;26.50;25.00;24.50;24.75;24.75;24.50;25.25;33.00;31.75;25.00;24.50;24.00;24.50;24.25;25.75;37.75;34.75;25.25;24.00;23.50;24.75;24.75;26.25;38.25;33.75;25.25;24.00;23.50;23.75;24.25;25.75;38.00;31.50;24.50;23.25;23.50;23.25;23.25;24.25;32.25;27.75;24.25;23.25;22.75;23.25;23.25;23.75;24.00;24.00;23.50;22.75;23.00]
120022-[24.25;24.50;24.50;25.25;25.25;24.75;24.75;24.75;24.75;24.00;25.00;26.75;27.00;25.00;24.75;24.50;24.75;24.50;25.50;33.00;32.00;25.25;24.50;24.25;24.00;24.25;26.00;37.75;34.50;25.00;24.25;23.50;25.00;24.75;26.25;38.50;33.75;24.75;24.50;23.50;23.75;24.50;25.50;37.75;31.75;24.25;23.50;23.50;23.75;23.50;24.25;32.25;27.25;23.75;23.50;23.00;23.25;24.00;23.50;23.75;23.75;23.00;23.25;23.00]
120507-[25.00;23.75;24.75;25.50;25.50;24.50;24.50;24.75;25.00;24.50;25.25;27.00;26.75;25.00;24.75;24.75;24.50;24.50;25.50;33.25;32.00;25.25;24.25;24.00;24.50;24.25;26.00;37.50;34.75;25.25;24.50;24.00;24.50;25.00;26.00;38.00;34.00;25.50;24.50;23.75;24.00;24.25;25.50;37.50;32.00;24.50;23.50;23.50;24.00;23.75;24.00;31.75;28.00;23.75;23.00;22.75;23.50;23.50;23.75;24.25;23.75;23.50;23.50;23.00]
120992-[24.75;24.25;25.25;25.50;25.25;25.00;25.00;24.75;25.00;24.50;25.25;27.25;26.50;24.75;24.25;24.50;24.50;24.75;25.50;33.25;32.25;25.25;24.75;24.25;24.50;24.75;25.50;37.50;35.25;25.25;24.75;23.75;25.25;24.75;26.25;38.50;33.75;25.25;24.50;23.75;24.00;24.50;26.00;37.75;31.75;24.50;23.50;24.00;23.75;23.25;24.75;32.25;28.00;23.75;23.50;22.50;24.25;23.25;23.75;24.25;23.50;23.00;23.25;23.25]
121477-[25.00;24.50;24.50;25.25;25.25;25.00;25.00;25.00;24.75;24.25;25.25;27.50;26.75;25.50;24.75;24.50;24.50;25.25;25.25;33.25;32.00;25.25;24.75;24.25;24.50;24.50;25.75;37.75;34.75;25.50;24.25;24.00;24.25;25.00;26.25;38.25;33.75;25.50;24.25;23.00;24.00;24.50;25.75;37.50;32.00;25.00;24.00;23.75;24.00;24.00;24.25;32.00;28.00;24.50;23.25;23.25;23.00;23.25;24.00;24.25;24.25;23.50;23.25;23.25]
121962-[25.00;24.25;24.75;25.25;25.50;25.25;24.75;24.50;24.75;24.50;25.50;26.75;26.75;25.25;25.00;25.00;25.00;24.75;25.25;33.25;32.00;25.50;24.50;24.25;24.75;24.50;25.75;37.75;35.00;25.00;24.75;23.75;24.75;25.25;26.25;38.50;34.25;25.25;24.25;24.00;24.00;24.50;25.75;37.75;32.25;24.25;24.00;24.00;23.50;23.75;24.75;32.00;27.50;24.75;23.25;22.75;24.50;23.25;23.75;24.00;24.25;23.25;23.25;23.25]
122447-[25.00;24.50;25.00;25.50;25.25;24.75;25.00;24.00;24.75;24.25;25.25;27.25;27.25;25.50;24.50;24.75;24.50;24.75;26.00;33.00;32.00;26.00;25.00;24.75;24.50;24.25;25.75;38.00;35.25;25.25;24.50;23.75;24.75;24.75;26.25;38.25;34.00;25.00;24.50;24.25;23.75;24.25;25.50;38.00;32.25;24.75;23.25;24.25;23.50;24.00;24.75;32.25;28.00;24.00;23.50;23.25;23.25;23.50;24.25;24.25;24.00;23.50;23.50;23.25]
122932-[25.00;24.25;24.75;25.00;25.00;24.75;24.75;24.50;24.50;24.75;25.25;26.75;26.75;25.00;24.25;24.50;24.25;24.75;25.75;33.25;32.00;25.50;24.75;23.50;24.25;24.50;25.50;37.75;35.25;25.00;24.50;23.50;24.75;24.50;26.00;38.00;34.25;25.00;24.00;24.00;23.75;24.50;26.00;37.50;32.25;24.50;23.75;24.00;23.50;24.25;24.25;32.25;27.75;24.00;23.75;22.75;23.00;23.00;24.00;24.00;23.50;22.50;23.25;23.25]
123417-[24.75;24.25;24.75;25.75;25.25;24.75;25.00;24.75;24.75;24.25;24.75;27.00;27.00;25.25;24.25;24.75;24.50;24.50;25.50;33.00;32.00;25.50;24.75;23.75;24.75;24.25;25.50;37.75;35.25;24.50;24.00;24.00;24.75;24.25;26.25;38.50;33.75;25.25;24.50;23.25;24.00;24.25;26.00;37.75;32.00;24.50;23.75;23.75;23.25;23.75;24.25;31.75;27.75;23.75;23.25;23.00;23.25;23.00;24.00;24.25;23.50;23.25;23.00;23.00]
123902-[24.50;24.00;24.75;25.25;25.50;24.50;25.00;24.75;24.75;24.00;25.00;27.00;26.50;25.25;24.50;24.50;24.00;25.00;25.25;33.00;31.75;25.25;24.75;24.25;24.25;25.00;25.75;37.50;34.75;25.25;24.25;24.00;24.75;24.75;26.00;38.00;34.00;25.00;24.25;23.75;24.25;24.25;26.00;37.50;31.50;24.50;23.75;23.50;23.50;23.00;24.50;32.25;27.50;23.75;23.25;23.00;23.75;23.25;23.75;24.00;23.75;23.25;23.50;23.25]
124387-[25.00;24.00;24.75;25.25;25.50;24.75;25.00;24.50;24.75;24.50;25.00;26.75;26.75;25.00;24.50;25.00;24.25;24.50;25.50;33.25;32.00;25.75;24.50;24.50;24.50;24.25;25.50;37.50;35.00;25.25;24.25;23.75;25.00;24.75;26.50;38.50;34.25;25.00;24.50;23.75;24.00;24.25;26.00;38.00;32.00;24.50;24.00;24.00;23.75;23.75;24.50;32.25;27.75;24.00;23.50;23.25;23.50;23.75;23.75;24.50;24.25;23.25;23.50;23.50]
124872-[25.00;24.00;25.00;25.50;25.75;24.75;25.00;24.50;24.50;24.00;25.25;27.25;27.00;25.00;24.25;24.75;24.50;24.50;25.75;33.25;32.00;25.25;24.50;24.75;24.50;24.75;25.75;37.75;35.00;25.25;24.75;24.00;24.50;24.75;26.00;38.50;34.00;25.00;24.25;23.50;23.75;24.25;25.75;37.75;32.00;24.75;24.25;24.00;23.50;24.00;24.50;32.50;27.75;24.00;23.50;23.00;23.75;23.75;24.00;24.25;24.25;23.50;23.25;22.75]
125357-[24.25;24.25;25.00;25.50;25.75;24.50;25.25;24.00;24.75;24.25;25.00;26.75;26.75;24.75;24.50;24.00;24.25;24.50;26.00;33.25;32.00;25.50;24.75;24.00;24.50;24.50;25.75;37.75;35.00;25.25;24.75;23.75;24.25;24.75;26.25;38.50;34.00;25.00;24.00;23.50;23.75;24.25;25.50;37.75;31.75;24.75;23.75;23.25;24.25;24.00;25.00;32.25;28.00;24.00;23.75;23.00;23.00;23.75;24.00;24.25;23.75;23.25;23.75;23.25]
125842-[24.75;24.75;24.75;25.50;25.25;24.25;24.75;24.75;24.75;24.00;25.50;27.00;26.75;25.00;24.75;24.75;24.50;25.00;26.25;33.00;31.75;25.75;24.75;24.50;24.25;24.50;25.50;37.75;35.00;25.50;24.25;24.25;24.25;24.50;26.25;38.75;34.00;25.00;24.50;23.75;24.25;24.25;25.75;38.00;32.00;24.75;24.00;24.00;23.50;24.25;24.50;32.00;27.50;24.25;23.75;22.75;23.50;23.25;24.00;24.25;23.50;23.00;23.00;22.50]
126327-[25.00;24.00;24.50;25.25;25.50;24.50;24.75;24.75;24.75;24.25;25.25;27.25;26.50;25.00;24.75;24.75;24.00;24.75;25.50;33.25;32.00;25.50;24.75;24.00;24.50;24.50;25.75;38.00;34.75;25.00;24.50;24.00;24.50;24.25;25.75;38.50;33.75;25.00;24.50;23.50;24.25;24.75;26.00;38.25;31.75;24.50;23.50;23.75;23.50;24.00;24.50;32.25;27.75;23.75;23.25;22.50;22.75;23.75;24.25;24.00;24.00;23.75;23.25;23.75]
126812-[24.50;24.00;24.50;25.75;25.50;24.75;25.00;24.00;25.00;24.75;25.25;27.00;26.75;25.00;24.50;24.75;24.50;24.75;25.50;33.00;31.50;25.50;25.25;23.50;24.25;24.25;25.50;37.75;34.75;24.75;24.25;23.50;24.50;24.75;26.25;38.00;33.75;25.00;24.25;23.50;24.25;24.50;25.75;37.50;31.75;24.50;23.75;24.00;23.75;23.25;24.75;32.25;27.75;23.75;23.25;23.00;23.50;23.50;23.75;24.00;23.75;23.50;23.25;23.25]
127297-[24.50;24.25;24.75;25.50;25.25;24.75;25.00;25.00;25.00;24.25;25.00;27.00;27.00;25.25;24.75;24.75;24.50;24.50;25.50;32.75;32.00;25.50;25.00;24.25;24.75;24.25;25.75;37.75;34.75;25.00;24.25;23.75;24.50;24.75;26.00;38.50;33.75;25.00;24.50;23.50;24.00;24.50;25.50;38.00;31.25;24.75;23.25;23.50;23.75;23.75;24.50;32.25;27.75;23.75;23.00;22.50;23.75;23.50;24.25;24.50;23.75;23.00;23.25;22.50]
127782-[24.25;24.25;24.75;25.25;25.25;24.25;25.25;24.25;24.75;24.00;25.50;26.75;26.75;25.25;24.25;25.00;24.00;24.50;25.75;33.00;31.75;25.25;25.00;24.00;24.25;24.25;25.50;37.75;34.75;24.75;24.25;23.50;24.75;24.50;26.25;38.25;33.75;25.50;24.50;23.00;24.00;24.25;25.50;37.75;32.00;24.25;23.50;23.75;23.75;24.00;24.50;32.00;27.50;24.25;23.50;22.75;23.25;23.75;24.00;24.00;24.00;22.75;23.50;23.50]
128267-[25.25;24.25;24.75;25.50;25.25;24.75;24.75;24.75;24.75;24.50;25.25;27.00;26.50;24.75;24.50;24.50;24.75;24.50;25.25;33.00;32.00;25.25;24.75;24.25;24.25;24.25;25.75;37.50;34.75;25.25;24.00;24.00;24.50;24.75;26.25;38.25;34.25;25.00;24.25;23.75;24.25;24.25;25.50;38.00;32.00;24.75;24.00;24.00;23.50;23.75;24.25;32.25;27.75;24.25;23.75;23.25;23.25;23.75;24.00;24.00;23.50;23.25;23.25;22.75]
128752-[25.25;24.25;24.75;25.75;25.25;24.50;24.75;25.00;24.75;24.75;24.75;26.75;27.25;25.50;24.50;24.75;24.25;24.75;25.50;32.75;31.75;25.50;24.50;24.00;24.75;24.25;25.75;37.50;35.00;25.00;24.25;23.75;24.50;24.50;26.25;38.00;34.00;25.00;24.50;23.75;24.00;24.00;25.75;38.00;31.75;24.75;24.00;23.75;24.00;23.75;24.50;32.25;27.75;24.00;24.00;23.00;23.75;23.25;25.00;24.50;24.00;23.75;23.25;23.00]
129237-[25.00;24.50;24.25;25.25;25.25;24.50;25.00;24.25;24.50;24.00;25.00;27.00;26.75;25.25;24.50;24.75;24.50;24.75;25.25;33.00;31.75;25.50;24.75;24.25;24.25;24.75;25.50;37.25;35.25;25.25;24.25;23.75;24.00;25.00;26.00;38.25;33.75;25.25;24.25;23.75;24.50;23.75;25.75;37.75;31.50;24.50;23.50;24.00;23.00;23.25;24.50;32.25;27.75;24.25;23.25;23.00;23.25;23.50;24.00;24.25;23.50;23.50;23.50;23.00]
129722-[24.25;24.00;24.50;25.50;25.25;24.50;24.75;24.25;24.25;24.50;24.75;26.75;26.75;25.25;24.25;24.75;24.50;24.50;25.50;32.75;31.75;25.50;24.75;24.25;24.50;24.50;25.50;37.50;34.75;25.00;24.25;23.50;24.25;24.75;26.00;38.00;34.00;25.25;24.00;23.75;23.75;24.50;25.75;37.75;32.00;24.75;24.00;23.50;23.50;23.75;24.25;32.25;27.50;23.50;23.50;22.75;23.75;24.00;24.25;24.50;24.00;23.00;23.25;23.50]
130207-[24.50;24.00;24.25;24.75;25.25;24.50;24.50;23.50;24.25;24.00;25.00;26.50;26.50;24.75;24.25;24.25;24.50;24.75;25.25;32.75;31.25;25.50;24.75;23.50;24.25;24.25;25.25;37.50;34.50;25.25;24.00;23.50;24.25;24.25;25.75;38.00;34.00;25.00;24.00;23.50;23.75;24.00;25.50;37.75;31.50;24.25;23.25;24.00;23.25;23.75;24.75;32.00;27.75;24.00;23.25;22.25;23.25;23.75;23.00;24.50;23.25;23.00;23.25;23.25]
130692-[24.50;23.75;24.50;25.50;24.75;24.50;24.75;24.50;24.75;24.25;25.00;26.75;26.25;25.00;24.50;24.25;24.25;24.50;25.75;33.00;31.25;25.00;24.50;24.00;24.25;24.25;25.50;37.25;34.50;25.00;23.75;23.75;24.00;24.25;26.00;38.00;34.00;25.25;24.00;23.50;24.25;24.00;25.50;38.00;31.75;24.50;23.50;24.00;23.50;23.25;24.25;32.50;27.75;23.75;23.50;22.50;23.50;23.75;23.75;24.00;24.25;23.25;23.25;23.50]
131177-[24.75;24.00;24.50;25.50;25.25;24.50;24.50;23.75;24.25;23.75;24.75;26.75;26.50;24.75;24.25;24.75;24.50;23.75;25.25;33.00;31.50;25.75;24.50;23.75;24.50;24.25;25.50;37.50;34.75;25.00;23.75;23.75;24.25;24.50;25.75;38.00;33.75;25.25;23.75;23.00;24.00;24.25;25.25;37.75;31.75;24.50;23.50;24.00;23.25;23.50;24.50;32.50;27.75;24.00;23.25;23.50;23.00;23.75;23.50;23.75;23.75;23.50;23.00;23.25]
131662-[24.25;24.00;24.50;25.00;25.25;25.00;24.50;24.75;24.25;24.25;25.00;27.00;26.50;25.00;24.50;24.50;24.25;24.50;25.50;33.00;31.75;25.00;25.00;24.25;24.25;24.25;25.75;37.50;35.00;25.00;24.25;24.25;24.50;24.50;25.75;38.50;34.00;24.75;24.00;23.75;24.50;24.25;25.50;37.50;31.75;25.00;24.00;23.50;24.00;23.50;24.50;32.00;27.25;24.00;23.50;23.00;23.25;23.75;23.50;24.25;24.25;23.25;23.50;23.00]
132147-[24.75;23.75;24.75;25.25;24.75;24.25;24.75;24.75;24.25;24.25;25.00;26.75;26.50;25.00;24.50;24.25;24.25;24.75;25.25;32.75;32.00;25.50;24.50;24.50;24.25;24.50;26.00;37.50;35.00;25.50;24.25;24.00;24.75;24.75;26.00;38.25;33.75;25.00;24.25;23.75;23.75;24.25;25.50;37.50;31.75;24.75;23.50;24.00;23.25;23.50;24.50;32.00;27.50;24.25;23.75;23.00;23.50;23.25;23.50;24.25;23.75;23.25;22.75;23.00]
132632-[24.50;23.75;25.00;25.50;25.00;24.50;25.00;24.75;24.25;24.50;25.00;26.75;26.75;24.75;24.50;24.75;24.50;24.75;26.00;33.25;32.00;25.50;25.00;24.25;24.25;24.50;25.75;37.50;34.75;25.00;24.25;23.50;24.25;25.00;25.50;38.00;33.75;25.00;24.25;23.75;24.25;24.25;25.75;37.50;32.25;24.50;23.75;23.50;23.50;23.50;24.50;32.00;27.50;23.50;23.25;23.00;23.75;23.50;23.50;24.25;23.50;23.25;23.25;23.50]
133117-[24.50;24.50;24.75;25.25;25.25;24.50;25.25;24.75;24.25;24.50;25.25;27.00;26.75;25.00;24.25;24.50;24.75;24.50;25.50;32.50;31.75;25.50;24.75;23.75;24.25;24.25;25.75;37.50;35.00;25.00;24.50;23.75;24.25;24.50;25.50;38.25;34.00;25.25;24.25;23.75;24.00;24.25;25.50;37.75;31.75;24.50;23.75;23.25;24.00;24.00;24.00;32.00;27.50;24.25;23.25;22.50;23.25;23.75;24.00;24.75;24.00;22.75;23.25;23.00]
